study,item,cue,code,answer,responses
mturk,mcconnell,name,correct,senate majority leader,102
mturk,mcconnell,photo,correct,senate majority leader,74
alumni,mcconnell,name,correct,senate minority leader,29
alumni,mcconnell,photo,correct,senate minority leader,8
mturk,mcconnell,photo,correct,majority leader of the senate,8
staff,mcconnell,name,correct,senate minority leader,8
mturk,mcconnell,name,correct,majority leader of the senate,6
mturk,mcconnell,photo,correct,leader of the senate,3
staff,mcconnell,photo,correct,senate minority leader,3
alumni,mcconnell,name,correct,minority leader senate,2
mturk,mcconnell,name,correct,majority leader of senate,2
mturk,mcconnell,name,correct,majority leader senate,2
mturk,mcconnell,name,correct,senate majority leader.,2
mturk,mcconnell,photo,correct,majority senate leader,2
mturk,mcconnell,photo,correct,senate leader,2
mturk,mcconnell,photo,correct,senate majority,2
mturk,mcconnell,photo,correct,senate majority leade,2
mturk,mcconnell,photo,correct,us senate majority leader,2
alumni,mcconnell,name,correct,head of repubs in senate,1
alumni,mcconnell,name,correct,head republican in senate,1
alumni,mcconnell,name,correct,minority leader for republicans in senate,1
alumni,mcconnell,name,correct,minority leader in the us senate,1
alumni,mcconnell,name,correct,minority leader of the senate,1
alumni,mcconnell,name,correct,"minority leader of the senate, senator from kentucky",1
alumni,mcconnell,name,correct,minority leader senate--rep.,1
alumni,mcconnell,name,correct,minority leader us senate,1
alumni,mcconnell,name,correct,"minority leader, u.s. senate",1
alumni,mcconnell,name,correct,minority spkr. u.s. senate,1
alumni,mcconnell,name,correct,republican senate leader,1
alumni,mcconnell,name,correct,republican senate minority leader,1
alumni,mcconnell,name,correct,republican senator minority leader,1
alumni,mcconnell,name,correct,"republican senator, minority leader",1
alumni,mcconnell,name,correct,republican. senate minority leader,1
alumni,mcconnell,name,correct,senatae minority leader,1
alumni,mcconnell,name,correct,"senate leader, ky senator",1
alumni,mcconnell,name,correct,senate minority leader (or is he the house minority leader?),1
alumni,mcconnell,name,correct,senate minority leader (r-ky),1
alumni,mcconnell,name,correct,senate minorty leader,1
alumni,mcconnell,name,correct,senate monority leader,1
alumni,mcconnell,name,correct,senate republican head,1
alumni,mcconnell,name,correct,senate republican leader,1
alumni,mcconnell,name,correct,u.s. senate minority leader,1
alumni,mcconnell,name,correct,us senate minority leader,1
alumni,mcconnell,name,correct,us senator from kentucky --republican and minority leader,1
alumni,mcconnell,photo,correct,minority leader us senate,1
alumni,mcconnell,photo,correct,semate minority leader,1
alumni,mcconnell,photo,correct,u.s. senator (senator minority leader),1
alumni,mcconnell,photo,correct,us senate minority leader,1
mturk,mcconnell,name,correct,house majority leader/senator from kentucky,1
mturk,mcconnell,name,correct,majority leader in senate,1
mturk,mcconnell,name,correct,majority leader of the senate.,1
mturk,mcconnell,name,correct,majority leader of the u.s. senate,1
mturk,mcconnell,name,correct,majority leader of the us senate,1
mturk,mcconnell,name,correct,majority leader of us senate,1
mturk,mcconnell,name,correct,majority senate leader,1
mturk,mcconnell,name,correct,majority senator,1
mturk,mcconnell,name,correct,rebulican senate leader,1
mturk,mcconnell,name,correct,republican senate leader,1
mturk,mcconnell,name,correct,republican senate majority leader,1
mturk,mcconnell,name,correct,senate leader,1
mturk,mcconnell,name,correct,senate leader r kentucky,1
mturk,mcconnell,name,correct,senate leader republican,1
mturk,mcconnell,name,correct,senate leader- republican,1
mturk,mcconnell,name,correct,senate maj leader republican,1
mturk,mcconnell,name,correct,senate major leader,1
mturk,mcconnell,name,correct,senate majority,1
mturk,mcconnell,name,correct,senate majority leader from kentucky,1
mturk,mcconnell,name,correct,"senate majority leader, kentucky",1
mturk,mcconnell,name,correct,"senate majority leader, republican",1
mturk,mcconnell,name,correct,senate mjority leader,1
mturk,mcconnell,name,correct,"senate, majority leader",1
mturk,mcconnell,name,correct,senator from kentucky - leader of the senate,1
mturk,mcconnell,name,correct,senator of kentucky/majority leader,1
mturk,mcconnell,name,correct,"senator, republican senate or house leader",1
mturk,mcconnell,name,correct,"senator, senate majority leader",1
mturk,mcconnell,name,correct,us senate majority leader,1
mturk,mcconnell,photo,correct,head of the senate,1
mturk,mcconnell,photo,correct,"idiot, i mean, senator and majority leader.",1
mturk,mcconnell,photo,correct,"john boehner, senate majority leader",1
mturk,mcconnell,photo,correct,leader of senate confederates.,1
mturk,mcconnell,photo,correct,majority leader in the senate,1
mturk,mcconnell,photo,correct,majority leader of the senate of us congress,1
mturk,mcconnell,photo,correct,majority leader of the us senate,1
mturk,mcconnell,photo,correct,majority leader of usa senate,1
mturk,mcconnell,photo,correct,majority leader senate,1
mturk,mcconnell,photo,correct,mcconnel senate majority leader,1
mturk,mcconnell,photo,correct,mitch [the turtle] mcconnell senate majority leader,1
mturk,mcconnell,photo,correct,"mitch mcconnell - senate majority leader - often referred to as a ""turtle"" by jon stewart",1
mturk,mcconnell,photo,correct,mitch mcconnell-republican leader in the senate,1
mturk,mcconnell,photo,correct,republican senate majority leader.,1
mturk,mcconnell,photo,correct,senate leader and lowlife,1
mturk,mcconnell,photo,correct,"senate leadership, mitch o'connell tennesse",1
mturk,mcconnell,photo,correct,senate major leader (mcconnell is a corrupt mllionair),1
mturk,mcconnell,photo,correct,senate majority leader and head turtle,1
mturk,mcconnell,photo,correct,senate majority leader mitch mcconnel,1
mturk,mcconnell,photo,correct,senate majority leader mitch mcconnell,1
mturk,mcconnell,photo,correct,senate majority leader of the united states,1
mturk,mcconnell,photo,correct,senate majority leader.,1
mturk,mcconnell,photo,correct,senate majority r kentucky,1
mturk,mcconnell,photo,correct,senate republican leader,1
mturk,mcconnell,photo,correct,senator--head of the republicans in congress,1
mturk,mcconnell,photo,correct,senator/majority leader,1
mturk,mcconnell,photo,correct,the turtle? he's the majority leader in the senate.,1
mturk,mcconnell,photo,correct,"turtle impostor, piece of shit, and senate majority leader",1
mturk,mcconnell,photo,correct,us senator (r) / senate majority leader,1
staff,mcconnell,name,correct,"minority leader, us senate",1
staff,mcconnell,name,correct,"rep leader, senate",1
staff,mcconnell,name,correct,republican leader of the senate,1
staff,mcconnell,name,correct,"seantor, minority leader of the senate",1
staff,mcconnell,photo,correct,ky senator; senate minority leader,1
staff,mcconnell,photo,correct,minority leader in senate,1
staff,mcconnell,photo,correct,"mitch mcconnell, senate minority leader from kentucky",1
mturk,mcconnell,photo,dk,,216
mturk,mcconnell,name,dk,,203
alumni,mcconnell,photo,dk,,71
alumni,mcconnell,name,dk,,53
staff,mcconnell,photo,dk,,41
staff,mcconnell,name,dk,,31
mturk,mcconnell,photo,dk,don't know,17
mturk,mcconnell,name,dk,don't know,13
mturk,mcconnell,photo,dk,dont know,9
mturk,mcconnell,photo,dk,i don't know,8
alumni,mcconnell,photo,dk,no idea,6
mturk,mcconnell,photo,dk,i dont know,5
alumni,mcconnell,name,dk,don't know,4
staff,mcconnell,photo,dk,don't know,4
alumni,mcconnell,name,dk,?,3
alumni,mcconnell,name,dk,no idea,3
alumni,mcconnell,photo,dk,don't know,3
mturk,mcconnell,name,dk,i don't know,3
mturk,mcconnell,name,dk,i dont know,3
mturk,mcconnell,photo,dk,idk,3
staff,mcconnell,name,dk,no clue,3
mturk,mcconnell,name,dk,dont know,2
mturk,mcconnell,photo,dk,do not know,2
mturk,mcconnell,photo,dk,no idea,2
mturk,mcconnell,photo,dk,not sure,2
staff,mcconnell,name,dk,?,2
staff,mcconnell,name,dk,no idea,2
alumni,mcconnell,name,dk,i do not know,1
alumni,mcconnell,name,dk,not sure,1
alumni,mcconnell,photo,dk,?,1
alumni,mcconnell,photo,dk,??,1
alumni,mcconnell,photo,dk,don't know.,1
alumni,mcconnell,photo,dk,npr listener - no idea what people look like,1
mturk,mcconnell,name,dk,na,1
mturk,mcconnell,name,dk,recognize name but dont know position,1
mturk,mcconnell,photo,dk,?,1
mturk,mcconnell,photo,dk,can't remember his name - john banner ?,1
mturk,mcconnell,photo,dk,cant remember,1
mturk,mcconnell,photo,dk,don't know.,1
mturk,mcconnell,photo,dk,i do not know,1
mturk,mcconnell,photo,dk,know who it is but can't remember position,1
mturk,mcconnell,photo,dk,n/a,1
mturk,mcconnell,photo,dk,no clue...,1
staff,mcconnell,name,dk,???,1
staff,mcconnell,name,dk,do not know,1
staff,mcconnell,name,dk,don't know,1
staff,mcconnell,name,dk,i don't know,1
staff,mcconnell,photo,dk,do not recognize,1
mturk,mcconnell,name,incorrect,speaker of the house,14
mturk,mcconnell,photo,incorrect,speaker of the house,9
alumni,mcconnell,photo,incorrect,congressman,6
mturk,mcconnell,name,incorrect,house majority leader,6
mturk,mcconnell,photo,incorrect,house majority leader,6
mturk,mcconnell,name,incorrect,republican,5
mturk,mcconnell,photo,incorrect,ceo,5
alumni,mcconnell,name,incorrect,congressman,4
alumni,mcconnell,photo,incorrect,judge,4
alumni,mcconnell,photo,incorrect,representative,4
alumni,mcconnell,name,incorrect,house minority leader,3
alumni,mcconnell,name,incorrect,republican,3
mturk,mcconnell,name,incorrect,governor,3
alumni,mcconnell,name,incorrect,us congressman,2
mturk,mcconnell,name,incorrect,congress,2
mturk,mcconnell,name,incorrect,congressman,2
mturk,mcconnell,photo,incorrect,house representative,2
mturk,mcconnell,photo,incorrect,republican speaker,2
staff,mcconnell,photo,incorrect,house minority leader,2
staff,mcconnell,photo,incorrect,politician,2
alumni,mcconnell,name,incorrect,again - i have lived overseas for 10 years. i believe he is an american politician,1
alumni,mcconnell,name,incorrect,british prime minister,1
alumni,mcconnell,name,incorrect,"committee chair, house of rep",1
alumni,mcconnell,name,incorrect,house majority leader,1
alumni,mcconnell,name,incorrect,house majority leader?,1
alumni,mcconnell,name,incorrect,"house(?) minority leader -- also i realized napolitano is secretary of homeland security right after i hit the ""next"" button on the last screen",1
alumni,mcconnell,name,incorrect,majority whip,1
alumni,mcconnell,name,incorrect,minority leader house,1
alumni,mcconnell,name,incorrect,minority leader of the house of representatives,1
alumni,mcconnell,name,incorrect,"minority leader, house of reps",1
alumni,mcconnell,name,incorrect,minority whip,1
alumni,mcconnell,name,incorrect,politician,1
alumni,mcconnell,name,incorrect,republican house leader,1
alumni,mcconnell,name,incorrect,republican whip,1
alumni,mcconnell,name,incorrect,senior reoublican in house of representatives,1
alumni,mcconnell,name,incorrect,supreme idiot,1
alumni,mcconnell,name,incorrect,vice pm uk,1
alumni,mcconnell,photo,incorrect,businessman,1
alumni,mcconnell,photo,incorrect,cabinet member,1
alumni,mcconnell,photo,incorrect,chief justice,1
alumni,mcconnell,photo,incorrect,columnist,1
alumni,mcconnell,photo,incorrect,congress,1
alumni,mcconnell,photo,incorrect,fed reserve,1
alumni,mcconnell,photo,incorrect,governor,1
alumni,mcconnell,photo,incorrect,justice,1
alumni,mcconnell,photo,incorrect,leader - house of representatives,1
alumni,mcconnell,photo,incorrect,legislator,1
alumni,mcconnell,photo,incorrect,minority whip,1
alumni,mcconnell,photo,incorrect,not a clue,1
alumni,mcconnell,photo,incorrect,politician,1
alumni,mcconnell,photo,incorrect,politics,1
alumni,mcconnell,photo,incorrect,reporter,1
alumni,mcconnell,photo,incorrect,republican chied,1
alumni,mcconnell,photo,incorrect,secretary of defense,1
alumni,mcconnell,photo,incorrect,supreme court justice,1
alumni,mcconnell,photo,incorrect,supreme court?,1
alumni,mcconnell,photo,incorrect,u.s. representative?,1
alumni,mcconnell,photo,incorrect,us something based on flag-govt person,1
alumni,mcconnell,photo,incorrect,vice presidnet,1
mturk,mcconnell,name,incorrect,',1
mturk,mcconnell,name,incorrect,1,1
mturk,mcconnell,name,incorrect,2,1
mturk,mcconnell,name,incorrect,asshat,1
mturk,mcconnell,name,incorrect,asshole republican,1
mturk,mcconnell,name,incorrect,conservative,1
mturk,mcconnell,name,incorrect,defense secretary,1
mturk,mcconnell,name,incorrect,democratic congress lead,1
mturk,mcconnell,name,incorrect,don't konw,1
mturk,mcconnell,name,incorrect,dweeb,1
mturk,mcconnell,name,incorrect,extreme conservative,1
mturk,mcconnell,name,incorrect,former house speaker,1
mturk,mcconnell,name,incorrect,govenor of ky,1
mturk,mcconnell,name,incorrect,government turtleperson,1
mturk,mcconnell,name,incorrect,head republican,1
mturk,mcconnell,name,incorrect,house minority leader,1
mturk,mcconnell,name,incorrect,house minority speaker,1
mturk,mcconnell,name,incorrect,"i know he's a politician, but that's all.",1
mturk,mcconnell,name,incorrect,in the house,1
mturk,mcconnell,name,incorrect,"majority leader, hor",1
mturk,mcconnell,name,incorrect,majority speaker,1
mturk,mcconnell,name,incorrect,minorityy speaker of the republian house of rep,1
mturk,mcconnell,name,incorrect,news host,1
mturk,mcconnell,name,incorrect,politican,1
mturk,mcconnell,name,incorrect,politician of some sort?,1
mturk,mcconnell,name,incorrect,politics,1
mturk,mcconnell,name,incorrect,politics man,1
mturk,mcconnell,name,incorrect,rep. speaker,1
mturk,mcconnell,name,incorrect,representative - (r) house majority leader,1
mturk,mcconnell,name,incorrect,republican congressman,1
mturk,mcconnell,name,incorrect,republican house majority leader,1
mturk,mcconnell,name,incorrect,republican representative,1
mturk,mcconnell,name,incorrect,republican whip,1
mturk,mcconnell,name,incorrect,secretary,1
mturk,mcconnell,name,incorrect,secretary of state,1
mturk,mcconnell,name,incorrect,us congressman,1
mturk,mcconnell,name,incorrect,"us politician, unknown position",1
mturk,mcconnell,photo,incorrect,accountant,1
mturk,mcconnell,photo,incorrect,attorney general,1
mturk,mcconnell,photo,incorrect,bank manager,1
mturk,mcconnell,photo,incorrect,chairman of house,1
mturk,mcconnell,photo,incorrect,congress,1
mturk,mcconnell,photo,incorrect,conservative,1
mturk,mcconnell,photo,incorrect,denture salesman,1
mturk,mcconnell,photo,incorrect,don' know,1
mturk,mcconnell,photo,incorrect,"don,t know",1
mturk,mcconnell,photo,incorrect,flunky,1
mturk,mcconnell,photo,incorrect,governor,1
mturk,mcconnell,photo,incorrect,harry reid,1
mturk,mcconnell,photo,incorrect,he's against immigration and against wanting to do anything about climate change,1
mturk,mcconnell,photo,incorrect,house gop leader,1
mturk,mcconnell,photo,incorrect,house majority leader.,1
mturk,mcconnell,photo,incorrect,house minority leader mitch mcconnel,1
mturk,mcconnell,photo,incorrect,house of representatives,1
mturk,mcconnell,photo,incorrect,i have seen him involved with press releases.,1
mturk,mcconnell,photo,incorrect,"i know that's mitch mcconnell, i believe he's the former speaker of the house, and the republican party chair",1
mturk,mcconnell,photo,incorrect,lawyer,1
mturk,mcconnell,photo,incorrect,mcconnel,1
mturk,mcconnell,photo,incorrect,minority leader,1
mturk,mcconnell,photo,incorrect,mitch mcconnel - speaker of the house,1
mturk,mcconnell,photo,incorrect,mitch mcconnell is minority speaker of the house (r),1
mturk,mcconnell,photo,incorrect,"mitch mcconnell, speaker of the house :(",1
mturk,mcconnell,photo,incorrect,mitch mconnel,1
mturk,mcconnell,photo,incorrect,news person,1
mturk,mcconnell,photo,incorrect,prme minsiter,1
mturk,mcconnell,photo,incorrect,professor,1
mturk,mcconnell,photo,incorrect,rep speker,1
mturk,mcconnell,photo,incorrect,representative,1
mturk,mcconnell,photo,incorrect,republican house majority leader,1
mturk,mcconnell,photo,incorrect,rino,1
mturk,mcconnell,photo,incorrect,secretary of state,1
mturk,mcconnell,photo,incorrect,speaker,1
mturk,mcconnell,photo,incorrect,speaker of house,1
mturk,mcconnell,photo,incorrect,trump's chief of staff,1
mturk,mcconnell,photo,incorrect,u/k,1
mturk,mcconnell,photo,incorrect,was speaker of the house.,1
staff,mcconnell,name,incorrect,asst cfo,1
staff,mcconnell,name,incorrect,author,1
staff,mcconnell,name,incorrect,california state dude?,1
staff,mcconnell,name,incorrect,congress republican,1
staff,mcconnell,name,incorrect,congressional representative,1
staff,mcconnell,name,incorrect,english ?,1
staff,mcconnell,name,incorrect,house minority leader,1
staff,mcconnell,name,incorrect,house minority leader?,1
staff,mcconnell,name,incorrect,leader opposition,1
staff,mcconnell,name,incorrect,middle east convoy,1
staff,mcconnell,name,incorrect,minority leader in house of reps,1
staff,mcconnell,name,incorrect,minority leader of the house of representatives,1
staff,mcconnell,name,incorrect,state treasurer,1
staff,mcconnell,name,incorrect,super of schools,1
staff,mcconnell,name,incorrect,unknown,1
staff,mcconnell,name,incorrect,us congressman - minority whip,1
staff,mcconnell,name,incorrect,us miliary something? or spokesperson,1
staff,mcconnell,photo,incorrect,a republican,1
staff,mcconnell,photo,incorrect,chief of staff,1
staff,mcconnell,photo,incorrect,congressman,1
staff,mcconnell,photo,incorrect,democratic party head,1
staff,mcconnell,photo,incorrect,diplomat,1
staff,mcconnell,photo,incorrect,general,1
staff,mcconnell,photo,incorrect,government official,1
staff,mcconnell,photo,incorrect,mcconnell,1
staff,mcconnell,photo,incorrect,mike mcconnell is house minority leader,1
staff,mcconnell,photo,incorrect,mitch mcconnell,1
staff,mcconnell,photo,incorrect,president advisor,1
staff,mcconnell,photo,incorrect,representative,1
staff,mcconnell,photo,incorrect,republican,1
staff,mcconnell,photo,incorrect,speaker of the house,1
staff,mcconnell,photo,incorrect,supreme court justice?,1
staff,mcconnell,photo,incorrect,treasury?,1
staff,mcconnell,photo,incorrect,unknown,1
staff,mcconnell,photo,incorrect,us congressman,1
mturk,mcconnell,name,partial,senator,38
mturk,mcconnell,photo,partial,senator,26
mturk,mcconnell,name,partial,majority leader,19
alumni,mcconnell,name,partial,senator,15
staff,mcconnell,name,partial,senator,12
alumni,mcconnell,photo,partial,senator,9
mturk,mcconnell,name,partial,republican senator,7
mturk,mcconnell,photo,partial,majority leader,7
mturk,mcconnell,name,partial,us senator,5
alumni,mcconnell,name,partial,minority leader,4
alumni,mcconnell,photo,partial,us senator,4
staff,mcconnell,photo,partial,senator,4
alumni,mcconnell,name,partial,senator?,3
mturk,mcconnell,name,partial,senate,3
mturk,mcconnell,name,partial,senate minority leader,3
mturk,mcconnell,photo,partial,senate,3
mturk,mcconnell,photo,partial,us senator,3
alumni,mcconnell,name,partial,senator from kentucky,2
alumni,mcconnell,name,partial,us senator,2
mturk,mcconnell,name,partial,ky senator,2
mturk,mcconnell,name,partial,republican majority leader,2
mturk,mcconnell,name,partial,united states senator,2
mturk,mcconnell,photo,partial,senate minority leader,2
staff,mcconnell,name,partial,kentucky senator,2
alumni,mcconnell,name,partial,republican senator,1
alumni,mcconnell,name,partial,republican senator from kentucky,1
alumni,mcconnell,name,partial,senate minority whip,1
alumni,mcconnell,name,partial,senator or representative,1
alumni,mcconnell,name,partial,u s senate whip,1
alumni,mcconnell,name,partial,us republican senator or representative,1
alumni,mcconnell,name,partial,"us senator, gop-ky",1
alumni,mcconnell,photo,partial,mcconnell republican senate,1
alumni,mcconnell,photo,partial,member u.s. senate,1
alumni,mcconnell,photo,partial,"mitch mcconell, us senator",1
alumni,mcconnell,photo,partial,senate chief officer,1
alumni,mcconnell,photo,partial,senate majority leader,1
alumni,mcconnell,photo,partial,senate?,1
alumni,mcconnell,photo,partial,senator mcconnell (ky?),1
alumni,mcconnell,photo,partial,"senator mitch mcconnell, kentucky",1
alumni,mcconnell,photo,partial,u.s. senate majority leader,1
alumni,mcconnell,photo,partial,us senator ???,1
mturk,mcconnell,name,partial,congress man or senator?,1
mturk,mcconnell,name,partial,he is a united states senator,1
mturk,mcconnell,name,partial,house of represenattives,1
mturk,mcconnell,name,partial,majority leader (republican),1
mturk,mcconnell,name,partial,majority leader republicans,1
mturk,mcconnell,name,partial,minority leader of the senate,1
mturk,mcconnell,name,partial,r - senator,1
mturk,mcconnell,name,partial,republican senator - (pro-tem?),1
mturk,mcconnell,name,partial,sen. majority leader,1
mturk,mcconnell,name,partial,senate pro tempore,1
mturk,mcconnell,name,partial,senate speaker,1
mturk,mcconnell,name,partial,senater,1
mturk,mcconnell,name,partial,senator (gop),1
mturk,mcconnell,name,partial,senator (repub),1
mturk,mcconnell,name,partial,senator from kentucky,1
mturk,mcconnell,name,partial,senator from ky,1
mturk,mcconnell,name,partial,senator of kentucky,1
mturk,mcconnell,name,partial,senator r-kentucky,1
mturk,mcconnell,name,partial,"senator, kemtucky",1
mturk,mcconnell,name,partial,"senator, republican",1
mturk,mcconnell,name,partial,senator?,1
mturk,mcconnell,name,partial,senior us seantor kentucky,1
mturk,mcconnell,name,partial,some republican senate position,1
mturk,mcconnell,name,partial,u s senater,1
mturk,mcconnell,name,partial,u.s. senator,1
mturk,mcconnell,name,partial,us senate,1
mturk,mcconnell,photo,partial,"big wig republican, majority leader",1
mturk,mcconnell,photo,partial,democrat senator,1
mturk,mcconnell,photo,partial,kentucky senator,1
mturk,mcconnell,photo,partial,"mitch mcconnell, senator, kentucky bourbon hound",1
mturk,mcconnell,photo,partial,republican majority leader mitch mcconnell,1
mturk,mcconnell,photo,partial,republican senate in charge,1
mturk,mcconnell,photo,partial,republican senator,1
mturk,mcconnell,photo,partial,republican/senate,1
mturk,mcconnell,photo,partial,sen majority leader,1
mturk,mcconnell,photo,partial,senate maj ldr,1
mturk,mcconnell,photo,partial,senate majority whip,1
mturk,mcconnell,photo,partial,senate republican whip,1
mturk,mcconnell,photo,partial,senator from kentucky,1
mturk,mcconnell,photo,partial,senator mitch mcconnell,1
mturk,mcconnell,photo,partial,speaker of the senate,1
staff,mcconnell,name,partial,not sure. senator or u.s. rep.,1
staff,mcconnell,name,partial,republican senator,1
staff,mcconnell,name,partial,senator (not sure which southern state),1
staff,mcconnell,name,partial,senator (not sure which state),1
staff,mcconnell,name,partial,senator from kentucky,1
staff,mcconnell,name,partial,united states senator,1
staff,mcconnell,name,partial,us senater,1
staff,mcconnell,name,partial,us senator,1
staff,mcconnell,photo,partial,senate,1
staff,mcconnell,photo,partial,senator(maybe),1
mturk,merkel,photo,correct,chancellor of germany,74
mturk,merkel,name,correct,chancellor of germany,68
mturk,merkel,name,correct,german chancellor,63
mturk,merkel,photo,correct,german chancellor,38
mturk,merkel,name,correct,prime minister of germany,34
alumni,merkel,name,correct,chancellor of germany,29
alumni,merkel,name,correct,german chancellor,27
mturk,merkel,name,correct,german prime minister,20
mturk,merkel,photo,correct,prime minister of germany,20
mturk,merkel,name,correct,leader of germany,15
staff,merkel,name,correct,chancellor of germany,14
alumni,merkel,name,correct,prime minister of germany,13
alumni,merkel,photo,correct,chancellor of germany,12
mturk,merkel,name,correct,german chancelor,11
alumni,merkel,photo,correct,german chancellor,10
staff,merkel,name,correct,german chancellor,10
mturk,merkel,photo,correct,german prime minister,9
alumni,merkel,name,correct,german prime minister,7
mturk,merkel,name,correct,german leader,7
mturk,merkel,photo,correct,pm of germany,7
mturk,merkel,name,correct,germany chancellor,6
mturk,merkel,name,correct,pm of germany,6
alumni,merkel,name,correct,german chancelor,5
alumni,merkel,name,correct,"prime minister, germany",5
alumni,merkel,photo,correct,prime minister of germany,5
mturk,merkel,name,correct,head of germany,5
mturk,merkel,photo,correct,chancelor of germany,5
alumni,merkel,name,correct,chancellor germany,4
alumni,merkel,photo,correct,chancellor,4
mturk,merkel,name,correct,chancelor of germany,4
mturk,merkel,name,correct,german pm,4
mturk,merkel,photo,correct,chancellor germany,4
mturk,merkel,photo,correct,leader of germany,4
alumni,merkel,name,correct,"chancellor, germany",3
alumni,merkel,photo,correct,german prime minister,3
mturk,merkel,name,correct,chancellor germany,3
mturk,merkel,photo,correct,chancellor of germany.,3
mturk,merkel,photo,correct,german leader,3
staff,merkel,name,correct,germany chancellor,3
staff,merkel,photo,correct,german chancellor,3
alumni,merkel,name,correct,leader of germany,2
alumni,merkel,photo,correct,prime minister germany,2
mturk,merkel,name,correct,germany leader,2
mturk,merkel,name,correct,germany pm,2
mturk,merkel,name,correct,prime minister germany,2
mturk,merkel,photo,correct,chancellor,2
mturk,merkel,photo,correct,german chancelor,2
mturk,merkel,photo,correct,germany chancellor,2
staff,merkel,name,correct,prime minister of germany,2
staff,merkel,photo,correct,chancellor of germany,2
staff,merkel,photo,correct,german prime minister,2
staff,merkel,photo,correct,prime minister of germany,2
alumni,merkel,name,correct,chanceller of germany,1
alumni,merkel,name,correct,chancelor germany,1
alumni,merkel,name,correct,chancelor of germany,1
alumni,merkel,name,correct,german chancelier,1
alumni,merkel,name,correct,german chancellor (head of state),1
alumni,merkel,name,correct,german chancellor (prime minister),1
alumni,merkel,name,correct,german executive branch head (chancellor?),1
alumni,merkel,name,correct,german head of state,1
alumni,merkel,name,correct,german kansler,1
alumni,merkel,name,correct,german pm,1
alumni,merkel,name,correct,german pm or pres.,1
alumni,merkel,name,correct,german premier,1
alumni,merkel,name,correct,germany --chancellor,1
alumni,merkel,name,correct,germany's head of state,1
alumni,merkel,name,correct,germay prime minister,1
alumni,merkel,name,correct,head of german government,1
alumni,merkel,name,correct,head of germany,1
alumni,merkel,name,correct,"head of state, germany",1
alumni,merkel,name,correct,pm of germany,1
alumni,merkel,name,correct,"premier, germany",1
alumni,merkel,name,correct,president or prime minister of germany,1
alumni,merkel,name,correct,prime minister german republic,1
alumni,merkel,name,correct,prime minister germany,1
alumni,merkel,photo,correct,??? german chancellor ???,1
alumni,merkel,photo,correct,"angela merkel, german chancellor",1
alumni,merkel,photo,correct,bundeskanzlerin germany,1
alumni,merkel,photo,correct,"chancellor, german republic",1
alumni,merkel,photo,correct,chancelor of germany,1
alumni,merkel,photo,correct,elected head of germany,1
alumni,merkel,photo,correct,"forbundskansler, germany",1
alumni,merkel,photo,correct,german chancellor angela merckel,1
alumni,merkel,photo,correct,german chancellor angela merkel,1
alumni,merkel,photo,correct,germany prime minister,1
alumni,merkel,photo,correct,germany's prime minister,1
alumni,merkel,photo,correct,merkel pm of germany,1
alumni,merkel,photo,correct,pm of germany,1
alumni,merkel,photo,correct,primeminister of germany,1
mturk,merkel,name,correct,canceler,1
mturk,merkel,name,correct,chancellor of gemany,1
mturk,merkel,name,correct,chancellor of german,1
mturk,merkel,name,correct,chancellor or germany,1
mturk,merkel,name,correct,"chancellor, germany",1
mturk,merkel,name,correct,chancelor or prime minister of germany,1
mturk,merkel,name,correct,chanchlor of germany,1
mturk,merkel,name,correct,gemeran prime minister,1
mturk,merkel,name,correct,german chacellor,1
mturk,merkel,name,correct,german chancelleor,1
mturk,merkel,name,correct,german chancellor or something like that,1
mturk,merkel,name,correct,"german chancellor, leader",1
mturk,merkel,name,correct,german chancellor--moderate,1
mturk,merkel,name,correct,german chancellor/idiot,1
mturk,merkel,name,correct,german chancellor/president,1
mturk,merkel,name,correct,german chanchelor,1
mturk,merkel,name,correct,german chanselor,1
mturk,merkel,name,correct,german head-forgot title,1
mturk,merkel,name,correct,german prime minister/chancellor,1
mturk,merkel,name,correct,german prme minister,1
mturk,merkel,name,correct,germany chancellor(president),1
mturk,merkel,name,correct,germany chancelor,1
mturk,merkel,name,correct,germany head,1
mturk,merkel,name,correct,germany prime minister,1
mturk,merkel,name,correct,germany's chancellor or prime minister,1
mturk,merkel,name,correct,germany's prime minister,1
mturk,merkel,name,correct,leader of germeny,1
mturk,merkel,name,correct,pm (germany?),1
mturk,merkel,name,correct,pm germany,1
mturk,merkel,name,correct,political head of state in germany,1
mturk,merkel,name,correct,president (or leader) of germany,1
mturk,merkel,name,correct,prime minster of germany,1
mturk,merkel,name,correct,vice chancellor,1
mturk,merkel,photo,correct,"angela merkel - germany's prime minister - really missing obama right now, especially since trump won't do ""the handshake"" thing",1
mturk,merkel,photo,correct,"angela merkel, chancellor of germany",1
mturk,merkel,photo,correct,"angela merkel, germany's leader",1
mturk,merkel,photo,correct,"angela merkel, political leader of germany (i do not know her precise title)",1
mturk,merkel,photo,correct,angela merkel--leader of germany,1
mturk,merkel,photo,correct,angela merker german chancelor,1
mturk,merkel,photo,correct,"angela merkle, chancellor germany",1
mturk,merkel,photo,correct,cancelar of germany,1
mturk,merkel,photo,correct,chancellor of germ,1
mturk,merkel,photo,correct,chancellor of germany (and physicist),1
mturk,merkel,photo,correct,chancellor of germany - angela merkel,1
mturk,merkel,photo,correct,chancellor of germany angela merkel,1
mturk,merkel,photo,correct,chancellor of germarny,1
mturk,merkel,photo,correct,chansellor germary,1
mturk,merkel,photo,correct,german (prime minister?),1
mturk,merkel,photo,correct,german cancelor,1
mturk,merkel,photo,correct,german chacellor,1
mturk,merkel,photo,correct,german chancdlor,1
mturk,merkel,photo,correct,german chanceller,1
mturk,merkel,photo,correct,german chancellor angela merkel,1
mturk,merkel,photo,correct,german chancellor merkel,1
mturk,merkel,photo,correct,german chancellor?,1
mturk,merkel,photo,correct,germany prime minister,1
mturk,merkel,photo,correct,germany's chancellor,1
mturk,merkel,photo,correct,germany's leader,1
mturk,merkel,photo,correct,head of germany,1
mturk,merkel,photo,correct,leader of german,1
mturk,merkel,photo,correct,merkel german leader pm i think,1
mturk,merkel,photo,correct,merkel germany prime minister,1
mturk,merkel,photo,correct,pm germany,1
mturk,merkel,photo,correct,pm of germany?,1
mturk,merkel,photo,correct,premier of germany,1
mturk,merkel,photo,correct,premier/president of germany,1
mturk,merkel,photo,correct,prime minister germany,1
mturk,merkel,photo,correct,prime minister of germany and now leader of the free world since we have a shit gibbon in the whitehouse,1
mturk,merkel,photo,correct,"prime minister of germany, communist one world government traitor to the people of germany",1
mturk,merkel,photo,correct,priminister or chancellor of germany,1
staff,merkel,name,correct,chanceller of germany,1
staff,merkel,name,correct,chancellor,1
staff,merkel,name,correct,"chancellor, germany",1
staff,merkel,name,correct,german chancelor,1
staff,merkel,name,correct,german leader,1
staff,merkel,name,correct,german pm,1
staff,merkel,name,correct,germany's chancellor,1
staff,merkel,name,correct,"head of germany, bush gave her a shoulder massage",1
staff,merkel,name,correct,is the current chancellor of germany,1
staff,merkel,name,correct,leader of germany,1
staff,merkel,name,correct,pm? of germany,1
staff,merkel,photo,correct,canceller germany,1
staff,merkel,photo,correct,chancelor of germany,1
staff,merkel,photo,correct,head of germany,1
staff,merkel,photo,correct,head of state of germany,1
mturk,merkel,photo,dk,,169
mturk,merkel,name,dk,,158
alumni,merkel,photo,dk,,47
staff,merkel,photo,dk,,34
staff,merkel,name,dk,,27
alumni,merkel,name,dk,,26
mturk,merkel,photo,dk,don't know,18
mturk,merkel,name,dk,don't know,11
mturk,merkel,photo,dk,dont know,9
mturk,merkel,photo,dk,i don't know,7
mturk,merkel,photo,dk,i dont know,5
staff,merkel,photo,dk,don't know,5
mturk,merkel,name,dk,dont know,4
mturk,merkel,name,dk,i don't know,3
mturk,merkel,name,dk,i dont know,3
mturk,merkel,photo,dk,idk,3
staff,merkel,name,dk,no clue,3
alumni,merkel,name,dk,?,2
mturk,merkel,name,dk,idk,2
mturk,merkel,name,dk,not sure,2
mturk,merkel,photo,dk,do not know,2
mturk,merkel,photo,dk,no idea,2
mturk,merkel,photo,dk,not sure,2
alumni,merkel,name,dk,don't know,1
alumni,merkel,name,dk,i do not know,1
alumni,merkel,name,dk,no idea,1
alumni,merkel,photo,dk,??,1
alumni,merkel,photo,dk,don't know.,1
alumni,merkel,photo,dk,dont know,1
alumni,merkel,photo,dk,dunno,1
alumni,merkel,photo,dk,no idea,1
alumni,merkel,photo,dk,oh lord cannot put name to face right now...,1
mturk,merkel,name,dk,don't recall,1
mturk,merkel,name,dk,na,1
mturk,merkel,name,dk,no idea,1
mturk,merkel,photo,dk,can't recall,1
staff,merkel,name,dk,?,1
staff,merkel,name,dk,don't know,1
staff,merkel,name,dk,i don't know,1
staff,merkel,name,dk,no idea,1
staff,merkel,name,dk,not sure,1
alumni,merkel,photo,incorrect,governor,7
alumni,merkel,photo,incorrect,senator,6
mturk,merkel,photo,incorrect,prime minister,6
staff,merkel,photo,incorrect,senator,5
alumni,merkel,photo,incorrect,governor of arizona,4
alumni,merkel,photo,incorrect,govenor,2
alumni,merkel,photo,incorrect,politician,2
alumni,merkel,photo,incorrect,prime minister,2
alumni,merkel,photo,incorrect,representative,2
alumni,merkel,photo,incorrect,supreme court justice,2
mturk,merkel,name,incorrect,british prime minister,2
mturk,merkel,photo,incorrect,angela merkel,2
mturk,merkel,photo,incorrect,prime minister of england,2
mturk,merkel,photo,incorrect,speaker of the house,2
staff,merkel,photo,incorrect,governor,2
alumni,merkel,name,incorrect,ceo of something,1
alumni,merkel,name,incorrect,congresswoman,1
alumni,merkel,name,incorrect,health,1
alumni,merkel,name,incorrect,president of canada,1
alumni,merkel,name,incorrect,president of the european union,1
alumni,merkel,name,incorrect,prime minister,1
alumni,merkel,name,incorrect,seeking office,1
alumni,merkel,name,incorrect,tea party candidate in arizona,1
alumni,merkel,name,incorrect,white house social director,1
alumni,merkel,photo,incorrect,angela merkel,1
alumni,merkel,photo,incorrect,arizona giverrnor,1
alumni,merkel,photo,incorrect,arizona governor,1
alumni,merkel,photo,incorrect,congresswoman,1
alumni,merkel,photo,incorrect,governor of arizona?,1
alumni,merkel,photo,incorrect,hhs secretary,1
alumni,merkel,photo,incorrect,immigration chief,1
alumni,merkel,photo,incorrect,merekowski?,1
alumni,merkel,photo,incorrect,no job or office - candidate for ca gov,1
alumni,merkel,photo,incorrect,not a clue,1
alumni,merkel,photo,incorrect,political candidate,1
alumni,merkel,photo,incorrect,politician or wife of politician,1
alumni,merkel,photo,incorrect,politics,1
alumni,merkel,photo,incorrect,president,1
alumni,merkel,photo,incorrect,republican senate candidate nevada,1
alumni,merkel,photo,incorrect,sec. of homeland security,1
alumni,merkel,photo,incorrect,secty of state?,1
alumni,merkel,photo,incorrect,speaker of the house of representatives,1
alumni,merkel,photo,incorrect,think she's a senator or congresswoman,1
alumni,merkel,photo,incorrect,was on legal staff to bush,1
mturk,merkel,name,incorrect,2,1
mturk,merkel,name,incorrect,4,1
mturk,merkel,name,incorrect,antihitler,1
mturk,merkel,name,incorrect,australia prime minister,1
mturk,merkel,name,incorrect,british pm,1
mturk,merkel,name,incorrect,congress,1
mturk,merkel,name,incorrect,congresswoman,1
mturk,merkel,name,incorrect,don't remember,1
mturk,merkel,name,incorrect,duetchland,1
mturk,merkel,name,incorrect,englands ambassador,1
mturk,merkel,name,incorrect,eu president,1
mturk,merkel,name,incorrect,head of the federal reserve,1
mturk,merkel,name,incorrect,i think she runs england,1
mturk,merkel,name,incorrect,leader of england or ireland,1
mturk,merkel,name,incorrect,leader of ireland,1
mturk,merkel,name,incorrect,moderate,1
mturk,merkel,name,incorrect,politician/lobbyist,1
mturk,merkel,name,incorrect,politics,1
mturk,merkel,name,incorrect,president,1
mturk,merkel,name,incorrect,prime minister,1
mturk,merkel,name,incorrect,prime minister of britain,1
mturk,merkel,name,incorrect,prime minister of uk,1
mturk,merkel,name,incorrect,senate,1
mturk,merkel,name,incorrect,trump representative,1
mturk,merkel,name,incorrect,uk govenrment,1
mturk,merkel,name,incorrect,uk prime minister,1
mturk,merkel,name,incorrect,white house staff,1
mturk,merkel,photo,incorrect,angala mercal,1
mturk,merkel,photo,incorrect,angela mercel,1
mturk,merkel,photo,incorrect,angela something? trump refused to shake her hand?,1
mturk,merkel,photo,incorrect,british prime minister,1
mturk,merkel,photo,incorrect,ceo,1
mturk,merkel,photo,incorrect,ceo hewlitt packard,1
mturk,merkel,photo,incorrect,chairman of the federal reserve,1
mturk,merkel,photo,incorrect,congress,1
mturk,merkel,photo,incorrect,don' know,1
mturk,merkel,photo,incorrect,"don,t know",1
mturk,merkel,photo,incorrect,elizabeth mays is the prime minister of uk,1
mturk,merkel,photo,incorrect,english president,1
mturk,merkel,photo,incorrect,eu president,1
mturk,merkel,photo,incorrect,federal reserve chair,1
mturk,merkel,photo,incorrect,government,1
mturk,merkel,photo,incorrect,"head of parliament, uk",1
mturk,merkel,photo,incorrect,head of treasury,1
mturk,merkel,photo,incorrect,hilary clinton,1
mturk,merkel,photo,incorrect,human resources,1
mturk,merkel,photo,incorrect,janet yellen,1
mturk,merkel,photo,incorrect,manager,1
mturk,merkel,photo,incorrect,"may, uk leader",1
mturk,merkel,photo,incorrect,merkel,1
mturk,merkel,photo,incorrect,middle of the road,1
mturk,merkel,photo,incorrect,miniority leader,1
mturk,merkel,photo,incorrect,mp,1
mturk,merkel,photo,incorrect,pm,1
mturk,merkel,photo,incorrect,pm of the uk,1
mturk,merkel,photo,incorrect,pm of uk,1
mturk,merkel,photo,incorrect,politician,1
mturk,merkel,photo,incorrect,possibly prime minister of the u.k.,1
mturk,merkel,photo,incorrect,prime minister ??,1
mturk,merkel,photo,incorrect,prime minister from england,1
mturk,merkel,photo,incorrect,prime minister of gb,1
mturk,merkel,photo,incorrect,prime minister of the u.k.,1
mturk,merkel,photo,incorrect,prime minister of the uk,1
mturk,merkel,photo,incorrect,prime minister of the united kingdom,1
mturk,merkel,photo,incorrect,prime minster,1
mturk,merkel,photo,incorrect,psychiatrist,1
mturk,merkel,photo,incorrect,school board committee,1
mturk,merkel,photo,incorrect,secretary of education,1
mturk,merkel,photo,incorrect,secretary of state,1
mturk,merkel,photo,incorrect,senate,1
mturk,merkel,photo,incorrect,senator,1
mturk,merkel,photo,incorrect,something in education,1
mturk,merkel,photo,incorrect,teacher,1
mturk,merkel,photo,incorrect,treasurer,1
mturk,merkel,photo,incorrect,uk ambassador,1
mturk,merkel,photo,incorrect,uk prime minister,1
mturk,merkel,photo,incorrect,un,1
staff,merkel,name,incorrect,cfo,1
staff,merkel,name,incorrect,govenor,1
staff,merkel,name,incorrect,member of the house of representatives,1
staff,merkel,name,incorrect,senator,1
staff,merkel,name,incorrect,united nations,1
staff,merkel,photo,incorrect,??? she looks familiar...,1
staff,merkel,photo,incorrect,barbara boxer,1
staff,merkel,photo,incorrect,candidate for governmental office,1
staff,merkel,photo,incorrect,candidate for office,1
staff,merkel,photo,incorrect,congress,1
staff,merkel,photo,incorrect,congresswoman,1
staff,merkel,photo,incorrect,head of a foreign country,1
staff,merkel,photo,incorrect,i do not watch tv ever,1
staff,merkel,photo,incorrect,meg whitman,1
staff,merkel,photo,incorrect,politician,1
staff,merkel,photo,incorrect,president,1
staff,merkel,photo,incorrect,president advisor,1
staff,merkel,photo,incorrect,president of ireland,1
staff,merkel,photo,incorrect,republican,1
staff,merkel,photo,incorrect,senator from back east,1
staff,merkel,photo,incorrect,sharon angle- republican senate candidate from nevada,1
staff,merkel,photo,incorrect,unknown,1
alumni,merkel,name,partial,president of germany,15
mturk,merkel,name,partial,president of germany,15
mturk,merkel,name,partial,german president,11
mturk,merkel,photo,partial,president of germany,9
staff,merkel,name,partial,president of germany,7
alumni,merkel,photo,partial,president of germany,4
mturk,merkel,name,partial,german politician,4
staff,merkel,name,partial,german president,4
alumni,merkel,name,partial,german president,3
staff,merkel,photo,partial,president of germany,3
alumni,merkel,name,partial,germany,2
alumni,merkel,name,partial,pres. of germany,2
mturk,merkel,name,partial,germany,2
mturk,merkel,name,partial,germany president,2
mturk,merkel,name,partial,germany's president,2
mturk,merkel,photo,partial,german president,2
alumni,merkel,name,partial,german pres,1
alumni,merkel,name,partial,greman top dog,1
alumni,merkel,name,partial,nothing. she had been germany's president,1
alumni,merkel,name,partial,"president, germany",1
alumni,merkel,photo,partial,"merkel, german president",1
mturk,merkel,name,partial,german,1
mturk,merkel,name,partial,german conselor,1
mturk,merkel,name,partial,german whore,1
mturk,merkel,name,partial,p.m. of germany,1
mturk,merkel,name,partial,political activist of germany?,1
mturk,merkel,name,partial,president germany,1
mturk,merkel,name,partial,somehting in germany,1
mturk,merkel,name,partial,the woman thats destroying germany,1
mturk,merkel,photo,partial,angela merkel president of germany,1
mturk,merkel,photo,partial,"angela merkel, president of germany",1
mturk,merkel,photo,partial,france president candidate or german president,1
mturk,merkel,photo,partial,german politician,1
mturk,merkel,photo,partial,germany,1
mturk,merkel,photo,partial,germany president,1
mturk,merkel,photo,partial,germany's president,1
mturk,merkel,photo,partial,"merkel, germany",1
mturk,merkel,photo,partial,"merkel, she's in charge of germany, i forget her title",1
mturk,merkel,photo,partial,merkl-germany,1
mturk,merkel,photo,partial,president of germany.,1
mturk,merkel,photo,partial,president of germany?,1
mturk,merkel,photo,partial,prsident of germany,1
mturk,merkel,photo,partial,something in germany,1
staff,merkel,name,partial,german government,1
staff,merkel,name,partial,"president, germany",1
staff,merkel,photo,partial,"angela merkel, president of germany",1
alumni,napolitano,name,correct,secretary of homeland security,12
staff,napolitano,name,correct,homeland security,11
staff,napolitano,name,correct,secretary of homeland security,11
alumni,napolitano,name,correct,head of homeland security,10
alumni,napolitano,photo,correct,secretary of homeland security,9
alumni,napolitano,name,correct,homeland security,6
alumni,napolitano,name,correct,homeland security secretary,6
alumni,napolitano,name,correct,homeland security chief,5
alumni,napolitano,name,correct,director of homeland security,4
alumni,napolitano,photo,correct,director of homeland security,4
staff,napolitano,name,correct,head of homeland security,4
staff,napolitano,name,correct,homeland security secretary,3
alumni,napolitano,name,correct,"director, homeland security",2
alumni,napolitano,name,correct,homeland secretary,2
alumni,napolitano,name,correct,homeland security director,2
alumni,napolitano,name,correct,sec homeland security,2
alumni,napolitano,name,correct,"secretary, homeland security",2
alumni,napolitano,photo,correct,secretary homeland security,2
staff,napolitano,name,correct,head of dhs,2
staff,napolitano,photo,correct,secretary of homeland security,2
alumni,napolitano,name,correct,chm. dept of homeland security,1
alumni,napolitano,name,correct,dept of homeland security chief; former az governor,1
alumni,napolitano,name,correct,dir. homeland security,1
alumni,napolitano,name,correct,director homeland security,1
alumni,napolitano,name,correct,head homeland security,1
alumni,napolitano,name,correct,head of dept of homeland security,1
alumni,napolitano,name,correct,head of home security,1
alumni,napolitano,name,correct,head of u.s.homeland security,1
alumni,napolitano,name,correct,head of us homeland security,1
alumni,napolitano,name,correct,"head, dept of homeland security",1
alumni,napolitano,name,correct,homeland secuirty sec,1
alumni,napolitano,name,correct,homeland security chief usa,1
alumni,napolitano,name,correct,homeland security dept. head,1
alumni,napolitano,name,correct,homeland security head,1
alumni,napolitano,name,correct,homeland security lady,1
alumni,napolitano,name,correct,homeland security(?)--obama's cabinet,1
alumni,napolitano,name,correct,"member of the cabinet,home security",1
alumni,napolitano,name,correct,sec homeland,1
alumni,napolitano,name,correct,sec. of homeland security,1
alumni,napolitano,name,correct,secretary homeland security,1
alumni,napolitano,name,correct,secretary of dep't of homeland security,1
alumni,napolitano,name,correct,secretary of dept of homeland security,1
alumni,napolitano,name,correct,secretary of dhs,1
alumni,napolitano,name,correct,secretary of home land security,1
alumni,napolitano,name,correct,secretary of homeland security (used to be arizona governor),1
alumni,napolitano,name,correct,"secretary, department of homeland security",1
alumni,napolitano,name,correct,"secretary, dhs",1
alumni,napolitano,name,correct,sect of homeland security,1
alumni,napolitano,name,correct,secty homeland security,1
alumni,napolitano,name,correct,"secy homeland security, usa, obama admin",1
alumni,napolitano,name,correct,secy of homeland security,1
alumni,napolitano,name,correct,u.s. secretary of homeland security,1
alumni,napolitano,name,correct,us cabinet member -secty homeland security - previously gov arizona,1
alumni,napolitano,name,correct,us secretary of homeland security,1
alumni,napolitano,photo,correct,director homeland security,1
alumni,napolitano,photo,correct,head of homeland security,1
alumni,napolitano,photo,correct,head-homeland security,1
alumni,napolitano,photo,correct,homeland security head,1
alumni,napolitano,photo,correct,"janet napolitano, head of dept homeland security",1
alumni,napolitano,photo,correct,"janet napolitano, secretary of homeland security",1
alumni,napolitano,photo,correct,sec of homeland security napolitano,1
alumni,napolitano,photo,correct,secretary of homeland security?,1
alumni,napolitano,photo,correct,"secretary, us dept. of homeland security",1
alumni,napolitano,photo,correct,sect of homeland security,1
alumni,napolitano,photo,correct,secy homeland security,1
alumni,napolitano,photo,correct,us secretary of homeland security,1
staff,napolitano,name,correct,director of homeland security,1
staff,napolitano,name,correct,head homeland security former az gov,1
staff,napolitano,name,correct,home land security administration,1
staff,napolitano,name,correct,homeland security chief,1
staff,napolitano,name,correct,homeland security head,1
staff,napolitano,name,correct,homeland security sec,1
staff,napolitano,name,correct,homeland security sec'y,1
staff,napolitano,name,correct,homeland security sect'y,1
staff,napolitano,name,correct,homeland security usa,1
staff,napolitano,name,correct,homeland security?,1
staff,napolitano,name,correct,is the united states secretary of homeland security,1
staff,napolitano,name,correct,sec. homeland security,1
staff,napolitano,name,correct,secratary of homelenad secirity,1
staff,napolitano,name,correct,"secretary, homeland security",1
staff,napolitano,name,correct,us secy of homeland security,1
staff,napolitano,photo,correct,head department of homeland security,1
staff,napolitano,photo,correct,homeland security,1
staff,napolitano,photo,correct,homeland security head,1
staff,napolitano,photo,correct,janet..director of homeland security,1
staff,napolitano,photo,correct,secretary for homeland security,1
staff,napolitano,photo,correct,secretary of dhs,1
alumni,napolitano,photo,dk,,58
staff,napolitano,photo,dk,,42
alumni,napolitano,name,dk,,40
staff,napolitano,name,dk,,19
alumni,napolitano,photo,dk,don't know,3
alumni,napolitano,photo,dk,no idea,3
staff,napolitano,photo,dk,don't know,3
alumni,napolitano,photo,dk,dont know,2
staff,napolitano,name,dk,don't know,2
alumni,napolitano,name,dk,don't know,1
alumni,napolitano,name,dk,none,1
alumni,napolitano,photo,dk,?,1
alumni,napolitano,photo,dk,no idea at all.,1
alumni,napolitano,photo,dk,no idea.,1
alumni,napolitano,photo,dk,npr listener - no idea what people look like,1
staff,napolitano,name,dk,?,1
staff,napolitano,name,dk,no idea,1
staff,napolitano,photo,dk,do not recognize,1
staff,napolitano,photo,dk,no idea,1
alumni,napolitano,name,incorrect,senator,4
alumni,napolitano,photo,incorrect,judge,4
staff,napolitano,photo,incorrect,supreme court justice,4
alumni,napolitano,photo,incorrect,representative,3
alumni,napolitano,photo,incorrect,supreme court,3
alumni,napolitano,photo,incorrect,supreme court justice,3
alumni,napolitano,photo,incorrect,congresswoman,2
alumni,napolitano,photo,incorrect,governor,2
staff,napolitano,photo,incorrect,unknown,2
alumni,napolitano,name,incorrect,congresswoman,1
alumni,napolitano,name,incorrect,consumer affairs,1
alumni,napolitano,name,incorrect,da,1
alumni,napolitano,name,incorrect,elefino,1
alumni,napolitano,name,incorrect,fdic chairman,1
alumni,napolitano,name,incorrect,general atttorney,1
alumni,napolitano,name,incorrect,"governor of florda, formerus ag",1
alumni,napolitano,name,incorrect,head of emergency services,1
alumni,napolitano,name,incorrect,head of us dept of commerce,1
alumni,napolitano,name,incorrect,immigration,1
alumni,napolitano,name,incorrect,legal/security position in obama admin - forget title,1
alumni,napolitano,name,incorrect,maybe a democratic senator?,1
alumni,napolitano,name,incorrect,national security officer,1
alumni,napolitano,name,incorrect,security advisor,1
alumni,napolitano,name,incorrect,security head,1
alumni,napolitano,name,incorrect,security usa,1
alumni,napolitano,name,incorrect,senate,1
alumni,napolitano,name,incorrect,senator or representative,1
alumni,napolitano,name,incorrect,us security chief,1
alumni,napolitano,photo,incorrect,administrator,1
alumni,napolitano,photo,incorrect,congress,1
alumni,napolitano,photo,incorrect,consumer affairs,1
alumni,napolitano,photo,incorrect,court system,1
alumni,napolitano,photo,incorrect,economic adviser,1
alumni,napolitano,photo,incorrect,fda hed,1
alumni,napolitano,photo,incorrect,federal judge,1
alumni,napolitano,photo,incorrect,governor of arizona,1
alumni,napolitano,photo,incorrect,head of council of economic advisors,1
alumni,napolitano,photo,incorrect,janet napalitano,1
alumni,napolitano,photo,incorrect,janet napoletano,1
alumni,napolitano,photo,incorrect,janet napolitano - ???,1
alumni,napolitano,photo,incorrect,latest supreme ct. justice,1
alumni,napolitano,photo,incorrect,local politician,1
alumni,napolitano,photo,incorrect,manager,1
alumni,napolitano,photo,incorrect,napolitano,1
alumni,napolitano,photo,incorrect,new justice to supreme court,1
alumni,napolitano,photo,incorrect,not a clue,1
alumni,napolitano,photo,incorrect,politician,1
alumni,napolitano,photo,incorrect,prime minister,1
alumni,napolitano,photo,incorrect,secratery of labor,1
alumni,napolitano,photo,incorrect,senator,1
alumni,napolitano,photo,incorrect,speaker of the house,1
alumni,napolitano,photo,incorrect,supreme court appointee,1
alumni,napolitano,photo,incorrect,supreme court justice nominee,1
alumni,napolitano,photo,incorrect,supreme court nominee,1
alumni,napolitano,photo,incorrect,supreme court?,1
alumni,napolitano,photo,incorrect,teacher,1
staff,napolitano,name,incorrect,district attorney,1
staff,napolitano,name,incorrect,health,1
staff,napolitano,name,incorrect,judicial branch,1
staff,napolitano,name,incorrect,member of congress,1
staff,napolitano,name,incorrect,senator,1
staff,napolitano,name,incorrect,something in politics,1
staff,napolitano,name,incorrect,something with tsa,1
staff,napolitano,name,incorrect,treasurer,1
staff,napolitano,photo,incorrect,california state representative,1
staff,napolitano,photo,incorrect,city government,1
staff,napolitano,photo,incorrect,congress,1
staff,napolitano,photo,incorrect,congresswoman,1
staff,napolitano,photo,incorrect,financial management,1
staff,napolitano,photo,incorrect,gov of arizona,1
staff,napolitano,photo,incorrect,government official,1
staff,napolitano,photo,incorrect,mayor,1
staff,napolitano,photo,incorrect,new supreme court justice,1
staff,napolitano,photo,incorrect,s. c. justice,1
staff,napolitano,photo,incorrect,senator,1
staff,napolitano,photo,incorrect,supreme court judge,1
staff,napolitano,photo,incorrect,supreme court justice?,1
staff,napolitano,photo,incorrect,surgeon general,1
staff,napolitano,photo,incorrect,treasurer,1
alumni,napolitano,name,partial,attorney general,9
alumni,napolitano,name,partial,cabinet member,4
alumni,napolitano,photo,partial,cabinet secretary,3
staff,napolitano,name,partial,attorney general,3
alumni,napolitano,photo,partial,attorney general,2
staff,napolitano,name,partial,us attorney general,2
alumni,napolitano,name,partial,a cabinet secretary. hhs?,1
alumni,napolitano,name,partial,attoney general,1
alumni,napolitano,name,partial,attorney-general,1
alumni,napolitano,name,partial,cabinet,1
alumni,napolitano,name,partial,cabinet member of president carter's administration,1
alumni,napolitano,name,partial,cabinet secretary,1
alumni,napolitano,name,partial,cabinet secretary (hhs?),1
alumni,napolitano,name,partial,cabinet secretary--hhs,1
alumni,napolitano,name,partial,obama cabinet member,1
alumni,napolitano,name,partial,part of obama's cabinet,1
alumni,napolitano,name,partial,sec. of health & human services,1
alumni,napolitano,name,partial,secretary of education,1
alumni,napolitano,name,partial,secretary of.........,1
alumni,napolitano,name,partial,transportation secy?,1
alumni,napolitano,name,partial,u.s. sec'y interior,1
alumni,napolitano,name,partial,us attorney general,1
alumni,napolitano,name,partial,us cabinet,1
alumni,napolitano,name,partial,us cabinet--health,1
alumni,napolitano,name,partial,"was governor of az, now in cabinet?",1
alumni,napolitano,photo,partial,asst. secretary of agriculture?,1
alumni,napolitano,photo,partial,janet napolitano - health human services secretary?,1
alumni,napolitano,photo,partial,neoplolitanosecty of defense,1
alumni,napolitano,photo,partial,sec'y health education welfare,1
alumni,napolitano,photo,partial,secretary,1
alumni,napolitano,photo,partial,secretary of commerce,1
alumni,napolitano,photo,partial,secretary of hud,1
alumni,napolitano,photo,partial,secretary of something,1
staff,napolitano,name,partial,attorney general?,1
staff,napolitano,name,partial,cabinet officer - justice,1
staff,napolitano,name,partial,health and human services,1
staff,napolitano,name,partial,health sec.,1
staff,napolitano,name,partial,in white house cabinet,1
staff,napolitano,name,partial,interior dept secretary,1
staff,napolitano,name,partial,member of obamas cabinet,1
staff,napolitano,name,partial,secretary of ?,1
staff,napolitano,name,partial,secretary of education,1
staff,napolitano,name,partial,us atternoy general,1
staff,napolitano,name,partial,"us head of justice, national attorney general",1
staff,napolitano,photo,partial,economic advisor part of obamas cabinet,1
staff,napolitano,photo,partial,education secretary(maybe),1
staff,napolitano,photo,partial,hhs secretary,1
staff,napolitano,photo,partial,janet napalatano - she is in obama's cabinet. i can't remember he position.,1
mturk,pelosi,name,correct,house minority leader,72
mturk,pelosi,photo,correct,house minority leader,48
mturk,pelosi,photo,correct,minority leader of the house,9
mturk,pelosi,name,correct,minority leader of the house of representatives,7
mturk,pelosi,name,correct,house of representatives minority leader,5
mturk,pelosi,name,correct,minority leader of the house,5
mturk,pelosi,name,correct,democratic house leader,3
mturk,pelosi,name,correct,minority leader house of representatives,3
mturk,pelosi,name,correct,minority leader of house of representatives,3
mturk,pelosi,photo,correct,house of representatives minority leader,3
mturk,pelosi,photo,correct,minority house leader,3
mturk,pelosi,photo,correct,minority leader of the house of representatives,3
mturk,pelosi,name,correct,minority house speaker,2
mturk,pelosi,name,correct,minority leader house,2
mturk,pelosi,name,correct,minority leader of the united states house of representatives,2
mturk,pelosi,photo,correct,house minority leader nancy pelosi,2
mturk,pelosi,photo,correct,minority leader house,2
mturk,pelosi,photo,correct,minority leader in the house,2
mturk,pelosi,photo,correct,minority leader of house,2
mturk,pelosi,photo,correct,minority speaker of the house,2
mturk,pelosi,photo,correct,us house minority leader,2
mturk,pelosi,name,correct,"ca representative, house minority leader",1
mturk,pelosi,name,correct,california congresswoman - leader of dems iin house,1
mturk,pelosi,name,correct,california crybaby minority leader house of rep,1
mturk,pelosi,name,correct,california leader of the house of representatives,1
mturk,pelosi,name,correct,congressperson of california/minority leader,1
mturk,pelosi,name,correct,congresswoman/house minority leader,1
mturk,pelosi,name,correct,dem house leader from california,1
mturk,pelosi,name,correct,"democrat, minority leader of the house of representatives.",1
mturk,pelosi,name,correct,democratic leader of the u.s. house,1
mturk,pelosi,name,correct,former minority leader us house of representatives,1
mturk,pelosi,name,correct,hor minority leader,1
mturk,pelosi,name,correct,house dem leader,1
mturk,pelosi,name,correct,house minority leader (democrat),1
mturk,pelosi,name,correct,house minority leader from california,1
mturk,pelosi,name,correct,house minority leader--she won't go away,1
mturk,pelosi,name,correct,house minority leader/tool/imbecile,1
mturk,pelosi,name,correct,house minority leader?,1
mturk,pelosi,name,correct,house minrity leader,1
mturk,pelosi,name,correct,house of representative minority keader,1
mturk,pelosi,name,correct,house of representative minority leader,1
mturk,pelosi,name,correct,house of representatives minority leader.,1
mturk,pelosi,name,correct,house of reps minority leader,1
mturk,pelosi,name,correct,house rep leader,1
mturk,pelosi,name,correct,houseminority leader,1
mturk,pelosi,name,correct,leader of house of rep,1
mturk,pelosi,name,correct,leader of the house of representatives,1
mturk,pelosi,name,correct,mi ority leader of the u.s. house of representatves,1
mturk,pelosi,name,correct,minority congress leader,1
mturk,pelosi,name,correct,minority house,1
mturk,pelosi,name,correct,minority house leader,1
mturk,pelosi,name,correct,"minority leader in the house of representatives and she who said ""we have to pass the bill before we can know what's in it"" *facepalm*",1
mturk,pelosi,name,correct,minority leader in the house of reps.,1
mturk,pelosi,name,correct,minority leader in the u.s. house of representatives,1
mturk,pelosi,name,correct,minority leader of house,1
mturk,pelosi,name,correct,minority leader of the house - democrat,1
mturk,pelosi,name,correct,"minority leader of the house of representatives,",1
mturk,pelosi,name,correct,minority leader of the house of reps. democrat,1
mturk,pelosi,name,correct,minority leader of the house representative,1
mturk,pelosi,name,correct,"minority leader, hor",1
mturk,pelosi,name,correct,"minority leader, house of representative",1
mturk,pelosi,name,correct,minority speaker of house,1
mturk,pelosi,name,correct,minority speaker of the house,1
mturk,pelosi,name,correct,ranking member of the house democrats,1
mturk,pelosi,name,correct,representative (d) - (current or former) house minority leader,1
mturk,pelosi,name,correct,republican leader of the house,1
mturk,pelosi,name,correct,speaker of house minority leader,1
mturk,pelosi,name,correct,u.s. house minority leader,1
mturk,pelosi,name,correct,us minority leader house of representatives,1
mturk,pelosi,photo,correct,congress member/minority leader,1
mturk,pelosi,photo,correct,democrat leader for the congress,1
mturk,pelosi,photo,correct,democratic house leader,1
mturk,pelosi,photo,correct,e minority leader of the house of representatives,1
mturk,pelosi,photo,correct,head crazy woman minority house leader,1
mturk,pelosi,photo,correct,house democratic leader nancy pelosi,1
mturk,pelosi,photo,correct,house democratic leader.,1
mturk,pelosi,photo,correct,house democratic minority leader (and former speaker of the house),1
mturk,pelosi,photo,correct,house minoirty leader,1
mturk,pelosi,photo,correct,house minority ldr,1
mturk,pelosi,photo,correct,house minority leader (and former speaker),1
mturk,pelosi,photo,correct,house minority leader (d),1
mturk,pelosi,photo,correct,house minority leader (democrat),1
mturk,pelosi,photo,correct,house minority leader pelosi,1
mturk,pelosi,photo,correct,leader of democrat opposition in us house of representatives,1
mturk,pelosi,photo,correct,leader of house democrats.,1
mturk,pelosi,photo,correct,minority house leader.,1
mturk,pelosi,photo,correct,minority leader - us house of representatives,1
mturk,pelosi,photo,correct,minority leader house of representatives,1
mturk,pelosi,photo,correct,minority leader in congress,1
mturk,pelosi,photo,correct,minority leader in house,1
mturk,pelosi,photo,correct,minority leader in house of reps,1
mturk,pelosi,photo,correct,minority leader of house of rep.,1
mturk,pelosi,photo,correct,minority leader of house of representatives,1
mturk,pelosi,photo,correct,"minority leader of the house of representatives,",1
mturk,pelosi,photo,correct,minority leader of the house of reps.,1
mturk,pelosi,photo,correct,minority leader of the house of us congress,1
mturk,pelosi,photo,correct,minority leader of the united states house of representatives,1
mturk,pelosi,photo,correct,minority leader of the us house of representatives,1
mturk,pelosi,photo,correct,minority leader of the usa house of representatives,1
mturk,pelosi,photo,correct,"minority leader, house",1
mturk,pelosi,photo,correct,"minority leader, us house of representatives",1
mturk,pelosi,photo,correct,minority speaker of house,1
mturk,pelosi,photo,correct,minorty leader in congress,1
mturk,pelosi,photo,correct,nancy pelosi - house minority leader - needs to dial back the plastic surgery - she's been looking kinda scary lately,1
mturk,pelosi,photo,correct,nancy pelosi minority leader of house of representatives,1
mturk,pelosi,photo,correct,"nancy pelosi, dem head of minority house of representatives",1
mturk,pelosi,photo,correct,"nancy pelosi, democratic minority leader in house of rep.",1
mturk,pelosi,photo,correct,pelosi house minority leader,1
mturk,pelosi,photo,correct,"pelosi i think, so minority leader in house.",1
mturk,pelosi,photo,correct,"pelosi, minority speaker of house",1
mturk,pelosi,photo,correct,"senate minority leader, house.",1
mturk,pelosi,photo,correct,u.s. house minority leader,1
mturk,pelosi,photo,correct,u.s. house of representatives minority leader,1
mturk,pelosi,photo,correct,us house of rep minority leader,1
mturk,pelosi,photo,dk,,154
mturk,pelosi,name,dk,,123
mturk,pelosi,photo,dk,don't know,16
mturk,pelosi,photo,dk,i don't know,9
mturk,pelosi,photo,dk,dont know,8
mturk,pelosi,name,dk,don't know,5
mturk,pelosi,name,dk,i don't know,4
mturk,pelosi,photo,dk,i dont know,4
mturk,pelosi,name,dk,dont know,3
mturk,pelosi,name,dk,i dont know,2
mturk,pelosi,name,dk,idk,2
mturk,pelosi,photo,dk,idk,2
mturk,pelosi,photo,dk,no idea,2
mturk,pelosi,photo,dk,not sure,2
mturk,pelosi,name,dk,i don't know what her title is theses days,1
mturk,pelosi,name,dk,na,1
mturk,pelosi,name,dk,not sure,1
mturk,pelosi,name,dk,not sure what post she holds presently,1
mturk,pelosi,photo,dk,can't remember the committee,1
mturk,pelosi,photo,dk,cannot remember,1
mturk,pelosi,photo,dk,"i know it's nancy pelosi, i don't know her current position",1
mturk,pelosi,photo,dk,know who she is but can't recall exact position,1
mturk,pelosi,photo,dk,looks familiar but not sure,1
mturk,pelosi,photo,dk,n/a,1
mturk,pelosi,photo,dk,nancy someone but can't remember position,1
mturk,pelosi,photo,dk,no clue...,1
mturk,pelosi,photo,dk,this is nancy pelosi but i don't know what position she holds.,1
mturk,pelosi,photo,incorrect,senate minority leader,19
mturk,pelosi,name,incorrect,senator,16
mturk,pelosi,photo,incorrect,senator,12
mturk,pelosi,name,incorrect,senate minority leader,11
mturk,pelosi,name,incorrect,democratic senator,7
mturk,pelosi,photo,incorrect,nancy pelosi,7
mturk,pelosi,name,incorrect,democrat,6
mturk,pelosi,name,incorrect,democrat senator,4
mturk,pelosi,name,incorrect,democratic leader,4
mturk,pelosi,name,incorrect,democratic majority leader,3
mturk,pelosi,name,incorrect,democratic party leader,3
mturk,pelosi,photo,incorrect,secretary of education,3
mturk,pelosi,name,incorrect,politician,2
mturk,pelosi,name,incorrect,secretary of state,2
mturk,pelosi,name,incorrect,senetor,2
mturk,pelosi,name,incorrect,supreme court justice,2
mturk,pelosi,photo,incorrect,minority whip,2
mturk,pelosi,photo,incorrect,nancy peloci,2
mturk,pelosi,photo,incorrect,politician,2
mturk,pelosi,photo,incorrect,senate,2
mturk,pelosi,name,incorrect,5,1
mturk,pelosi,name,incorrect,6,1
mturk,pelosi,name,incorrect,"another democratic leader, she's head of the democratic party.",1
mturk,pelosi,name,incorrect,california senator,1
mturk,pelosi,name,incorrect,chair person,1
mturk,pelosi,name,incorrect,cheif,1
mturk,pelosi,name,incorrect,chief justice,1
mturk,pelosi,name,incorrect,cunt,1
mturk,pelosi,name,incorrect,d - senator,1
mturk,pelosi,name,incorrect,dem leader,1
mturk,pelosi,name,incorrect,demcratic nut job senator,1
mturk,pelosi,name,incorrect,demicratic senate majority leader,1
mturk,pelosi,name,incorrect,democrat - leader,1
mturk,pelosi,name,incorrect,democrat from california,1
mturk,pelosi,name,incorrect,democrat lady,1
mturk,pelosi,name,incorrect,democrat politican and village idiot,1
mturk,pelosi,name,incorrect,democrat senator from california,1
mturk,pelosi,name,incorrect,democratic chair,1
mturk,pelosi,name,incorrect,democratic minority senate leader,1
mturk,pelosi,name,incorrect,democratic party person,1
mturk,pelosi,name,incorrect,democratic senate leader and former senate majority leader,1
mturk,pelosi,name,incorrect,democratic whip,1
mturk,pelosi,name,incorrect,don;t know,1
mturk,pelosi,name,incorrect,dumb cunt,1
mturk,pelosi,name,incorrect,former senate democrat leader,1
mturk,pelosi,name,incorrect,former senate minority leader,1
mturk,pelosi,name,incorrect,frankenstein's monster,1
mturk,pelosi,name,incorrect,head of education,1
mturk,pelosi,name,incorrect,in charge of education,1
mturk,pelosi,name,incorrect,in the senate,1
mturk,pelosi,name,incorrect,just one step below putin. but works in the us.,1
mturk,pelosi,name,incorrect,liberal,1
mturk,pelosi,name,incorrect,minority democratic leader,1
mturk,pelosi,name,incorrect,minority leader of senate,1
mturk,pelosi,name,incorrect,minority leader of us senate,1
mturk,pelosi,name,incorrect,minority party leader (dem),1
mturk,pelosi,name,incorrect,minority senate leader,1
mturk,pelosi,name,incorrect,minority whip,1
mturk,pelosi,name,incorrect,mlohor,1
mturk,pelosi,name,incorrect,never heard of her,1
mturk,pelosi,name,incorrect,news anchor,1
mturk,pelosi,name,incorrect,"oh, highest-ranking dem, currently?",1
mturk,pelosi,name,incorrect,politican,1
mturk,pelosi,name,incorrect,politics,1
mturk,pelosi,name,incorrect,secretary,1
mturk,pelosi,name,incorrect,senate,1
mturk,pelosi,name,incorrect,senate minor leader,1
mturk,pelosi,name,incorrect,senate minority,1
mturk,pelosi,name,incorrect,senate minority leader (?),1
mturk,pelosi,name,incorrect,senate minority speaker,1
mturk,pelosi,name,incorrect,senator from california,1
mturk,pelosi,name,incorrect,senator from san francisco,1
mturk,pelosi,name,incorrect,senator?,1
mturk,pelosi,name,incorrect,she had a position in goverment under obama,1
mturk,pelosi,name,incorrect,some idiot democrat,1
mturk,pelosi,name,incorrect,something to do with trump,1
mturk,pelosi,name,incorrect,supporter of emissions reform,1
mturk,pelosi,name,incorrect,supreme court justice?,1
mturk,pelosi,name,incorrect,"us politician, unknown position",1
mturk,pelosi,name,incorrect,us senate,1
mturk,pelosi,name,incorrect,vice president,1
mturk,pelosi,name,incorrect,walking prochoice advertisement,1
mturk,pelosi,photo,incorrect,bitch from hell,1
mturk,pelosi,photo,incorrect,california senator,1
mturk,pelosi,photo,incorrect,crappy peson,1
mturk,pelosi,photo,incorrect,crazy pelosi,1
mturk,pelosi,photo,incorrect,democrat chair holder in the senate,1
mturk,pelosi,photo,incorrect,democrat leader,1
mturk,pelosi,photo,incorrect,democrat majority leader,1
mturk,pelosi,photo,incorrect,democrat nancy pelosi,1
mturk,pelosi,photo,incorrect,"democrat senator from ca, career thief, one of (((them)))",1
mturk,pelosi,photo,incorrect,democratic majority leader,1
mturk,pelosi,photo,incorrect,democratic majority leader in the senate,1
mturk,pelosi,photo,incorrect,democratic party,1
mturk,pelosi,photo,incorrect,democratic politician,1
mturk,pelosi,photo,incorrect,democratic senator,1
mturk,pelosi,photo,incorrect,dept of education ??,1
mturk,pelosi,photo,incorrect,don' know,1
mturk,pelosi,photo,incorrect,don't lknow,1
mturk,pelosi,photo,incorrect,"don,t know",1
mturk,pelosi,photo,incorrect,education director,1
mturk,pelosi,photo,incorrect,healthcare,1
mturk,pelosi,photo,incorrect,hilary clinton,1
mturk,pelosi,photo,incorrect,johny,1
mturk,pelosi,photo,incorrect,judge,1
mturk,pelosi,photo,incorrect,lawyer,1
mturk,pelosi,photo,incorrect,leader of the democratic party,1
mturk,pelosi,photo,incorrect,liberal,1
mturk,pelosi,photo,incorrect,minority leader of the senate,1
mturk,pelosi,photo,incorrect,minority senate leader,1
mturk,pelosi,photo,incorrect,minority whip?,1
mturk,pelosi,photo,incorrect,minory leader in the senate,1
mturk,pelosi,photo,incorrect,"nancy pelosi ""you ahve to pass the bill to see what's in it"" goofball exgtraordinaire who is visiting a land called senility.",1
mturk,pelosi,photo,incorrect,nancy pelosi i think?,1
mturk,pelosi,photo,incorrect,nancy pelosi j,1
mturk,pelosi,photo,incorrect,"nancy pelosi, democrat",1
mturk,pelosi,photo,incorrect,"nancy pelosi, us senator (as evil as they come)",1
mturk,pelosi,photo,incorrect,nancy pelosi-democratic leader in the senate,1
mturk,pelosi,photo,incorrect,nancy pelosi-illuminati,1
mturk,pelosi,photo,incorrect,nancy pelosi/ca senator,1
mturk,pelosi,photo,incorrect,nancy pelosit california senetor,1
mturk,pelosi,photo,incorrect,"nancy peolosi, of the democratic party",1
mturk,pelosi,photo,incorrect,nancy polocy,1
mturk,pelosi,photo,incorrect,nancy polossi,1
mturk,pelosi,photo,incorrect,nancy regosi,1
mturk,pelosi,photo,incorrect,pelosi,1
mturk,pelosi,photo,incorrect,political,1
mturk,pelosi,photo,incorrect,reprisentative,1
mturk,pelosi,photo,incorrect,secretary,1
mturk,pelosi,photo,incorrect,secretary of education?,1
mturk,pelosi,photo,incorrect,secretary of state,1
mturk,pelosi,photo,incorrect,"secretary of state,",1
mturk,pelosi,photo,incorrect,senate leader,1
mturk,pelosi,photo,incorrect,"senate leader, democratic side.",1
mturk,pelosi,photo,incorrect,senator for california,1
mturk,pelosi,photo,incorrect,senator from california,1
mturk,pelosi,photo,incorrect,sentate minority leader,1
mturk,pelosi,photo,incorrect,she wants a path to citizenship and to restrict carbon emissions,1
mturk,pelosi,photo,incorrect,some democrat that hates everything,1
mturk,pelosi,photo,incorrect,supreme court justice,1
mturk,pelosi,photo,incorrect,that crazy chick from california,1
mturk,pelosi,photo,incorrect,traitor to the united states,1
mturk,pelosi,photo,incorrect,troublemaker,1
mturk,pelosi,photo,incorrect,us senator,1
mturk,pelosi,name,partial,minority leader,18
mturk,pelosi,photo,partial,minority leader,11
mturk,pelosi,name,partial,speaker of the house,10
mturk,pelosi,photo,partial,speaker of the house,9
mturk,pelosi,name,partial,former speaker of the house,8
mturk,pelosi,name,partial,congresswoman,7
mturk,pelosi,name,partial,congress,6
mturk,pelosi,photo,partial,congresswoman,6
mturk,pelosi,name,partial,house speaker,5
mturk,pelosi,name,partial,house of representatives,4
mturk,pelosi,photo,partial,representative,4
mturk,pelosi,photo,partial,speaker,4
mturk,pelosi,name,partial,democratic minority leader,3
mturk,pelosi,name,partial,representative,3
mturk,pelosi,photo,partial,congress,3
mturk,pelosi,photo,partial,house speaker,3
mturk,pelosi,name,partial,democratic representative,2
mturk,pelosi,name,partial,former speaker of the house of representatives,2
mturk,pelosi,name,partial,house of reps,2
mturk,pelosi,name,partial,speaker of house,2
mturk,pelosi,name,partial,speaker of the house of representatives,2
mturk,pelosi,photo,partial,former speaker of the house,2
mturk,pelosi,photo,partial,house majority leader,2
mturk,pelosi,name,partial,"ca representative, minority leader",1
mturk,pelosi,name,partial,congressional democrat (house majority leader),1
mturk,pelosi,name,partial,congresswoman (senator?),1
mturk,pelosi,name,partial,dem. speaker of the house,1
mturk,pelosi,name,partial,democrat chair of house,1
mturk,pelosi,name,partial,democrat minority leader,1
mturk,pelosi,name,partial,democrat representative leader,1
mturk,pelosi,name,partial,democrat speaker,1
mturk,pelosi,name,partial,democrat speaker of the house,1
mturk,pelosi,name,partial,"democrat, former speaker of the house",1
mturk,pelosi,name,partial,democratic congressional representative,1
mturk,pelosi,name,partial,democratic congresswoman,1
mturk,pelosi,name,partial,"democratic congresswoman, former speaker of house",1
mturk,pelosi,name,partial,"democratic member of the house of representatives, and all-around idiot.",1
mturk,pelosi,name,partial,"democratic minority leader, not really sure of the exact title",1
mturk,pelosi,name,partial,democratic speaker,1
mturk,pelosi,name,partial,democratic speaker of the house,1
mturk,pelosi,name,partial,ex-speaker of the house,1
mturk,pelosi,name,partial,formar speaker of the house,1
mturk,pelosi,name,partial,former speaker of house,1
mturk,pelosi,name,partial,former speaker of the house from california,1
mturk,pelosi,name,partial,head of democrats house,1
mturk,pelosi,name,partial,head of house of representitives,1
mturk,pelosi,name,partial,house espeaker,1
mturk,pelosi,name,partial,house majority leader,1
mturk,pelosi,name,partial,house of representative,1
mturk,pelosi,name,partial,house of representatives member,1
mturk,pelosi,name,partial,i think she speaks for the democrats in congress,1
mturk,pelosi,name,partial,in the house of representatives,1
mturk,pelosi,name,partial,majority leader of congress,1
mturk,pelosi,name,partial,member of house of representatives,1
mturk,pelosi,name,partial,member of the house of representatives,1
mturk,pelosi,name,partial,minority leader (democrat),1
mturk,pelosi,name,partial,minority leader (i think),1
mturk,pelosi,name,partial,minority leader in ca,1
mturk,pelosi,name,partial,minority leader in democrat,1
mturk,pelosi,name,partial,"minority leader, democrat representative",1
mturk,pelosi,name,partial,minority speaker,1
mturk,pelosi,name,partial,previous speaker of the house,1
mturk,pelosi,name,partial,secretary in the white house,1
mturk,pelosi,name,partial,speaker for the democratic party,1
mturk,pelosi,name,partial,speaker of the hosue,1
mturk,pelosi,name,partial,speaker of the house for the democrats,1
mturk,pelosi,name,partial,speaker of the house of reps.,1
mturk,pelosi,name,partial,speaker of the house?,1
mturk,pelosi,name,partial,speaker of us representatives,1
mturk,pelosi,name,partial,us congresswoman with dementia,1
mturk,pelosi,name,partial,us representative - democrat,1
mturk,pelosi,name,partial,used to be the speaking of the house,1
mturk,pelosi,name,partial,was speaker of the house under obama,1
mturk,pelosi,name,partial,"worst congressthing ever, california",1
mturk,pelosi,photo,partial,congress woman,1
mturk,pelosi,photo,partial,congressional democrat,1
mturk,pelosi,photo,partial,congressman,1
mturk,pelosi,photo,partial,democrat minority leader,1
mturk,pelosi,photo,partial,democrat speaker nancy polosi,1
mturk,pelosi,photo,partial,democratic congress person,1
mturk,pelosi,photo,partial,democratic speaker,1
mturk,pelosi,photo,partial,former speaker of the house of representatives,1
mturk,pelosi,photo,partial,frmr house speaker,1
mturk,pelosi,photo,partial,house minority whip,1
mturk,pelosi,photo,partial,house of representatives,1
mturk,pelosi,photo,partial,house of representives,1
mturk,pelosi,photo,partial,house person,1
mturk,pelosi,photo,partial,house representative from california,1
mturk,pelosi,photo,partial,member of the house,1
mturk,pelosi,photo,partial,minority leader nancy pelosi,1
mturk,pelosi,photo,partial,minority speaker,1
mturk,pelosi,photo,partial,minorty speaker,1
mturk,pelosi,photo,partial,nancy peloisi rep minority leader,1
mturk,pelosi,photo,partial,nancy pelosi former speaker of the house,1
mturk,pelosi,photo,partial,nancy pelosi is the speaker of the house (democratic,1
mturk,pelosi,photo,partial,nancy pelosi/minority leader,1
mturk,pelosi,photo,partial,nansi pelosi dem speaker,1
mturk,pelosi,photo,partial,opposition speaker,1
mturk,pelosi,photo,partial,speaker for minority party,1
mturk,pelosi,photo,partial,speaker of house,1
mturk,pelosi,photo,partial,speaker of the house pelosi,1
mturk,pelosi,photo,partial,state representative (ma),1
mturk,pelosi,photo,partial,u.s. congress.,1
mturk,pelosi,photo,partial,us congresswoman,1
mturk,pelosi,photo,partial,was speaker of house,1
mturk,putin,name,correct,russian president,156
mturk,putin,photo,correct,president of russia,145
mturk,putin,name,correct,president of russia,123
mturk,putin,photo,correct,russian president,74
mturk,putin,name,correct,leader of russia,36
mturk,putin,photo,correct,leader of russia,26
mturk,putin,name,correct,russian leader,25
mturk,putin,name,correct,russian dictator,9
mturk,putin,photo,correct,head of russia,8
mturk,putin,name,correct,head of russia,6
mturk,putin,photo,correct,russian leader,6
mturk,putin,name,correct,russia president,5
mturk,putin,photo,correct,president russia,5
mturk,putin,name,correct,president of the russian federation,4
mturk,putin,name,correct,russia's president,4
mturk,putin,photo,correct,russia president,4
mturk,putin,name,correct,president russia,3
mturk,putin,photo,correct,russia's president,3
mturk,putin,photo,correct,russian dictator,3
mturk,putin,name,correct,president of russian federation,2
mturk,putin,name,correct,russia's leader,2
mturk,putin,name,correct,russin president,2
mturk,putin,photo,correct,president of russia.,2
mturk,putin,photo,correct,president of russian federation,2
mturk,putin,photo,correct,president of the russian federation,2
mturk,putin,photo,correct,putin - leader of russia,2
mturk,putin,photo,correct,putin leader of russia,2
mturk,putin,photo,correct,"putin, president of russia",2
mturk,putin,photo,correct,russian president putin,2
mturk,putin,name,correct,"""president"" of russia",1
mturk,putin,name,correct,dictator of russia,1
mturk,putin,name,correct,"evil dictator, russia",1
mturk,putin,name,correct,evil russian leader,1
mturk,putin,name,correct,former kgb agent who leads russia,1
mturk,putin,name,correct,he is president of russia,1
mturk,putin,name,correct,he's the leader of russia,1
mturk,putin,name,correct,he's the russian leader,1
mturk,putin,name,correct,head of russian,1
mturk,putin,name,correct,head or russia,1
mturk,putin,name,correct,in charge of russia,1
mturk,putin,name,correct,old russion president,1
mturk,putin,name,correct,overlord of russia,1
mturk,putin,name,correct,political head of state in russia,1
mturk,putin,name,correct,preesident of russia,1
mturk,putin,name,correct,preisent of russia,1
mturk,putin,name,correct,pres. of russia,1
mturk,putin,name,correct,president (or is it prime minister) russia,1
mturk,putin,name,correct,president (or leader) of russia,1
mturk,putin,name,correct,president -russia,1
mturk,putin,name,correct,president of russia - puppetmaster of donald trump,1
mturk,putin,name,correct,president of russia and supreme leader,1
mturk,putin,name,correct,president of russian,1
mturk,putin,name,correct,president of russian federatino,1
mturk,putin,name,correct,president of the russia,1
mturk,putin,name,correct,"president of the russian federation,",1
mturk,putin,name,correct,president/leader of russia,1
mturk,putin,name,correct,president/prime minister and all around jagoff of russia,1
mturk,putin,name,correct,president/prime minister of russia,1
mturk,putin,name,correct,ruler of russia,1
mturk,putin,name,correct,rusian president,1
mturk,putin,name,correct,russia chief.,1
mturk,putin,name,correct,russia leader,1
mturk,putin,name,correct,russia presdent,1
mturk,putin,name,correct,russia prez.,1
mturk,putin,name,correct,russia primier president,1
mturk,putin,name,correct,russia's dictator,1
mturk,putin,name,correct,russia's pres,1
mturk,putin,name,correct,"russian ""president""",1
mturk,putin,name,correct,russian autocrat,1
mturk,putin,name,correct,russian czar,1
mturk,putin,name,correct,russian dick head,1
mturk,putin,name,correct,russian leader (president),1
mturk,putin,name,correct,russian leader/ dictator?,1
mturk,putin,name,correct,russian leader/dictator,1
mturk,putin,name,correct,russian oligarch and presidont,1
mturk,putin,name,correct,russian overlord,1
mturk,putin,name,correct,russian president or premier,1
mturk,putin,name,correct,russian president(dictator more like it),1
mturk,putin,name,correct,russian president.,1
mturk,putin,name,correct,russian president/czar/leader,1
mturk,putin,name,correct,russian presidents,1
mturk,putin,name,correct,russian presifdent,1
mturk,putin,name,correct,russian prez,1
mturk,putin,name,correct,russian ruler,1
mturk,putin,name,correct,russioan president,1
mturk,putin,name,correct,russion president,1
mturk,putin,name,correct,supreme overlord of russia,1
mturk,putin,name,correct,the head creep of russia,1
mturk,putin,photo,correct,"""president"" of russia",1
mturk,putin,photo,correct,"criminal, i mean, president of russia",1
mturk,putin,photo,correct,dictator (prime minister?) of russia,1
mturk,putin,photo,correct,dictator of russia,1
mturk,putin,photo,correct,dictator on russia,1
mturk,putin,photo,correct,emperor of russia,1
mturk,putin,photo,correct,neo-fascist dictator of russia and puppermaster of traitor trump,1
mturk,putin,photo,correct,preisdent of russia,1
mturk,putin,photo,correct,president (or whatever) of russia,1
mturk,putin,photo,correct,president of russia - vladimir putin,1
mturk,putin,photo,correct,president of russia i think,1
mturk,putin,photo,correct,"president of russia, and wannabe czar",1
mturk,putin,photo,correct,president of russia?,1
mturk,putin,photo,correct,president of russia? i think this is putin but i'm not sure,1
mturk,putin,photo,correct,president of ruussia,1
mturk,putin,photo,correct,president ot russia,1
mturk,putin,photo,correct,president/dictator of russia,1
mturk,putin,photo,correct,prime minister or president of russia,1
mturk,putin,photo,correct,putin russian leader pm,1
mturk,putin,photo,correct,putin russian president,1
mturk,putin,photo,correct,"putin, president of russia and donald trump's friend.",1
mturk,putin,photo,correct,"putin, russian leader",1
mturk,putin,photo,correct,putin/pres. of russia,1
mturk,putin,photo,correct,ruler of russia,1
mturk,putin,photo,correct,rusian president,1
mturk,putin,photo,correct,russain prez,1
mturk,putin,photo,correct,russian leader (president),1
mturk,putin,photo,correct,russian overlord,1
mturk,putin,photo,correct,russian presedant putin,1
mturk,putin,photo,correct,russian presedent,1
mturk,putin,photo,correct,russian presidant,1
mturk,putin,photo,correct,russian president and pretty much world puppet master with his useful idiots in the us government and eastern bloc states.,1
mturk,putin,photo,correct,russian president vladimir putin,1
mturk,putin,photo,correct,russian president vladmir putin,1
mturk,putin,photo,correct,"russian president, vlad putin",1
mturk,putin,photo,correct,russian president/trumps bff,1
mturk,putin,photo,correct,russier leader,1
mturk,putin,photo,correct,supposedly president of russia,1
mturk,putin,photo,correct,supreme ruler of russia.,1
mturk,putin,photo,correct,"trump's partner....i mean, he leads russia with an iron boot.",1
mturk,putin,photo,correct,valdimer putin leader of russia,1
mturk,putin,photo,correct,vlad putin pres of russia,1
mturk,putin,photo,correct,vladimir putin - russian head honcho and guy who likes to ride horses with his shirt off,1
mturk,putin,photo,correct,vladimir putin is the president of russia,1
mturk,putin,photo,correct,vladimir putin russian president,1
mturk,putin,photo,correct,"vladimir putin, political leader of russia (i do not know his precise political title, but quasi-dictator is a fitting one)",1
mturk,putin,photo,correct,"vladimir putin, president russia",1
mturk,putin,photo,correct,vladimir putin-leader of russia,1
mturk,putin,photo,dk,,51
mturk,putin,name,dk,,26
mturk,putin,photo,dk,don't know,7
mturk,putin,photo,dk,dont know,6
mturk,putin,name,dk,don't know,2
mturk,putin,photo,dk,i don't know,2
mturk,putin,name,dk,dont know,1
mturk,putin,name,dk,na,1
mturk,putin,photo,dk,i dont know,1
mturk,putin,photo,dk,idk,1
mturk,putin,photo,dk,know who he is but can't recall exact position,1
mturk,putin,photo,dk,not sure,1
mturk,putin,photo,incorrect,president,12
mturk,putin,photo,incorrect,putin,6
mturk,putin,name,incorrect,president,5
mturk,putin,photo,incorrect,vladmir putin,4
mturk,putin,name,incorrect,prime minister,3
mturk,putin,name,incorrect,dictator,2
mturk,putin,photo,incorrect,attorney general,2
mturk,putin,photo,incorrect,lawyer,2
mturk,putin,photo,incorrect,valdamir putin,2
mturk,putin,photo,incorrect,vice president,2
mturk,putin,photo,incorrect,vladamir putin,2
mturk,putin,photo,incorrect,vladimir putin,2
mturk,putin,name,incorrect,3,1
mturk,putin,name,incorrect,6,1
mturk,putin,name,incorrect,ambassador,1
mturk,putin,name,incorrect,communist,1
mturk,putin,name,incorrect,evil dictator,1
mturk,putin,name,incorrect,germany leader,1
mturk,putin,name,incorrect,hard liner,1
mturk,putin,name,incorrect,i think a governor,1
mturk,putin,name,incorrect,leader,1
mturk,putin,name,incorrect,politics,1
mturk,putin,name,incorrect,prime minister/dictator,1
mturk,putin,name,incorrect,ruler,1
mturk,putin,photo,incorrect,"""president""",1
mturk,putin,photo,incorrect,congress,1
mturk,putin,photo,incorrect,corporate exec,1
mturk,putin,photo,incorrect,dictator,1
mturk,putin,photo,incorrect,dictatorial,1
mturk,putin,photo,incorrect,"don,t know",1
mturk,putin,photo,incorrect,hadge,1
mturk,putin,photo,incorrect,movie star,1
mturk,putin,photo,incorrect,politician,1
mturk,putin,photo,incorrect,preident,1
mturk,putin,photo,incorrect,prime minister,1
mturk,putin,photo,incorrect,putan,1
mturk,putin,photo,incorrect,puttin,1
mturk,putin,photo,incorrect,sales,1
mturk,putin,photo,incorrect,senator,1
mturk,putin,photo,incorrect,speaker of the house.,1
mturk,putin,photo,incorrect,spicer?,1
mturk,putin,photo,incorrect,trump's boss.,1
mturk,putin,photo,incorrect,trump's puppeteer,1
mturk,putin,photo,incorrect,vladamir putin (thanks snl),1
mturk,putin,photo,incorrect,vp,1
mturk,putin,photo,incorrect,vp of the us,1
mturk,putin,name,partial,russian prime minister,14
mturk,putin,photo,partial,prime minister of russia,11
mturk,putin,name,partial,prime minister of russia,7
mturk,putin,name,partial,russia,7
mturk,putin,photo,partial,russian prime minister,7
mturk,putin,name,partial,russia's prime minister,4
mturk,putin,photo,partial,russian premier,4
mturk,putin,name,partial,pm of russia,3
mturk,putin,photo,partial,premier of russia,3
mturk,putin,name,partial,russian,2
mturk,putin,name,partial,russian ambassador,2
mturk,putin,name,partial,russian pm,2
mturk,putin,name,partial,russian politician,2
mturk,putin,photo,partial,pm of russia,2
mturk,putin,photo,partial,putin/russia,2
mturk,putin,photo,partial,russia,2
mturk,putin,name,partial,head of the russian federation (prime minister),1
mturk,putin,name,partial,pm russia,1
mturk,putin,name,partial,premier of russia,1
mturk,putin,name,partial,president of ussr,1
mturk,putin,name,partial,prime minister in russia,1
mturk,putin,name,partial,prime minister russia.,1
mturk,putin,name,partial,prime minter of russia,1
mturk,putin,name,partial,russia' primeminister,1
mturk,putin,name,partial,russian bastard,1
mturk,putin,name,partial,russian chancelor,1
mturk,putin,name,partial,russian guy,1
mturk,putin,name,partial,russian prime minsiter,1
mturk,putin,name,partial,russion prime minister,1
mturk,putin,photo,partial,"he's pro-russia, but i don't know his exact positions (other than squashing dissent)",1
mturk,putin,photo,partial,president or main leader of soviet union,1
mturk,putin,photo,partial,puti russia pm,1
mturk,putin,photo,partial,putin - russia,1
mturk,putin,photo,partial,putin of russia,1
mturk,putin,photo,partial,"putin, russia",1
mturk,putin,photo,partial,"putin, russian",1
mturk,putin,photo,partial,putin- russian governor,1
mturk,putin,photo,partial,russia pm,1
mturk,putin,photo,partial,russia prime minister,1
mturk,putin,photo,partial,russian,1
mturk,putin,photo,partial,russian dude,1
mturk,putin,photo,partial,"russian oligarch, i mean prime minister",1
mturk,putin,photo,partial,russian p.m.,1
mturk,putin,photo,partial,russian pm,1
mturk,putin,photo,partial,russian premiere,1
mturk,putin,photo,partial,russian prime minister.,1
mturk,putin,photo,partial,russian putin,1
mturk,putin,photo,partial,russiaqn prime minister,1
mturk,putin,photo,partial,soviet leader,1
mturk,putin,photo,partial,ussr leader,1
mturk,putin,photo,partial,"vladimir putin, russia",1
alumni,reid,name,correct,senate majority leader,40
staff,reid,name,correct,senate majority leader,20
alumni,reid,photo,correct,senate majority leader,18
staff,reid,photo,correct,senate majority leader,10
alumni,reid,name,correct,us senate majority leader,4
alumni,reid,name,correct,majority leader of the senate,2
alumni,reid,name,correct,"majority leader, u.s. senate",2
alumni,reid,name,correct,senate leader,2
alumni,reid,name,correct,"senator, majority leader",2
alumni,reid,photo,correct,senate leader,2
alumni,reid,photo,correct,us senate majority leader,2
alumni,reid,name,correct,d senate leader,1
alumni,reid,name,correct,dem majority leader us senate,1
alumni,reid,name,correct,democratic leader of the senate,1
alumni,reid,name,correct,"democratic majority leader, senate",1
alumni,reid,name,correct,democratic senator - senate leader,1
alumni,reid,name,correct,head of senate,1
alumni,reid,name,correct,"majority head, us senate",1
alumni,reid,name,correct,majority leader in senate,1
alumni,reid,name,correct,majority leader in the senate,1
alumni,reid,name,correct,majority leader senate,1
alumni,reid,name,correct,"majority leader, senate (nev) d",1
alumni,reid,name,correct,"nebraska senator, dem. leader",1
alumni,reid,name,correct,"nevada senator, sente majority leader",1
alumni,reid,name,correct,"nv senator, majority leader",1
alumni,reid,name,correct,senate democratic leader,1
alumni,reid,name,correct,senate majority chief,1
alumni,reid,name,correct,senate majority leader (d-nevada),1
alumni,reid,name,correct,senate majority leader (d-nv),1
alumni,reid,name,correct,senate majority leader (dem),1
alumni,reid,name,correct,"senate majority leader, senator from nevada",1
alumni,reid,name,correct,senate majority leder,1
alumni,reid,name,correct,senate republican majority leader,1
alumni,reid,name,correct,senator - majority leader,1
alumni,reid,name,correct,senator from nevada and senate majority leader,1
alumni,reid,name,correct,senator majority leader (d- nv),1
alumni,reid,name,correct,us senator from nevada--majority leader with re-election in jepordy,1
alumni,reid,photo,correct,"harry reed, senate majority leader",1
alumni,reid,photo,correct,leader - u.s. senate,1
alumni,reid,photo,correct,majority leader of the us senate,1
alumni,reid,photo,correct,senate leader reid,1
alumni,reid,photo,correct,"senate majority leader (harry reid, d-nv)",1
alumni,reid,photo,correct,"senate majority leader, sen-nv",1
alumni,reid,photo,correct,"senator from nevada, house majority leader",1
alumni,reid,photo,correct,u.s. senator (senate majority leader),1
staff,reid,name,correct,demacratic senate majority leader,1
staff,reid,name,correct,"democrat, senate majority leader",1
staff,reid,name,correct,democratic senator from nevada and senate majority leader,1
staff,reid,name,correct,former senate majority leader,1
staff,reid,name,correct,"majority leader, us senate",1
staff,reid,name,correct,senate majority leader. dem from nevada,1
staff,reid,name,correct,senator from nevada and majority leader of the senate,1
staff,reid,name,correct,"senator from nevada, majority leader of senate",1
staff,reid,name,correct,"senator of house, head of house",1
staff,reid,photo,correct,"harry reid- senator from nevada, majority leader",1
staff,reid,photo,correct,majority leader in the senate,1
staff,reid,photo,correct,"senate majority leader, harry reid",1
staff,reid,photo,correct,senate majority leader; nv senator,1
staff,reid,photo,correct,"senator from nevada, majority leader in senate",1
alumni,reid,photo,dk,,49
alumni,reid,name,dk,,40
staff,reid,photo,dk,,34
staff,reid,name,dk,,17
alumni,reid,photo,dk,no idea,4
staff,reid,photo,dk,don't know,2
alumni,reid,name,dk,didn't know (had to look it up),1
alumni,reid,name,dk,don't know (i live overseas),1
alumni,reid,name,dk,not sure,1
alumni,reid,photo,dk,dont know,1
alumni,reid,photo,dk,npr listener - no idea what people look like,1
staff,reid,name,dk,i don't know,1
staff,reid,name,dk,no idea,1
alumni,reid,photo,incorrect,congressman,6
alumni,reid,photo,incorrect,speaker of the house,5
alumni,reid,name,incorrect,house speaker,2
alumni,reid,name,incorrect,speaker of house,2
alumni,reid,name,incorrect,speaker of the house,2
alumni,reid,photo,incorrect,congress,2
alumni,reid,photo,incorrect,harry reid,2
staff,reid,photo,incorrect,unknown,2
alumni,reid,name,incorrect,baseball announcer,1
alumni,reid,name,incorrect,congressman,1
alumni,reid,name,incorrect,congressman from nevada,1
alumni,reid,name,incorrect,democratic house leader,1
alumni,reid,name,incorrect,house majority leader,1
alumni,reid,name,incorrect,house minority leader,1
alumni,reid,name,incorrect,journalist,1
alumni,reid,name,incorrect,legislator,1
alumni,reid,name,incorrect,"majority leader, house of representitives",1
alumni,reid,name,incorrect,minority leader,1
alumni,reid,name,incorrect,newsman,1
alumni,reid,name,incorrect,representant,1
alumni,reid,name,incorrect,"representative, not speaker but majority leader",1
alumni,reid,name,incorrect,speake of the house,1
alumni,reid,photo,incorrect,businessman,1
alumni,reid,photo,incorrect,columnist,1
alumni,reid,photo,incorrect,congressman?,1
alumni,reid,photo,incorrect,"harry reed, house speaker?",1
alumni,reid,photo,incorrect,herry reid legislator,1
alumni,reid,photo,incorrect,house majority leader,1
alumni,reid,photo,incorrect,majority whip,1
alumni,reid,photo,incorrect,member u.s. congress,1
alumni,reid,photo,incorrect,minority leader,1
alumni,reid,photo,incorrect,minority leader of the house,1
alumni,reid,photo,incorrect,newcaster,1
alumni,reid,photo,incorrect,news person,1
alumni,reid,photo,incorrect,newscaster,1
alumni,reid,photo,incorrect,newsreporter,1
alumni,reid,photo,incorrect,reid,1
alumni,reid,photo,incorrect,representative,1
alumni,reid,photo,incorrect,secretary of agriculture,1
alumni,reid,photo,incorrect,speaker of house,1
alumni,reid,photo,incorrect,us house speaker,1
alumni,reid,photo,incorrect,utah congressman,1
staff,reid,name,incorrect,assistant da,1
staff,reid,name,incorrect,congressman,1
staff,reid,name,incorrect,congressmand,1
staff,reid,name,incorrect,federal government,1
staff,reid,name,incorrect,finance officer,1
staff,reid,name,incorrect,leader of house,1
staff,reid,name,incorrect,legistrative branch,1
staff,reid,name,incorrect,majority leader of the house of representatives,1
staff,reid,name,incorrect,press secretary,1
staff,reid,name,incorrect,republican,1
staff,reid,name,incorrect,secretary of defense,1
staff,reid,name,incorrect,something financial?,1
staff,reid,name,incorrect,"speaker of house? liberal, hated by bill oreily",1
staff,reid,name,incorrect,unknown,1
staff,reid,name,incorrect,us congress leader,1
staff,reid,name,incorrect,us sec of defense,1
staff,reid,photo,incorrect,bob bray,1
staff,reid,photo,incorrect,congressman,1
staff,reid,photo,incorrect,government official,1
staff,reid,photo,incorrect,house majority leader harry reid,1
staff,reid,photo,incorrect,journalist?,1
staff,reid,photo,incorrect,member of u.s. house of representatives,1
staff,reid,photo,incorrect,minority speaker,1
staff,reid,photo,incorrect,political office,1
staff,reid,photo,incorrect,politician,1
staff,reid,photo,incorrect,republican house whip,1
staff,reid,photo,incorrect,republican politician,1
staff,reid,photo,incorrect,vice pres,1
staff,reid,photo,incorrect,washington or sacramento,1
staff,reid,photo,incorrect,washington politician (democrat),1
alumni,reid,photo,partial,senator,22
staff,reid,name,partial,senator,16
alumni,reid,name,partial,senator,9
staff,reid,photo,partial,senator,7
alumni,reid,name,partial,us senator,4
alumni,reid,photo,partial,us senator,3
staff,reid,name,partial,majority leader,3
staff,reid,name,partial,us senator,3
alumni,reid,name,partial,majority leader,2
alumni,reid,name,partial,nevada senator,2
alumni,reid,name,partial,us senator from nevada,2
staff,reid,name,partial,nevada senator,2
alumni,reid,name,partial,chairman of the senate,1
alumni,reid,name,partial,democratic senator,1
alumni,reid,name,partial,embattled senator,1
alumni,reid,name,partial,majority whip-- senate,1
alumni,reid,name,partial,nevada senator and minority leader,1
alumni,reid,name,partial,"republican senator, chairs important committee",1
alumni,reid,name,partial,senate chair,1
alumni,reid,name,partial,senate president,1
alumni,reid,name,partial,senator - usa,1
alumni,reid,name,partial,senator from idaho,1
alumni,reid,name,partial,senator from nevada,1
alumni,reid,name,partial,senator from nevada--may not be currently,1
alumni,reid,name,partial,senator from nv,1
alumni,reid,name,partial,senator or maybe rep,1
alumni,reid,name,partial,senator or representative,1
alumni,reid,name,partial,senator pro temp,1
alumni,reid,name,partial,senator us,1
alumni,reid,name,partial,"senator, nevada",1
alumni,reid,name,partial,"senator, nv",1
alumni,reid,name,partial,senator?,1
alumni,reid,name,partial,speaker of the senate,1
alumni,reid,name,partial,u. s. senate president pro tem,1
alumni,reid,name,partial,"us senate minority leader, republican from nevada",1
alumni,reid,name,partial,us senator nevada,1
alumni,reid,photo,partial,"harry reid, senator from nevada",1
alumni,reid,photo,partial,las vegas senator,1
alumni,reid,photo,partial,no idea. probably some member of the house or senate based on the background of the photo. no clue at all.,1
alumni,reid,photo,partial,orin hatch-senator,1
alumni,reid,photo,partial,senate minority whip,1
alumni,reid,photo,partial,senator - majority whip,1
alumni,reid,photo,partial,senator from utah,1
alumni,reid,photo,partial,senator harry reid (d-nev),1
alumni,reid,photo,partial,"senator harry reid, nevada",1
alumni,reid,photo,partial,u.s. senator?,1
staff,reid,name,partial,nevada us senator,1
staff,reid,name,partial,senate,1
staff,reid,name,partial,senator from nevada,1
staff,reid,name,partial,senator of nevada,1
staff,reid,name,partial,u.s. senator,1
staff,reid,photo,partial,"harry reid, senator",1
staff,reid,photo,partial,"harry reid, senator nevada (d)",1
staff,reid,photo,partial,majority leader in congress,1
staff,reid,photo,partial,"seantor, head of democratic party",1
staff,reid,photo,partial,senate,1
staff,reid,photo,partial,us senator,1
mturk,roberts,name,correct,chief justice,58
mturk,roberts,name,correct,chief justice of the supreme court,42
mturk,roberts,photo,correct,chief justice,22
mturk,roberts,photo,correct,chief justice of the supreme court,15
mturk,roberts,name,correct,chief justice of supreme court,13
mturk,roberts,name,correct,chief justice supreme court,13
mturk,roberts,name,correct,supreme court chief justice,9
mturk,roberts,photo,correct,chief justice of supreme court,7
mturk,roberts,name,correct,cheif justice,6
mturk,roberts,name,correct,chief supreme court justice,6
mturk,roberts,photo,correct,chief justice of the us supreme court,6
mturk,roberts,name,correct,chief justice of the us supreme court,5
mturk,roberts,name,correct,cheif justice supreme court,3
mturk,roberts,name,correct,chief justice scotus,3
mturk,roberts,name,correct,supreme court head,3
mturk,roberts,photo,correct,chief justice of us supreme court,3
mturk,roberts,photo,correct,supreme court chief justice,3
mturk,roberts,name,correct,chief justice of scotus,2
mturk,roberts,name,correct,chief justice of the united states,2
mturk,roberts,name,correct,chief justice of us,2
mturk,roberts,name,correct,chief justice of us supreme court,2
mturk,roberts,name,correct,"chief justice, scotus",2
mturk,roberts,name,correct,head of supreme court,2
mturk,roberts,photo,correct,chief justice of the united states,2
mturk,roberts,photo,correct,u.s. supreme court chief justice,2
mturk,roberts,name,correct,chef justice u.s. supreme court,1
mturk,roberts,name,correct,cheif justice of the supreme court,1
mturk,roberts,name,correct,cheif surpreme court justice,1
mturk,roberts,name,correct,chief just of the supreme court,1
mturk,roberts,name,correct,chief justic,1
mturk,roberts,name,correct,chief justic of the supreme court,1
mturk,roberts,name,correct,chief justice i think,1
mturk,roberts,name,correct,chief justice of supereme court,1
mturk,roberts,name,correct,chief justice of supreme ct,1
mturk,roberts,name,correct,chief justice of surpreme court,1
mturk,roberts,name,correct,chief justice of the sc,1
mturk,roberts,name,correct,chief justice of the sc.,1
mturk,roberts,name,correct,chief justice of the supreme,1
mturk,roberts,name,correct,chief justice of the supreme court of the u.s.,1
mturk,roberts,name,correct,chief justice of the supreme court of the united states,1
mturk,roberts,name,correct,chief justice of the u.s.,1
mturk,roberts,name,correct,chief justice of the united states supreme court,1
mturk,roberts,name,correct,chief justice of the united stats supreme court,1
mturk,roberts,name,correct,chief justice of u.s. supreme court,1
mturk,roberts,name,correct,chief justice of united states supreme court,1
mturk,roberts,name,correct,chief justice of usa,1
mturk,roberts,name,correct,chief justice on the supreme court,1
mturk,roberts,name,correct,chief justice supreme courts,1
mturk,roberts,name,correct,chief justice u.s. supreme court,1
mturk,roberts,name,correct,chief justice us supreme court,1
mturk,roberts,name,correct,"chief justice, supreme court",1
mturk,roberts,name,correct,"chief justice, us supreme court",1
mturk,roberts,name,correct,chief justiceof the supreme court,1
mturk,roberts,name,correct,chief justise,1
mturk,roberts,name,correct,chief justive of the supreme court,1
mturk,roberts,name,correct,chief of justice sema,1
mturk,roberts,name,correct,chief supreme court,1
mturk,roberts,name,correct,chief supreme court justice of the us,1
mturk,roberts,name,correct,current chief justice of us,1
mturk,roberts,name,correct,head judge of supreme court,1
mturk,roberts,name,correct,head justice of supreme court,1
mturk,roberts,name,correct,head of supreme court usa,1
mturk,roberts,name,correct,head supreme court justice,1
mturk,roberts,name,correct,lead supreme court justice,1
mturk,roberts,name,correct,leader of the supreme court,1
mturk,roberts,name,correct,scotus chief,1
mturk,roberts,name,correct,supreme court head justice,1
mturk,roberts,name,correct,supreme court head justice.,1
mturk,roberts,name,correct,supreme court justice cheif,1
mturk,roberts,name,correct,supreme court justice leader,1
mturk,roberts,name,correct,supremre court chief justice,1
mturk,roberts,name,correct,us chief justice,1
mturk,roberts,photo,correct,cheief justice supreme ct,1
mturk,roberts,photo,correct,cheif justice,1
mturk,roberts,photo,correct,cheif justice roberts of the supreme court,1
mturk,roberts,photo,correct,chief (leader) justice of the supreme court,1
mturk,roberts,photo,correct,chief justice / supreme court / (r),1
mturk,roberts,photo,correct,chief justice john roberts,1
mturk,roberts,photo,correct,chief justice of supreme court?,1
mturk,roberts,photo,correct,chief justice of the supreme couirt,1
mturk,roberts,photo,correct,chief justice of the supreme court john roberts,1
mturk,roberts,photo,correct,chief justice of the supreme court.,1
mturk,roberts,photo,correct,"chief justice of the united states (or, incorrectly, the supreme court)",1
mturk,roberts,photo,correct,chief justice of the united states supreme court,1
mturk,roberts,photo,correct,chief justice roberts,1
mturk,roberts,photo,correct,chief justice roberts of supreme court,1
mturk,roberts,photo,correct,chief justice supreme court,1
mturk,roberts,photo,correct,"chief justice, scotus",1
mturk,roberts,photo,correct,"chief justice, supreme court",1
mturk,roberts,photo,correct,chief justices roberts,1
mturk,roberts,photo,correct,chief supreme court justice,1
mturk,roberts,photo,correct,cj of sc,1
mturk,roberts,photo,correct,cjotsc,1
mturk,roberts,photo,correct,head of the supreme court.,1
mturk,roberts,photo,correct,head of u.s. supreme court,1
mturk,roberts,photo,correct,john roberts chief justice scotus,1
mturk,roberts,photo,correct,lead supreme court justice,1
mturk,roberts,photo,correct,roberts chief justice us supreme court,1
mturk,roberts,photo,correct,supreme court cief judge,1
mturk,roberts,photo,correct,supreme court justice (head),1
mturk,roberts,photo,correct,supreme court lead justice,1
mturk,roberts,photo,correct,supreme court leader,1
mturk,roberts,photo,correct,"that looks like roberts, if so, chief justice of supreme court",1
mturk,roberts,photo,dk,,243
mturk,roberts,name,dk,,190
mturk,roberts,photo,dk,don't know,43
mturk,roberts,photo,dk,i don't know,18
mturk,roberts,name,dk,don't know,17
mturk,roberts,photo,dk,dont know,12
mturk,roberts,photo,dk,i dont know,6
mturk,roberts,photo,dk,not sure,6
mturk,roberts,name,dk,dont know,4
mturk,roberts,photo,dk,idk,3
mturk,roberts,photo,dk,no idea,3
mturk,roberts,name,dk,i don't know,2
mturk,roberts,name,dk,i dont know,2
mturk,roberts,name,dk,idk,2
mturk,roberts,name,dk,not sure,2
mturk,roberts,photo,dk,no clue,2
mturk,roberts,photo,dk,unsure,2
mturk,roberts,name,dk,?,1
mturk,roberts,name,dk,dunno,1
mturk,roberts,name,dk,i don't know him,1
mturk,roberts,name,dk,rec name but dont know,1
mturk,roberts,photo,dk,???,1
mturk,roberts,photo,dk,can't remember - self-satisfied politician seems about right - looks like a young boehner - ready to cry any time ;-),1
mturk,roberts,photo,dk,cannot remember but know him,1
mturk,roberts,photo,dk,don't know this guy.,1
mturk,roberts,photo,dk,don't know!,1
mturk,roberts,photo,dk,don't know.,1
mturk,roberts,photo,dk,don't recall,1
mturk,roberts,photo,dk,i do not know,1
mturk,roberts,photo,dk,i do not recognize this person,1
mturk,roberts,photo,dk,i have no idea,1
mturk,roberts,photo,dk,know who he is but can't recall exact position,1
mturk,roberts,photo,dk,n/a,1
mturk,roberts,photo,dk,no clue...,1
mturk,roberts,photo,dk,none,1
mturk,roberts,name,incorrect,speaker of the house,10
mturk,roberts,photo,incorrect,speaker of the house,7
mturk,roberts,photo,incorrect,senator,4
mturk,roberts,name,incorrect,secretary of state,3
mturk,roberts,photo,incorrect,politician,3
mturk,roberts,name,incorrect,congress,2
mturk,roberts,photo,incorrect,congress,2
mturk,roberts,photo,incorrect,congressman,2
mturk,roberts,name,incorrect,3,1
mturk,roberts,name,incorrect,5,1
mturk,roberts,name,incorrect,conservative,1
mturk,roberts,name,incorrect,defense,1
mturk,roberts,name,incorrect,head of the treasury,1
mturk,roberts,name,incorrect,house leader?,1
mturk,roberts,name,incorrect,no name,1
mturk,roberts,name,incorrect,politican,1
mturk,roberts,name,incorrect,politics,1
mturk,roberts,name,incorrect,reporter,1
mturk,roberts,name,incorrect,republican whip,1
mturk,roberts,name,incorrect,senator,1
mturk,roberts,name,incorrect,senator house leader,1
mturk,roberts,name,incorrect,speaker,1
mturk,roberts,name,incorrect,"us politician, unknown position",1
mturk,roberts,name,incorrect,vp,1
mturk,roberts,name,incorrect,white house speaker,1
mturk,roberts,name,incorrect,white house staff,1
mturk,roberts,photo,incorrect,accountant,1
mturk,roberts,photo,incorrect,attorney,1
mturk,roberts,photo,incorrect,canada priminister,1
mturk,roberts,photo,incorrect,canadian prime minister,1
mturk,roberts,photo,incorrect,collonell,1
mturk,roberts,photo,incorrect,congresman,1
mturk,roberts,photo,incorrect,congressman and house intel chair,1
mturk,roberts,photo,incorrect,conservative,1
mturk,roberts,photo,incorrect,don' know,1
mturk,roberts,photo,incorrect,don't remember,1
mturk,roberts,photo,incorrect,dont' know,1
mturk,roberts,photo,incorrect,fbi director,1
mturk,roberts,photo,incorrect,former republican campaign manager,1
mturk,roberts,photo,incorrect,"he's theoretically neutral on policy, at least officially, but he's probably conservative in practice",1
mturk,roberts,photo,incorrect,houst representative,1
mturk,roberts,photo,incorrect,i know the face but the name doesn't come to me.,1
mturk,roberts,photo,incorrect,"james comi, traitor?",1
mturk,roberts,photo,incorrect,john boehner,1
mturk,roberts,photo,incorrect,john roberts,1
mturk,roberts,photo,incorrect,john ryan,1
mturk,roberts,photo,incorrect,minority whip,1
mturk,roberts,photo,incorrect,nc governor,1
mturk,roberts,photo,incorrect,nope,1
mturk,roberts,photo,incorrect,president (former),1
mturk,roberts,photo,incorrect,president of brittian,1
mturk,roberts,photo,incorrect,prime minister of england,1
mturk,roberts,photo,incorrect,secretary ?,1
mturk,roberts,photo,incorrect,secretary of treasury,1
mturk,roberts,photo,incorrect,senter,1
mturk,roberts,photo,incorrect,some congressman,1
mturk,roberts,photo,incorrect,somebody i should know,1
mturk,roberts,photo,incorrect,speaker of repulican house,1
mturk,roberts,photo,incorrect,unknown,1
mturk,roberts,photo,incorrect,vice president,1
mturk,roberts,photo,incorrect,vp,1
mturk,roberts,name,partial,supreme court justice,27
mturk,roberts,photo,partial,supreme court justice,11
mturk,roberts,name,partial,supreme court judge,10
mturk,roberts,name,partial,supreme court,9
mturk,roberts,name,partial,judge,4
mturk,roberts,name,partial,supreme court justic,3
mturk,roberts,photo,partial,supreme court judge,2
mturk,roberts,name,partial,federal judge,1
mturk,roberts,name,partial,justice,1
mturk,roberts,name,partial,justice dept something,1
mturk,roberts,name,partial,justice of the supreme court.,1
mturk,roberts,name,partial,member of the supreme court,1
mturk,roberts,name,partial,sumpreme court,1
mturk,roberts,name,partial,superior court judge,1
mturk,roberts,name,partial,supreme court j ustice,1
mturk,roberts,name,partial,supreme court judger,1
mturk,roberts,name,partial,supreme court member,1
mturk,roberts,name,partial,supreme court nominee,1
mturk,roberts,name,partial,supreme justice,1
mturk,roberts,name,partial,surperam court justice,1
mturk,roberts,name,partial,us sepreme court justice,1
mturk,roberts,name,partial,us supreme court justice,1
mturk,roberts,photo,partial,a jugde in the supreme court,1
mturk,roberts,photo,partial,judge,1
mturk,roberts,photo,partial,scotus judge,1
mturk,roberts,photo,partial,supreme court,1
mturk,roberts,photo,partial,"supreme court justice, greasy trial lawyer",1
mturk,roberts,photo,partial,supreme justice,1
alumni,sarkozy,name,correct,president of france,76
staff,sarkozy,name,correct,president of france,36
alumni,sarkozy,photo,correct,president of france,27
alumni,sarkozy,name,correct,french president,25
staff,sarkozy,name,correct,french president,18
alumni,sarkozy,name,correct,"president, france",9
staff,sarkozy,photo,correct,president of france,9
alumni,sarkozy,photo,correct,french president,6
alumni,sarkozy,name,correct,pres of france,4
alumni,sarkozy,name,correct,pres. of france,3
alumni,sarkozy,name,correct,president france,3
alumni,sarkozy,name,correct,france president,2
alumni,sarkozy,name,correct,french pres,2
alumni,sarkozy,name,correct,leader of france,2
staff,sarkozy,photo,correct,french president,2
alumni,sarkozy,name,correct,france-- president,1
alumni,sarkozy,name,correct,head of state in france,1
alumni,sarkozy,name,correct,"head of state, france.",1
alumni,sarkozy,name,correct,pres france,1
alumni,sarkozy,name,correct,president french republic,1
alumni,sarkozy,name,correct,president of france (maybe prime minister),1
alumni,sarkozy,name,correct,prez of france,1
alumni,sarkozy,name,correct,prime minister of france (may be president),1
alumni,sarkozy,name,correct,prime minister/president? of france,1
alumni,sarkozy,name,correct,republic president for france,1
alumni,sarkozy,photo,correct,french president sarkozy,1
alumni,sarkozy,photo,correct,frencn president,1
alumni,sarkozy,photo,correct,minister president of france,1
alumni,sarkozy,photo,correct,"nikolas sarkozy, president of france",1
alumni,sarkozy,photo,correct,president france,1
alumni,sarkozy,photo,correct,president of france sarkozy,1
alumni,sarkozy,photo,correct,president of french republic,1
alumni,sarkozy,photo,correct,president of the republic (france),1
alumni,sarkozy,photo,correct,sarcozy-president of france,1
alumni,sarkozy,photo,correct,"sarkozy, french president",1
staff,sarkozy,name,correct,france's president,1
staff,sarkozy,name,correct,head of france,1
staff,sarkozy,name,correct,il est le president de france et le mari de carla bruni,1
staff,sarkozy,name,correct,is the 23rd and current president of the french republic,1
staff,sarkozy,name,correct,pres of france,1
staff,sarkozy,name,correct,pres. france,1
staff,sarkozy,name,correct,pres. of france,1
staff,sarkozy,name,correct,president (?) of france,1
staff,sarkozy,name,correct,president france,1
staff,sarkozy,name,correct,president or prime minister of france,1
staff,sarkozy,name,correct,"president, france",1
staff,sarkozy,photo,correct,french president sarkozy,1
staff,sarkozy,photo,correct,head of state of france,1
staff,sarkozy,photo,correct,"nicolas sarkozy, president of france",1
staff,sarkozy,photo,correct,president of france?,1
alumni,sarkozy,photo,dk,,52
staff,sarkozy,photo,dk,,43
alumni,sarkozy,name,dk,,18
staff,sarkozy,name,dk,,14
staff,sarkozy,photo,dk,don't know,3
alumni,sarkozy,photo,dk,no idea,2
alumni,sarkozy,name,dk,don't know,1
alumni,sarkozy,name,dk,i do not know,1
alumni,sarkozy,photo,dk,??,1
alumni,sarkozy,photo,dk,npr listener - no idea what people look like,1
staff,sarkozy,name,dk,don't know,1
staff,sarkozy,name,dk,i don't know,1
staff,sarkozy,name,dk,no idea,1
staff,sarkozy,photo,dk,no idea,1
alumni,sarkozy,photo,incorrect,chief of staff,7
alumni,sarkozy,photo,incorrect,president,6
staff,sarkozy,photo,incorrect,chief of staff,4
alumni,sarkozy,name,incorrect,russian president,3
alumni,sarkozy,photo,incorrect,representative,2
alumni,sarkozy,photo,incorrect,secret service,2
staff,sarkozy,photo,incorrect,unknown,2
alumni,sarkozy,name,incorrect,dnk,1
alumni,sarkozy,name,incorrect,information czar,1
alumni,sarkozy,name,incorrect,"president, russia",1
alumni,sarkozy,name,incorrect,prime minister,1
alumni,sarkozy,name,incorrect,writer,1
alumni,sarkozy,photo,incorrect,asst. to the president,1
alumni,sarkozy,photo,incorrect,banker,1
alumni,sarkozy,photo,incorrect,budget director,1
alumni,sarkozy,photo,incorrect,chief information officer,1
alumni,sarkozy,photo,incorrect,chief of staff to pres.,1
alumni,sarkozy,photo,incorrect,director fbi,1
alumni,sarkozy,photo,incorrect,embassador,1
alumni,sarkozy,photo,incorrect,fbi,1
alumni,sarkozy,photo,incorrect,fbi agent,1
alumni,sarkozy,photo,incorrect,fbi chief,1
alumni,sarkozy,photo,incorrect,financial manager,1
alumni,sarkozy,photo,incorrect,foreign head of state,1
alumni,sarkozy,photo,incorrect,foreign relations chair,1
alumni,sarkozy,photo,incorrect,"looks kind of familiar, but no actual idea. maybe an actor?",1
alumni,sarkozy,photo,incorrect,manager,1
alumni,sarkozy,photo,incorrect,member of congress,1
alumni,sarkozy,photo,incorrect,member president's cabinet,1
alumni,sarkozy,photo,incorrect,newscaster,1
alumni,sarkozy,photo,incorrect,obama's innter circle,1
alumni,sarkozy,photo,incorrect,political analyst,1
alumni,sarkozy,photo,incorrect,political spin,1
alumni,sarkozy,photo,incorrect,politician from overseas,1
alumni,sarkozy,photo,incorrect,president's advisor?,1
alumni,sarkozy,photo,incorrect,president's chief of staff,1
alumni,sarkozy,photo,incorrect,president's chief of stgaff,1
alumni,sarkozy,photo,incorrect,presidents advisor,1
alumni,sarkozy,photo,incorrect,public affairs for obama,1
alumni,sarkozy,photo,incorrect,radio/tv commentator,1
alumni,sarkozy,photo,incorrect,sales,1
alumni,sarkozy,photo,incorrect,salesman,1
alumni,sarkozy,photo,incorrect,secretary of treasury,1
alumni,sarkozy,photo,incorrect,treasury secretary,1
alumni,sarkozy,photo,incorrect,united nations,1
alumni,sarkozy,photo,incorrect,white house chief of staff,1
staff,sarkozy,name,incorrect,economics czar,1
staff,sarkozy,name,incorrect,international leader,1
staff,sarkozy,name,incorrect,president,1
staff,sarkozy,name,incorrect,prime minister,1
staff,sarkozy,name,incorrect,public information officer,1
staff,sarkozy,name,incorrect,senator,1
staff,sarkozy,name,incorrect,state government,1
staff,sarkozy,name,incorrect,treasury,1
staff,sarkozy,name,incorrect,united nations member,1
staff,sarkozy,photo,incorrect,lawyer,1
staff,sarkozy,photo,incorrect,nj govenor,1
staff,sarkozy,photo,incorrect,president,1
staff,sarkozy,photo,incorrect,president obama's chief of staff until this week,1
staff,sarkozy,photo,incorrect,president of south american country,1
staff,sarkozy,photo,incorrect,presidents chief of staff,1
staff,sarkozy,photo,incorrect,salesperson,1
staff,sarkozy,photo,incorrect,secretary of the treasury,1
staff,sarkozy,photo,incorrect,"timothy geitner, treasury secretary",1
staff,sarkozy,photo,incorrect,white house official,1
alumni,sarkozy,name,partial,prime minister of france,9
alumni,sarkozy,name,partial,french prime minister,6
alumni,sarkozy,name,partial,chancellor of france,1
alumni,sarkozy,name,partial,france prime minister,1
alumni,sarkozy,name,partial,french premier,1
alumni,sarkozy,name,partial,french top dog,1
alumni,sarkozy,name,partial,pm of france,1
alumni,sarkozy,photo,partial,france prime minister,1
alumni,sarkozy,photo,partial,french prime minister,1
alumni,sarkozy,photo,partial,french prince minister,1
alumni,sarkozy,photo,partial,prime minister of france,1
alumni,sarkozy,photo,partial,"sarkozy, pm of france",1
staff,sarkozy,name,partial,france prime minister,1
staff,sarkozy,name,partial,french prime minister,1
staff,sarkozy,photo,partial,french politician,1
staff,sarkozy,photo,partial,prime minister of france,1
mturk,schumer,name,correct,senate minority leader,63
mturk,schumer,photo,correct,senate minority leader,56
mturk,schumer,name,correct,minority leader senate,3
mturk,schumer,photo,correct,minority leader senate,3
mturk,schumer,photo,correct,minority leader of senate,2
mturk,schumer,photo,correct,minority leader of the senate,2
mturk,schumer,photo,correct,minority senate leader,2
mturk,schumer,photo,correct,us senate minority leader,2
mturk,schumer,name,correct,democrat senate minority leader,1
mturk,schumer,name,correct,"democrat, senate minority leader",1
mturk,schumer,name,correct,democrat- minority senate leader,1
mturk,schumer,name,correct,democratic senate leader,1
mturk,schumer,name,correct,leader of the senate democrats,1
mturk,schumer,name,correct,minority leader of senate,1
mturk,schumer,name,correct,minority leader of the u.s. senate,1
mturk,schumer,name,correct,minority senate leader,1
mturk,schumer,name,correct,minority senator,1
mturk,schumer,name,correct,senate leader democrat,1
mturk,schumer,name,correct,senate minority,1
mturk,schumer,name,correct,senate minority leader (democrat),1
mturk,schumer,name,correct,senate minority leader d new york,1
mturk,schumer,name,correct,senate minority leader dem,1
mturk,schumer,name,correct,senate minority leader from new york,1
mturk,schumer,name,correct,senate minorityu leader,1
mturk,schumer,name,correct,senate minotiry leader,1
mturk,schumer,name,correct,senate mintority leader,1
mturk,schumer,name,correct,"senate, minority leader",1
mturk,schumer,name,correct,senatie minority leader,1
mturk,schumer,name,correct,senator - ny (d) (possibly senate minority leader),1
mturk,schumer,name,correct,"senator ny, senator minority leader",1
mturk,schumer,name,correct,senator of new york/minority leader,1
mturk,schumer,name,correct,senator/minority leader,1
mturk,schumer,name,correct,us senate minority leader,1
mturk,schumer,photo,correct,chuck shumer senate minority leader,1
mturk,schumer,photo,correct,"chuck shumer, minority leader senate, democrat new york",1
mturk,schumer,photo,correct,"chuck u schumer, senate minority leader",1
mturk,schumer,photo,correct,democratic senate leader chuck schumer,1
mturk,schumer,photo,correct,democratic senate leader.,1
mturk,schumer,photo,correct,house minority leader- senator.,1
mturk,schumer,photo,correct,leader of senate democrats.,1
mturk,schumer,photo,correct,leader of the dems in the senate,1
mturk,schumer,photo,correct,minority leader in senate,1
mturk,schumer,photo,correct,minority leader in the senate,1
mturk,schumer,photo,correct,minority leader of the senate of us congress,1
mturk,schumer,photo,correct,minority leader of usa senate,1
mturk,schumer,photo,correct,"minority leader, senate",1
mturk,schumer,photo,correct,schumer senate minority leader,1
mturk,schumer,photo,correct,senate minority ldr,1
mturk,schumer,photo,correct,"senate minority leader ""crocodile"" charles schumer",1
mturk,schumer,photo,correct,senate minority leader of the united states,1
mturk,schumer,photo,correct,senate minority leader.,1
mturk,schumer,photo,correct,senate minority leadrer,1
mturk,schumer,photo,correct,senate minory leader,1
mturk,schumer,photo,correct,"senator from new york, senate minority leader.",1
mturk,schumer,photo,correct,us senator (d) / senate minority leader,1
mturk,schumer,name,dk,,236
mturk,schumer,photo,dk,,234
mturk,schumer,photo,dk,don't know,28
mturk,schumer,photo,dk,i don't know,17
mturk,schumer,name,dk,don't know,14
mturk,schumer,photo,dk,dont know,10
mturk,schumer,name,dk,dont know,8
mturk,schumer,photo,dk,i dont know,4
mturk,schumer,name,dk,i don't know,3
mturk,schumer,photo,dk,idk,3
mturk,schumer,photo,dk,no idea,3
mturk,schumer,name,dk,na,2
mturk,schumer,name,dk,not sure,2
mturk,schumer,photo,dk,?,2
mturk,schumer,photo,dk,do not know,2
mturk,schumer,photo,dk,no clue,2
mturk,schumer,photo,dk,not sure,2
mturk,schumer,name,dk,don't recall,1
mturk,schumer,name,dk,i dont know,1
mturk,schumer,name,dk,"i know the name, but can't recall his position",1
mturk,schumer,name,dk,idk,1
mturk,schumer,name,dk,no idea,1
mturk,schumer,name,dk,unsure,1
mturk,schumer,photo,dk,can't recall,1
mturk,schumer,photo,dk,"chuch schumer, not sure of his position except idiot",1
mturk,schumer,photo,dk,"don't know the face, sorry.",1
mturk,schumer,photo,dk,don't know.,1
mturk,schumer,photo,dk,i do not know,1
mturk,schumer,photo,dk,n/a,1
mturk,schumer,photo,dk,no clue...,1
mturk,schumer,photo,dk,not sure - sec'y of treasury or head of the federal reserve?,1
mturk,schumer,photo,dk,not sure us it little dick durbin?,1
mturk,schumer,name,incorrect,democrat,4
mturk,schumer,name,incorrect,house minority leader,4
mturk,schumer,photo,incorrect,house minority leader,4
mturk,schumer,photo,incorrect,politician,3
mturk,schumer,photo,incorrect,chuck schumer,2
mturk,schumer,photo,incorrect,minority speaker,2
mturk,schumer,photo,incorrect,president,2
mturk,schumer,name,incorrect,2,1
mturk,schumer,name,incorrect,3,1
mturk,schumer,name,incorrect,american politician,1
mturk,schumer,name,incorrect,amy schumers cousin,1
mturk,schumer,name,incorrect,amy shumers husband,1
mturk,schumer,name,incorrect,amys husband,1
mturk,schumer,name,incorrect,asshole,1
mturk,schumer,name,incorrect,cogress,1
mturk,schumer,name,incorrect,congress,1
mturk,schumer,name,incorrect,congress man,1
mturk,schumer,name,incorrect,congressman,1
mturk,schumer,name,incorrect,congressman from ny,1
mturk,schumer,name,incorrect,"crap, i forgot. crap leader.",1
mturk,schumer,name,incorrect,crocodile tear boy,1
mturk,schumer,name,incorrect,defense,1
mturk,schumer,name,incorrect,democraitc legislator,1
mturk,schumer,name,incorrect,democrat in house of representatives,1
mturk,schumer,name,incorrect,"democrat leader, i forget his position.",1
mturk,schumer,name,incorrect,democrat majority leader,1
mturk,schumer,name,incorrect,democrat politician and village idiot,1
mturk,schumer,name,incorrect,democratic head,1
mturk,schumer,name,incorrect,democratic house leader,1
mturk,schumer,name,incorrect,democratic leader and speaker,1
mturk,schumer,name,incorrect,democratic majority leader,1
mturk,schumer,name,incorrect,democratic representative,1
mturk,schumer,name,incorrect,dnc chair,1
mturk,schumer,name,incorrect,fbi director,1
mturk,schumer,name,incorrect,gov. of new york,1
mturk,schumer,name,incorrect,governman,1
mturk,schumer,name,incorrect,head democrat,1
mturk,schumer,name,incorrect,head of democratic party,1
mturk,schumer,name,incorrect,house majority leader,1
mturk,schumer,name,incorrect,house minor leader,1
mturk,schumer,name,incorrect,house of representative,1
mturk,schumer,name,incorrect,house whip,1
mturk,schumer,name,incorrect,i think he's the guy who talks to the press for the president,1
mturk,schumer,name,incorrect,idiot from new york,1
mturk,schumer,name,incorrect,liberal,1
mturk,schumer,name,incorrect,liberal democrat,1
mturk,schumer,name,incorrect,mayor,1
mturk,schumer,name,incorrect,member of congress,1
mturk,schumer,name,incorrect,minority speaker of the democratic house,1
mturk,schumer,name,incorrect,ny (someone who holds position here),1
mturk,schumer,name,incorrect,ny congressman,1
mturk,schumer,name,incorrect,"ny dem representative, house leader",1
mturk,schumer,name,incorrect,ny governor,1
mturk,schumer,name,incorrect,politican,1
mturk,schumer,name,incorrect,politician,1
mturk,schumer,name,incorrect,politics,1
mturk,schumer,name,incorrect,representative,1
mturk,schumer,name,incorrect,republican,1
mturk,schumer,name,incorrect,"us politician, unknown position",1
mturk,schumer,photo,incorrect,attorney,1
mturk,schumer,photo,incorrect,attorney general,1
mturk,schumer,photo,incorrect,ceo,1
mturk,schumer,photo,incorrect,chuck schumer house minority leader,1
mturk,schumer,photo,incorrect,chuck schumer top democrat,1
mturk,schumer,photo,incorrect,chuck shumer senior democrat,1
mturk,schumer,photo,incorrect,"chuck shumer, head of democratic party",1
mturk,schumer,photo,incorrect,"chuck swummer, dem",1
mturk,schumer,photo,incorrect,clinton campaign head / obama advisor,1
mturk,schumer,photo,incorrect,congress,1
mturk,schumer,photo,incorrect,defense secretary,1
mturk,schumer,photo,incorrect,dem speker,1
mturk,schumer,photo,incorrect,democrat congressman,1
mturk,schumer,photo,incorrect,democratic chairman,1
mturk,schumer,photo,incorrect,democratic speaker of the house,1
mturk,schumer,photo,incorrect,dn't know,1
mturk,schumer,photo,incorrect,don' know,1
mturk,schumer,photo,incorrect,"don,t know",1
mturk,schumer,photo,incorrect,ex mayor new york,1
mturk,schumer,photo,incorrect,fed chairman,1
mturk,schumer,photo,incorrect,fleeces wall street for donations for the dnc,1
mturk,schumer,photo,incorrect,flunky,1
mturk,schumer,photo,incorrect,george,1
mturk,schumer,photo,incorrect,govner,1
mturk,schumer,photo,incorrect,he wants a path to citizenship and to restrict carbon emissions,1
mturk,schumer,photo,incorrect,head of congress,1
mturk,schumer,photo,incorrect,head of epa,1
mturk,schumer,photo,incorrect,head of some department,1
mturk,schumer,photo,incorrect,head of the democrats in congress,1
mturk,schumer,photo,incorrect,history teacher,1
mturk,schumer,photo,incorrect,mayor,1
mturk,schumer,photo,incorrect,middle of the road,1
mturk,schumer,photo,incorrect,minority leader of the house,1
mturk,schumer,photo,incorrect,ny congressman,1
mturk,schumer,photo,incorrect,political,1
mturk,schumer,photo,incorrect,president of mexico,1
mturk,schumer,photo,incorrect,schumer is the speaker majority speaker of the democratic house,1
mturk,schumer,photo,incorrect,senenter,1
mturk,schumer,photo,incorrect,shumer,1
mturk,schumer,photo,incorrect,speaker of the house,1
mturk,schumer,photo,incorrect,u/k,1
mturk,schumer,photo,incorrect,whiney democrat minority loser,1
mturk,schumer,name,partial,senator,39
mturk,schumer,photo,partial,senator,26
mturk,schumer,name,partial,democratic senator,13
mturk,schumer,name,partial,minority leader,12
mturk,schumer,name,partial,ny senator,11
mturk,schumer,name,partial,us senator,11
mturk,schumer,photo,partial,minority leader,5
mturk,schumer,name,partial,democrat senator,4
mturk,schumer,name,partial,new york senator,4
mturk,schumer,photo,partial,ny senator,4
mturk,schumer,photo,partial,senate,3
mturk,schumer,photo,partial,us senator,3
mturk,schumer,name,partial,democratic minority leader,2
mturk,schumer,name,partial,senate majority leader,2
mturk,schumer,name,partial,con man/senator/new york,1
mturk,schumer,name,partial,dem senator,1
mturk,schumer,name,partial,democrat - minority leader,1
mturk,schumer,name,partial,"democratic senate majority leader? can't remember, but he is a senator and prominent democrat",1
mturk,schumer,name,partial,minority leader -- democrats,1
mturk,schumer,name,partial,minority leader for democrats,1
mturk,schumer,name,partial,ny senate,1
mturk,schumer,name,partial,sen. minority leader,1
mturk,schumer,name,partial,senate,1
mturk,schumer,name,partial,senator (dem),1
mturk,schumer,name,partial,senator (dnc),1
mturk,schumer,name,partial,senator and vocal against pres trump,1
mturk,schumer,name,partial,senator d- ny,1
mturk,schumer,name,partial,senator from new york and an asshole,1
mturk,schumer,name,partial,senator from ny,1
mturk,schumer,name,partial,senator from usa,1
mturk,schumer,name,partial,senator ny,1
mturk,schumer,name,partial,"senator, democrat",1
mturk,schumer,name,partial,senior senator,1
mturk,schumer,name,partial,senior states senator from new york,1
mturk,schumer,name,partial,united states senator,1
mturk,schumer,name,partial,us senate,1
mturk,schumer,name,partial,us senator for ny,1
mturk,schumer,name,partial,us senator from ny,1
mturk,schumer,photo,partial,"charles chumer, democrat senator",1
mturk,schumer,photo,partial,chuck schumer senator,1
mturk,schumer,photo,partial,democrat senate whip,1
mturk,schumer,photo,partial,democrat/senate,1
mturk,schumer,photo,partial,democratic minority leader chuck schumer,1
mturk,schumer,photo,partial,democratic senator,1
mturk,schumer,photo,partial,democratic senator in charge,1
mturk,schumer,photo,partial,new york senator,1
mturk,schumer,photo,partial,politician so senator,1
mturk,schumer,photo,partial,sen minority leader,1
mturk,schumer,photo,partial,senate majority leader,1
mturk,schumer,photo,partial,senator chuck shumer,1
mturk,schumer,photo,partial,senator of ny,1
mturk,schumer,photo,partial,speaker minority leader,1
