"","rid","rkey","date","status","contact.id","comments","ip.address","long","lat","county","city","region","postal","url","url2","url3","url4","intro.logic","agree","userid","user","time","page.logic1","Copy.of.userid","policy.placement","healthcare.law","imm.law","photo.nonphoto.pk","hr","ns","jn","hr2","jn2","ns2","page.logic","am1","mm1","mm2","am2","am11","am21","mm11","mm21","correct.or.conf","rg","sb","rg.rg","rg.ad","rg.jc","rg.ak","how.sure","sb.jb","sb.sb","sb.ks","sb.tv","health.ins.y","health.ins.r","health.ins.d","illegal.y","illegal.r","illegal.d","ideology.n","ideology","news.wsj","news.nyt","news.wp","news.usa","news.other","news.other.s","tv.cbs","tv.fox","tv.pbs","tv.nbc","tv.other","tv.abc","tv.others","cable.fox","cable.msnbc","cable.cspan","cable.bbc","cable.other","cable.cnn","cable.others","radio.npr","radio.rl","radio.ms","radio.other","radio.others","web.huff","web.drudge","web.portal","web.other","web.other.s","tv.days","attention","talk.politics","talk.other.politics","pid1","pid.other","pid2.r","pid2.d","pid2.other","therm.b","therm.r","therm.d","therm.w","therm.h","therm.l","therm.ill","open.closed","ww2.cas","fem.death","ww2.cas2","fem.death2","deport","deport.sure","imm","imm.sure","steagall","healthcare.pk1","healthbill","death.panel","medicare","future.increase","cuts.benefits","illegal","single.payer","upper.class","mammograms","tax.100k","welfare","blk.welfare","dkencouraging.dk.discouraging","reagan","clinton","wbush","reagan2","clinton2","wbush2","obama2","pol.interest","vote.2010","contribute1","contact","attend","def.party","def.other","healthcare.law2","imm.law2","structure","certain","oneside","changeview","confident","curiosity","considerate","independence","obedience","rid.1","st.date","cmp.date","lang","useless","useless.1","useless.2","arep.id","useless.3","year","gender","ethnic","ethnic2","born.in.us","us.citizen","years.in.us","born.ctry","born.city","born.us.city","born.us.state","zip","party","libcon","occ","occ2","manager","psych.course","soc.study","major","educ","arep.prev","X","partID","participantid","auth1","auth2","auth3","gmextremityfavor","gmextremityoppose","gmextremity","gmimpt","taxesextremity","taxesimpt","taxesfavor","taxesoppose","needforcog2","needforcog1","needforcognitionlike","needforcognitiondislike","selfesteem","selfesteemhigh","selfesteemlow","needtoeval1","needtoeval2","needtoevalmore","needtoevalfewer","prefconsistency1","pfc2","pfc2like","pfc2dislike","drilling","drillingimpt","drillingfavor","drillingoppose","marijuana","marijuanaimpt","marijuanafavor","marijuanaoppose","education","libcon1","libbranch","conbranch","libnorconbranch","pns1","PNS2","PNSdislike","PNSlike","PNS2like","pns2dislike","pab1","PAB2","PAB3","PAB4","PAB5","PAB6","PAB7","rtp1","rtp2","rtp3","referenceID","obama","sex","year.born","educ.s","income","religion","religion2","rel.freq","hispanic","white","black","native","asian","pacific","other.race","other.race2","fin.date","srep.id","staff","faculty","alum","parent","affiliate.oth","affiliate.oth2","educ2"
"1",239,219237,330,1,NA,NA,,,,26,,27,NA,NA,NA,NA,,NA,1,"FY994766",NA,27,NA,NA,2,11,5,1,54,30,93,NA,NA,NA,NA,66,57,NA,NA,NA,NA,NA,NA,2,5,4,NA,NA,NA,NA,NA,NA,NA,NA,NA,1,7,4,7,2,4,NA,8,NA,1,1,NA,NA,NA,NA,NA,NA,NA,NA,NA,NA,NA,NA,NA,NA,NA,NA,NA,1,NA,NA,NA,NA,NA,NA,1,NA,NA,0,NA,4,3,1,NA,NA,2,NA,16,30,70,70,60,NA,NA,1,1,3,NA,NA,3,NA,1,8,2,1,4,NA,NA,NA,NA,NA,NA,NA,NA,31,5,15,1,3,1,3,NA,NA,NA,NA,7,10,8,8,8,2,NA,NA,NA,2,5,4,3,2,2,2,3,6,NA,NA,NA,NA,NA,NA,NA,NA,NA,NA,NA,NA,NA,NA,NA,NA,NA,NA,NA,NA,NA,NA,NA,NA,NA,NA,NA,NA,NA,NA,NA,NA,NA,NA,NA,NA,NA,NA,NA,NA,NA,NA,NA,NA,NA,NA,NA,NA,NA,NA,NA,NA,NA,NA,NA,NA,NA,NA,NA,NA,NA,NA,NA,NA,NA,NA,NA,NA,NA,NA,NA,NA,NA,NA,NA,NA,NA,NA,NA,NA,NA,NA,NA,NA,NA,NA,NA,NA,NA,NA,NA,NA,NA,NA,NA,NA,NA,NA,NA,NA,NA,NA,NA,NA,NA,NA,NA,NA,NA,NA,NA,NA,NA,NA,NA
"2",238,219211,329,1,NA,NA,,,,26,,28,NA,NA,NA,NA,,NA,1,"FY963524",NA,30,NA,NA,1,NA,NA,2,NA,NA,NA,53,77,41,NA,NA,NA,42,NA,NA,1,NA,NA,1,NA,NA,5,0,0,0,NA,5,0,0,0,1,7,2,7,1,3,NA,3,NA,NA,NA,NA,1,32,1,NA,1,NA,NA,NA,NA,NA,NA,NA,NA,NA,NA,NA,1,NA,NA,NA,NA,NA,NA,1,1,3,6,4,2,5,1,NA,NA,1,NA,16,60,70,85,85,85,85,1,1,5,NA,NA,1,6,1,8,1,NA,NA,0,0,0,2,0,0,4,9,4,14,27,2,NA,NA,NA,3,1,3,3,5,10,10,5,2,1,NA,12,7,3,6,6,4,2,1,1,2,7,88878,25,21,1,NA,NA,NA,"FY963524",NA,1935,2,7,NA,2,NA,NA,NA,NA,,5,,1,5,,,2,2,2,,3,2,88880,27,24,1,NA,NA,NA,"FY932456",NA,1943,1,7,NA,2,NA,NA,NA,NA,200,5,262,1,7,68,321,2,1,2,188,2,1,88880,27,24,1,NA,NA,NA,"FY932456",NA,1943,1,7,NA,2,NA,NA,NA,NA,200,5,262,1,7,68,321,2,1,2,NA,NA,NA,NA,NA,NA,NA,NA,NA,NA,NA,NA,NA,NA,NA,NA,NA,NA,NA,NA,NA,NA,NA,NA,NA
"3",237,219210,328,1,NA,NA,,,,26,,56,,NA,NA,NA,,NA,1,"FY955814",NA,21,NA,NA,1,NA,NA,1,69,31,36,NA,NA,NA,NA,9,57,NA,NA,NA,NA,NA,NA,1,NA,NA,10,0,NA,NA,NA,NA,NA,NA,NA,2,7,4,4,2,5,NA,6,1,1,NA,NA,1,45,NA,NA,NA,NA,NA,NA,NA,NA,NA,NA,NA,NA,NA,NA,NA,NA,NA,NA,NA,NA,NA,1,1,31,0,NA,3,2,1,NA,NA,2,NA,11,30,40,50,40,50,30,2,NA,NA,16,29,1,3,1,9,1,NA,NA,3,0,8,6,0,0,8,2,19,19,10,2,NA,NA,NA,3,1,3,3,7,10,2,2,2,3,20,11,5,2,5,3,2,2,6,4,6,2,90311,500,484,1,NA,NA,NA,"FY955814",NA,1956,1,7,NA,2,NA,NA,NA,NA,,5,,1,5,,,2,1,1,,3,1,89096,227,229,1,NA,NA,NA,"FY969316",NA,1952,1,7,NA,2,NA,NA,NA,NA,246,22,71,1,5,322,300,2,2,1,99,2,1,89096,227,229,1,NA,NA,NA,"FY969316",NA,1952,1,7,NA,2,NA,NA,NA,NA,246,22,71,1,5,322,300,2,2,1,NA,NA,NA,NA,NA,NA,NA,NA,NA,NA,NA,NA,NA,NA,NA,NA,NA,NA,NA,NA,NA,NA,NA,NA,NA
"4",236,219208,336,1,NA,NA,,,,26,,44,,NA,NA,NA,,NA,1,"FY998569",NA,66,NA,NA,1,NA,NA,2,NA,NA,NA,NA,NA,NA,NA,NA,NA,NA,NA,NA,2,NA,3,1,NA,NA,5,0,0,0,NA,0,5,0,0,1,5,3,4,8,3,NA,4,NA,1,NA,1,1,149,1,1,1,1,NA,1,NA,1,1,NA,1,NA,1,NA,1,NA,NA,NA,NA,NA,NA,NA,NA,NA,3,4,2,7,2,NA,NA,NA,2,13,60,40,70,85,85,85,1,2,3,NA,NA,4,6,1,9,2,NA,NA,1,5,6,7,1,2,2,2,16,6,27,1,3,1,3,NA,NA,NA,NA,5,10,6,9,8,4,NA,1,1,7,5,5,3,5,2,1,3,5,89833,464,451,1,NA,NA,NA,"FY998569",NA,1954,1,5,NA,1,2,29,,,NA,NA,,2,2,,,2,1,1,,3,1,88903,41,42,1,NA,NA,NA,"FY946138",NA,1977,1,3,NA,2,NA,NA,NA,NA,193,5,234,1,5,250,219,1,2,2,95,2,1,88903,41,42,1,NA,NA,NA,"FY946138",NA,1977,1,3,NA,2,NA,NA,NA,NA,193,5,234,1,5,250,219,1,2,2,NA,NA,NA,NA,NA,NA,NA,NA,NA,NA,NA,NA,NA,NA,NA,NA,NA,NA,NA,NA,NA,NA,NA,NA,NA
"5",235,219203,326,1,NA,NA,,,,26,,24,NA,NA,NA,NA,,NA,1,"FY976474",NA,45,NA,NA,1,NA,NA,1,48,25,21,NA,NA,NA,NA,17,22,NA,NA,NA,NA,NA,NA,2,3,1,NA,NA,NA,NA,NA,NA,NA,NA,NA,1,6,3,5,1,4,NA,6,1,1,NA,NA,1,9,NA,NA,NA,NA,NA,NA,NA,NA,1,NA,NA,NA,1,NA,1,NA,NA,NA,NA,NA,NA,NA,NA,NA,4,4,5,3,1,NA,NA,2,NA,15,20,65,70,80,100,70,2,NA,NA,23,6,1,2,2,10,6,3,4,NA,NA,NA,NA,NA,NA,NA,NA,14,29,23,1,1,1,3,NA,NA,NA,NA,6,10,7,5,4,1,NA,4,2,5,5,3,3,3,3,3,4,5,88929,54,52,1,NA,NA,NA,"FY976474",NA,1961,1,7,NA,2,NA,NA,NA,NA,,3,,1,5,,,1,2,2,,1,2,88898,40,36,1,NA,NA,NA,"FY911738",NA,1971,2,3,NA,1,1,13,93,30,NA,NA,240,2,5,102,13,1,2,2,102,2,2,88898,40,36,1,NA,NA,NA,"FY911738",NA,1971,2,3,NA,1,1,13,93,30,NA,NA,240,2,5,102,13,1,2,2,NA,NA,NA,NA,NA,NA,NA,NA,NA,NA,NA,NA,NA,NA,NA,NA,NA,NA,NA,NA,NA,NA,NA,NA,NA
"6",233,219199,327,1,NA,NA,,,,26,,27,,NA,NA,NA,,NA,1,"FY991852",NA,47,NA,NA,1,NA,NA,1,76,36,78,NA,NA,NA,NA,59,66,NA,NA,NA,NA,NA,NA,2,1,3,NA,NA,NA,NA,NA,NA,NA,NA,NA,1,7,3,6,1,5,NA,8,NA,NA,NA,NA,1,85,NA,NA,NA,NA,NA,NA,NA,NA,NA,NA,NA,NA,NA,NA,1,NA,NA,1,37,1,NA,NA,NA,NA,0,NA,6,8,1,NA,NA,1,NA,16,30,60,85,85,85,85,2,NA,NA,32,21,1,8,1,8,1,3,4,NA,NA,NA,NA,NA,NA,NA,NA,16,23,27,1,3,1,3,NA,NA,NA,NA,8,10,4,9,8,1,NA,11,2,1,2,2,2,2,3,3,3,6,NA,NA,NA,NA,NA,NA,NA,NA,NA,NA,NA,NA,NA,NA,NA,NA,NA,NA,NA,NA,NA,NA,NA,NA,NA,NA,NA,NA,NA,NA,NA,NA,NA,NA,NA,NA,NA,NA,NA,NA,NA,NA,NA,NA,NA,NA,NA,NA,NA,NA,NA,NA,NA,NA,NA,NA,NA,NA,NA,NA,NA,NA,NA,NA,NA,NA,NA,NA,NA,NA,NA,NA,NA,NA,NA,NA,NA,NA,NA,NA,NA,NA,NA,NA,NA,NA,NA,NA,NA,NA,NA,NA,NA,NA,NA,NA,NA,NA,NA,NA,NA,NA,NA,NA,NA,NA,NA,NA,NA,NA,NA,NA,NA,NA,NA
"7",232,219194,325,1,NA,NA,,,,26,,30,,NA,NA,NA,,NA,1,"FY932177",NA,38,NA,NA,1,NA,NA,1,54,31,NA,NA,NA,NA,NA,18,NA,NA,NA,NA,NA,2,NA,1,NA,NA,0,7,0,0,NA,0,5,0,5,2,7,2,6,2,5,NA,3,1,1,NA,NA,1,46,NA,NA,NA,NA,NA,NA,NA,NA,NA,NA,NA,NA,NA,NA,1,NA,NA,NA,NA,NA,NA,1,NA,NA,0,5,5,7,1,NA,NA,2,NA,16,40,70,100,90,100,95,2,NA,NA,23,29,1,8,1,9,3,NA,NA,2,0,4,0,3,0,7,4,27,14,21,1,3,1,3,NA,NA,NA,NA,5,8,0,10,5,3,11,11,2,2,5,2,5,6,2,1,2,6,89086,228,228,1,NA,NA,NA,"FY932177",NA,1987,1,7,NA,1,2,20,,,NA,NA,,1,5,,,1,2,2,,1,1,89042,144,145,1,NA,NA,NA,"FY972040",NA,1966,2,7,NA,2,NA,NA,NA,NA,20,21,417,1,5,193,207,2,1,1,143,3,1,89042,144,145,1,NA,NA,NA,"FY972040",NA,1966,2,7,NA,2,NA,NA,NA,NA,20,21,417,1,5,193,207,2,1,1,NA,NA,NA,NA,NA,NA,NA,NA,NA,NA,NA,NA,NA,NA,NA,NA,NA,NA,NA,NA,NA,NA,NA,NA,NA
"8",231,219189,324,1,NA,NA,,,,26,,27,,NA,NA,NA,,NA,1,"FY970178",NA,39,NA,NA,1,NA,NA,2,NA,NA,NA,NA,NA,NA,NA,NA,NA,NA,NA,NA,1,NA,1,1,NA,NA,0,0,0,0,NA,0,0,0,0,2,5,2,5,3,6,NA,5,NA,1,NA,NA,1,27,NA,NA,NA,NA,NA,NA,NA,NA,NA,NA,NA,NA,NA,NA,NA,NA,NA,NA,NA,NA,NA,1,NA,NA,0,4,NA,5,4,NA,1,NA,NA,13,50,50,70,70,70,70,1,1,3,NA,NA,1,6,1,7,1,NA,NA,0,0,0,0,5,0,10,10,31,4,15,2,NA,NA,NA,4,1,3,3,2,10,6,0,8,4,NA,7,3,2,5,6,6,5,3,2,3,6,92857,550,529,1,NA,NA,NA,"FY970178",NA,1949,1,5,NA,2,NA,NA,NA,NA,,30,,3,2,,,2,2,1,,2,1,89055,198,199,1,NA,NA,NA,"FY965454",NA,1938,2,7,NA,2,NA,NA,NA,NA,28,22,364,4,4,194,370,2,1,1,228,3,1,89055,198,199,1,NA,NA,NA,"FY965454",NA,1938,2,7,NA,2,NA,NA,NA,NA,28,22,364,4,4,194,370,2,1,1,NA,NA,NA,NA,NA,NA,NA,NA,NA,NA,NA,NA,NA,NA,NA,NA,NA,NA,NA,NA,NA,NA,NA,NA,NA
"9",230,219187,323,1,NA,NA,,,,26,NA,NA,NA,NA,NA,NA,,NA,1,"FY909832",NA,33,NA,NA,2,7,2,1,54,25,80,NA,NA,NA,NA,55,17,NA,NA,NA,NA,NA,NA,1,NA,NA,10,NA,NA,NA,NA,NA,10,NA,NA,4,7,2,6,1,7,NA,3,NA,NA,NA,NA,1,66,NA,NA,1,1,NA,NA,NA,NA,NA,NA,NA,NA,1,NA,1,NA,NA,NA,NA,NA,NA,NA,1,38,7,1,7,3,1,NA,NA,1,NA,17,60,60,80,90,95,80,1,1,3,NA,NA,2,9,2,9,1,NA,NA,0,0,0,0,0,0,0,0,22,27,2,1,3,1,3,NA,NA,NA,NA,10,10,0,8,9,2,NA,NA,NA,2,7,6,4,2,2,1,3,6,89227,249,252,1,NA,NA,NA,"FY909832",NA,1929,1,7,NA,2,NA,NA,NA,NA,,5,,1,5,,,2,1,1,,1,1,NA,NA,NA,NA,NA,NA,NA,NA,NA,NA,NA,NA,NA,NA,NA,NA,NA,NA,NA,NA,NA,NA,NA,NA,NA,NA,NA,NA,NA,NA,NA,NA,NA,NA,NA,NA,NA,NA,NA,NA,NA,NA,NA,NA,NA,NA,NA,NA,NA,NA,NA,NA,NA,NA,NA,NA,NA,NA,NA,NA,NA,NA,NA,NA,NA,NA,NA,NA,NA,NA,NA,NA,NA,NA,NA,NA,NA,NA,NA,NA,NA,NA,NA,NA
"10",229,219185,322,1,NA,NA,,,,26,,30,NA,NA,NA,NA,,NA,1,"FY990769",NA,17,NA,NA,1,NA,NA,2,NA,NA,NA,23,50,61,NA,NA,NA,57,62,NA,NA,NA,NA,2,3,1,NA,NA,NA,NA,NA,NA,NA,NA,NA,2,7,1,6,1,7,NA,3,1,NA,1,NA,NA,NA,NA,1,NA,1,NA,NA,NA,NA,NA,NA,NA,NA,NA,NA,NA,NA,NA,NA,NA,NA,NA,NA,NA,NA,4,2,1,5,1,NA,NA,1,NA,13,70,70,70,70,70,70,1,2,1,NA,NA,3,NA,1,7,2,3,4,NA,NA,NA,NA,NA,NA,NA,NA,16,10,10,1,2,4,3,NA,NA,NA,NA,5,2,2,2,3,1,NA,11,2,2,3,6,4,3,4,2,4,6,89155,173,175,1,NA,NA,NA,"FY990769",NA,1955,1,7,NA,2,NA,NA,NA,NA,,5,,1,5,,,2,2,1,,2,1,88906,45,63,1,NA,NA,NA,"FY994684",NA,1934,1,7,NA,2,NA,NA,NA,NA,80,5,201,4,4,179,285,2,2,1,157,1,1,88906,45,63,1,NA,NA,NA,"FY994684",NA,1934,1,7,NA,2,NA,NA,NA,NA,80,5,201,4,4,179,285,2,2,1,NA,NA,NA,NA,NA,NA,NA,NA,NA,NA,NA,NA,NA,NA,NA,NA,NA,NA,NA,NA,NA,NA,NA,NA,NA
"11",228,219178,321,1,NA,NA,,,,26,,27,NA,NA,NA,NA,,NA,1,"FY988813",NA,38,NA,NA,1,NA,NA,1,63,8,9,NA,NA,NA,NA,17,7,NA,NA,NA,NA,NA,NA,2,5,4,NA,NA,NA,NA,NA,NA,NA,NA,NA,1,7,1,7,1,4,NA,3,NA,1,NA,NA,NA,NA,NA,NA,1,NA,NA,NA,NA,NA,NA,NA,NA,NA,1,NA,1,NA,NA,NA,NA,NA,NA,NA,NA,NA,7,3,5,2,1,NA,NA,2,NA,13,40,70,70,70,70,60,1,1,3,NA,NA,4,5,2,7,1,3,4,NA,NA,NA,NA,NA,NA,NA,NA,12,27,15,2,NA,NA,NA,3,1,3,3,8,10,10,10,7,4,NA,4,2,2,6,4,4,4,1,2,2,7,88859,14,12,1,NA,NA,NA,"FY988813",NA,1927,2,7,NA,2,NA,NA,NA,NA,,31,,1,5,,NA,2,1,1,,2,2,NA,NA,NA,NA,NA,NA,NA,NA,NA,NA,NA,NA,NA,NA,NA,NA,NA,NA,NA,NA,NA,NA,NA,NA,NA,NA,NA,NA,NA,NA,NA,NA,NA,NA,NA,NA,NA,NA,NA,NA,NA,NA,NA,NA,NA,NA,NA,NA,NA,NA,NA,NA,NA,NA,NA,NA,NA,NA,NA,NA,NA,NA,NA,NA,NA,NA,NA,NA,NA,NA,NA,NA,NA,NA,NA,NA,NA,NA,NA,NA,NA,NA,NA,NA
"12",227,219166,321,1,NA,NA,,,,26,,32,,NA,NA,NA,,NA,1,"FY978718",NA,11,NA,NA,1,NA,NA,1,15,30,62,NA,NA,NA,NA,24,40,NA,NA,NA,NA,NA,NA,1,NA,NA,6,NA,NA,NA,NA,NA,8,NA,NA,1,6,3,6,1,5,NA,8,NA,NA,NA,NA,NA,NA,NA,NA,1,NA,NA,NA,NA,1,1,1,1,NA,1,NA,NA,NA,NA,NA,NA,NA,NA,1,NA,NA,7,3,NA,7,1,NA,NA,2,NA,14,40,80,75,75,75,60,2,NA,NA,6,39,1,0,2,6,2,NA,NA,0,0,7,0,0,0,5,7,7,27,5,1,2,1,3,NA,NA,NA,NA,8,10,8,6,6,1,NA,11,2,5,3,5,2,2,2,1,2,6,89832,462,448,1,NA,NA,NA,"FY978718",NA,1946,1,7,NA,2,NA,NA,NA,NA,,8,,1,7,,NA,1,2,2,,3,1,NA,NA,NA,NA,NA,NA,NA,NA,NA,NA,NA,NA,NA,NA,NA,NA,NA,NA,NA,NA,NA,NA,NA,NA,NA,NA,NA,NA,NA,NA,NA,NA,NA,NA,NA,NA,NA,NA,NA,NA,NA,NA,NA,NA,NA,NA,NA,NA,NA,NA,NA,NA,NA,NA,NA,NA,NA,NA,NA,NA,NA,NA,NA,NA,NA,NA,NA,NA,NA,NA,NA,NA,NA,NA,NA,NA,NA,NA,NA,NA,NA,NA,NA,NA
"13",226,219158,319,1,NA,NA,,,,26,NA,NA,NA,NA,NA,NA,,NA,1,"FY970694",NA,7,NA,NA,1,NA,NA,2,NA,NA,NA,42,62,NA,NA,NA,NA,NA,56,NA,NA,NA,1,1,NA,NA,5,NA,NA,NA,NA,NA,5,NA,NA,1,7,4,6,1,3,NA,8,NA,NA,NA,NA,1,111,NA,NA,NA,NA,1,NA,33,NA,NA,NA,NA,1,NA,30,NA,NA,NA,1,29,1,NA,NA,1,53,0,5,6,4,1,NA,NA,2,NA,3,50,60,50,85,60,50,2,NA,NA,32,20,1,5,2,7,6,NA,NA,0,0,5,5,0,0,5,5,27,19,20,1,3,1,3,NA,NA,NA,NA,10,10,10,10,10,1,NA,11,2,3,5,6,5,4,4,2,4,4,89267,265,267,1,NA,NA,NA,"FY970694",NA,1956,1,3,NA,2,NA,NA,NA,NA,,9,,1,7,,,2,2,2,,1,1,NA,NA,NA,NA,NA,NA,NA,NA,NA,NA,NA,NA,NA,NA,NA,NA,NA,NA,NA,NA,NA,NA,NA,NA,NA,NA,NA,NA,NA,NA,NA,NA,NA,NA,NA,NA,NA,NA,NA,NA,NA,NA,NA,NA,NA,NA,NA,NA,NA,NA,NA,NA,NA,NA,NA,NA,NA,NA,NA,NA,NA,NA,NA,NA,NA,NA,NA,NA,NA,NA,NA,NA,NA,NA,NA,NA,NA,NA,NA,NA,NA,NA,NA,NA
"14",225,219156,320,1,NA,NA,,,,26,,49,NA,NA,NA,NA,,NA,1,"FY963541",NA,53,NA,NA,1,NA,NA,1,51,NA,43,NA,NA,NA,NA,69,20,NA,NA,NA,NA,NA,NA,1,NA,NA,10,0,0,0,NA,5,5,5,5,7,5,1,1,2,7,NA,5,NA,NA,NA,1,NA,NA,NA,1,NA,1,NA,NA,NA,NA,NA,NA,NA,NA,1,NA,1,NA,NA,NA,NA,NA,NA,1,NA,NA,5,4,4,6,4,NA,2,NA,NA,8,85,30,100,40,100,15,1,3,3,NA,NA,2,8,2,8,2,NA,NA,8,2,5,3,8,2,7,2,27,17,23,1,3,1,3,NA,NA,NA,NA,7,10,1,3,8,4,NA,3,4,3,6,5,5,4,3,2,4,5,92851,547,522,1,NA,NA,NA,"FY963541",NA,1961,1,7,NA,2,NA,NA,NA,NA,,43,,4,2,,,1,2,1,,1,1,88910,65,67,1,NA,NA,NA,"FY981760",NA,1981,1,7,NA,2,NA,NA,NA,NA,76,5,12,1,5,324,147,2,NA,2,149,2,1,88910,65,67,1,NA,NA,NA,"FY981760",NA,1981,1,7,NA,2,NA,NA,NA,NA,76,5,12,1,5,324,147,2,NA,2,NA,NA,NA,NA,NA,NA,NA,NA,NA,NA,NA,NA,NA,NA,NA,NA,NA,NA,NA,NA,NA,NA,NA,NA,NA
"15",223,219149,317,1,NA,NA,,,,26,,63,NA,NA,NA,NA,,NA,1,"FY944717",NA,20,NA,NA,2,10,8,1,54,31,80,NA,NA,NA,NA,55,57,NA,NA,NA,NA,NA,NA,2,2,4,NA,NA,NA,NA,NA,NA,NA,NA,NA,2,7,1,2,1,5,NA,6,NA,NA,NA,NA,NA,NA,NA,NA,NA,NA,NA,NA,NA,NA,NA,NA,NA,NA,NA,NA,1,NA,NA,NA,NA,NA,NA,NA,1,26,0,5,0,7,2,NA,NA,NA,1,10,30,40,50,50,70,15,1,1,3,NA,NA,1,2,2,8,2,1,2,NA,NA,NA,NA,NA,NA,NA,NA,12,17,10,1,3,1,3,NA,NA,NA,NA,5,10,1,10,10,3,12,NA,NA,5,3,4,5,4,3,3,3,5,88883,30,25,1,NA,NA,NA,"FY944717",NA,1959,2,7,NA,2,NA,NA,NA,NA,,5,,2,1,,,1,2,2,,1,1,88845,42,39,1,NA,NA,NA,"FY940745",NA,1977,1,7,NA,2,NA,NA,NA,NA,61,6,132,4,2,162,251,2,2,1,115,3,1,88845,42,39,1,NA,NA,NA,"FY940745",NA,1977,1,7,NA,2,NA,NA,NA,NA,61,6,132,4,2,162,251,2,2,1,NA,NA,NA,NA,NA,NA,NA,NA,NA,NA,NA,NA,NA,NA,NA,NA,NA,NA,NA,NA,NA,NA,NA,NA,NA
"16",222,219144,318,1,NA,NA,,,,26,,36,NA,NA,NA,NA,,NA,1,"FY954744",NA,23,NA,NA,1,NA,NA,1,NA,NA,4,NA,NA,NA,NA,NA,NA,NA,NA,2,NA,2,NA,2,3,1,NA,NA,NA,NA,NA,NA,NA,NA,NA,2,6,3,7,2,5,NA,6,NA,NA,NA,NA,1,132,NA,NA,NA,NA,NA,NA,NA,NA,NA,NA,NA,NA,NA,NA,NA,NA,NA,NA,NA,NA,NA,1,NA,NA,0,3,6,6,3,11,NA,NA,NA,15,40,40,60,90,70,65,2,NA,NA,1,28,1,4,1,4,2,1,2,NA,NA,NA,NA,NA,NA,NA,NA,22,13,29,1,2,2,2,NA,NA,NA,NA,9,10,4,10,10,3,3,9,3,3,5,6,5,3,5,3,6,3,88932,57,55,1,NA,NA,NA,"FY954744",NA,1984,2,3,NA,2,NA,NA,NA,NA,,12,,3,3,,,2,2,2,,2,1,NA,NA,NA,NA,NA,NA,NA,NA,NA,NA,NA,NA,NA,NA,NA,NA,NA,NA,NA,NA,NA,NA,NA,NA,NA,NA,NA,NA,NA,NA,NA,NA,NA,NA,NA,NA,NA,NA,NA,NA,NA,NA,NA,NA,NA,NA,NA,NA,NA,NA,NA,NA,NA,NA,NA,NA,NA,NA,NA,NA,NA,NA,NA,NA,NA,NA,NA,NA,NA,NA,NA,NA,NA,NA,NA,NA,NA,NA,NA,NA,NA,NA,NA,NA
"17",273,219611,58,1,NA,NA,,,,26,,59,NA,NA,NA,NA,,NA,1,"FY915175",NA,38,NA,NA,1,NA,NA,2,NA,NA,NA,NA,NA,7,NA,NA,NA,NA,NA,NA,1,NA,3,2,5,4,NA,NA,NA,NA,NA,NA,NA,NA,NA,1,7,3,5,1,6,NA,3,NA,1,NA,NA,1,78,NA,NA,NA,NA,NA,NA,NA,NA,NA,NA,NA,NA,NA,NA,NA,NA,NA,NA,NA,NA,NA,NA,1,70,0,4,5,6,1,NA,NA,2,NA,8,16,60,50,50,50,40,1,1,3,NA,NA,1,4,2,4,3,1,4,NA,NA,NA,NA,NA,NA,NA,NA,24,27,27,2,NA,NA,NA,3,4,3,3,8,10,9,1,9,1,NA,10,5,3,7,6,5,5,1,1,3,6,89084,219,225,1,NA,NA,NA,"FY915175",NA,1941,2,7,NA,2,NA,NA,NA,NA,,31,,1,5,,,2,2,2,,3,2,NA,NA,NA,NA,NA,NA,NA,NA,NA,NA,NA,NA,NA,NA,NA,NA,NA,NA,NA,NA,NA,NA,NA,NA,NA,NA,NA,NA,NA,NA,NA,NA,NA,NA,NA,NA,NA,NA,NA,NA,NA,NA,NA,NA,NA,NA,NA,NA,NA,NA,NA,NA,NA,NA,NA,NA,NA,NA,NA,NA,NA,NA,NA,NA,NA,NA,NA,NA,NA,NA,NA,NA,NA,NA,NA,NA,NA,NA,NA,NA,NA,NA,NA,NA
"18",272,219585,57,1,NA,NA,,,,26,,39,,NA,NA,NA,,NA,1,"FY904267",NA,30,NA,NA,2,2,11,2,NA,NA,NA,NA,71,NA,NA,NA,NA,NA,NA,NA,2,NA,1,1,NA,NA,0,0,10,0,NA,0,0,0,0,6,5,1,2,3,6,NA,7,NA,NA,1,NA,1,80,NA,NA,NA,NA,1,NA,23,1,1,1,NA,NA,1,NA,1,1,NA,NA,NA,NA,NA,1,NA,NA,7,4,5,4,2,NA,NA,NA,2,10,50,30,50,50,50,30,1,2,2,NA,NA,4,8,1,5,2,NA,NA,3,2,5,8,1,2,5,5,31,4,5,1,3,1,3,NA,NA,NA,NA,8,10,5,5,3,4,NA,NA,NA,4,5,3,3,2,4,4,4,4,88854,8,7,1,NA,NA,NA,"FY904267",NA,1980,1,7,NA,2,NA,NA,NA,NA,,5,,3,4,,NA,2,2,2,,2,1,NA,NA,NA,NA,NA,NA,NA,NA,NA,NA,NA,NA,NA,NA,NA,NA,NA,NA,NA,NA,NA,NA,NA,NA,NA,NA,NA,NA,NA,NA,NA,NA,NA,NA,NA,NA,NA,NA,NA,NA,NA,NA,NA,NA,NA,NA,NA,NA,NA,NA,NA,NA,NA,NA,NA,NA,NA,NA,NA,NA,NA,NA,NA,NA,NA,NA,NA,NA,NA,NA,NA,NA,NA,NA,NA,NA,NA,NA,NA,NA,NA,NA,NA,NA
"19",271,219572,56,1,NA,NA,,,,25,,41,NA,NA,NA,NA,,NA,1,"FY936458",NA,111,NA,NA,1,NA,NA,1,77,33,86,NA,NA,NA,NA,66,70,NA,NA,NA,NA,NA,NA,1,NA,NA,0,0,0,0,NA,NA,10,NA,NA,2,7,1,6,1,7,NA,6,1,1,NA,NA,NA,NA,NA,NA,1,NA,NA,NA,NA,NA,NA,NA,1,NA,1,NA,1,NA,NA,NA,NA,1,NA,1,NA,NA,0,2,1,5,2,NA,NA,NA,1,10,40,60,50,50,50,40,1,3,5,NA,NA,4,8,1,8,1,NA,NA,8,6,9,0,8,0,0,0,30,13,4,1,3,1,3,NA,NA,NA,NA,8,10,0,0,0,1,NA,4,2,2,1,5,4,2,1,1,1,7,89258,262,264,1,NA,NA,NA,"FY936458",NA,1969,2,7,NA,2,NA,NA,NA,NA,,31,,2,3,,,2,1,1,,3,1,88892,33,27,1,NA,NA,NA,"FY931806",NA,1944,1,7,NA,2,NA,NA,NA,NA,186,5,266,1,5,309,NA,2,2,1,188,3,1,88892,33,27,1,NA,NA,NA,"FY931806",NA,1944,1,7,NA,2,NA,NA,NA,NA,186,5,266,1,5,309,NA,2,2,1,NA,NA,NA,NA,NA,NA,NA,NA,NA,NA,NA,NA,NA,NA,NA,NA,NA,NA,NA,NA,NA,NA,NA,NA,NA
"20",270,219549,55,1,NA,NA,,,,7,,26,NA,NA,NA,NA,,NA,1,"FY958154",NA,25,NA,NA,2,4,2,1,NA,31,NA,NA,NA,NA,NA,64,NA,NA,NA,NA,NA,2,NA,1,NA,NA,8,0,0,0,NA,0,0,0,0,1,7,3,7,1,4,NA,8,NA,1,1,NA,NA,NA,NA,NA,NA,NA,1,NA,19,NA,NA,NA,NA,NA,1,NA,NA,NA,NA,NA,NA,NA,NA,1,NA,NA,7,1,7,3,1,NA,NA,1,NA,13,40,85,70,80,70,70,2,NA,NA,8,3,3,NA,1,8,4,NA,NA,0,0,0,0,0,0,0,0,12,27,5,2,NA,NA,NA,3,1,3,4,10,0,0,0,5,1,NA,NA,NA,2,1,7,4,5,1,1,4,5,89047,152,155,1,NA,NA,NA,"FY958154",NA,1942,1,7,NA,2,NA,NA,NA,NA,,5,,1,7,,,1,2,1,,2,1,88925,52,49,1,NA,NA,NA,"FY972641",NA,1973,1,3,NA,1,2,33,91,57,NA,NA,225,2,3,128,345,2,2,2,168,3,1,88925,52,49,1,NA,NA,NA,"FY972641",NA,1973,1,3,NA,1,2,33,91,57,NA,NA,225,2,3,128,345,2,2,2,NA,NA,NA,NA,NA,NA,NA,NA,NA,NA,NA,NA,NA,NA,NA,NA,NA,NA,NA,NA,NA,NA,NA,NA,NA
"21",268,219533,54,1,NA,NA,,,,26,,44,NA,NA,NA,NA,,NA,1,"FY925412",NA,24,NA,NA,2,11,5,2,NA,NA,NA,19,62,8,NA,NA,NA,44,65,NA,NA,NA,NA,1,NA,NA,7,2,0,0,NA,0,0,0,0,2,5,2,6,2,5,NA,3,1,1,NA,NA,NA,NA,NA,NA,NA,NA,NA,NA,NA,NA,NA,NA,NA,1,NA,36,NA,NA,NA,NA,NA,NA,NA,NA,1,19,4,3,1,5,1,NA,NA,1,NA,15,41,75,80,80,75,40,2,NA,NA,23,49,3,NA,1,9,2,NA,NA,0,0,2,3,5,0,5,0,27,14,10,2,NA,NA,NA,2,1,3,3,7,9,0,0,5,2,NA,NA,NA,2,5,5,3,2,2,2,2,6,89103,230,233,1,NA,NA,NA,"FY925412",NA,1978,2,7,NA,2,NA,NA,NA,NA,,23,,1,5,,,2,1,2,,2,1,88940,64,64,1,NA,NA,NA,"FY997031",NA,1958,2,5,NA,2,NA,NA,NA,NA,9,23,422,1,7,267,386,2,1,1,50,3,1,88940,64,64,1,NA,NA,NA,"FY997031",NA,1958,2,5,NA,2,NA,NA,NA,NA,9,23,422,1,7,267,386,2,1,1,NA,NA,NA,NA,NA,NA,NA,NA,NA,NA,NA,NA,NA,NA,NA,NA,NA,NA,NA,NA,NA,NA,NA,NA,NA
"22",155,218701,267,1,NA,NA,,,,26,,27,,NA,NA,NA,,NA,1,"FY966744",NA,3,NA,NA,2,NA,NA,1,NA,NA,NA,NA,NA,NA,NA,NA,NA,NA,NA,NA,NA,NA,NA,2,NA,3,NA,NA,NA,NA,NA,NA,NA,NA,NA,NA,NA,NA,NA,NA,6,NA,7,NA,NA,NA,NA,NA,NA,NA,NA,NA,NA,NA,NA,NA,NA,NA,NA,NA,NA,NA,NA,NA,NA,NA,NA,NA,NA,NA,NA,NA,NA,NA,NA,NA,5,NA,NA,NA,NA,NA,NA,NA,NA,NA,NA,NA,NA,1,NA,NA,NA,NA,NA,NA,NA,NA,NA,NA,NA,NA,NA,NA,NA,NA,NA,NA,NA,NA,NA,NA,2,NA,NA,NA,NA,NA,NA,NA,NA,NA,NA,NA,NA,2,NA,NA,NA,NA,NA,NA,NA,NA,NA,NA,NA,NA,NA,NA,NA,NA,NA,NA,NA,NA,NA,NA,NA,NA,NA,NA,NA,NA,NA,NA,NA,NA,NA,NA,NA,NA,NA,NA,NA,NA,NA,NA,NA,NA,NA,NA,NA,NA,NA,NA,NA,NA,NA,NA,NA,NA,NA,NA,NA,NA,NA,NA,NA,NA,NA,NA,NA,NA,NA,NA,NA,NA,NA,NA,NA,NA,NA,NA,NA,NA,NA,NA,NA,NA,NA,NA,NA,NA,NA,NA,NA,NA,NA,NA,NA,NA,NA,NA,NA,NA,NA,NA,NA,NA,NA,NA,NA,NA,NA,NA,NA,NA,NA,NA,NA,NA,NA,NA,NA,NA,NA,NA,NA,NA,NA,NA,NA
"23",297,220796,34,1,NA,NA,,,,26,,56,,NA,NA,NA,,NA,1,"FY956131",NA,40,NA,NA,1,NA,NA,2,NA,NA,NA,NA,NA,NA,NA,NA,NA,NA,NA,NA,2,NA,1,1,NA,NA,0,0,0,0,NA,0,0,0,0,2,6,2,6,2,6,NA,6,NA,1,NA,NA,1,8,NA,NA,NA,1,NA,NA,NA,NA,NA,NA,NA,NA,NA,NA,NA,NA,NA,NA,NA,NA,NA,1,NA,NA,3,4,6,4,1,NA,NA,2,NA,10,15,70,50,50,50,40,2,NA,NA,NA,28,1,1,1,10,6,NA,NA,0,0,5,0,0,0,5,5,16,4,20,2,NA,NA,NA,3,1,3,3,6,10,9,10,9,1,NA,12,2,6,6,3,5,5,2,1,3,6,88999,108,111,1,NA,NA,NA,"FY956131",NA,1957,1,7,NA,2,NA,NA,NA,NA,,31,,1,5,,NA,2,2,1,,3,1,88841,29,39,1,NA,NA,NA,"FY988481",NA,1971,2,4,NA,2,NA,NA,NA,NA,16,11,262,2,3,328,271,2,1,1,103,3,1,88841,29,39,1,NA,NA,NA,"FY988481",NA,1971,2,4,NA,2,NA,NA,NA,NA,16,11,262,2,3,328,271,2,1,1,NA,NA,NA,NA,NA,NA,NA,NA,NA,NA,NA,NA,NA,NA,NA,NA,NA,NA,NA,NA,NA,NA,NA,NA,NA
"24",296,220778,33,1,NA,NA,,,,7,,22,NA,NA,NA,NA,,NA,1,"FY946844",NA,15,NA,NA,2,10,3,1,54,31,81,NA,NA,NA,NA,9,57,NA,NA,NA,NA,NA,NA,1,NA,NA,2,2,2,0,NA,1,7,2,2,2,7,4,7,1,3,NA,3,NA,1,NA,NA,NA,NA,NA,NA,NA,NA,NA,NA,NA,NA,NA,NA,1,NA,1,NA,NA,NA,NA,NA,NA,1,NA,1,NA,NA,0,5,5,3,1,NA,NA,2,NA,8,15,70,70,50,70,40,2,NA,NA,32,29,1,3,2,9,1,NA,NA,3,0,7,4,1,0,1,5,12,5,5,1,3,1,3,NA,NA,NA,NA,9,9,0,0,8,1,NA,NA,NA,2,5,2,2,3,2,2,2,6,90151,485,472,1,NA,NA,NA,"FY946844",NA,1955,2,7,NA,2,NA,NA,NA,NA,,14,,1,7,,,2,1,1,,2,1,88984,99,100,1,NA,NA,NA,"FY967253",NA,1960,2,7,NA,1,2,32,NA,NA,NA,NA,NA,3,1,124,15,2,2,1,195,3,1,88984,99,100,1,NA,NA,NA,"FY967253",NA,1960,2,7,NA,1,2,32,NA,NA,NA,NA,NA,3,1,124,15,2,2,1,NA,NA,NA,NA,NA,NA,NA,NA,NA,NA,NA,NA,NA,NA,NA,NA,NA,NA,NA,NA,NA,NA,NA,NA,NA
"25",295,220748,36,1,NA,NA,,,,26,,58,,NA,NA,NA,,NA,1,"FY931086",NA,29,NA,NA,1,NA,NA,1,NA,NA,NA,NA,NA,NA,NA,NA,NA,NA,NA,2,NA,2,NA,1,NA,NA,0,0,0,0,NA,0,0,0,0,4,5,1,5,2,6,NA,5,NA,NA,NA,NA,NA,NA,NA,NA,NA,NA,NA,NA,NA,NA,NA,NA,NA,NA,NA,NA,NA,NA,NA,NA,NA,NA,NA,1,NA,NA,0,NA,0,6,4,NA,1,NA,NA,16,85,85,85,85,85,70,1,3,3,NA,NA,3,NA,2,5,2,NA,NA,3,5,6,5,5,2,8,5,19,5,5,2,NA,NA,NA,3,3,3,3,3,9,0,0,1,4,NA,1,7,3,5,5,4,5,4,3,5,3,90118,484,471,1,NA,NA,NA,"FY931086",NA,1965,1,3,NA,2,NA,NA,NA,NA,,12,,4,2,NA,,1,2,1,,1,1,89091,224,224,1,NA,NA,NA,"FY995889",NA,1970,1,7,NA,2,NA,NA,NA,NA,158,27,352,1,3,40,28,2,2,2,33,3,1,89091,224,224,1,NA,NA,NA,"FY995889",NA,1970,1,7,NA,2,NA,NA,NA,NA,158,27,352,1,3,40,28,2,2,2,NA,NA,NA,NA,NA,NA,NA,NA,NA,NA,NA,NA,NA,NA,NA,NA,NA,NA,NA,NA,NA,NA,NA,NA,NA
"26",294,220733,32,1,NA,NA,,,,13,,10,NA,NA,NA,NA,,NA,1,"FY977741",NA,21,NA,NA,1,NA,NA,1,NA,31,NA,NA,NA,NA,NA,64,NA,NA,NA,NA,NA,2,NA,2,5,1,NA,NA,NA,NA,NA,NA,NA,NA,NA,1,4,2,6,1,2,NA,3,1,NA,NA,NA,NA,NA,NA,NA,1,NA,NA,NA,NA,NA,NA,NA,1,NA,1,NA,NA,NA,NA,NA,NA,NA,NA,NA,NA,NA,7,4,3,6,2,NA,NA,NA,1,17,80,90,50,90,90,70,1,2,2,NA,NA,1,5,4,NA,2,3,2,NA,NA,NA,NA,NA,NA,NA,NA,24,8,17,2,NA,NA,NA,3,1,3,3,9,8,8,8,8,1,NA,12,2,5,3,3,5,6,1,1,2,3,89025,129,133,1,NA,NA,NA,"FY977741",NA,1956,2,7,NA,1,1,2,,,NA,NA,,2,7,,,2,1,1,,2,1,NA,NA,NA,NA,NA,NA,NA,NA,NA,NA,NA,NA,NA,NA,NA,NA,NA,NA,NA,NA,NA,NA,NA,NA,NA,NA,NA,NA,NA,NA,NA,NA,NA,NA,NA,NA,NA,NA,NA,NA,NA,NA,NA,NA,NA,NA,NA,NA,NA,NA,NA,NA,NA,NA,NA,NA,NA,NA,NA,NA,NA,NA,NA,NA,NA,NA,NA,NA,NA,NA,NA,NA,NA,NA,NA,NA,NA,NA,NA,NA,NA,NA,NA,NA
"27",293,220729,30,1,NA,NA,,,,25,,64,NA,NA,NA,NA,,NA,1,"FY972040",NA,24,NA,NA,2,11,3,2,NA,NA,NA,42,8,47,NA,NA,NA,NA,12,NA,NA,NA,1,2,5,4,NA,NA,NA,NA,NA,NA,NA,NA,NA,1,5,3,4,2,4,NA,6,NA,NA,NA,NA,1,45,NA,NA,NA,NA,1,NA,2,NA,NA,NA,1,NA,NA,NA,1,NA,NA,NA,NA,NA,NA,1,NA,NA,0,3,1,8,1,NA,NA,1,NA,17,80,90,90,90,90,90,1,1,3,NA,NA,3,NA,4,NA,1,3,4,NA,NA,NA,NA,NA,NA,NA,NA,22,27,15,1,3,1,3,NA,NA,NA,NA,6,0,5,5,10,1,NA,NA,NA,4,2,6,5,5,2,2,3,5,89042,144,145,1,NA,NA,NA,"FY972040",NA,1966,2,7,NA,2,NA,NA,NA,NA,,21,,1,5,,,2,1,1,,3,1,88876,23,19,1,NA,NA,NA,"FY996119",NA,1984,1,1,14,2,NA,NA,NA,NA,69,14,113,1,7,332,236,1,2,2,125,2,1,88876,23,19,1,NA,NA,NA,"FY996119",NA,1984,1,1,14,2,NA,NA,NA,NA,69,14,113,1,7,332,236,1,2,2,NA,NA,NA,NA,NA,NA,NA,NA,NA,NA,NA,NA,NA,NA,NA,NA,NA,NA,NA,NA,NA,NA,NA,NA,NA
"28",292,220728,31,1,NA,NA,,,,1,,18,NA,NA,NA,NA,,NA,1,"FY912192",NA,64,NA,NA,2,12,1,2,NA,NA,NA,NA,71,NA,NA,NA,NA,NA,25,NA,NA,NA,1,2,5,1,NA,NA,NA,NA,NA,NA,NA,NA,NA,2,7,1,5,2,5,NA,8,NA,NA,NA,NA,1,52,NA,NA,NA,NA,1,NA,2,NA,NA,NA,NA,NA,NA,NA,NA,NA,NA,NA,NA,NA,NA,NA,NA,NA,6,3,3,7,1,NA,NA,2,NA,14,35,65,50,50,50,50,2,NA,NA,24,28,2,5,1,5,6,1,4,NA,NA,NA,NA,NA,NA,NA,NA,12,5,15,2,NA,NA,NA,3,1,3,3,8,0,7,2,1,4,NA,NA,NA,3,4,7,6,3,1,2,1,6,89048,154,NA,1,NA,NA,NA,"FY912192",NA,1935,2,7,NA,2,NA,NA,NA,NA,,25,,NA,NA,NA,NA,NA,NA,NA,NA,NA,NA,NA,NA,NA,NA,NA,NA,NA,NA,NA,NA,NA,NA,NA,NA,NA,NA,NA,NA,NA,NA,NA,NA,NA,NA,NA,NA,NA,NA,NA,NA,NA,NA,NA,NA,NA,NA,NA,NA,NA,NA,NA,NA,NA,NA,NA,NA,NA,NA,NA,NA,NA,NA,NA,NA,NA,NA,NA,NA,NA,NA,NA,NA,NA,NA,NA,NA,NA,NA,NA,NA,NA,NA,NA,NA,NA,NA,NA,NA,NA,NA,NA,NA,NA,NA
"29",161,218963,270,1,NA,NA,,,,26,,44,,NA,NA,NA,,NA,1,"FY956139",NA,15,NA,NA,1,NA,NA,2,NA,NA,NA,NA,NA,NA,NA,NA,NA,NA,NA,NA,2,NA,1,2,NA,4,NA,NA,NA,NA,NA,NA,NA,NA,NA,1,7,1,4,7,1,NA,4,1,1,1,1,1,111,NA,NA,NA,NA,NA,NA,NA,NA,NA,NA,NA,NA,NA,NA,1,NA,NA,NA,NA,NA,NA,1,NA,NA,0,5,6,7,2,NA,NA,NA,1,10,15,85,50,50,50,50,2,NA,NA,19,46,3,NA,1,7,1,2,2,NA,NA,NA,NA,NA,NA,NA,NA,30,27,4,1,3,1,3,NA,NA,NA,NA,5,10,10,10,10,2,NA,4,2,4,4,7,4,4,4,4,4,4,88852,6,60,1,NA,NA,NA,"FY956139",NA,1953,2,7,NA,2,NA,NA,NA,NA,,33,,2,1,,,2,2,2,,2,2,88990,102,106,1,NA,NA,NA,"FY915795",NA,1942,1,7,NA,2,NA,NA,NA,NA,67,14,128,4,2,351,322,2,2,1,195,2,1,88990,102,106,1,NA,NA,NA,"FY915795",NA,1942,1,7,NA,2,NA,NA,NA,NA,67,14,128,4,2,351,322,2,2,1,NA,NA,NA,NA,NA,NA,NA,NA,NA,NA,NA,NA,NA,NA,NA,NA,NA,NA,NA,NA,NA,NA,NA,NA,NA
"30",162,218966,271,1,NA,NA,,,,26,,27,,NA,NA,NA,,NA,1,"FY924958",NA,16,NA,NA,2,11,5,2,NA,NA,NA,62,NA,NA,NA,NA,NA,NA,43,NA,NA,NA,1,2,5,4,NA,NA,NA,NA,NA,NA,NA,NA,NA,2,6,2,5,2,6,NA,6,NA,1,NA,NA,NA,NA,NA,NA,1,NA,NA,NA,NA,NA,NA,NA,NA,NA,NA,NA,NA,NA,NA,NA,NA,NA,NA,1,NA,NA,2,3,5,4,1,NA,NA,2,NA,6,60,40,25,25,25,40,1,2,3,NA,NA,3,2,2,8,2,3,2,NA,NA,NA,NA,NA,NA,NA,NA,7,13,26,2,NA,NA,NA,3,1,3,3,4,NA,10,10,10,1,NA,NA,NA,5,4,5,4,3,2,2,3,6,88953,75,75,1,NA,NA,NA,"FY924958",NA,1947,1,7,NA,2,NA,NA,NA,NA,,24,,1,3,,,2,2,1,,3,1,NA,NA,NA,NA,NA,NA,NA,NA,NA,NA,NA,NA,NA,NA,NA,NA,NA,NA,NA,NA,NA,NA,NA,NA,NA,NA,NA,NA,NA,NA,NA,NA,NA,NA,NA,NA,NA,NA,NA,NA,NA,NA,NA,NA,NA,NA,NA,NA,NA,NA,NA,NA,NA,NA,NA,NA,NA,NA,NA,NA,NA,NA,NA,NA,NA,NA,NA,NA,NA,NA,NA,NA,NA,NA,NA,NA,NA,NA,NA,NA,NA,NA,NA,NA
"31",163,218967,273,1,NA,NA,,,,26,,27,NA,NA,NA,NA,,NA,1,"FY933838",NA,27,NA,NA,2,4,2,1,52,11,52,NA,NA,NA,NA,30,55,NA,NA,NA,NA,NA,NA,1,NA,NA,10,0,0,0,NA,0,10,0,0,1,7,3,7,3,5,NA,3,NA,1,1,NA,NA,NA,NA,NA,NA,NA,NA,NA,NA,NA,NA,NA,1,NA,1,NA,1,NA,NA,NA,NA,1,NA,NA,NA,NA,0,NA,1,3,2,NA,NA,NA,1,10,15,85,50,50,50,40,1,1,2,NA,NA,1,2,2,7,1,NA,NA,0,0,0,0,2,0,5,5,12,20,5,2,NA,NA,NA,3,1,3,3,8,10,5,2,8,1,NA,NA,NA,1,5,2,2,2,2,4,4,5,89333,285,288,1,NA,NA,NA,"FY933838",NA,1947,2,7,NA,2,NA,NA,NA,NA,,8,,2,5,,,2,2,2,,3,2,89075,215,219,1,NA,NA,NA,"FY952230",NA,1980,1,7,NA,1,2,20,57,48,NA,NA,7,1,5,306,380,2,2,2,271,1,1,89075,215,219,1,NA,NA,NA,"FY952230",NA,1980,1,7,NA,1,2,20,57,48,NA,NA,7,1,5,306,380,2,2,2,NA,NA,NA,NA,NA,NA,NA,NA,NA,NA,NA,NA,NA,NA,NA,NA,NA,NA,NA,NA,NA,NA,NA,NA,NA
"32",164,218969,274,1,NA,NA,,,,26,,30,NA,NA,NA,NA,,NA,1,"FY956537",NA,6,NA,NA,2,12,2,2,NA,NA,NA,39,60,27,NA,NA,NA,39,30,NA,NA,NA,NA,2,5,4,NA,NA,NA,NA,NA,NA,NA,NA,NA,2,7,3,5,2,5,NA,3,1,1,1,NA,NA,NA,NA,NA,1,NA,NA,NA,NA,NA,1,NA,NA,NA,1,NA,1,NA,NA,NA,NA,1,NA,NA,1,46,2,4,6,2,1,NA,NA,2,NA,NA,15,60,NA,NA,50,50,1,2,3,NA,NA,1,1,1,2,2,3,4,NA,NA,NA,NA,NA,NA,NA,NA,23,17,10,1,1,1,3,NA,NA,NA,NA,8,10,10,10,10,2,NA,NA,NA,2,6,4,3,3,3,2,3,4,88897,37,33,1,NA,NA,NA,"FY956537",NA,1984,1,7,NA,2,NA,NA,NA,NA,,13,,1,5,,,2,2,2,,1,1,88999,108,111,1,NA,NA,NA,"FY956131",NA,1957,1,7,NA,2,NA,NA,NA,NA,156,31,16,1,5,308,NA,2,2,1,96,3,1,88999,108,111,1,NA,NA,NA,"FY956131",NA,1957,1,7,NA,2,NA,NA,NA,NA,156,31,16,1,5,308,NA,2,2,1,NA,NA,NA,NA,NA,NA,NA,NA,NA,NA,NA,NA,NA,NA,NA,NA,NA,NA,NA,NA,NA,NA,NA,NA,NA
"33",167,218972,268,1,NA,NA,,,,26,,27,,NA,NA,NA,,NA,1,"FY935576",NA,37,NA,NA,1,NA,NA,1,NA,29,NA,NA,NA,NA,NA,NA,NA,NA,NA,2,NA,2,NA,1,NA,NA,0,0,0,0,NA,0,0,0,0,3,7,1,1,1,7,NA,2,NA,1,NA,1,NA,NA,NA,1,NA,NA,NA,NA,NA,NA,NA,NA,NA,NA,NA,NA,1,NA,NA,NA,NA,NA,NA,NA,NA,NA,0,2,0,6,2,NA,NA,NA,1,4,50,60,85,40,50,10,2,NA,NA,18,6,2,1,1,2,2,NA,NA,5,8,5,5,7,5,5,5,16,19,15,1,3,1,3,NA,NA,NA,NA,1,8,0,5,2,1,NA,8,8,1,7,6,5,4,3,3,3,4,88842,29,38,1,NA,NA,NA,"FY935576",NA,1972,1,3,NA,2,NA,NA,NA,NA,,33,,1,3,,,1,2,2,,3,2,89097,236,238,1,NA,NA,NA,"FY934627",NA,1973,1,7,NA,2,NA,NA,NA,NA,18,42,387,1,5,124,199,2,2,2,86,3,1,89097,236,238,1,NA,NA,NA,"FY934627",NA,1973,1,7,NA,2,NA,NA,NA,NA,18,42,387,1,5,124,199,2,2,2,NA,NA,NA,NA,NA,NA,NA,NA,NA,NA,NA,NA,NA,NA,NA,NA,NA,NA,NA,NA,NA,NA,NA,NA,NA
"34",168,218973,272,1,NA,NA,,,,26,,44,,NA,NA,NA,,NA,1,"FY943443",NA,20,NA,NA,2,5,6,2,NA,NA,NA,35,59,11,NA,NA,NA,16,15,NA,NA,NA,NA,2,3,4,NA,NA,NA,NA,NA,NA,NA,NA,NA,6,7,1,1,1,7,NA,5,NA,1,NA,NA,NA,NA,NA,1,NA,NA,NA,NA,NA,NA,NA,NA,NA,NA,1,NA,1,NA,NA,NA,NA,NA,NA,NA,1,34,1,3,1,6,4,NA,1,NA,NA,3,70,40,100,100,100,0,2,NA,NA,3,41,2,6,3,10,1,3,4,NA,NA,NA,NA,NA,NA,NA,NA,12,5,18,2,NA,NA,NA,3,3,1,4,4,10,5,5,8,4,NA,NA,NA,3,3,5,5,5,2,2,3,7,92847,540,519,1,NA,NA,NA,"FY943443",NA,1963,1,1,,1,2,29,,,NA,NA,,4,2,,,2,2,2,,2,1,NA,NA,NA,NA,NA,NA,NA,NA,NA,NA,NA,NA,NA,NA,NA,NA,NA,NA,NA,NA,NA,NA,NA,NA,NA,NA,NA,NA,NA,NA,NA,NA,NA,NA,NA,NA,NA,NA,NA,NA,NA,NA,NA,NA,NA,NA,NA,NA,NA,NA,NA,NA,NA,NA,NA,NA,NA,NA,NA,NA,NA,NA,NA,NA,NA,NA,NA,NA,NA,NA,NA,NA,NA,NA,NA,NA,NA,NA,NA,NA,NA,NA,NA,NA
"35",171,218980,276,1,NA,NA,,,,26,,56,NA,NA,NA,NA,,NA,1,"FY952450",NA,24,NA,NA,1,NA,NA,2,NA,NA,NA,5,2,62,NA,NA,NA,32,30,NA,NA,NA,NA,1,NA,NA,5,2,6,0,NA,3,7,3,3,2,6,3,5,2,6,NA,3,NA,1,NA,NA,1,12,NA,NA,NA,NA,NA,NA,NA,NA,NA,NA,NA,1,NA,7,NA,NA,NA,NA,NA,NA,NA,NA,NA,NA,0,NA,5,5,1,NA,NA,1,NA,8,40,50,50,50,50,40,2,NA,NA,23,40,2,6,1,7,3,NA,NA,0,1,7,2,5,0,8,2,31,13,5,2,NA,NA,NA,3,1,3,3,7,10,1,2,3,2,NA,11,5,3,3,5,3,3,3,2,2,5,89184,188,188,1,NA,NA,NA,"FY952450",NA,1962,2,7,NA,2,NA,NA,NA,NA,,9,,1,5,,,2,2,2,,2,1,89116,245,247,1,NA,NA,NA,"FY932805",NA,1977,2,7,NA,2,NA,NA,NA,NA,116,29,311,1,5,290,283,1,1,1,228,2,2,89116,245,247,1,NA,NA,NA,"FY932805",NA,1977,2,7,NA,2,NA,NA,NA,NA,116,29,311,1,5,290,283,1,1,1,NA,NA,NA,NA,NA,NA,NA,NA,NA,NA,NA,NA,NA,NA,NA,NA,NA,NA,NA,NA,NA,NA,NA,NA,NA
"36",172,218982,277,1,NA,NA,,,,4,,20,NA,NA,NA,NA,,NA,1,"FY952925",NA,217,NA,NA,2,11,2,1,25,29,66,NA,NA,NA,NA,7,37,NA,NA,NA,NA,NA,NA,2,5,1,NA,NA,NA,NA,NA,NA,NA,NA,NA,1,7,1,5,1,6,NA,3,NA,1,NA,NA,NA,NA,NA,NA,NA,NA,NA,NA,NA,NA,NA,NA,1,NA,1,NA,NA,NA,NA,NA,NA,NA,NA,NA,NA,NA,0,4,0,5,1,NA,NA,2,NA,13,15,100,85,85,100,70,1,1,1,NA,NA,1,8,2,8,2,1,5,NA,NA,NA,NA,NA,NA,NA,NA,12,27,35,1,4,1,3,NA,NA,NA,NA,9,0,0,0,0,1,NA,NA,NA,3,5,4,4,4,3,3,3,5,NA,NA,NA,NA,NA,NA,NA,NA,NA,NA,NA,NA,NA,NA,NA,NA,NA,NA,NA,NA,NA,NA,NA,NA,NA,NA,NA,NA,NA,NA,NA,NA,NA,NA,NA,NA,NA,NA,NA,NA,NA,NA,NA,NA,NA,NA,NA,NA,NA,NA,NA,NA,NA,NA,NA,NA,NA,NA,NA,NA,NA,NA,NA,NA,NA,NA,NA,NA,NA,NA,NA,NA,NA,NA,NA,NA,NA,NA,NA,NA,NA,NA,NA,NA,NA,NA,NA,NA,NA,NA,NA,NA,NA,NA,NA,NA,NA,NA,NA,NA,NA,NA,NA,NA,NA,NA,NA,NA,NA,NA,NA,NA,NA,NA,NA
"37",173,218983,275,1,NA,NA,,,,26,,58,,NA,NA,NA,,NA,1,"FY931041",NA,23,NA,NA,2,9,6,2,NA,NA,NA,42,9,20,NA,NA,NA,11,22,NA,NA,NA,NA,1,NA,NA,5,NA,NA,NA,NA,NA,9,NA,NA,2,7,2,5,1,5,NA,4,NA,1,NA,NA,1,142,NA,NA,NA,NA,NA,NA,NA,NA,NA,NA,NA,NA,1,NA,1,NA,NA,NA,NA,NA,NA,1,NA,NA,1,4,2,5,1,NA,NA,1,NA,10,40,60,50,50,85,40,1,1,2,NA,NA,3,NA,2,6,2,NA,NA,1,0,6,1,5,0,8,0,16,19,5,2,NA,NA,NA,3,1,3,3,7,10,10,8,7,2,NA,NA,NA,1,2,4,3,3,3,2,4,5,88851,5,5,1,NA,NA,NA,"FY931041",NA,1945,1,7,NA,2,NA,NA,NA,NA,,13,,1,3,,,2,2,2,,1,2,NA,NA,NA,NA,NA,NA,NA,NA,NA,NA,NA,NA,NA,NA,NA,NA,NA,NA,NA,NA,NA,NA,NA,NA,NA,NA,NA,NA,NA,NA,NA,NA,NA,NA,NA,NA,NA,NA,NA,NA,NA,NA,NA,NA,NA,NA,NA,NA,NA,NA,NA,NA,NA,NA,NA,NA,NA,NA,NA,NA,NA,NA,NA,NA,NA,NA,NA,NA,NA,NA,NA,NA,NA,NA,NA,NA,NA,NA,NA,NA,NA,NA,NA,NA
"38",175,218986,278,1,NA,NA,,,,26,,58,NA,NA,NA,NA,,NA,1,"FY902812",NA,23,NA,NA,2,10,2,2,NA,NA,NA,NA,16,7,NA,NA,NA,NA,32,NA,NA,NA,1,2,4,4,NA,NA,NA,NA,NA,NA,NA,NA,NA,3,7,4,6,2,4,NA,3,NA,1,NA,NA,NA,NA,NA,NA,NA,NA,NA,NA,NA,NA,1,NA,NA,NA,1,NA,1,NA,NA,NA,NA,NA,NA,NA,NA,NA,0,5,0,5,2,NA,NA,NA,1,10,15,40,50,50,50,50,1,1,3,NA,NA,4,6,1,8,6,1,4,NA,NA,NA,NA,NA,NA,NA,NA,8,19,5,1,3,3,3,NA,NA,NA,NA,4,8,NA,10,10,3,21,NA,NA,1,6,3,4,4,2,1,4,6,89446,296,298,1,NA,NA,NA,"FY902812",NA,1972,1,7,NA,2,NA,NA,NA,NA,,36,,2,5,,NA,2,2,2,,2,2,88891,32,29,1,NA,NA,NA,"FY933759",NA,1944,2,7,NA,2,NA,NA,NA,NA,114,45,91,1,5,108,321,2,2,2,101,2,1,88891,32,29,1,NA,NA,NA,"FY933759",NA,1944,2,7,NA,2,NA,NA,NA,NA,114,45,91,1,5,108,321,2,2,2,NA,NA,NA,NA,NA,NA,NA,NA,NA,NA,NA,NA,NA,NA,NA,NA,NA,NA,NA,NA,NA,NA,NA,NA,NA
"39",176,218987,275,1,NA,NA,,,,26,,27,,NA,NA,NA,,NA,1,"FY955778",NA,35,NA,NA,1,NA,NA,1,71,39,36,NA,NA,NA,NA,9,43,NA,NA,NA,NA,NA,NA,2,3,1,NA,NA,NA,NA,NA,NA,NA,NA,NA,4,6,1,4,3,5,NA,4,1,1,NA,NA,NA,NA,NA,NA,NA,NA,NA,NA,NA,NA,NA,NA,1,1,NA,5,NA,NA,NA,NA,NA,NA,1,1,NA,NA,0,5,6,5,2,NA,NA,NA,3,10,10,10,60,50,50,20,2,NA,NA,40,30,3,NA,2,7,1,3,4,NA,NA,NA,NA,NA,NA,NA,NA,31,14,18,2,NA,NA,NA,3,1,3,3,8,10,0,5,3,4,NA,3,8,2,2,7,4,3,2,2,2,4,88867,17,14,1,NA,NA,NA,"FY955778",NA,1974,2,7,NA,2,NA,NA,NA,NA,,34,,2,1,,,2,1,1,,3,1,89040,142,143,1,NA,NA,NA,"FY900881",NA,1934,1,7,NA,2,NA,NA,NA,NA,191,5,459,1,5,170,55,2,2,1,253,2,1,89040,142,143,1,NA,NA,NA,"FY900881",NA,1934,1,7,NA,2,NA,NA,NA,NA,191,5,459,1,5,170,55,2,2,1,NA,NA,NA,NA,NA,NA,NA,NA,NA,NA,NA,NA,NA,NA,NA,NA,NA,NA,NA,NA,NA,NA,NA,NA,NA
"40",177,218988,281,1,NA,NA,,,,26,NA,NA,NA,NA,NA,NA,,NA,1,"FY934882",NA,17,NA,NA,1,NA,NA,1,56,31,36,NA,NA,NA,NA,9,59,NA,NA,NA,NA,NA,NA,2,5,4,NA,NA,NA,NA,NA,NA,NA,NA,NA,2,7,4,6,4,5,NA,3,NA,1,NA,NA,1,13,NA,NA,NA,NA,NA,NA,NA,NA,1,NA,NA,NA,NA,NA,1,NA,NA,1,44,1,NA,NA,NA,NA,6,3,5,3,1,NA,NA,2,NA,3,20,70,100,100,100,100,2,NA,NA,39,30,4,8,1,7,6,3,4,NA,NA,NA,NA,NA,NA,NA,NA,12,30,5,2,NA,NA,NA,3,1,3,3,8,10,10,10,6,1,NA,11,2,4,3,3,3,5,2,2,4,5,NA,NA,NA,NA,NA,NA,NA,NA,NA,NA,NA,NA,NA,NA,NA,NA,NA,NA,NA,NA,NA,NA,NA,NA,NA,NA,NA,NA,NA,NA,NA,88839,29,31,1,NA,NA,NA,"FY930562",NA,1955,1,7,NA,2,NA,NA,NA,NA,213,5,298,1,5,141,146,2,2,1,133,1,1,88839,29,31,1,NA,NA,NA,"FY930562",NA,1955,1,7,NA,2,NA,NA,NA,NA,213,5,298,1,5,141,146,2,2,1,NA,NA,NA,NA,NA,NA,NA,NA,NA,NA,NA,NA,NA,NA,NA,NA,NA,NA,NA,NA,NA,NA,NA,NA,NA
"41",178,218989,283,1,NA,NA,,,,26,,67,NA,NA,NA,NA,,NA,1,"FY911262",NA,32,NA,NA,1,NA,NA,1,78,31,6,NA,NA,NA,NA,64,66,NA,NA,NA,NA,NA,NA,2,5,4,NA,NA,NA,NA,NA,NA,NA,NA,NA,3,7,2,5,1,4,NA,6,NA,NA,NA,NA,1,114,NA,NA,1,1,NA,NA,NA,NA,NA,NA,1,NA,1,NA,NA,NA,NA,NA,NA,NA,NA,1,NA,NA,1,4,1,3,2,NA,NA,NA,1,NA,10,65,NA,NA,85,NA,2,NA,NA,8,30,1,3,1,8,1,1,4,NA,NA,NA,NA,NA,NA,NA,NA,12,27,29,2,NA,NA,NA,3,1,3,3,4,10,2,5,4,1,NA,10,2,3,4,5,2,3,3,1,4,6,91027,509,492,1,NA,NA,NA,"FY911262",NA,1961,2,1,,2,NA,NA,NA,NA,,5,,2,3,,,2,2,2,,3,1,88862,15,12,1,NA,NA,NA,"FY954856",NA,1967,1,7,NA,2,NA,NA,NA,NA,62,23,10,1,5,252,210,2,2,2,214,3,1,88862,15,12,1,NA,NA,NA,"FY954856",NA,1967,1,7,NA,2,NA,NA,NA,NA,62,23,10,1,5,252,210,2,2,2,NA,NA,NA,NA,NA,NA,NA,NA,NA,NA,NA,NA,NA,NA,NA,NA,NA,NA,NA,NA,NA,NA,NA,NA,NA
"42",179,218990,279,1,NA,NA,,,,26,,27,NA,NA,NA,NA,,NA,1,"FY908065",NA,18,NA,NA,1,NA,NA,1,24,12,41,NA,NA,NA,NA,33,22,NA,NA,NA,NA,NA,NA,1,NA,NA,8,10,5,10,NA,10,5,10,10,1,6,2,6,2,4,NA,8,NA,1,NA,NA,1,85,NA,NA,NA,NA,NA,NA,NA,NA,1,NA,NA,NA,1,NA,NA,NA,NA,NA,NA,1,NA,1,NA,NA,6,3,3,8,1,NA,NA,2,NA,15,40,80,80,80,80,85,1,1,3,NA,NA,1,3,2,7,2,NA,NA,0,0,0,2,2,0,2,5,19,2,29,2,NA,NA,NA,3,3,3,3,7,10,7,7,7,2,NA,12,2,2,6,2,2,4,3,2,2,6,88938,61,61,1,NA,NA,NA,"FY908065",NA,1964,1,7,NA,2,NA,NA,NA,NA,,24,,1,7,,,2,2,1,,2,1,89076,217,220,1,NA,NA,NA,"FY943840",NA,1955,1,7,NA,2,NA,NA,NA,NA,81,23,65,3,5,165,5,2,1,2,86,2,2,89076,217,220,1,NA,NA,NA,"FY943840",NA,1955,1,7,NA,2,NA,NA,NA,NA,81,23,65,3,5,165,5,2,1,2,NA,NA,NA,NA,NA,NA,NA,NA,NA,NA,NA,NA,NA,NA,NA,NA,NA,NA,NA,NA,NA,NA,NA,NA,NA
"43",180,218991,285,1,NA,NA,,,,26,NA,NA,NA,NA,NA,NA,,NA,1,"FY994781",NA,70,NA,NA,2,7,2,1,47,NA,NA,NA,NA,NA,NA,55,NA,NA,NA,NA,NA,4,NA,1,NA,NA,5,NA,NA,NA,NA,NA,NA,NA,NA,1,5,2,5,2,5,NA,6,NA,NA,NA,NA,1,109,NA,NA,1,NA,NA,NA,NA,NA,NA,NA,NA,NA,NA,NA,NA,NA,NA,NA,NA,NA,NA,NA,NA,NA,7,3,7,5,1,NA,NA,1,NA,11,30,70,70,70,70,50,1,1,3,NA,NA,2,5,1,10,2,NA,NA,0,0,0,6,0,0,6,10,7,27,5,1,1,4,3,NA,NA,NA,NA,5,10,2,5,1,1,NA,NA,NA,1,1,4,3,3,4,2,3,5,88979,104,115,1,NA,NA,NA,"FY994781",NA,1931,1,7,NA,2,NA,NA,NA,NA,,42,,1,5,,,2,1,1,,2,2,88895,35,35,1,NA,NA,NA,"FY912395",NA,1943,2,7,NA,2,NA,NA,NA,NA,28,22,141,4,4,308,NA,2,1,1,139,3,1,88895,35,35,1,NA,NA,NA,"FY912395",NA,1943,2,7,NA,2,NA,NA,NA,NA,28,22,141,4,4,308,NA,2,1,1,NA,NA,NA,NA,NA,NA,NA,NA,NA,NA,NA,NA,NA,NA,NA,NA,NA,NA,NA,NA,NA,NA,NA,NA,NA
"44",181,218992,13,1,NA,NA,,,,26,,27,,NA,NA,NA,,NA,1,"FY955711",NA,11,NA,NA,2,11,2,1,55,31,100,NA,NA,NA,NA,9,18,NA,NA,NA,NA,NA,NA,2,4,4,NA,NA,NA,NA,NA,NA,NA,NA,NA,1,7,3,7,3,5,NA,3,NA,1,NA,NA,NA,NA,NA,NA,NA,NA,NA,NA,NA,NA,NA,NA,NA,NA,NA,NA,1,NA,NA,NA,NA,NA,NA,NA,NA,NA,0,3,5,3,1,NA,NA,2,NA,NA,0,50,50,NA,NA,NA,2,NA,NA,33,35,1,5,1,8,4,3,4,NA,NA,NA,NA,NA,NA,NA,NA,17,19,29,1,2,1,3,NA,NA,NA,NA,7,9,2,5,2,1,NA,NA,NA,5,6,4,4,2,2,1,3,5,88908,63,65,1,NA,NA,NA,"FY955711",NA,1982,1,3,NA,2,NA,NA,NA,NA,,5,,1,5,,,2,1,1,,2,1,NA,NA,NA,NA,NA,NA,NA,NA,NA,NA,NA,NA,NA,NA,NA,NA,NA,NA,NA,NA,NA,NA,NA,NA,NA,NA,NA,NA,NA,NA,NA,NA,NA,NA,NA,NA,NA,NA,NA,NA,NA,NA,NA,NA,NA,NA,NA,NA,NA,NA,NA,NA,NA,NA,NA,NA,NA,NA,NA,NA,NA,NA,NA,NA,NA,NA,NA,NA,NA,NA,NA,NA,NA,NA,NA,NA,NA,NA,NA,NA,NA,NA,NA,NA
"45",182,218993,284,1,NA,NA,,,,26,,27,,NA,NA,NA,,NA,1,"FY914314",NA,19,NA,NA,1,NA,NA,1,79,9,97,NA,NA,NA,NA,NA,6,NA,NA,1,NA,NA,NA,2,3,1,NA,NA,NA,NA,NA,NA,NA,NA,NA,3,5,1,6,5,8,NA,4,NA,1,1,NA,NA,NA,NA,NA,NA,NA,NA,NA,NA,NA,NA,NA,NA,NA,NA,NA,1,NA,NA,NA,NA,NA,NA,NA,NA,NA,0,2,5,8,2,NA,NA,NA,2,13,70,70,70,70,70,70,2,NA,NA,17,9,1,6,2,8,2,1,2,NA,NA,NA,NA,NA,NA,NA,NA,25,11,19,1,3,3,3,NA,NA,NA,NA,7,10,3,3,8,4,NA,9,2,4,4,4,5,2,2,2,4,4,89931,474,461,1,NA,NA,NA,"FY914314",NA,1959,1,7,NA,2,NA,NA,NA,NA,,5,,4,2,,,1,2,2,,2,2,NA,NA,NA,NA,NA,NA,NA,NA,NA,NA,NA,NA,NA,NA,NA,NA,NA,NA,NA,NA,NA,NA,NA,NA,NA,NA,NA,NA,NA,NA,NA,NA,NA,NA,NA,NA,NA,NA,NA,NA,NA,NA,NA,NA,NA,NA,NA,NA,NA,NA,NA,NA,NA,NA,NA,NA,NA,NA,NA,NA,NA,NA,NA,NA,NA,NA,NA,NA,NA,NA,NA,NA,NA,NA,NA,NA,NA,NA,NA,NA,NA,NA,NA,NA
"46",183,218994,282,1,NA,NA,,,,26,,27,NA,NA,NA,NA,,NA,1,"FY963040",NA,8,NA,NA,1,NA,NA,1,54,NA,NA,NA,NA,NA,NA,NA,NA,NA,NA,1,NA,2,NA,1,NA,NA,1,0,0,0,NA,0,1,0,0,1,7,2,5,1,5,NA,8,NA,NA,NA,NA,1,111,1,NA,NA,1,NA,1,NA,NA,NA,NA,1,NA,1,NA,1,NA,NA,NA,NA,NA,NA,1,NA,NA,0,2,1,1,1,NA,NA,2,NA,13,0,85,85,85,85,60,2,NA,NA,1,28,1,2,2,9,2,NA,NA,1,0,5,1,5,0,5,5,16,5,5,2,NA,NA,NA,3,3,3,3,4,10,9,10,2,2,NA,11,2,3,6,2,1,1,5,2,4,4,88831,4,15,1,NA,NA,NA,"FY963040",NA,1972,1,3,NA,1,2,26,,,NA,NA,,1,7,,,2,2,1,,1,2,88873,21,59,1,NA,NA,NA,"FY941254",NA,1969,1,7,NA,2,NA,NA,NA,NA,144,31,360,1,3,297,410,2,1,1,159,2,1,88873,21,59,1,NA,NA,NA,"FY941254",NA,1969,1,7,NA,2,NA,NA,NA,NA,144,31,360,1,3,297,410,2,1,1,NA,NA,NA,NA,NA,NA,NA,NA,NA,NA,NA,NA,NA,NA,NA,NA,NA,NA,NA,NA,NA,NA,NA,NA,NA
"47",184,218996,276,1,NA,NA,,,,26,,27,NA,NA,NA,NA,,NA,1,"FY915590",NA,8,NA,NA,2,10,3,2,NA,NA,NA,4,10,69,NA,NA,NA,31,50,NA,NA,NA,NA,2,3,1,NA,NA,NA,NA,NA,NA,NA,NA,NA,1,6,3,4,2,6,NA,5,NA,1,NA,NA,NA,NA,NA,NA,NA,NA,NA,1,NA,NA,NA,NA,NA,NA,1,NA,NA,NA,NA,NA,NA,NA,NA,NA,NA,NA,1,4,0,2,1,NA,NA,1,NA,16,50,50,85,70,80,70,2,NA,NA,36,3,1,3,2,8,2,5,2,NA,NA,NA,NA,NA,NA,NA,NA,31,24,27,1,4,4,4,NA,NA,NA,NA,7,5,1,1,1,2,NA,NA,NA,3,3,3,3,NA,3,3,3,3,89474,307,308,1,NA,NA,NA,"FY915590",NA,1987,2,3,NA,2,NA,NA,NA,NA,,5,,2,3,,,2,2,2,,1,1,89051,151,154,1,NA,NA,NA,"FY999401",NA,1949,1,7,NA,1,1,3,45,61,NA,NA,368,1,3,94,407,2,2,1,86,3,1,89051,151,154,1,NA,NA,NA,"FY999401",NA,1949,1,7,NA,1,1,3,45,61,NA,NA,368,1,3,94,407,2,2,1,NA,NA,NA,NA,NA,NA,NA,NA,NA,NA,NA,NA,NA,NA,NA,NA,NA,NA,NA,NA,NA,NA,NA,NA,NA
"48",185,218998,280,1,NA,NA,,,,26,NA,NA,NA,NA,NA,NA,,NA,1,"FY909789",NA,22,NA,NA,2,5,11,1,54,31,80,NA,NA,NA,NA,9,57,NA,NA,NA,NA,NA,NA,2,5,4,NA,NA,NA,NA,NA,NA,NA,NA,NA,5,6,1,3,2,7,NA,6,1,NA,NA,NA,1,97,NA,NA,NA,NA,NA,NA,NA,NA,NA,NA,NA,NA,NA,NA,1,NA,NA,NA,NA,NA,NA,1,NA,NA,0,3,3,7,2,NA,NA,NA,3,10,50,50,50,50,50,15,1,1,3,NA,NA,1,3,2,9,1,2,4,NA,NA,NA,NA,NA,NA,NA,NA,12,10,15,2,NA,NA,NA,3,1,3,3,5,10,10,10,10,4,NA,NA,NA,2,6,2,2,2,4,4,3,5,88954,76,76,1,NA,NA,NA,"FY909789",NA,1955,2,7,NA,2,NA,NA,NA,NA,,5,,2,2,,,2,2,2,,3,1,89016,124,128,1,NA,NA,NA,"FY952488",NA,1943,1,7,NA,2,NA,NA,NA,NA,244,42,324,1,5,308,321,2,2,2,194,1,2,89016,124,128,1,NA,NA,NA,"FY952488",NA,1943,1,7,NA,2,NA,NA,NA,NA,244,42,324,1,5,308,321,2,2,2,NA,NA,NA,NA,NA,NA,NA,NA,NA,NA,NA,NA,NA,NA,NA,NA,NA,NA,NA,NA,NA,NA,NA,NA,NA
"49",186,219008,288,1,NA,NA,,,,26,,56,,NA,NA,NA,,NA,1,"FY980512",NA,33,NA,NA,1,NA,NA,2,NA,NA,NA,18,66,47,NA,NA,NA,22,12,NA,NA,NA,NA,1,NA,NA,10,NA,NA,NA,NA,NA,10,NA,NA,2,6,4,7,2,5,NA,8,NA,1,1,NA,1,141,NA,NA,1,1,NA,NA,NA,NA,NA,NA,NA,NA,1,NA,1,NA,NA,NA,NA,NA,NA,1,1,61,2,4,4,3,1,NA,NA,2,NA,10,15,65,50,50,55,45,1,1,3,NA,NA,4,7,1,6,1,NA,NA,0,0,10,3,0,0,3,5,12,27,10,1,3,1,3,NA,NA,NA,NA,8,10,10,10,7,1,NA,11,2,5,5,2,3,2,2,3,3,5,88875,22,18,1,NA,NA,NA,"FY980512",NA,1955,2,7,NA,2,NA,NA,NA,NA,,31,,1,7,,,2,2,1,,2,1,88882,28,24,1,NA,NA,NA,"FY963913",NA,1945,1,7,NA,2,NA,NA,NA,NA,207,44,357,1,5,81,188,2,2,2,138,3,2,88882,28,24,1,NA,NA,NA,"FY963913",NA,1945,1,7,NA,2,NA,NA,NA,NA,207,44,357,1,5,81,188,2,2,2,NA,NA,NA,NA,NA,NA,NA,NA,NA,NA,NA,NA,NA,NA,NA,NA,NA,NA,NA,NA,NA,NA,NA,NA,NA
"50",187,219013,289,1,NA,NA,,,,26,,27,NA,NA,NA,NA,,NA,1,"FY920663",NA,53,NA,NA,2,11,2,1,75,40,32,NA,NA,NA,NA,64,10,NA,NA,NA,NA,NA,NA,1,NA,NA,0,0,0,5,NA,10,5,NA,NA,3,7,2,4,1,5,NA,6,NA,1,1,NA,1,151,NA,NA,1,NA,NA,NA,NA,NA,NA,NA,1,NA,1,NA,1,NA,NA,NA,NA,1,NA,NA,1,NA,6,1,2,7,1,NA,NA,2,NA,16,40,70,85,75,75,30,1,1,3,NA,NA,3,NA,1,5,2,NA,NA,5,0,5,5,5,0,5,5,19,14,18,2,NA,NA,NA,3,1,3,3,9,10,10,10,10,1,NA,NA,NA,3,4,4,5,5,1,3,2,6,88943,69,74,1,NA,NA,NA,"FY920663",NA,1926,2,7,NA,2,NA,NA,NA,NA,,23,,1,3,,,2,2,1,,1,1,88842,29,38,1,NA,NA,NA,"FY935576",NA,1972,1,3,NA,2,NA,NA,NA,NA,52,33,251,1,3,124,372,1,2,2,94,3,2,88842,29,38,1,NA,NA,NA,"FY935576",NA,1972,1,3,NA,2,NA,NA,NA,NA,52,33,251,1,3,124,372,1,2,2,NA,NA,NA,NA,NA,NA,NA,NA,NA,NA,NA,NA,NA,NA,NA,NA,NA,NA,NA,NA,NA,NA,NA,NA,NA
"51",188,219015,289,1,NA,NA,,,,14,,20,NA,NA,NA,NA,,NA,1,"FY910978",NA,106,NA,NA,1,NA,NA,2,NA,NA,NA,NA,37,37,NA,NA,NA,NA,47,NA,NA,NA,1,2,3,1,NA,NA,NA,NA,NA,NA,NA,NA,NA,1,7,1,4,1,6,NA,2,NA,NA,NA,NA,1,140,NA,NA,NA,1,NA,NA,NA,NA,NA,NA,NA,NA,1,NA,NA,NA,NA,1,33,NA,NA,1,NA,NA,7,3,1,5,3,21,NA,NA,NA,13,40,100,70,70,100,60,1,1,5,NA,NA,1,5,1,9,2,1,2,NA,NA,NA,NA,NA,NA,NA,NA,27,13,11,1,3,1,3,NA,NA,NA,NA,6,0,0,6,10,1,NA,12,2,3,6,6,3,3,2,2,2,7,92853,544,524,1,NA,NA,NA,"FY910978",NA,1962,1,1,,1,1,0,,,NA,NA,,1,5,,,2,1,1,,1,1,88844,42,NA,1,NA,NA,NA,"FY912288",NA,NA,NA,NA,NA,NA,NA,NA,NA,NA,NA,NA,NA,NA,NA,NA,NA,NA,NA,NA,NA,NA,NA,88844,42,NA,1,NA,NA,NA,"FY912288",NA,NA,NA,NA,NA,NA,NA,NA,NA,NA,NA,NA,NA,NA,NA,NA,NA,NA,NA,NA,NA,NA,NA,NA,NA,NA,NA,NA,NA,NA,NA,NA,NA,NA,NA,NA,NA,NA,NA,NA,NA,NA,NA,NA,NA
"52",189,219017,286,1,NA,NA,,,,26,,67,,NA,NA,NA,,NA,1,"FY918711",NA,21,NA,NA,1,NA,NA,1,54,31,88,NA,NA,NA,NA,18,56,NA,NA,NA,NA,NA,NA,1,NA,NA,100,0,0,0,NA,0,100,0,0,5,7,3,4,2,4,NA,6,NA,1,NA,NA,1,114,NA,NA,NA,NA,NA,NA,NA,NA,1,NA,NA,1,NA,12,1,NA,NA,NA,NA,NA,NA,1,1,47,6,3,3,3,2,NA,NA,NA,1,3,15,30,100,100,100,40,2,NA,NA,22,29,4,6,1,7,1,NA,NA,0,0,7,3,0,0,5,0,16,10,29,2,NA,NA,NA,3,1,3,3,6,10,10,10,10,3,17,11,5,2,5,2,3,2,3,2,4,6,NA,NA,NA,NA,NA,NA,NA,NA,NA,NA,NA,NA,NA,NA,NA,NA,NA,NA,NA,NA,NA,NA,NA,NA,NA,NA,NA,NA,NA,NA,NA,NA,NA,NA,NA,NA,NA,NA,NA,NA,NA,NA,NA,NA,NA,NA,NA,NA,NA,NA,NA,NA,NA,NA,NA,NA,NA,NA,NA,NA,NA,NA,NA,NA,NA,NA,NA,NA,NA,NA,NA,NA,NA,NA,NA,NA,NA,NA,NA,NA,NA,NA,NA,NA,NA,NA,NA,NA,NA,NA,NA,NA,NA,NA,NA,NA,NA,NA,NA,NA,NA,NA,NA,NA,NA,NA,NA,NA,NA,NA,NA,NA,NA,NA,NA
"53",190,219020,287,1,NA,NA,,,,6,,8,NA,NA,NA,NA,,NA,1,"FY902511",NA,38,NA,NA,1,NA,NA,2,NA,NA,NA,46,51,39,NA,NA,NA,33,9,NA,NA,NA,NA,2,5,4,NA,NA,NA,NA,NA,NA,NA,NA,NA,1,6,2,5,3,6,NA,6,1,1,NA,NA,1,37,NA,NA,NA,NA,NA,NA,NA,NA,NA,NA,NA,1,NA,3,NA,NA,NA,NA,NA,NA,NA,NA,NA,NA,0,NA,7,7,2,NA,NA,NA,2,10,60,40,60,60,70,70,2,NA,NA,32,7,4,7,1,8,1,1,1,NA,NA,NA,NA,NA,NA,NA,NA,27,30,23,2,NA,NA,NA,3,1,3,3,8,10,10,10,10,4,NA,11,6,3,3,6,5,3,2,2,7,5,89077,218,215,1,NA,NA,NA,"FY902511",NA,1957,2,5,,1,1,17,,,NA,NA,,2,1,,,2,2,1,,2,1,88901,39,35,1,NA,NA,NA,"FY955469",NA,1943,1,7,NA,2,NA,NA,NA,NA,197,20,81,1,5,293,239,2,2,1,195,3,1,88901,39,35,1,NA,NA,NA,"FY955469",NA,1943,1,7,NA,2,NA,NA,NA,NA,197,20,81,1,5,293,239,2,2,1,NA,NA,NA,NA,NA,NA,NA,NA,NA,NA,NA,NA,NA,NA,NA,NA,NA,NA,NA,NA,NA,NA,NA,NA,NA
"54",191,219027,292,1,NA,NA,,,,26,NA,NA,NA,NA,NA,NA,,NA,1,"FY912787",NA,47,NA,NA,2,4,2,1,60,34,40,NA,NA,NA,NA,55,57,NA,NA,NA,NA,NA,NA,2,5,4,NA,NA,NA,NA,NA,NA,NA,NA,NA,1,7,2,4,1,5,NA,6,NA,NA,NA,1,NA,NA,1,NA,NA,NA,NA,NA,NA,NA,1,1,NA,NA,NA,NA,NA,NA,NA,NA,NA,NA,NA,NA,NA,NA,7,3,7,3,1,NA,NA,2,NA,13,15,85,85,70,85,30,2,NA,NA,39,7,1,5,NA,NA,6,3,4,NA,NA,NA,NA,NA,NA,NA,NA,29,27,15,2,NA,NA,NA,3,1,3,3,8,10,10,10,8,1,NA,4,2,2,6,6,4,3,2,2,1,7,NA,NA,NA,NA,NA,NA,NA,NA,NA,NA,NA,NA,NA,NA,NA,NA,NA,NA,NA,NA,NA,NA,NA,NA,NA,NA,NA,NA,NA,NA,NA,NA,NA,NA,NA,NA,NA,NA,NA,NA,NA,NA,NA,NA,NA,NA,NA,NA,NA,NA,NA,NA,NA,NA,NA,NA,NA,NA,NA,NA,NA,NA,NA,NA,NA,NA,NA,NA,NA,NA,NA,NA,NA,NA,NA,NA,NA,NA,NA,NA,NA,NA,NA,NA,NA,NA,NA,NA,NA,NA,NA,NA,NA,NA,NA,NA,NA,NA,NA,NA,NA,NA,NA,NA,NA,NA,NA,NA,NA,NA,NA,NA,NA,NA,NA
"55",192,219029,290,1,NA,NA,,,,26,,27,,NA,NA,NA,,NA,1,"FY942829",NA,43,NA,NA,1,NA,NA,2,NA,NA,NA,30,46,25,NA,NA,NA,12,16,NA,NA,NA,NA,1,NA,NA,0,5,5,2,NA,5,5,5,5,2,6,3,5,3,5,NA,3,NA,NA,NA,NA,NA,NA,NA,NA,NA,NA,NA,NA,NA,NA,NA,NA,NA,1,NA,16,1,NA,NA,1,39,NA,NA,NA,1,27,1,4,1,5,2,NA,NA,NA,1,10,30,40,50,50,50,45,2,NA,NA,23,34,1,3,2,8,1,NA,NA,0,0,5,5,3,0,6,2,22,4,20,2,NA,NA,NA,4,1,4,3,3,10,5,10,7,3,7,12,3,3,4,5,4,3,2,2,2,6,89758,389,382,1,NA,NA,NA,"FY942829",NA,1982,2,7,NA,2,NA,NA,NA,NA,,43,,2,5,,,1,2,2,,2,2,88969,89,93,1,NA,NA,NA,"FY900433",NA,1953,1,7,NA,2,NA,NA,NA,NA,216,34,423,4,6,17,260,2,2,2,248,1,1,88969,89,93,1,NA,NA,NA,"FY900433",NA,1953,1,7,NA,2,NA,NA,NA,NA,216,34,423,4,6,17,260,2,2,2,NA,NA,NA,NA,NA,NA,NA,NA,NA,NA,NA,NA,NA,NA,NA,NA,NA,NA,NA,NA,NA,NA,NA,NA,NA
"56",193,219033,293,1,NA,NA,,,,26,,27,,NA,NA,NA,,NA,1,"FY907469",NA,35,NA,NA,1,NA,NA,1,31,39,15,NA,NA,NA,NA,55,73,NA,NA,NA,NA,NA,NA,2,5,4,NA,NA,NA,NA,NA,NA,NA,NA,NA,6,6,2,5,3,6,NA,5,1,NA,1,NA,1,103,NA,NA,1,NA,NA,NA,NA,NA,NA,NA,NA,NA,NA,NA,1,1,NA,NA,NA,NA,NA,NA,NA,NA,1,4,6,3,2,NA,NA,NA,2,10,40,15,50,50,50,35,1,3,3,NA,NA,1,3,2,9,2,2,4,NA,NA,NA,NA,NA,NA,NA,NA,16,13,21,2,NA,NA,NA,1,4,3,3,7,10,7,6,5,4,NA,5,9,3,5,5,2,2,3,2,3,5,88881,27,23,1,NA,NA,NA,"FY907469",NA,1951,1,7,NA,2,NA,NA,NA,NA,NA,26,,2,1,,,2,1,1,,1,2,NA,NA,NA,NA,NA,NA,NA,NA,NA,NA,NA,NA,NA,NA,NA,NA,NA,NA,NA,NA,NA,NA,NA,NA,NA,NA,NA,NA,NA,NA,NA,NA,NA,NA,NA,NA,NA,NA,NA,NA,NA,NA,NA,NA,NA,NA,NA,NA,NA,NA,NA,NA,NA,NA,NA,NA,NA,NA,NA,NA,NA,NA,NA,NA,NA,NA,NA,NA,NA,NA,NA,NA,NA,NA,NA,NA,NA,NA,NA,NA,NA,NA,NA,NA
"57",194,219034,297,1,NA,NA,,,,18,,21,NA,NA,NA,NA,,NA,1,"FY918842",NA,70,NA,NA,1,NA,NA,2,NA,NA,NA,NA,NA,47,NA,NA,NA,NA,12,NA,NA,NA,1,1,NA,NA,0,0,0,0,NA,0,0,0,0,1,5,2,7,2,6,NA,8,NA,NA,NA,NA,1,65,NA,NA,1,NA,NA,NA,NA,NA,NA,NA,1,NA,1,NA,1,NA,NA,NA,NA,NA,NA,NA,NA,NA,0,4,5,5,2,NA,NA,NA,1,13,40,60,70,70,70,70,2,NA,NA,32,4,4,6,1,6,NA,NA,NA,5,5,4,4,0,4,5,4,22,32,15,2,NA,NA,NA,1,3,1,4,7,0,3,7,8,1,NA,4,2,3,3,5,4,5,3,3,4,5,92907,570,547,1,NA,NA,NA,"FY918842",NA,1955,1,7,NA,1,1,4,,,NA,NA,,3,7,,,2,1,1,,2,1,NA,NA,NA,NA,NA,NA,NA,NA,NA,NA,NA,NA,NA,NA,NA,NA,NA,NA,NA,NA,NA,NA,NA,NA,NA,NA,NA,NA,NA,NA,NA,NA,NA,NA,NA,NA,NA,NA,NA,NA,NA,NA,NA,NA,NA,NA,NA,NA,NA,NA,NA,NA,NA,NA,NA,NA,NA,NA,NA,NA,NA,NA,NA,NA,NA,NA,NA,NA,NA,NA,NA,NA,NA,NA,NA,NA,NA,NA,NA,NA,NA,NA,NA,NA
"58",195,219043,295,1,NA,NA,,,,26,,27,NA,NA,NA,NA,,NA,1,"FY946593",NA,47,NA,NA,1,NA,NA,1,89,12,NA,NA,NA,NA,NA,22,4,NA,NA,NA,NA,NA,NA,1,NA,NA,0,0,0,0,NA,0,0,0,0,4,7,2,4,3,5,NA,6,NA,1,NA,NA,NA,NA,1,NA,NA,NA,NA,NA,NA,NA,NA,NA,1,NA,1,NA,NA,NA,NA,NA,NA,1,NA,1,NA,NA,0,4,0,2,3,NA,NA,NA,NA,10,15,60,50,50,50,40,2,NA,NA,8,7,1,4,2,5,2,NA,NA,5,5,5,5,0,5,5,5,27,13,NA,1,3,1,3,NA,NA,NA,NA,3,0,0,0,5,2,NA,9,2,4,5,5,5,5,4,4,4,4,88834,4,38,1,NA,NA,NA,"FY946593",NA,1968,2,7,NA,1,1,17,,,NA,NA,,2,5,,,2,1,1,,2,2,NA,NA,NA,NA,NA,NA,NA,NA,NA,NA,NA,NA,NA,NA,NA,NA,NA,NA,NA,NA,NA,NA,NA,NA,NA,NA,NA,NA,NA,NA,NA,NA,NA,NA,NA,NA,NA,NA,NA,NA,NA,NA,NA,NA,NA,NA,NA,NA,NA,NA,NA,NA,NA,NA,NA,NA,NA,NA,NA,NA,NA,NA,NA,NA,NA,NA,NA,NA,NA,NA,NA,NA,NA,NA,NA,NA,NA,NA,NA,NA,NA,NA,NA,NA
"59",196,219047,289,1,NA,NA,,,,26,,63,NA,NA,NA,NA,,NA,1,"FY932899",NA,25,NA,NA,1,NA,NA,2,NA,NA,NA,NA,NA,NA,NA,NA,NA,NA,NA,NA,2,NA,1,2,3,1,NA,NA,NA,NA,NA,NA,NA,NA,NA,5,6,1,3,3,4,NA,5,NA,NA,NA,1,1,56,NA,NA,NA,NA,NA,1,NA,1,NA,NA,NA,NA,1,NA,NA,NA,NA,NA,NA,NA,NA,1,NA,NA,0,3,1,9,4,NA,2,NA,NA,NA,NA,NA,NA,NA,NA,NA,2,NA,NA,16,21,1,5,2,10,2,4,4,NA,NA,NA,NA,NA,NA,NA,NA,10,17,18,2,NA,NA,NA,1,1,3,3,7,10,8,10,10,4,NA,2,8,3,5,4,3,1,5,2,7,NA,92843,536,515,1,NA,NA,NA,"FY932899",NA,1966,1,1,,1,2,31,,,NA,NA,,4,4,,,2,2,1,,1,1,88968,87,88,1,NA,NA,NA,"FY994152",NA,1946,1,7,NA,2,NA,NA,NA,NA,17,31,244,1,5,93,104,1,2,1,144,2,1,88968,87,88,1,NA,NA,NA,"FY994152",NA,1946,1,7,NA,2,NA,NA,NA,NA,17,31,244,1,5,93,104,1,2,1,NA,NA,NA,NA,NA,NA,NA,NA,NA,NA,NA,NA,NA,NA,NA,NA,NA,NA,NA,NA,NA,NA,NA,NA,NA
"60",197,219049,294,1,NA,NA,,,,18,,19,NA,NA,NA,NA,,NA,1,"FY973419",NA,31,NA,NA,1,NA,NA,2,NA,NA,NA,36,60,45,NA,NA,NA,26,11,NA,NA,NA,NA,2,3,1,NA,NA,NA,NA,NA,NA,NA,NA,NA,5,7,1,6,1,5,NA,6,1,1,NA,NA,1,134,NA,NA,NA,NA,NA,NA,NA,NA,NA,NA,NA,NA,1,NA,1,NA,NA,1,13,NA,NA,NA,1,55,0,3,0,3,1,NA,NA,1,NA,16,60,70,100,100,100,100,1,1,3,NA,NA,2,3,2,10,4,3,2,NA,NA,NA,NA,NA,NA,NA,NA,16,27,21,2,NA,NA,NA,3,1,3,3,5,9,0,0,2,1,NA,10,2,3,4,6,4,3,2,2,4,6,88832,4,15,1,NA,NA,NA,"FY973419",NA,1975,2,5,,1,1,2,,,NA,NA,,2,3,,,2,1,1,,3,1,88857,12,10,1,NA,NA,NA,"FY984691",NA,1955,1,7,NA,2,NA,NA,NA,NA,125,24,236,1,5,60,NA,2,1,2,194,2,2,88857,12,10,1,NA,NA,NA,"FY984691",NA,1955,1,7,NA,2,NA,NA,NA,NA,125,24,236,1,5,60,NA,2,1,2,NA,NA,NA,NA,NA,NA,NA,NA,NA,NA,NA,NA,NA,NA,NA,NA,NA,NA,NA,NA,NA,NA,NA,NA,NA
"61",198,219052,291,1,NA,NA,,,,25,,35,NA,NA,NA,NA,,NA,1,"FY909304",NA,47,NA,NA,1,NA,NA,2,NA,NA,NA,NA,NA,47,NA,NA,NA,NA,52,NA,NA,NA,1,2,5,4,NA,NA,NA,NA,NA,NA,NA,NA,NA,1,7,2,5,2,6,NA,3,NA,1,NA,NA,NA,NA,NA,NA,1,NA,NA,NA,NA,NA,NA,NA,1,NA,NA,NA,1,NA,NA,NA,NA,NA,NA,1,NA,NA,0,4,2,5,1,NA,NA,2,NA,13,30,80,60,60,80,60,2,NA,NA,8,4,3,NA,3,3,6,1,2,NA,NA,NA,NA,NA,NA,NA,NA,31,27,29,1,3,NA,3,NA,NA,NA,NA,4,8,0,0,0,1,NA,11,3,2,6,4,2,3,3,4,2,4,89178,184,185,1,NA,NA,NA,"FY909304",NA,1964,2,7,NA,2,NA,NA,NA,NA,,14,,1,5,,,2,1,1,,3,1,88887,31,26,1,NA,NA,NA,"FY966249",NA,1985,1,3,NA,2,NA,NA,NA,NA,128,5,255,1,5,NA,NA,1,1,2,213,1,2,88887,31,26,1,NA,NA,NA,"FY966249",NA,1985,1,3,NA,2,NA,NA,NA,NA,128,5,255,1,5,NA,NA,1,1,2,NA,NA,NA,NA,NA,NA,NA,NA,NA,NA,NA,NA,NA,NA,NA,NA,NA,NA,NA,NA,NA,NA,NA,NA,NA
"62",199,219055,296,1,NA,NA,,,,18,,21,NA,NA,NA,NA,,NA,1,"FY984450",NA,100,NA,NA,2,11,5,1,NA,31,NA,NA,NA,NA,NA,64,NA,NA,NA,NA,NA,2,NA,2,5,1,NA,NA,NA,NA,NA,NA,NA,NA,NA,1,7,1,5,2,6,NA,3,NA,1,NA,NA,NA,NA,NA,NA,1,1,NA,NA,NA,NA,NA,NA,1,NA,NA,NA,NA,NA,NA,NA,NA,NA,NA,1,NA,NA,3,4,7,5,1,NA,NA,1,NA,13,40,70,80,80,70,80,1,1,2,NA,NA,2,8,1,9,2,1,2,NA,NA,NA,NA,NA,NA,NA,NA,22,14,18,1,3,1,3,NA,NA,NA,NA,8,10,0,5,8,2,NA,NA,NA,1,7,5,2,2,1,1,1,7,89109,234,237,1,NA,NA,NA,"FY984450",NA,1952,2,5,NA,1,1,2,,,NA,NA,,1,7,,,2,2,2,,2,1,88938,61,61,1,NA,NA,NA,"FY908065",NA,1964,1,7,NA,2,NA,NA,NA,NA,126,24,211,1,7,94,17,2,2,1,116,2,1,88938,61,61,1,NA,NA,NA,"FY908065",NA,1964,1,7,NA,2,NA,NA,NA,NA,126,24,211,1,7,94,17,2,2,1,NA,NA,NA,NA,NA,NA,NA,NA,NA,NA,NA,NA,NA,NA,NA,NA,NA,NA,NA,NA,NA,NA,NA,NA,NA
"63",200,219059,299,1,NA,NA,,,,26,,53,,NA,NA,NA,,NA,1,"FY931146",NA,38,NA,NA,2,2,4,1,54,31,86,NA,NA,NA,NA,9,57,NA,NA,NA,NA,NA,NA,2,5,4,NA,NA,NA,NA,NA,NA,NA,NA,NA,7,7,1,3,2,7,NA,5,1,NA,NA,NA,1,5,NA,1,NA,NA,NA,NA,NA,1,NA,1,NA,NA,NA,NA,NA,NA,NA,NA,NA,NA,NA,NA,NA,NA,7,1,5,3,4,NA,1,NA,NA,17,70,40,90,90,90,40,2,NA,NA,39,7,1,7,2,10,5,3,3,NA,NA,NA,NA,NA,NA,NA,NA,31,10,15,2,NA,NA,NA,3,1,3,3,10,10,2,8,1,4,NA,NA,NA,2,4,3,2,1,4,4,4,5,89004,121,124,1,NA,NA,NA,"FY931146",NA,1925,2,7,NA,2,NA,NA,NA,NA,,20,,4,4,,NA,2,1,1,,2,1,88909,63,66,1,NA,NA,NA,"FY968976",NA,1956,1,7,NA,2,NA,NA,NA,NA,43,32,45,1,5,122,158,2,1,1,254,2,1,88909,63,66,1,NA,NA,NA,"FY968976",NA,1956,1,7,NA,2,NA,NA,NA,NA,43,32,45,1,5,122,158,2,1,1,NA,NA,NA,NA,NA,NA,NA,NA,NA,NA,NA,NA,NA,NA,NA,NA,NA,NA,NA,NA,NA,NA,NA,NA,NA
"64",201,219061,305,1,NA,NA,,,,26,,27,NA,NA,NA,NA,,NA,1,"FY928643",NA,178,NA,NA,2,11,2,2,NA,NA,NA,42,NA,8,NA,NA,NA,36,60,NA,NA,NA,NA,1,NA,NA,10,NA,NA,NA,NA,NA,NA,NA,5,4,7,2,5,2,6,NA,6,1,1,NA,NA,1,20,1,NA,1,NA,NA,NA,NA,NA,1,1,1,1,1,6,1,NA,NA,NA,NA,NA,NA,1,NA,NA,5,1,3,6,2,NA,NA,NA,1,10,10,60,50,50,90,40,1,1,3,NA,NA,4,7,2,10,1,NA,NA,5,0,7,10,5,0,0,5,12,13,5,2,NA,NA,NA,3,1,3,3,9,10,10,10,10,1,NA,NA,NA,5,5,6,4,2,4,1,4,4,89142,165,165,1,NA,NA,NA,"FY928643",NA,1935,2,7,NA,2,NA,NA,NA,NA,,19,,2,1,,NA,2,2,1,,1,2,88877,23,20,1,NA,NA,NA,"FY938634",NA,1985,1,7,NA,2,NA,NA,NA,NA,141,19,266,1,5,304,NA,1,2,2,16,2,2,88877,23,20,1,NA,NA,NA,"FY938634",NA,1985,1,7,NA,2,NA,NA,NA,NA,141,19,266,1,5,304,NA,1,2,2,NA,NA,NA,NA,NA,NA,NA,NA,NA,NA,NA,NA,NA,NA,NA,NA,NA,NA,NA,NA,NA,NA,NA,NA,NA
"65",202,219067,298,1,NA,NA,,,,26,,27,,NA,NA,NA,,NA,1,"FY966081",NA,11,NA,NA,1,NA,NA,1,19,3,19,NA,NA,NA,NA,45,42,NA,NA,NA,NA,NA,NA,1,NA,NA,0,0,0,0,NA,NA,10,NA,NA,1,7,NA,6,1,5,NA,3,NA,NA,1,NA,NA,NA,NA,NA,NA,NA,NA,NA,NA,NA,NA,NA,NA,NA,NA,NA,1,NA,NA,NA,NA,1,NA,1,NA,NA,0,NA,5,2,1,NA,NA,2,NA,13,15,60,70,70,70,60,1,4,3,NA,NA,4,4,2,7,6,NA,NA,0,0,5,5,5,0,5,0,19,4,29,2,NA,NA,NA,3,4,3,3,8,8,0,7,6,2,NA,10,2,5,3,4,3,2,3,1,4,5,89724,363,357,1,NA,NA,NA,"FY966081",NA,1977,1,7,NA,2,NA,NA,NA,NA,,5,,1,5,,,2,1,1,,2,1,NA,NA,NA,NA,NA,NA,NA,NA,NA,NA,NA,NA,NA,NA,NA,NA,NA,NA,NA,NA,NA,NA,NA,NA,NA,NA,NA,NA,NA,NA,NA,NA,NA,NA,NA,NA,NA,NA,NA,NA,NA,NA,NA,NA,NA,NA,NA,NA,NA,NA,NA,NA,NA,NA,NA,NA,NA,NA,NA,NA,NA,NA,NA,NA,NA,NA,NA,NA,NA,NA,NA,NA,NA,NA,NA,NA,NA,NA,NA,NA,NA,NA,NA,NA
"66",203,219072,302,1,NA,NA,,,,26,,27,NA,NA,NA,NA,,NA,1,"FY903514",NA,34,NA,NA,1,NA,NA,1,37,NA,13,NA,NA,NA,NA,47,55,NA,NA,NA,NA,NA,NA,1,NA,NA,10,NA,NA,NA,NA,NA,6,NA,NA,1,5,3,7,3,5,NA,3,NA,1,NA,NA,1,120,1,NA,1,NA,NA,NA,NA,NA,NA,NA,NA,NA,NA,NA,1,NA,NA,NA,NA,NA,NA,NA,NA,NA,6,3,2,6,1,NA,NA,2,NA,13,70,80,75,70,75,75,1,1,2,NA,NA,4,5,4,NA,2,NA,NA,0,0,0,0,0,0,0,50,12,10,18,1,3,1,3,NA,NA,NA,NA,7,10,10,10,5,2,NA,4,6,5,3,3,4,5,2,2,2,5,89008,115,118,1,NA,NA,NA,"FY903514",NA,1921,2,7,NA,2,NA,NA,NA,NA,,5,,1,5,,NA,2,1,1,,1,1,88855,9,8,1,NA,NA,NA,"FY981926",NA,1966,2,5,NA,1,1,3,55,38,NA,NA,134,4,4,124,40,2,1,1,162,2,1,88855,9,8,1,NA,NA,NA,"FY981926",NA,1966,2,5,NA,1,1,3,55,38,NA,NA,134,4,4,124,40,2,1,1,NA,NA,NA,NA,NA,NA,NA,NA,NA,NA,NA,NA,NA,NA,NA,NA,NA,NA,NA,NA,NA,NA,NA,NA,NA
"67",204,219076,300,1,NA,NA,,,,26,,27,NA,NA,NA,NA,,NA,1,"FY955628",NA,35,NA,NA,2,10,11,2,NA,NA,NA,NA,NA,NA,NA,NA,NA,NA,NA,NA,2,NA,1,2,3,2,NA,NA,NA,NA,NA,NA,NA,NA,NA,1,7,4,3,1,5,NA,4,NA,NA,NA,1,NA,NA,NA,NA,1,NA,NA,NA,NA,NA,NA,NA,NA,NA,1,NA,1,NA,NA,NA,NA,NA,NA,1,NA,NA,3,2,1,2,1,NA,NA,1,NA,8,50,70,75,70,75,40,2,NA,NA,7,28,3,NA,1,8,6,2,4,NA,NA,NA,NA,NA,NA,NA,NA,19,5,32,1,3,1,3,NA,NA,NA,NA,4,7,1,1,5,2,NA,NA,NA,5,6,7,3,3,4,3,5,5,NA,NA,NA,NA,NA,NA,NA,NA,NA,NA,NA,NA,NA,NA,NA,NA,NA,NA,NA,NA,NA,NA,NA,NA,NA,NA,NA,NA,NA,NA,NA,NA,NA,NA,NA,NA,NA,NA,NA,NA,NA,NA,NA,NA,NA,NA,NA,NA,NA,NA,NA,NA,NA,NA,NA,NA,NA,NA,NA,NA,NA,NA,NA,NA,NA,NA,NA,NA,NA,NA,NA,NA,NA,NA,NA,NA,NA,NA,NA,NA,NA,NA,NA,NA,NA,NA,NA,NA,NA,NA,NA,NA,NA,NA,NA,NA,NA,NA,NA,NA,NA,NA,NA,NA,NA,NA,NA,NA,NA,NA,NA,NA,NA,NA,NA
"68",205,219077,301,1,NA,NA,,,,26,,67,NA,NA,NA,NA,,NA,1,"FY963913",NA,18,NA,NA,1,NA,NA,1,53,35,26,NA,NA,NA,NA,9,72,NA,NA,NA,NA,NA,NA,2,5,NA,NA,NA,NA,NA,NA,NA,NA,NA,NA,1,6,2,6,1,5,NA,3,NA,1,NA,NA,NA,NA,NA,NA,1,NA,NA,NA,NA,NA,NA,NA,NA,NA,NA,NA,1,NA,NA,1,5,NA,NA,1,NA,NA,0,3,6,3,1,NA,NA,1,NA,11,20,80,70,60,60,60,2,NA,NA,30,7,4,5,2,9,6,2,NA,NA,NA,NA,NA,NA,NA,NA,NA,12,4,10,1,3,1,3,NA,NA,NA,NA,7,10,10,10,7,1,NA,11,2,5,5,2,5,4,2,2,2,6,88882,28,24,1,NA,NA,NA,"FY963913",NA,1945,1,7,NA,2,NA,NA,NA,NA,,44,,1,5,,,2,2,2,,3,2,NA,NA,NA,NA,NA,NA,NA,NA,NA,NA,NA,NA,NA,NA,NA,NA,NA,NA,NA,NA,NA,NA,NA,NA,NA,NA,NA,NA,NA,NA,NA,NA,NA,NA,NA,NA,NA,NA,NA,NA,NA,NA,NA,NA,NA,NA,NA,NA,NA,NA,NA,NA,NA,NA,NA,NA,NA,NA,NA,NA,NA,NA,NA,NA,NA,NA,NA,NA,NA,NA,NA,NA,NA,NA,NA,NA,NA,NA,NA,NA,NA,NA,NA,NA
"69",206,219081,303,1,NA,NA,,,,26,,59,NA,NA,NA,NA,,NA,1,"FY919777",NA,18,NA,NA,1,NA,NA,2,NA,NA,NA,58,67,42,NA,NA,NA,55,2,NA,NA,NA,NA,1,NA,NA,8,NA,NA,NA,NA,NA,9,NA,NA,7,6,1,2,2,7,NA,1,NA,NA,NA,1,1,100,NA,NA,NA,NA,NA,NA,NA,1,NA,NA,NA,NA,NA,NA,1,1,1,NA,NA,NA,NA,NA,NA,NA,6,3,2,4,4,NA,1,NA,NA,8,70,15,85,40,85,0,2,NA,NA,16,30,3,NA,2,8,2,NA,NA,8,0,0,0,10,0,0,0,22,28,32,1,4,1,3,NA,NA,NA,NA,6,10,5,1,6,4,NA,2,4,2,7,3,3,2,5,5,3,6,88955,77,77,1,NA,NA,NA,"FY919777",NA,1959,2,7,NA,2,NA,NA,NA,NA,,33,,4,6,,,2,2,1,,2,2,NA,NA,NA,NA,NA,NA,NA,NA,NA,NA,NA,NA,NA,NA,NA,NA,NA,NA,NA,NA,NA,NA,NA,NA,NA,NA,NA,NA,NA,NA,NA,NA,NA,NA,NA,NA,NA,NA,NA,NA,NA,NA,NA,NA,NA,NA,NA,NA,NA,NA,NA,NA,NA,NA,NA,NA,NA,NA,NA,NA,NA,NA,NA,NA,NA,NA,NA,NA,NA,NA,NA,NA,NA,NA,NA,NA,NA,NA,NA,NA,NA,NA,NA,NA
"70",207,219095,304,1,NA,NA,,,,26,,66,,NA,NA,NA,,NA,1,"FY933075",NA,27,NA,NA,2,12,2,1,66,31,75,NA,NA,NA,NA,18,48,NA,NA,NA,NA,NA,NA,2,5,4,NA,NA,NA,NA,NA,NA,NA,NA,NA,2,7,1,6,3,5,NA,6,NA,1,NA,NA,NA,NA,NA,NA,NA,NA,NA,NA,NA,NA,NA,NA,NA,NA,NA,NA,1,NA,NA,NA,NA,NA,NA,NA,NA,NA,0,2,3,2,1,NA,NA,2,NA,11,30,70,50,50,60,40,1,1,3,NA,NA,1,5,2,5,6,3,2,NA,NA,NA,NA,NA,NA,NA,NA,27,27,29,1,3,1,3,NA,NA,NA,NA,5,10,10,8,10,1,NA,NA,NA,2,6,4,4,5,2,4,2,6,89572,316,317,1,NA,NA,NA,"FY933075",NA,1954,2,7,NA,2,NA,NA,NA,NA,,14,,1,5,,,2,2,2,,3,1,NA,NA,NA,NA,NA,NA,NA,NA,NA,NA,NA,NA,NA,NA,NA,NA,NA,NA,NA,NA,NA,NA,NA,NA,NA,NA,NA,NA,NA,NA,NA,NA,NA,NA,NA,NA,NA,NA,NA,NA,NA,NA,NA,NA,NA,NA,NA,NA,NA,NA,NA,NA,NA,NA,NA,NA,NA,NA,NA,NA,NA,NA,NA,NA,NA,NA,NA,NA,NA,NA,NA,NA,NA,NA,NA,NA,NA,NA,NA,NA,NA,NA,NA,NA
"71",208,219097,312,1,NA,NA,,,,26,,27,NA,NA,NA,NA,,NA,1,"FY911185",NA,43,NA,NA,1,NA,NA,2,NA,NA,NA,25,22,4,NA,NA,NA,35,NA,NA,2,NA,NA,1,NA,NA,7,0,0,0,NA,0,0,0,0,1,7,3,6,3,5,NA,3,NA,1,NA,NA,1,120,NA,NA,1,NA,NA,NA,NA,NA,NA,NA,NA,NA,NA,NA,1,NA,NA,NA,NA,NA,NA,NA,NA,NA,0,NA,4,4,1,NA,NA,2,NA,13,15,85,70,70,70,70,2,NA,NA,16,28,1,6,1,9,4,NA,NA,0,0,NA,0,NA,0,6,2,3,5,23,2,NA,NA,NA,3,1,3,3,8,10,10,10,4,1,NA,12,2,3,4,3,3,2,1,1,3,6,NA,NA,NA,NA,NA,NA,NA,NA,NA,NA,NA,NA,NA,NA,NA,NA,NA,NA,NA,NA,NA,NA,NA,NA,NA,NA,NA,NA,NA,NA,NA,89011,118,122,1,NA,NA,NA,"FY937683",NA,1951,2,7,NA,2,NA,NA,NA,NA,4,5,312,1,5,94,74,2,2,1,228,3,2,89011,118,122,1,NA,NA,NA,"FY937683",NA,1951,2,7,NA,2,NA,NA,NA,NA,4,5,312,1,5,94,74,2,2,1,NA,NA,NA,NA,NA,NA,NA,NA,NA,NA,NA,NA,NA,NA,NA,NA,NA,NA,NA,NA,NA,NA,NA,NA,NA
"72",209,219098,306,1,NA,NA,,,,26,,67,,NA,NA,NA,,NA,1,"FY953285",NA,57,NA,NA,2,2,9,1,76,33,99,NA,NA,NA,NA,18,74,NA,NA,NA,NA,NA,NA,1,NA,NA,10,NA,NA,NA,NA,NA,10,NA,NA,6,6,1,4,4,7,NA,5,1,1,NA,NA,1,23,1,NA,NA,1,NA,NA,NA,1,1,NA,NA,1,NA,31,1,NA,NA,NA,NA,NA,NA,NA,NA,NA,7,1,7,3,4,NA,2,NA,NA,13,85,30,85,85,85,40,2,NA,NA,16,6,2,5,2,8,5,NA,NA,0,0,10,10,10,0,10,10,12,14,15,1,1,3,3,NA,NA,NA,NA,9,10,10,10,10,4,NA,NA,NA,3,4,4,4,2,4,4,4,4,NA,NA,NA,NA,NA,NA,NA,NA,NA,NA,NA,NA,NA,NA,NA,NA,NA,NA,NA,NA,NA,NA,NA,NA,NA,NA,NA,NA,NA,NA,NA,88851,5,5,1,NA,NA,NA,"FY931041",NA,1945,1,7,NA,2,NA,NA,NA,NA,27,13,326,1,3,294,322,2,2,2,19,1,2,88851,5,5,1,NA,NA,NA,"FY931041",NA,1945,1,7,NA,2,NA,NA,NA,NA,27,13,326,1,3,294,322,2,2,2,NA,NA,NA,NA,NA,NA,NA,NA,NA,NA,NA,NA,NA,NA,NA,NA,NA,NA,NA,NA,NA,NA,NA,NA,NA
"73",210,219103,308,1,NA,NA,,,,26,,37,NA,NA,NA,NA,,NA,1,"FY980349",NA,18,NA,NA,2,11,3,1,23,NA,NA,NA,NA,NA,NA,NA,NA,NA,NA,1,NA,2,NA,1,NA,NA,8,NA,NA,NA,NA,0,0,0,0,1,7,4,4,2,6,NA,3,1,1,1,NA,1,152,NA,NA,NA,NA,1,NA,37,NA,NA,NA,NA,NA,NA,NA,1,NA,NA,NA,NA,NA,NA,1,NA,NA,0,4,1,2,1,NA,NA,2,NA,NA,0,60,NA,NA,100,30,2,NA,NA,20,29,3,NA,2,3,2,NA,NA,0,0,5,0,0,5,5,5,18,4,5,1,2,1,3,NA,NA,NA,NA,8,9,3,7,1,1,NA,NA,NA,3,4,5,2,1,2,2,2,6,89743,373,367,1,NA,NA,NA,"FY980349",NA,1976,1,7,NA,2,NA,NA,NA,NA,,14,,1,5,,,2,2,2,,1,2,88977,95,97,1,NA,NA,NA,"FY900741",NA,1972,1,7,NA,2,NA,NA,NA,NA,203,44,349,1,3,39,255,2,1,2,80,3,2,88977,95,97,1,NA,NA,NA,"FY900741",NA,1972,1,7,NA,2,NA,NA,NA,NA,203,44,349,1,3,39,255,2,1,2,NA,NA,NA,NA,NA,NA,NA,NA,NA,NA,NA,NA,NA,NA,NA,NA,NA,NA,NA,NA,NA,NA,NA,NA,NA
"74",211,219105,308,1,NA,NA,,,,26,,27,NA,NA,NA,NA,,NA,1,"FY958244",NA,13,NA,NA,1,NA,NA,2,NA,NA,NA,46,5,14,NA,NA,NA,23,36,NA,NA,NA,NA,1,NA,NA,2,1,2,1,NA,1,1,2,1,4,7,1,4,1,7,NA,4,NA,NA,NA,NA,1,127,NA,NA,NA,NA,1,NA,31,NA,NA,NA,NA,1,NA,26,NA,NA,NA,1,24,NA,NA,NA,1,69,0,1,3,2,3,14,NA,NA,NA,8,30,50,50,50,70,35,1,2,3,NA,NA,3,NA,4,NA,2,NA,NA,7,5,6,5,4,6,8,6,16,17,15,2,NA,NA,NA,3,4,3,3,2,10,2,2,1,3,14,5,3,6,5,7,5,7,2,4,3,6,88860,14,13,1,NA,NA,NA,"FY958244",NA,1960,1,4,NA,2,NA,NA,NA,NA,,33,,3,1,,NA,2,2,1,,2,1,89083,219,221,1,NA,NA,NA,"FY988909",NA,1960,1,7,NA,1,1,5,62,21,NA,NA,NA,1,2,144,183,2,2,1,210,3,1,89083,219,221,1,NA,NA,NA,"FY988909",NA,1960,1,7,NA,1,1,5,62,21,NA,NA,NA,1,2,144,183,2,2,1,NA,NA,NA,NA,NA,NA,NA,NA,NA,NA,NA,NA,NA,NA,NA,NA,NA,NA,NA,NA,NA,NA,NA,NA,NA
"75",212,219107,307,1,NA,NA,,,,26,,27,NA,NA,NA,NA,,NA,1,"FY919126",NA,11,NA,NA,1,NA,NA,1,54,12,59,NA,NA,NA,NA,18,50,NA,NA,NA,NA,NA,NA,1,NA,NA,10,NA,NA,NA,NA,NA,10,NA,NA,1,5,1,5,2,5,NA,3,NA,1,NA,NA,1,124,NA,NA,NA,NA,NA,NA,NA,NA,1,NA,NA,NA,1,NA,1,NA,NA,NA,NA,NA,NA,NA,NA,NA,7,4,3,3,1,NA,NA,1,NA,10,30,70,50,50,50,50,1,1,3,NA,NA,1,5,1,5,5,NA,NA,6,5,2,3,0,0,10,0,12,19,34,1,3,1,3,NA,NA,NA,NA,7,10,3,5,4,1,NA,10,2,3,3,5,5,1,2,1,4,6,89745,374,368,1,NA,NA,NA,"FY919126",NA,1961,1,7,NA,2,NA,NA,NA,NA,,6,,1,5,,,2,1,2,,3,1,NA,NA,NA,NA,NA,NA,NA,NA,NA,NA,NA,NA,NA,NA,NA,NA,NA,NA,NA,NA,NA,NA,NA,NA,NA,NA,NA,NA,NA,NA,NA,NA,NA,NA,NA,NA,NA,NA,NA,NA,NA,NA,NA,NA,NA,NA,NA,NA,NA,NA,NA,NA,NA,NA,NA,NA,NA,NA,NA,NA,NA,NA,NA,NA,NA,NA,NA,NA,NA,NA,NA,NA,NA,NA,NA,NA,NA,NA,NA,NA,NA,NA,NA,NA
"76",213,219108,310,1,NA,NA,,,,26,,45,,NA,NA,NA,,NA,1,"FY968976",NA,56,NA,NA,1,NA,NA,1,83,NA,6,NA,NA,NA,NA,NA,NA,NA,NA,1,NA,4,NA,2,3,1,NA,NA,NA,NA,NA,NA,NA,NA,NA,1,6,2,5,2,6,NA,3,NA,NA,1,NA,NA,NA,NA,NA,NA,NA,NA,NA,NA,NA,NA,NA,NA,NA,NA,NA,1,NA,NA,NA,NA,NA,NA,NA,NA,NA,0,NA,6,2,1,NA,NA,2,NA,16,15,70,85,85,85,60,1,1,3,NA,NA,1,2,1,8,2,3,2,NA,NA,NA,NA,NA,NA,NA,NA,24,13,37,2,NA,NA,NA,3,1,3,3,7,10,5,9,4,1,NA,10,3,2,6,6,4,5,2,2,2,6,88909,63,66,1,NA,NA,NA,"FY968976",NA,1956,1,7,NA,2,NA,NA,NA,NA,,32,,1,5,,,2,1,1,,2,1,89021,128,132,1,NA,NA,NA,"FY992611",NA,1959,1,7,NA,2,NA,NA,NA,NA,187,35,325,1,5,94,334,2,2,2,248,1,1,89021,128,132,1,NA,NA,NA,"FY992611",NA,1959,1,7,NA,2,NA,NA,NA,NA,187,35,325,1,5,94,334,2,2,2,NA,NA,NA,NA,NA,NA,NA,NA,NA,NA,NA,NA,NA,NA,NA,NA,NA,NA,NA,NA,NA,NA,NA,NA,NA
"77",214,219111,309,1,NA,NA,,,,26,,27,,NA,NA,NA,,NA,1,"FY917117",NA,8,NA,NA,1,NA,NA,2,NA,NA,NA,NA,NA,NA,NA,NA,NA,NA,NA,NA,1,NA,1,1,NA,NA,5,0,0,0,NA,0,0,0,5,3,7,1,4,1,4,NA,6,NA,1,NA,NA,NA,NA,NA,NA,NA,NA,NA,NA,NA,NA,NA,NA,NA,NA,NA,NA,1,NA,NA,NA,NA,NA,NA,NA,NA,NA,0,2,4,5,1,NA,NA,1,NA,3,15,85,100,100,100,70,1,1,3,NA,NA,3,NA,1,7,2,NA,NA,3,0,3,3,0,0,9,1,31,5,15,2,NA,NA,NA,3,3,3,3,7,7,0,0,0,2,NA,10,2,2,2,7,6,7,2,2,2,6,88833,4,9,1,NA,NA,NA,"FY917117",NA,1986,1,7,NA,1,2,18,,,NA,NA,,1,5,,,1,2,2,,1,1,NA,NA,NA,NA,NA,NA,NA,NA,NA,NA,NA,NA,NA,NA,NA,NA,NA,NA,NA,NA,NA,NA,NA,NA,NA,NA,NA,NA,NA,NA,NA,NA,NA,NA,NA,NA,NA,NA,NA,NA,NA,NA,NA,NA,NA,NA,NA,NA,NA,NA,NA,NA,NA,NA,NA,NA,NA,NA,NA,NA,NA,NA,NA,NA,NA,NA,NA,NA,NA,NA,NA,NA,NA,NA,NA,NA,NA,NA,NA,NA,NA,NA,NA,NA
"78",215,219112,309,1,NA,NA,,,,26,,23,NA,NA,NA,NA,,NA,1,"FY923992",NA,19,NA,NA,1,NA,NA,2,NA,NA,NA,NA,NA,NA,NA,NA,NA,NA,NA,NA,2,NA,1,2,3,1,NA,NA,NA,NA,NA,NA,NA,NA,NA,1,7,3,6,2,4,NA,3,NA,NA,NA,NA,1,3,NA,NA,NA,NA,NA,NA,NA,NA,NA,NA,NA,NA,NA,NA,1,NA,NA,NA,NA,NA,NA,NA,NA,NA,0,4,5,4,1,NA,NA,2,NA,11,15,60,50,65,50,55,2,NA,NA,23,28,1,5,2,6,1,2,3,NA,NA,NA,NA,NA,NA,NA,NA,14,13,23,2,NA,NA,NA,3,1,3,3,8,10,10,10,10,2,NA,12,2,4,3,5,3,4,2,2,2,7,89582,319,320,1,NA,NA,NA,"FY923992",NA,1953,1,7,NA,2,NA,NA,NA,NA,,31,,1,7,,,2,2,2,,1,1,89108,234,237,1,NA,NA,NA,"FY975672",NA,1941,2,7,NA,2,NA,NA,NA,NA,169,36,107,1,7,308,201,2,2,2,162,3,2,89108,234,237,1,NA,NA,NA,"FY975672",NA,1941,2,7,NA,2,NA,NA,NA,NA,169,36,107,1,7,308,201,2,2,2,NA,NA,NA,NA,NA,NA,NA,NA,NA,NA,NA,NA,NA,NA,NA,NA,NA,NA,NA,NA,NA,NA,NA,NA,NA
"79",216,219118,311,1,NA,NA,,,,26,,56,,NA,NA,NA,,NA,1,"FY983064",NA,30,NA,NA,2,8,2,1,5,31,67,NA,NA,NA,NA,46,79,NA,NA,NA,NA,NA,NA,1,NA,NA,NA,5,NA,NA,NA,NA,10,NA,NA,2,6,2,5,2,5,NA,6,NA,1,NA,NA,NA,NA,NA,NA,NA,NA,NA,NA,NA,NA,NA,NA,NA,NA,1,NA,NA,NA,NA,NA,NA,NA,NA,1,NA,NA,3,4,1,NA,2,NA,NA,NA,1,16,50,60,80,80,80,50,2,NA,NA,35,28,3,NA,2,8,6,NA,NA,0,9,5,5,0,0,8,0,12,13,29,2,NA,NA,NA,3,3,3,3,7,5,0,7,5,2,NA,NA,NA,5,3,5,4,3,2,1,4,6,90338,499,483,1,NA,NA,NA,"FY983064",NA,1966,1,7,NA,2,NA,NA,NA,NA,,24,,2,5,,,2,2,2,,1,1,89034,138,149,1,NA,NA,NA,"FY941159",NA,1972,2,7,NA,1,1,5,NA,55,NA,NA,393,3,7,370,317,2,1,1,111,3,1,89034,138,149,1,NA,NA,NA,"FY941159",NA,1972,2,7,NA,1,1,5,NA,55,NA,NA,393,3,7,370,317,2,1,1,NA,NA,NA,NA,NA,NA,NA,NA,NA,NA,NA,NA,NA,NA,NA,NA,NA,NA,NA,NA,NA,NA,NA,NA,NA
"80",217,219124,314,1,NA,NA,,,,26,,27,,NA,NA,NA,,NA,1,"FY977599",NA,15,NA,NA,1,NA,NA,1,63,NA,NA,NA,NA,NA,NA,NA,NA,NA,NA,2,NA,2,NA,2,3,1,NA,NA,NA,NA,NA,NA,NA,NA,NA,5,6,1,4,4,7,NA,1,1,NA,NA,NA,NA,NA,1,1,NA,1,NA,1,NA,1,NA,NA,1,NA,NA,NA,1,1,NA,NA,NA,NA,NA,NA,NA,NA,5,4,1,5,4,NA,2,NA,NA,11,60,15,60,60,60,40,2,NA,NA,23,19,3,NA,2,5,1,1,2,NA,NA,NA,NA,NA,NA,NA,NA,22,10,18,2,NA,NA,NA,1,1,3,3,6,10,5,10,6,4,NA,6,11,2,5,4,2,2,2,2,6,4,88913,67,44,1,NA,NA,NA,"FY977599",NA,1957,1,7,NA,2,NA,NA,NA,NA,,5,,4,6,,,2,2,1,,2,1,88896,35,32,1,NA,NA,NA,"FY976269",NA,1932,2,7,NA,2,NA,NA,NA,NA,147,31,214,4,2,259,238,2,2,1,86,3,1,88896,35,32,1,NA,NA,NA,"FY976269",NA,1932,2,7,NA,2,NA,NA,NA,NA,147,31,214,4,2,259,238,2,2,1,NA,NA,NA,NA,NA,NA,NA,NA,NA,NA,NA,NA,NA,NA,NA,NA,NA,NA,NA,NA,NA,NA,NA,NA,NA
"81",218,219129,313,1,NA,NA,,,,26,,67,,NA,NA,NA,,NA,1,"FY924367",NA,48,NA,NA,1,NA,NA,1,68,18,5,NA,NA,NA,NA,43,19,NA,NA,NA,NA,NA,NA,2,3,1,NA,NA,NA,NA,NA,NA,NA,NA,NA,6,7,1,2,2,5,NA,1,1,NA,1,1,1,155,NA,1,NA,NA,1,1,38,1,NA,NA,1,NA,1,NA,1,NA,NA,1,23,NA,NA,1,NA,NA,0,3,5,2,4,NA,2,NA,NA,13,70,30,85,85,100,30,2,NA,NA,23,28,3,NA,2,8,4,1,3,NA,NA,NA,NA,NA,NA,NA,NA,22,14,27,1,1,3,4,NA,NA,NA,NA,6,10,0,7,7,4,NA,2,4,3,6,6,3,1,4,4,4,4,88907,56,66,1,NA,NA,NA,"FY924367",NA,1955,1,7,,2,NA,NA,NA,NA,,NA,,4,1,,,2,2,2,,1,2,89117,238,240,1,NA,NA,NA,"FY912496",NA,1984,1,2,NA,2,NA,NA,NA,NA,1,44,114,1,5,96,85,1,2,2,248,1,1,89117,238,240,1,NA,NA,NA,"FY912496",NA,1984,1,2,NA,2,NA,NA,NA,NA,1,44,114,1,5,96,85,1,2,2,NA,NA,NA,NA,NA,NA,NA,NA,NA,NA,NA,NA,NA,NA,NA,NA,NA,NA,NA,NA,NA,NA,NA,NA,NA
"82",219,219132,313,1,NA,NA,,,,26,,61,,NA,NA,NA,,NA,1,"FY957424",NA,14,NA,NA,2,4,2,2,NA,NA,NA,4,37,30,NA,NA,NA,8,48,NA,NA,NA,NA,1,NA,NA,0,0,0,10,NA,0,0,10,0,1,6,1,1,1,7,NA,4,NA,1,NA,NA,NA,NA,NA,NA,NA,1,NA,NA,NA,NA,NA,NA,NA,NA,1,NA,1,NA,NA,NA,NA,NA,NA,1,NA,NA,2,4,4,3,1,NA,NA,1,NA,13,30,60,70,70,70,0,2,NA,NA,3,28,1,7,1,8,3,NA,NA,10,10,0,10,10,0,10,10,12,25,35,1,3,1,3,NA,NA,NA,NA,5,10,0,5,5,1,NA,NA,NA,7,7,5,3,2,7,1,1,7,92850,545,525,1,NA,NA,NA,"FY957424",NA,1950,1,7,NA,2,NA,NA,NA,NA,,39,,2,3,,,2,2,1,,3,1,88952,74,73,1,NA,NA,NA,"FY904932",NA,1970,2,3,NA,2,NA,NA,NA,NA,144,31,53,2,1,41,30,2,2,2,34,1,2,88952,74,73,1,NA,NA,NA,"FY904932",NA,1970,2,3,NA,2,NA,NA,NA,NA,144,31,53,2,1,41,30,2,2,2,NA,NA,NA,NA,NA,NA,NA,NA,NA,NA,NA,NA,NA,NA,NA,NA,NA,NA,NA,NA,NA,NA,NA,NA,NA
"83",220,219133,316,1,NA,NA,,,,26,NA,NA,NA,NA,NA,NA,,NA,1,"FY919519",NA,58,NA,NA,2,3,11,2,NA,NA,NA,NA,NA,NA,NA,NA,NA,NA,NA,NA,1,NA,1,2,3,1,NA,NA,NA,NA,NA,NA,NA,NA,NA,6,7,1,4,2,7,NA,5,NA,NA,NA,NA,1,73,NA,NA,NA,NA,NA,NA,NA,NA,NA,NA,NA,NA,NA,NA,NA,NA,NA,NA,NA,NA,NA,1,NA,NA,1,4,3,7,2,NA,NA,NA,2,17,60,15,90,90,90,0,2,NA,NA,7,31,2,6,2,10,1,4,1,NA,NA,NA,NA,NA,NA,NA,NA,9,17,10,2,NA,NA,NA,3,3,3,3,7,10,1,2,2,4,NA,NA,NA,3,6,6,2,1,3,3,3,5,88922,62,62,1,NA,NA,NA,"FY919519",NA,1963,1,7,NA,2,NA,NA,NA,NA,,29,,2,4,,NA,2,2,1,,1,1,88919,50,48,1,NA,NA,NA,"FY955884",NA,1936,1,NA,7,2,NA,NA,NA,NA,24,5,330,1,7,26,249,2,2,1,21,1,2,88919,50,48,1,NA,NA,NA,"FY955884",NA,1936,1,NA,7,2,NA,NA,NA,NA,24,5,330,1,7,26,249,2,2,1,NA,NA,NA,NA,NA,NA,NA,NA,NA,NA,NA,NA,NA,NA,NA,NA,NA,NA,NA,NA,NA,NA,NA,NA,NA
"84",221,219138,315,1,NA,NA,,,,26,,67,NA,NA,NA,NA,,NA,1,"FY917187",NA,189,NA,NA,1,NA,NA,2,NA,NA,NA,47,39,38,NA,NA,NA,10,31,NA,NA,NA,NA,2,5,4,NA,NA,NA,NA,NA,NA,NA,NA,NA,3,6,3,5,2,4,NA,6,NA,NA,NA,NA,1,114,NA,NA,1,1,NA,1,NA,NA,NA,NA,NA,NA,NA,NA,1,NA,NA,NA,NA,NA,NA,1,NA,NA,1,2,1,5,1,NA,NA,2,NA,11,15,70,70,70,100,60,1,1,3,NA,NA,3,NA,1,5,2,1,2,NA,NA,NA,NA,NA,NA,NA,NA,10,27,18,1,3,1,3,NA,NA,NA,NA,3,10,0,8,8,1,NA,9,2,2,6,6,4,2,3,3,3,5,89877,427,417,1,NA,NA,NA,"FY917187",NA,1970,1,7,NA,2,NA,NA,NA,NA,,44,,1,5,,NA,2,2,2,,3,1,88883,30,25,1,NA,NA,NA,"FY944717",NA,1959,2,7,NA,2,NA,NA,NA,NA,22,5,134,2,1,69,73,1,2,2,133,1,1,88883,30,25,1,NA,NA,NA,"FY944717",NA,1959,2,7,NA,2,NA,NA,NA,NA,22,5,134,2,1,69,73,1,2,2,NA,NA,NA,NA,NA,NA,NA,NA,NA,NA,NA,NA,NA,NA,NA,NA,NA,NA,NA,NA,NA,NA,NA,NA,NA
"85",240,219240,331,1,NA,NA,,,,26,,28,NA,NA,NA,NA,,NA,1,"FY970691",NA,44,NA,NA,2,11,5,1,54,31,45,NA,NA,NA,NA,9,57,NA,NA,NA,NA,NA,NA,2,5,4,NA,NA,NA,NA,NA,NA,NA,NA,NA,1,7,3,5,2,7,NA,6,NA,NA,NA,1,1,31,1,NA,NA,1,NA,NA,NA,NA,1,NA,NA,NA,1,NA,1,NA,NA,NA,NA,NA,NA,NA,NA,NA,6,3,4,5,2,NA,NA,NA,1,10,15,60,50,50,70,40,2,NA,NA,23,29,1,3,1,6,2,1,4,NA,NA,NA,NA,NA,NA,NA,NA,22,4,10,1,3,1,3,NA,NA,NA,NA,8,10,5,3,3,4,NA,NA,NA,4,5,5,4,5,5,3,4,5,89085,223,225,1,NA,NA,NA,"FY970691",NA,1959,1,7,NA,2,NA,NA,NA,NA,,14,,2,5,,,2,2,1,,1,1,88874,22,21,1,NA,NA,NA,"FY922050",NA,1976,2,7,NA,1,1,5,10,35,NA,NA,375,4,5,111,123,2,1,1,108,2,1,88874,22,21,1,NA,NA,NA,"FY922050",NA,1976,2,7,NA,1,1,5,10,35,NA,NA,375,4,5,111,123,2,1,1,NA,NA,NA,NA,NA,NA,NA,NA,NA,NA,NA,NA,NA,NA,NA,NA,NA,NA,NA,NA,NA,NA,NA,NA,NA
"86",241,219244,333,1,NA,NA,,,,26,,54,,NA,NA,NA,,NA,1,"FY919508",NA,41,NA,NA,2,4,2,1,28,31,51,NA,NA,NA,NA,18,55,NA,NA,NA,NA,NA,NA,1,NA,NA,10,NA,NA,NA,NA,NA,10,NA,NA,1,7,2,6,2,6,NA,3,1,1,1,NA,NA,NA,NA,NA,1,NA,NA,NA,NA,NA,NA,NA,NA,NA,NA,NA,1,NA,NA,NA,NA,1,NA,NA,NA,NA,1,1,NA,7,1,NA,NA,2,NA,16,10,85,85,85,85,75,1,1,3,NA,NA,4,5,1,10,1,NA,NA,0,0,0,0,0,0,0,0,22,13,15,1,3,1,3,NA,NA,NA,NA,8,10,8,8,8,1,NA,NA,NA,6,2,2,4,2,3,3,4,5,89820,452,442,1,NA,NA,NA,"FY919508",NA,1964,1,7,NA,2,NA,NA,NA,NA,,35,,1,5,,,1,2,1,,2,1,NA,NA,NA,NA,NA,NA,NA,NA,NA,NA,NA,NA,NA,NA,NA,NA,NA,NA,NA,NA,NA,NA,NA,NA,NA,NA,NA,NA,NA,NA,NA,NA,NA,NA,NA,NA,NA,NA,NA,NA,NA,NA,NA,NA,NA,NA,NA,NA,NA,NA,NA,NA,NA,NA,NA,NA,NA,NA,NA,NA,NA,NA,NA,NA,NA,NA,NA,NA,NA,NA,NA,NA,NA,NA,NA,NA,NA,NA,NA,NA,NA,NA,NA,NA
"87",242,219247,332,1,NA,NA,,,,26,,56,,NA,NA,NA,,NA,1,"FY969474",NA,14,NA,NA,1,NA,NA,2,NA,NA,NA,46,36,66,NA,NA,NA,15,30,NA,NA,NA,NA,1,NA,NA,0,0,0,0,NA,0,0,0,0,2,7,3,4,2,5,NA,5,NA,1,NA,NA,NA,NA,NA,NA,NA,NA,NA,NA,NA,NA,NA,NA,NA,NA,NA,NA,NA,NA,NA,NA,NA,1,NA,NA,NA,NA,0,2,1,6,1,NA,NA,1,NA,10,50,50,50,40,50,40,1,5,1,NA,NA,2,3,1,3,4,NA,NA,5,8,4,6,5,6,7,4,27,14,30,1,3,1,3,NA,NA,NA,NA,3,4,7,2,2,1,NA,8,8,2,6,6,5,6,3,2,6,5,89688,333,NA,1,NA,NA,NA,"FY969474",NA,NA,NA,NA,NA,NA,NA,NA,NA,NA,NA,NA,NA,NA,NA,NA,NA,NA,NA,NA,NA,NA,NA,88879,26,21,1,NA,NA,NA,"FY963829",NA,1978,1,7,NA,2,NA,NA,NA,NA,101,5,2,1,7,207,312,2,2,2,115,1,1,88879,26,21,1,NA,NA,NA,"FY963829",NA,1978,1,7,NA,2,NA,NA,NA,NA,101,5,2,1,7,207,312,2,2,2,NA,NA,NA,NA,NA,NA,NA,NA,NA,NA,NA,NA,NA,NA,NA,NA,NA,NA,NA,NA,NA,NA,NA,NA,NA
"88",243,219249,334,1,NA,NA,,,,26,,40,NA,NA,NA,NA,,NA,1,"FY908381",NA,36,NA,NA,1,NA,NA,1,NA,NA,94,NA,NA,NA,NA,NA,53,NA,NA,2,NA,NA,NA,2,3,1,NA,NA,NA,NA,NA,NA,NA,NA,NA,2,7,1,5,2,6,NA,6,NA,NA,NA,NA,1,25,NA,NA,NA,NA,1,NA,4,NA,NA,NA,NA,NA,NA,NA,NA,NA,NA,NA,NA,NA,NA,NA,NA,NA,0,4,2,1,1,NA,NA,2,NA,16,40,85,85,85,85,45,2,NA,NA,16,30,3,NA,1,5,2,1,2,NA,NA,NA,NA,NA,NA,NA,NA,7,27,18,2,NA,NA,NA,3,4,3,3,2,10,0,5,4,2,NA,9,6,2,6,4,2,2,3,3,4,4,89568,315,316,1,NA,NA,NA,"FY908381",NA,1971,1,7,NA,2,NA,NA,NA,NA,,18,,1,3,,,1,2,2,,2,2,89095,227,229,1,NA,NA,NA,"FY977282",NA,1948,2,7,NA,2,NA,NA,NA,NA,34,31,157,1,7,55,21,1,2,2,195,3,2,89095,227,229,1,NA,NA,NA,"FY977282",NA,1948,2,7,NA,2,NA,NA,NA,NA,34,31,157,1,7,55,21,1,2,2,NA,NA,NA,NA,NA,NA,NA,NA,NA,NA,NA,NA,NA,NA,NA,NA,NA,NA,NA,NA,NA,NA,NA,NA,NA
"89",244,219252,335,1,NA,NA,,,,26,,27,NA,NA,NA,NA,,NA,1,"FY960611",NA,40,NA,NA,2,2,4,2,NA,NA,NA,40,42,NA,NA,NA,NA,34,61,NA,NA,NA,NA,2,5,4,NA,NA,NA,NA,NA,NA,NA,NA,NA,7,7,NA,7,7,NA,NA,5,1,NA,NA,NA,1,61,NA,1,1,NA,NA,NA,NA,NA,NA,NA,NA,NA,1,NA,NA,1,NA,NA,NA,NA,1,NA,NA,NA,7,1,1,5,2,NA,NA,NA,2,3,50,30,50,100,100,25,1,1,5,NA,NA,1,0,2,5,2,2,3,NA,NA,NA,NA,NA,NA,NA,NA,27,31,27,2,NA,NA,NA,3,4,3,3,10,10,5,2,8,4,NA,NA,NA,5,5,7,4,4,1,1,6,7,88998,107,112,1,NA,NA,NA,"FY960611",NA,1916,2,7,NA,2,NA,NA,NA,NA,,5,,4,4,,,2,2,1,,3,1,NA,NA,NA,NA,NA,NA,NA,NA,NA,NA,NA,NA,NA,NA,NA,NA,NA,NA,NA,NA,NA,NA,NA,NA,NA,NA,NA,NA,NA,NA,NA,NA,NA,NA,NA,NA,NA,NA,NA,NA,NA,NA,NA,NA,NA,NA,NA,NA,NA,NA,NA,NA,NA,NA,NA,NA,NA,NA,NA,NA,NA,NA,NA,NA,NA,NA,NA,NA,NA,NA,NA,NA,NA,NA,NA,NA,NA,NA,NA,NA,NA,NA,NA,NA
"90",245,219268,337,1,NA,NA,,,,26,,65,,NA,NA,NA,,NA,1,"FY920597",NA,35,NA,NA,1,NA,NA,1,63,31,49,NA,NA,NA,NA,22,66,NA,NA,NA,NA,NA,NA,1,NA,NA,7,0,2,0,NA,0,0,0,0,5,6,2,3,2,5,NA,5,NA,NA,NA,NA,1,115,NA,NA,NA,NA,NA,1,NA,NA,1,NA,NA,NA,1,NA,NA,NA,NA,NA,NA,NA,NA,NA,NA,NA,5,3,4,7,4,NA,1,NA,NA,13,60,30,70,70,70,40,2,NA,NA,10,8,3,NA,2,5,2,NA,NA,3,7,7,5,2,2,5,3,27,20,33,2,NA,NA,NA,3,1,3,3,8,10,1,5,7,4,NA,6,8,4,4,5,3,3,4,4,3,4,92849,542,521,1,NA,NA,NA,"FY920597",NA,1955,1,1,,2,NA,NA,NA,NA,,20,,4,4,,,2,2,1,,1,1,NA,NA,NA,NA,NA,NA,NA,NA,NA,NA,NA,NA,NA,NA,NA,NA,NA,NA,NA,NA,NA,NA,NA,NA,NA,NA,NA,NA,NA,NA,NA,NA,NA,NA,NA,NA,NA,NA,NA,NA,NA,NA,NA,NA,NA,NA,NA,NA,NA,NA,NA,NA,NA,NA,NA,NA,NA,NA,NA,NA,NA,NA,NA,NA,NA,NA,NA,NA,NA,NA,NA,NA,NA,NA,NA,NA,NA,NA,NA,NA,NA,NA,NA,NA
"91",246,219271,336,1,NA,NA,,,,26,NA,NA,NA,NA,NA,NA,,NA,1,"FY934252",NA,25,NA,NA,1,NA,NA,1,22,33,24,NA,NA,NA,NA,55,5,NA,NA,NA,NA,NA,NA,1,NA,NA,10,0,0,NA,NA,0,10,0,0,6,6,1,5,3,7,NA,5,1,1,NA,NA,1,30,NA,1,1,1,NA,NA,NA,1,1,NA,1,1,1,9,NA,NA,NA,NA,NA,NA,NA,1,1,44,7,3,7,7,2,NA,NA,NA,2,15,85,65,80,75,90,40,2,NA,NA,23,44,1,8,2,10,1,NA,NA,7,0,6,3,8,0,8,3,16,20,15,2,NA,NA,NA,4,1,3,3,8,10,7,10,2,4,NA,3,12,3,4,6,5,3,2,2,3,5,89153,171,173,1,NA,NA,NA,"FY934252",NA,1943,1,7,NA,2,NA,NA,NA,NA,,41,,2,2,,NA,2,2,2,,2,2,88996,106,110,1,NA,NA,NA,"FY921285",NA,1975,1,7,NA,2,NA,NA,NA,NA,209,10,319,1,5,135,223,2,2,2,149,2,1,88996,106,110,1,NA,NA,NA,"FY921285",NA,1975,1,7,NA,2,NA,NA,NA,NA,209,10,319,1,5,135,223,2,2,2,NA,NA,NA,NA,NA,NA,NA,NA,NA,NA,NA,NA,NA,NA,NA,NA,NA,NA,NA,NA,NA,NA,NA,NA,NA
"92",247,219293,338,1,NA,NA,,,,26,,27,,NA,NA,NA,,NA,1,"FY940575",NA,735,NA,NA,2,12,2,1,52,31,80,NA,NA,NA,NA,9,55,NA,NA,NA,NA,NA,NA,1,NA,NA,10,0,0,0,NA,0,10,0,0,3,7,2,4,2,6,NA,3,NA,1,NA,NA,1,120,NA,NA,1,NA,NA,1,NA,NA,NA,NA,NA,NA,NA,NA,NA,NA,NA,NA,NA,NA,NA,NA,NA,NA,6,3,1,5,1,NA,NA,2,NA,10,30,85,50,50,70,30,2,NA,NA,32,29,4,2,1,7,1,NA,NA,0,0,5,7,0,0,0,8,12,27,5,2,NA,NA,NA,3,1,3,3,9,10,2,2,3,1,NA,NA,NA,2,6,2,1,1,3,3,4,6,88928,55,53,1,NA,NA,NA,"FY940575",NA,1955,2,7,NA,2,NA,NA,NA,NA,,5,,1,5,,NA,2,2,2,,3,1,NA,NA,NA,NA,NA,NA,NA,NA,NA,NA,NA,NA,NA,NA,NA,NA,NA,NA,NA,NA,NA,NA,NA,NA,NA,NA,NA,NA,NA,NA,NA,NA,NA,NA,NA,NA,NA,NA,NA,NA,NA,NA,NA,NA,NA,NA,NA,NA,NA,NA,NA,NA,NA,NA,NA,NA,NA,NA,NA,NA,NA,NA,NA,NA,NA,NA,NA,NA,NA,NA,NA,NA,NA,NA,NA,NA,NA,NA,NA,NA,NA,NA,NA,NA
"93",248,219296,340,1,NA,NA,,,,26,,27,,NA,NA,NA,,NA,1,"FY994203",NA,18,NA,NA,1,NA,NA,2,NA,NA,NA,5,NA,19,NA,NA,NA,NA,22,NA,NA,NA,2,1,NA,NA,NA,5,5,NA,NA,NA,7,NA,NA,1,7,3,2,2,6,NA,6,NA,1,NA,NA,NA,NA,1,NA,1,1,NA,1,NA,NA,NA,NA,1,NA,1,NA,1,NA,NA,NA,NA,NA,NA,1,1,73,7,3,6,5,1,NA,NA,1,NA,10,25,75,55,45,60,10,1,1,5,NA,NA,1,6,2,10,6,NA,NA,0,0,6,5,0,0,5,4,12,19,21,2,NA,NA,NA,3,1,3,3,8,10,0,6,6,2,NA,11,9,5,4,7,6,4,1,2,3,6,89776,403,396,1,NA,NA,NA,"FY994203",NA,1960,2,3,NA,1,2,38,,,NA,NA,,2,3,,,2,1,2,,2,1,NA,NA,NA,NA,NA,NA,NA,NA,NA,NA,NA,NA,NA,NA,NA,NA,NA,NA,NA,NA,NA,NA,NA,NA,NA,NA,NA,NA,NA,NA,NA,NA,NA,NA,NA,NA,NA,NA,NA,NA,NA,NA,NA,NA,NA,NA,NA,NA,NA,NA,NA,NA,NA,NA,NA,NA,NA,NA,NA,NA,NA,NA,NA,NA,NA,NA,NA,NA,NA,NA,NA,NA,NA,NA,NA,NA,NA,NA,NA,NA,NA,NA,NA,NA
"94",249,219305,339,1,NA,NA,,,,26,,27,NA,NA,NA,NA,,NA,1,"FY952230",NA,29,NA,NA,2,12,3,1,50,31,80,NA,NA,NA,NA,55,66,NA,NA,NA,NA,NA,NA,1,NA,NA,0,5,5,0,NA,2,2,2,2,3,7,1,5,2,6,NA,3,1,1,NA,NA,NA,NA,NA,NA,NA,NA,NA,NA,NA,NA,NA,NA,NA,1,NA,13,1,NA,NA,NA,NA,NA,NA,1,NA,NA,1,4,1,5,1,NA,NA,2,NA,3,20,80,100,100,100,60,1,1,3,NA,NA,3,NA,2,5,2,NA,NA,0,0,6,0,2,1,3,7,29,13,10,1,2,2,3,NA,NA,NA,NA,6,8,4,6,0,2,NA,NA,NA,5,2,4,5,5,2,2,3,6,89075,215,219,1,NA,NA,NA,"FY952230",NA,1980,1,7,NA,1,2,20,,,NA,NA,,1,5,,,2,2,2,,1,1,NA,NA,NA,NA,NA,NA,NA,NA,NA,NA,NA,NA,NA,NA,NA,NA,NA,NA,NA,NA,NA,NA,NA,NA,NA,NA,NA,NA,NA,NA,NA,NA,NA,NA,NA,NA,NA,NA,NA,NA,NA,NA,NA,NA,NA,NA,NA,NA,NA,NA,NA,NA,NA,NA,NA,NA,NA,NA,NA,NA,NA,NA,NA,NA,NA,NA,NA,NA,NA,NA,NA,NA,NA,NA,NA,NA,NA,NA,NA,NA,NA,NA,NA,NA
"95",251,219315,4,1,NA,NA,,,,26,NA,NA,NA,NA,NA,NA,,NA,1,"FY906326",NA,66,NA,NA,2,11,2,2,NA,NA,NA,55,29,8,NA,NA,NA,NA,38,NA,NA,NA,3,2,5,4,NA,NA,NA,NA,NA,NA,NA,NA,NA,2,7,2,7,2,6,NA,3,NA,1,NA,NA,NA,NA,NA,NA,NA,NA,NA,NA,NA,NA,NA,NA,NA,1,NA,35,1,NA,NA,NA,NA,NA,NA,1,1,32,5,1,1,2,1,NA,NA,2,NA,16,30,60,50,60,NA,NA,1,2,3,NA,NA,4,7,2,6,2,1,2,NA,NA,NA,NA,NA,NA,NA,NA,24,5,10,2,NA,NA,NA,4,1,3,3,6,10,6,5,3,1,NA,NA,NA,4,3,3,3,4,1,1,2,6,89538,310,311,1,NA,NA,NA,"FY906326",NA,1945,1,7,NA,2,NA,NA,NA,NA,,11,,1,5,,,1,2,2,,2,2,88920,51,NA,1,NA,NA,NA,"FY904327",NA,NA,NA,NA,NA,NA,NA,NA,NA,NA,NA,NA,NA,NA,NA,NA,NA,NA,NA,NA,NA,NA,NA,88920,51,NA,1,NA,NA,NA,"FY904327",NA,NA,NA,NA,NA,NA,NA,NA,NA,NA,NA,NA,NA,NA,NA,NA,NA,NA,NA,NA,NA,NA,NA,NA,NA,NA,NA,NA,NA,NA,NA,NA,NA,NA,NA,NA,NA,NA,NA,NA,NA,NA,NA,NA,NA
"96",252,219323,5,1,NA,NA,,,,26,,27,NA,NA,NA,NA,,NA,1,"FY986339",NA,75,NA,NA,1,NA,NA,1,63,33,95,NA,NA,NA,NA,10,NA,NA,NA,NA,NA,2,NA,1,NA,NA,3,0,0,0,NA,0,0,0,0,1,2,6,1,2,6,NA,3,NA,NA,NA,NA,NA,NA,NA,NA,NA,NA,NA,NA,NA,NA,NA,NA,NA,NA,NA,NA,NA,NA,NA,NA,NA,NA,NA,NA,NA,NA,0,1,0,5,2,NA,NA,NA,1,10,50,50,50,50,50,50,1,3,3,NA,NA,3,NA,4,NA,2,NA,NA,0,0,5,5,0,5,0,5,24,27,5,2,NA,NA,NA,3,1,3,3,2,0,0,0,0,2,NA,4,1,6,2,4,3,2,5,5,3,2,89148,168,169,1,NA,NA,NA,"FY986339",NA,1962,2,7,NA,1,2,21,,,NA,NA,,2,1,,,2,1,1,,3,1,88978,97,104,1,NA,NA,NA,"FY905149",NA,1955,1,7,NA,1,2,51,98,11,NA,NA,273,1,7,93,154,1,2,2,67,2,2,88978,97,104,1,NA,NA,NA,"FY905149",NA,1955,1,7,NA,1,2,51,98,11,NA,NA,273,1,7,93,154,1,2,2,NA,NA,NA,NA,NA,NA,NA,NA,NA,NA,NA,NA,NA,NA,NA,NA,NA,NA,NA,NA,NA,NA,NA,NA,NA
"97",253,219325,6,1,NA,NA,,,,26,,55,,NA,NA,NA,,NA,1,"FY929184",NA,55,NA,NA,1,NA,NA,1,53,31,72,NA,NA,NA,NA,55,66,NA,NA,NA,NA,NA,NA,2,5,1,NA,NA,NA,NA,NA,NA,NA,NA,NA,8,6,2,3,1,5,NA,6,NA,NA,1,NA,1,70,NA,NA,NA,NA,NA,NA,NA,NA,NA,NA,NA,NA,NA,NA,NA,NA,NA,NA,NA,1,1,1,1,56,0,2,1,7,2,NA,NA,NA,1,17,10,20,70,70,86,40,2,NA,NA,15,6,4,8,2,5,6,1,2,NA,NA,NA,NA,NA,NA,NA,NA,5,13,10,2,NA,NA,NA,3,1,3,3,7,10,1,4,6,3,17,1,2,5,3,7,3,4,4,5,4,5,88918,49,46,1,NA,NA,NA,"FY929184",NA,1977,1,4,NA,2,NA,NA,NA,NA,NA,32,,2,1,,,2,2,2,,3,2,88958,78,79,1,NA,NA,NA,"FY981094",NA,1969,1,7,NA,2,NA,NA,NA,NA,NA,5,NA,1,5,3,NA,2,2,2,115,1,2,88958,78,79,1,NA,NA,NA,"FY981094",NA,1969,1,7,NA,2,NA,NA,NA,NA,NA,5,NA,1,5,3,NA,2,2,2,NA,NA,NA,NA,NA,NA,NA,NA,NA,NA,NA,NA,NA,NA,NA,NA,NA,NA,NA,NA,NA,NA,NA,NA,NA
"98",255,219333,7,1,NA,NA,,,,26,,27,,NA,NA,NA,,NA,1,"FY987316",NA,32,NA,NA,1,NA,NA,1,34,24,71,NA,NA,NA,NA,50,42,NA,NA,NA,NA,NA,NA,2,3,4,NA,NA,NA,NA,NA,NA,NA,NA,NA,2,7,2,5,2,6,NA,6,NA,NA,NA,NA,1,103,NA,NA,NA,NA,NA,NA,NA,NA,NA,NA,NA,NA,NA,NA,NA,NA,NA,NA,NA,NA,NA,1,1,57,1,4,7,7,1,NA,NA,2,NA,13,30,70,70,70,70,60,2,NA,NA,32,30,1,5,2,10,4,1,2,NA,NA,NA,NA,NA,NA,NA,NA,22,4,29,2,NA,NA,NA,3,1,3,3,8,10,0,0,5,1,NA,11,3,3,6,4,2,1,1,1,4,6,88902,41,37,1,NA,NA,NA,"FY987316",NA,1975,1,7,NA,2,NA,NA,NA,NA,,5,,1,5,,NA,1,1,1,,3,1,89119,239,241,1,NA,NA,NA,"FY975991",NA,1951,2,7,NA,1,1,2,42,20,NA,NA,401,2,7,223,419,2,2,1,20,3,1,89119,239,241,1,NA,NA,NA,"FY975991",NA,1951,2,7,NA,1,1,2,42,20,NA,NA,401,2,7,223,419,2,2,1,NA,NA,NA,NA,NA,NA,NA,NA,NA,NA,NA,NA,NA,NA,NA,NA,NA,NA,NA,NA,NA,NA,NA,NA,NA
"99",256,219337,8,1,NA,NA,,,,26,,27,NA,NA,NA,NA,,NA,1,"FY937683",NA,44,NA,NA,1,NA,NA,1,58,31,80,NA,NA,NA,NA,64,28,NA,NA,NA,NA,NA,NA,2,5,4,NA,NA,NA,NA,NA,NA,NA,NA,NA,1,6,3,7,2,5,NA,6,NA,1,1,NA,NA,NA,NA,NA,NA,NA,NA,NA,NA,NA,NA,NA,NA,NA,NA,NA,1,NA,NA,NA,NA,NA,NA,NA,NA,NA,0,2,5,4,1,NA,NA,2,NA,3,30,75,75,80,90,70,2,NA,NA,32,4,1,5,2,10,1,4,4,NA,NA,NA,NA,NA,NA,NA,NA,33,4,5,1,3,1,3,NA,NA,NA,NA,10,10,10,4,4,1,NA,10,2,3,3,4,4,2,2,2,2,6,89011,118,122,1,NA,NA,NA,"FY937683",NA,1951,2,7,NA,2,NA,NA,NA,NA,,5,,1,5,,,2,2,1,,3,2,NA,NA,NA,NA,NA,NA,NA,NA,NA,NA,NA,NA,NA,NA,NA,NA,NA,NA,NA,NA,NA,NA,NA,NA,NA,NA,NA,NA,NA,NA,NA,NA,NA,NA,NA,NA,NA,NA,NA,NA,NA,NA,NA,NA,NA,NA,NA,NA,NA,NA,NA,NA,NA,NA,NA,NA,NA,NA,NA,NA,NA,NA,NA,NA,NA,NA,NA,NA,NA,NA,NA,NA,NA,NA,NA,NA,NA,NA,NA,NA,NA,NA,NA,NA
"100",257,219339,11,1,NA,NA,,,,26,,27,NA,NA,NA,NA,,NA,1,"FY990645",NA,28,NA,NA,1,NA,NA,2,NA,NA,NA,11,75,46,NA,NA,NA,41,14,NA,NA,NA,NA,2,5,4,NA,NA,NA,NA,NA,NA,NA,NA,NA,6,4,2,3,5,7,NA,4,NA,NA,NA,NA,1,61,NA,NA,NA,NA,1,NA,NA,NA,NA,NA,NA,1,1,24,1,NA,NA,NA,NA,1,1,1,1,9,5,4,5,8,3,13,NA,NA,NA,10,60,30,50,50,50,40,2,NA,NA,32,28,1,4,2,8,1,3,3,NA,NA,NA,NA,NA,NA,NA,NA,22,23,15,2,NA,NA,NA,3,1,3,3,10,8,5,8,6,3,2,2,11,2,4,6,4,2,2,1,2,7,92845,538,517,1,NA,NA,NA,"FY990645",NA,1959,1,5,NA,1,2,49,,,NA,NA,,2,1,,,2,2,2,,3,1,NA,NA,NA,NA,NA,NA,NA,NA,NA,NA,NA,NA,NA,NA,NA,NA,NA,NA,NA,NA,NA,NA,NA,NA,NA,NA,NA,NA,NA,NA,NA,NA,NA,NA,NA,NA,NA,NA,NA,NA,NA,NA,NA,NA,NA,NA,NA,NA,NA,NA,NA,NA,NA,NA,NA,NA,NA,NA,NA,NA,NA,NA,NA,NA,NA,NA,NA,NA,NA,NA,NA,NA,NA,NA,NA,NA,NA,NA,NA,NA,NA,NA,NA,NA
"101",258,219341,9,1,NA,NA,,,,26,,27,NA,NA,NA,NA,,NA,1,"FY946968",NA,90,NA,NA,1,NA,NA,2,NA,NA,NA,47,NA,40,NA,NA,NA,NA,NA,NA,1,NA,1,1,NA,NA,0,0,0,0,NA,0,10,0,0,1,7,4,7,2,5,NA,8,NA,1,NA,NA,NA,NA,NA,NA,NA,NA,NA,NA,NA,NA,NA,NA,NA,NA,NA,NA,1,NA,NA,NA,NA,NA,NA,1,NA,NA,0,2,3,5,1,NA,NA,2,NA,3,0,85,85,85,100,100,2,NA,NA,19,20,1,0,1,6,2,NA,NA,0,0,5,0,0,0,5,5,12,4,4,1,3,1,3,NA,NA,NA,NA,5,10,10,7,7,1,NA,4,2,2,6,2,1,2,3,4,1,7,88980,111,98,1,NA,NA,NA,"FY946968",NA,1971,1,7,NA,2,NA,NA,NA,NA,,5,,1,7,,,2,2,2,,3,1,88918,49,46,1,NA,NA,NA,"FY929184",NA,1977,1,4,NA,2,NA,NA,NA,NA,NA,32,162,2,1,194,31,2,2,2,176,3,2,88918,49,46,1,NA,NA,NA,"FY929184",NA,1977,1,4,NA,2,NA,NA,NA,NA,NA,32,162,2,1,194,31,2,2,2,NA,NA,NA,NA,NA,NA,NA,NA,NA,NA,NA,NA,NA,NA,NA,NA,NA,NA,NA,NA,NA,NA,NA,NA,NA
"102",259,219346,12,1,NA,NA,,,,11,,6,NA,NA,NA,NA,,NA,1,"FY963930",NA,26,NA,NA,1,NA,NA,2,NA,NA,NA,6,24,6,NA,NA,NA,17,63,NA,NA,NA,NA,1,NA,NA,5,1,1,0,NA,2,6,3,0,7,5,3,7,2,4,NA,4,1,1,NA,NA,NA,NA,NA,NA,NA,1,NA,NA,NA,1,1,NA,NA,NA,1,NA,NA,NA,NA,NA,NA,NA,NA,1,NA,NA,1,2,1,5,2,NA,NA,NA,3,7,NA,NA,70,50,50,50,1,3,2,NA,NA,4,8,3,9,3,NA,NA,7,5,6,7,4,3,7,5,37,17,23,2,NA,NA,NA,3,3,3,3,3,0,0,0,5,2,NA,8,5,5,4,5,5,3,6,6,2,4,89789,413,406,1,NA,NA,NA,"FY963930",NA,1968,2,3,NA,1,1,7,,,NA,NA,NA,3,3,,,1,2,1,,2,1,88962,82,82,1,NA,NA,NA,"FY957584",NA,1947,2,7,NA,2,NA,NA,NA,NA,49,14,101,1,3,271,61,2,2,1,261,3,1,88962,82,82,1,NA,NA,NA,"FY957584",NA,1947,2,7,NA,2,NA,NA,NA,NA,49,14,101,1,3,271,61,2,2,1,NA,NA,NA,NA,NA,NA,NA,NA,NA,NA,NA,NA,NA,NA,NA,NA,NA,NA,NA,NA,NA,NA,NA,NA,NA
"103",260,219356,14,1,NA,NA,,,,26,,58,NA,NA,NA,NA,,NA,1,"FY952488",NA,40,NA,NA,1,NA,NA,2,NA,NA,NA,NA,NA,NA,NA,NA,NA,NA,NA,NA,4,NA,1,1,NA,NA,0,0,0,0,NA,0,0,0,0,3,7,3,5,1,4,NA,3,NA,NA,NA,NA,NA,NA,NA,NA,1,NA,NA,NA,NA,NA,NA,NA,1,NA,NA,NA,1,NA,NA,NA,NA,NA,NA,NA,NA,NA,0,2,2,5,1,NA,NA,2,NA,10,15,60,50,50,50,50,2,NA,NA,5,28,4,8,2,7,6,NA,NA,0,0,7,0,0,0,5,10,12,5,15,2,NA,NA,NA,4,1,3,3,7,10,10,9,8,1,NA,4,2,6,4,5,5,3,2,2,3,6,89016,124,128,1,NA,NA,NA,"FY952488",NA,1943,1,7,NA,2,NA,NA,NA,NA,,42,,1,5,,,2,2,2,,1,2,88911,66,67,1,NA,NA,NA,"FY956362",NA,1954,1,7,NA,2,NA,NA,NA,NA,53,33,72,2,5,45,416,2,2,1,134,1,1,88911,66,67,1,NA,NA,NA,"FY956362",NA,1954,1,7,NA,2,NA,NA,NA,NA,53,33,72,2,5,45,416,2,2,1,NA,NA,NA,NA,NA,NA,NA,NA,NA,NA,NA,NA,NA,NA,NA,NA,NA,NA,NA,NA,NA,NA,NA,NA,NA
"104",261,219389,48,1,NA,NA,,,,3,NA,NA,NA,NA,NA,NA,,NA,1,"FY911738",NA,101,NA,NA,2,6,9,2,NA,NA,NA,NA,25,NA,NA,NA,NA,50,NA,NA,1,NA,NA,2,3,4,NA,NA,NA,NA,NA,NA,NA,NA,NA,1,7,3,2,1,5,NA,6,1,1,NA,NA,NA,NA,NA,NA,NA,NA,NA,NA,NA,NA,NA,NA,NA,1,NA,5,1,NA,NA,1,10,NA,NA,1,NA,NA,0,4,3,7,2,NA,NA,NA,1,8,20,30,60,50,80,10,1,1,3,NA,NA,3,NA,2,8,1,3,4,NA,NA,NA,NA,NA,NA,NA,NA,16,27,5,2,NA,NA,NA,3,1,3,3,8,0,0,2,1,2,NA,NA,NA,2,7,3,4,1,3,2,2,5,88898,40,36,1,NA,NA,NA,"FY911738",NA,1971,2,3,NA,1,1,13,,,NA,NA,,2,5,,,1,2,2,,2,2,NA,NA,NA,NA,NA,NA,NA,NA,NA,NA,NA,NA,NA,NA,NA,NA,NA,NA,NA,NA,NA,NA,NA,NA,NA,NA,NA,NA,NA,NA,NA,NA,NA,NA,NA,NA,NA,NA,NA,NA,NA,NA,NA,NA,NA,NA,NA,NA,NA,NA,NA,NA,NA,NA,NA,NA,NA,NA,NA,NA,NA,NA,NA,NA,NA,NA,NA,NA,NA,NA,NA,NA,NA,NA,NA,NA,NA,NA,NA,NA,NA,NA,NA,NA
"105",262,219404,49,1,NA,NA,,,,8,,4,NA,NA,NA,NA,,NA,1,"FY900830",NA,7,NA,NA,1,NA,NA,1,NA,31,96,NA,NA,NA,NA,8,NA,NA,NA,NA,NA,2,NA,1,NA,NA,10,NA,NA,NA,NA,NA,NA,0,NA,1,6,3,5,3,5,NA,3,NA,NA,NA,NA,1,99,NA,NA,NA,NA,1,NA,35,NA,NA,NA,1,NA,NA,NA,NA,NA,NA,1,36,NA,NA,NA,NA,NA,4,3,0,2,1,NA,NA,1,NA,10,40,60,50,50,60,30,2,NA,NA,23,6,1,0,2,1,2,NA,NA,0,0,7,0,0,0,0,5,12,5,5,1,1,4,3,NA,NA,NA,NA,3,0,0,0,3,4,NA,4,5,5,4,4,5,3,2,2,6,6,89043,146,148,1,NA,NA,NA,"FY900830",NA,1956,2,7,NA,2,NA,NA,NA,NA,,38,,1,5,,,1,1,1,,3,1,NA,NA,NA,NA,NA,NA,NA,NA,NA,NA,NA,NA,NA,NA,NA,NA,NA,NA,NA,NA,NA,NA,NA,NA,NA,NA,NA,NA,NA,NA,NA,NA,NA,NA,NA,NA,NA,NA,NA,NA,NA,NA,NA,NA,NA,NA,NA,NA,NA,NA,NA,NA,NA,NA,NA,NA,NA,NA,NA,NA,NA,NA,NA,NA,NA,NA,NA,NA,NA,NA,NA,NA,NA,NA,NA,NA,NA,NA,NA,NA,NA,NA,NA,NA
"106",264,219452,50,1,NA,NA,,,,25,NA,NA,NA,NA,NA,NA,,NA,1,"FY952750",NA,16,NA,NA,2,8,8,2,NA,NA,NA,NA,NA,47,NA,NA,NA,NA,12,NA,NA,NA,1,2,5,1,NA,NA,NA,NA,NA,NA,NA,NA,NA,4,8,8,8,8,8,NA,4,NA,NA,NA,NA,1,143,NA,NA,NA,NA,1,NA,2,NA,NA,NA,1,1,NA,34,NA,NA,NA,1,9,NA,NA,NA,NA,NA,7,4,0,5,3,6,NA,NA,NA,11,50,50,60,60,40,30,2,NA,NA,39,24,1,5,4,NA,6,1,2,NA,NA,NA,NA,NA,NA,NA,NA,12,10,18,1,1,3,3,NA,NA,NA,NA,7,NA,0,0,7,2,NA,NA,NA,3,5,5,3,3,3,3,3,5,NA,NA,NA,NA,NA,NA,NA,NA,NA,NA,NA,NA,NA,NA,NA,NA,NA,NA,NA,NA,NA,NA,NA,NA,NA,NA,NA,NA,NA,NA,NA,88830,3,54,1,NA,NA,NA,"FY959528",NA,1957,1,7,NA,2,NA,NA,NA,NA,178,38,237,1,5,112,277,2,2,1,195,3,1,88830,3,54,1,NA,NA,NA,"FY959528",NA,1957,1,7,NA,2,NA,NA,NA,NA,178,38,237,1,5,112,277,2,2,1,NA,NA,NA,NA,NA,NA,NA,NA,NA,NA,NA,NA,NA,NA,NA,NA,NA,NA,NA,NA,NA,NA,NA,NA,NA
"107",265,219455,51,1,NA,NA,,,,25,NA,NA,NA,NA,NA,NA,,NA,1,"FY965454",NA,32,NA,NA,1,NA,NA,1,41,12,105,NA,NA,NA,NA,33,39,NA,NA,NA,NA,NA,NA,1,NA,NA,9,1,0,0,NA,1,9,0,0,6,6,2,6,4,6,NA,5,NA,NA,NA,NA,1,83,NA,NA,NA,NA,1,NA,9,NA,1,NA,1,NA,1,NA,NA,NA,NA,NA,NA,NA,NA,NA,NA,NA,4,3,3,4,4,NA,2,NA,NA,10,60,60,60,50,50,50,2,NA,NA,23,4,3,NA,1,6,2,NA,NA,2,3,4,5,5,1,7,5,16,10,15,2,NA,NA,NA,3,4,3,3,7,0,0,0,0,2,NA,8,5,4,4,4,4,3,3,3,3,4,89055,198,199,1,NA,NA,NA,"FY965454",NA,1938,2,7,NA,2,NA,NA,NA,NA,,22,,4,4,,,2,1,1,,3,1,NA,NA,NA,NA,NA,NA,NA,NA,NA,NA,NA,NA,NA,NA,NA,NA,NA,NA,NA,NA,NA,NA,NA,NA,NA,NA,NA,NA,NA,NA,NA,NA,NA,NA,NA,NA,NA,NA,NA,NA,NA,NA,NA,NA,NA,NA,NA,NA,NA,NA,NA,NA,NA,NA,NA,NA,NA,NA,NA,NA,NA,NA,NA,NA,NA,NA,NA,NA,NA,NA,NA,NA,NA,NA,NA,NA,NA,NA,NA,NA,NA,NA,NA,NA
"108",266,219475,52,1,NA,NA,,,,25,,38,NA,NA,NA,NA,,NA,1,"FY959676",NA,20,NA,NA,2,4,6,2,NA,NA,NA,47,56,20,NA,NA,NA,44,22,NA,NA,NA,NA,2,3,1,NA,NA,NA,NA,NA,NA,NA,NA,NA,1,7,2,3,2,5,NA,5,1,NA,NA,NA,NA,NA,NA,NA,NA,NA,NA,NA,NA,NA,1,NA,1,NA,1,NA,NA,NA,NA,NA,NA,NA,NA,1,1,11,7,3,3,8,4,NA,1,NA,NA,11,30,50,60,60,80,40,1,1,1,NA,NA,1,5,3,6,3,2,5,NA,NA,NA,NA,NA,NA,NA,NA,27,17,15,2,NA,NA,NA,3,1,3,1,7,9,0,0,0,4,NA,NA,NA,3,3,5,3,4,3,2,3,4,90117,483,470,1,NA,NA,NA,"FY959676",NA,1951,2,7,NA,2,NA,NA,NA,NA,,5,,2,2,,,2,2,1,,2,1,NA,NA,NA,NA,NA,NA,NA,NA,NA,NA,NA,NA,NA,NA,NA,NA,NA,NA,NA,NA,NA,NA,NA,NA,NA,NA,NA,NA,NA,NA,NA,NA,NA,NA,NA,NA,NA,NA,NA,NA,NA,NA,NA,NA,NA,NA,NA,NA,NA,NA,NA,NA,NA,NA,NA,NA,NA,NA,NA,NA,NA,NA,NA,NA,NA,NA,NA,NA,NA,NA,NA,NA,NA,NA,NA,NA,NA,NA,NA,NA,NA,NA,NA,NA
"109",267,219502,53,1,NA,NA,,,,13,,21,NA,NA,NA,NA,,NA,1,"FY930546",NA,28,NA,NA,2,11,5,1,54,33,6,NA,NA,NA,NA,66,NA,NA,NA,NA,NA,2,NA,1,NA,NA,0,0,0,0,NA,0,5,0,0,1,7,4,5,4,4,NA,6,1,1,NA,NA,1,58,NA,NA,NA,NA,NA,NA,NA,NA,NA,NA,NA,NA,NA,NA,NA,NA,NA,NA,NA,1,NA,NA,NA,NA,0,5,2,3,2,NA,NA,NA,1,10,15,60,50,50,100,60,2,NA,NA,23,29,1,2,2,7,1,NA,NA,0,0,7,4,3,0,0,7,22,14,15,1,3,3,3,NA,NA,NA,NA,8,0,0,9,9,2,NA,NA,NA,2,6,7,3,3,1,1,4,7,89003,112,120,1,NA,NA,NA,"FY930546",NA,1969,1,7,NA,1,1,2,,,NA,NA,,1,3,,,2,1,1,,3,1,89019,126,130,1,NA,NA,NA,"FY982526",NA,1949,1,7,NA,2,NA,NA,NA,NA,69,14,122,4,4,281,340,2,1,2,266,1,1,89019,126,130,1,NA,NA,NA,"FY982526",NA,1949,1,7,NA,2,NA,NA,NA,NA,69,14,122,4,4,281,340,2,1,2,NA,NA,NA,NA,NA,NA,NA,NA,NA,NA,NA,NA,NA,NA,NA,NA,NA,NA,NA,NA,NA,NA,NA,NA,NA
"110",274,219634,16,1,NA,NA,,,,26,,28,,NA,NA,NA,,NA,1,"FY909875",NA,20,NA,NA,2,12,5,1,52,11,83,NA,NA,NA,NA,26,13,NA,NA,NA,NA,NA,NA,2,3,4,NA,NA,NA,NA,NA,NA,NA,NA,NA,1,6,1,6,1,4,NA,6,NA,NA,NA,NA,1,44,NA,NA,NA,NA,NA,NA,NA,NA,NA,NA,NA,NA,NA,NA,1,NA,NA,NA,NA,NA,NA,1,1,58,0,5,2,7,2,NA,NA,NA,1,16,20,51,85,85,100,85,2,NA,NA,16,3,1,0,2,8,6,1,2,NA,NA,NA,NA,NA,NA,NA,NA,19,19,15,1,3,1,3,NA,NA,NA,NA,6,10,6,4,7,2,NA,NA,NA,4,4,6,6,5,1,1,2,7,89516,327,328,1,NA,NA,NA,"FY909875",NA,1971,1,7,NA,2,NA,NA,NA,NA,,33,,2,3,,NA,2,2,1,,3,1,NA,NA,NA,NA,NA,NA,NA,NA,NA,NA,NA,NA,NA,NA,NA,NA,NA,NA,NA,NA,NA,NA,NA,NA,NA,NA,NA,NA,NA,NA,NA,NA,NA,NA,NA,NA,NA,NA,NA,NA,NA,NA,NA,NA,NA,NA,NA,NA,NA,NA,NA,NA,NA,NA,NA,NA,NA,NA,NA,NA,NA,NA,NA,NA,NA,NA,NA,NA,NA,NA,NA,NA,NA,NA,NA,NA,NA,NA,NA,NA,NA,NA,NA,NA
"111",275,219635,22,1,NA,NA,,,,25,,25,NA,NA,NA,NA,,NA,1,"FY980628",NA,22,NA,NA,1,NA,NA,2,NA,NA,NA,28,44,47,NA,NA,NA,26,20,NA,NA,NA,NA,1,NA,NA,0,0,0,0,NA,0,0,0,0,1,5,2,4,2,6,NA,6,NA,1,1,NA,1,137,NA,NA,NA,NA,NA,NA,NA,NA,NA,NA,NA,NA,NA,NA,NA,NA,NA,NA,NA,1,NA,NA,1,42,0,5,5,7,3,16,NA,NA,NA,11,60,70,60,55,60,45,1,1,3,NA,NA,4,8,1,6,3,NA,NA,0,0,7,0,0,0,0,5,22,29,5,2,NA,NA,NA,3,1,3,3,6,10,0,0,6,1,NA,10,3,4,1,5,4,6,1,1,1,6,89121,241,243,1,NA,NA,NA,"FY980628",NA,1961,1,7,NA,2,NA,NA,NA,NA,,5,,1,2,,,2,2,2,,1,1,89038,140,141,1,NA,NA,NA,"FY960055",NA,1948,2,7,NA,2,NA,NA,NA,NA,134,16,390,1,7,94,115,1,2,2,248,1,1,89038,140,141,1,NA,NA,NA,"FY960055",NA,1948,2,7,NA,2,NA,NA,NA,NA,134,16,390,1,7,94,115,1,2,2,NA,NA,NA,NA,NA,NA,NA,NA,NA,NA,NA,NA,NA,NA,NA,NA,NA,NA,NA,NA,NA,NA,NA,NA,NA
"112",276,219637,15,1,NA,NA,,,,26,,54,NA,NA,NA,NA,,NA,1,"FY943840",NA,25,NA,NA,2,11,2,2,NA,NA,NA,46,NA,NA,NA,NA,NA,NA,NA,NA,1,NA,3,1,NA,NA,0,0,0,0,NA,0,0,0,0,1,7,3,5,1,4,NA,3,NA,1,1,NA,1,135,NA,NA,1,NA,NA,NA,NA,NA,NA,NA,NA,NA,NA,NA,1,NA,NA,NA,NA,NA,NA,NA,1,59,1,3,1,2,3,26,NA,NA,NA,NA,95,65,NA,NA,90,40,2,NA,NA,23,26,3,NA,2,9,3,NA,NA,0,4,8,3,7,0,5,2,13,30,8,1,3,1,3,NA,NA,NA,NA,7,10,10,10,8,1,NA,NA,NA,3,4,5,4,2,2,1,1,5,89076,217,220,1,NA,NA,NA,"FY943840",NA,1955,1,7,NA,2,NA,NA,NA,NA,,23,,3,5,,,2,1,2,,2,2,89084,219,225,1,NA,NA,NA,"FY915175",NA,1941,2,7,NA,2,NA,NA,NA,NA,33,31,27,1,5,305,384,2,2,2,194,3,2,89084,219,225,1,NA,NA,NA,"FY915175",NA,1941,2,7,NA,2,NA,NA,NA,NA,33,31,27,1,5,305,384,2,2,2,NA,NA,NA,NA,NA,NA,NA,NA,NA,NA,NA,NA,NA,NA,NA,NA,NA,NA,NA,NA,NA,NA,NA,NA,NA
"113",277,219654,17,1,NA,NA,,,,25,,43,NA,NA,NA,NA,,NA,1,"FY959579",NA,28,NA,NA,2,9,8,1,19,31,3,NA,NA,NA,NA,9,37,NA,NA,NA,NA,NA,NA,2,3,1,NA,NA,NA,NA,NA,NA,NA,NA,NA,4,6,2,3,2,6,NA,5,1,1,NA,1,NA,NA,NA,NA,NA,NA,NA,NA,NA,NA,NA,NA,1,NA,1,NA,NA,NA,NA,NA,NA,NA,NA,NA,NA,NA,0,NA,5,3,3,18,NA,NA,NA,10,50,50,50,50,60,40,1,1,3,NA,NA,3,NA,1,9,1,1,2,NA,NA,NA,NA,NA,NA,NA,NA,27,24,15,2,NA,NA,NA,3,1,3,3,6,0,0,0,5,4,NA,NA,NA,2,5,5,1,2,5,2,5,4,88992,103,108,1,NA,NA,NA,"FY959579",NA,1958,2,7,NA,1,1,NA,,,NA,NA,,3,4,,NA,2,1,1,,3,1,88872,21,19,1,NA,NA,NA,"FY988320",NA,1958,2,7,NA,2,NA,NA,NA,NA,193,5,243,2,2,109,367,2,2,2,204,2,2,88872,21,19,1,NA,NA,NA,"FY988320",NA,1958,2,7,NA,2,NA,NA,NA,NA,193,5,243,2,2,109,367,2,2,2,NA,NA,NA,NA,NA,NA,NA,NA,NA,NA,NA,NA,NA,NA,NA,NA,NA,NA,NA,NA,NA,NA,NA,NA,NA
"114",278,219660,19,1,NA,NA,,,,26,,29,NA,NA,NA,NA,,NA,1,"FY983931",NA,67,NA,NA,1,NA,NA,1,61,12,27,NA,NA,NA,NA,1,1,NA,NA,NA,NA,NA,NA,1,NA,NA,10,NA,NA,NA,NA,NA,NA,5,5,5,6,1,5,3,6,NA,1,1,NA,NA,NA,1,61,1,1,NA,NA,NA,NA,NA,1,NA,NA,NA,NA,1,NA,1,NA,NA,NA,NA,NA,NA,NA,1,29,2,3,3,8,2,NA,NA,NA,2,10,60,40,85,30,90,15,1,1,3,NA,NA,3,NA,2,6,4,NA,NA,3,2,2,5,4,1,7,8,12,14,23,2,NA,NA,NA,3,4,3,3,8,10,0,8,1,2,NA,10,11,6,2,3,5,2,4,4,5,4,89105,231,235,1,NA,NA,NA,"FY983931",NA,1933,2,7,NA,2,NA,NA,NA,NA,,32,,2,4,,,2,2,1,,3,1,NA,NA,NA,NA,NA,NA,NA,NA,NA,NA,NA,NA,NA,NA,NA,NA,NA,NA,NA,NA,NA,NA,NA,NA,NA,NA,NA,NA,NA,NA,NA,NA,NA,NA,NA,NA,NA,NA,NA,NA,NA,NA,NA,NA,NA,NA,NA,NA,NA,NA,NA,NA,NA,NA,NA,NA,NA,NA,NA,NA,NA,NA,NA,NA,NA,NA,NA,NA,NA,NA,NA,NA,NA,NA,NA,NA,NA,NA,NA,NA,NA,NA,NA,NA
"115",279,219681,18,1,NA,NA,,,,26,,47,,NA,NA,NA,,NA,1,"FY929403",NA,30,NA,NA,2,2,4,1,52,31,16,NA,NA,NA,NA,9,55,NA,NA,NA,NA,NA,NA,2,5,4,NA,NA,NA,NA,NA,NA,NA,NA,NA,4,4,4,7,2,6,NA,1,1,NA,NA,NA,1,20,NA,1,1,NA,NA,NA,NA,1,NA,NA,NA,NA,1,NA,NA,NA,NA,1,35,NA,NA,NA,1,66,7,3,7,5,2,NA,NA,NA,2,8,50,15,70,40,100,0,1,6,1,NA,NA,1,6,2,10,1,2,4,NA,NA,NA,NA,NA,NA,NA,NA,16,20,35,2,NA,NA,NA,4,1,3,3,10,10,10,10,10,4,NA,NA,NA,2,6,5,6,1,4,4,4,4,89230,248,250,1,NA,NA,NA,"FY929403",NA,1936,1,7,NA,2,NA,NA,NA,NA,,23,,2,1,,NA,1,2,2,,1,2,89106,232,235,1,NA,NA,NA,"FY930667",NA,1931,1,7,NA,2,NA,NA,NA,NA,110,5,195,4,4,308,391,1,2,2,98,1,1,89106,232,235,1,NA,NA,NA,"FY930667",NA,1931,1,7,NA,2,NA,NA,NA,NA,110,5,195,4,4,308,391,1,2,2,NA,NA,NA,NA,NA,NA,NA,NA,NA,NA,NA,NA,NA,NA,NA,NA,NA,NA,NA,NA,NA,NA,NA,NA,NA
"116",280,219720,21,1,NA,NA,,,,26,,54,,NA,NA,NA,,NA,1,"FY948239",NA,30,NA,NA,2,4,2,2,NA,NA,NA,46,16,7,NA,NA,NA,NA,NA,NA,1,NA,3,1,NA,NA,10,NA,NA,NA,NA,NA,10,NA,NA,4,7,4,5,1,6,NA,3,NA,1,NA,NA,NA,NA,NA,NA,NA,NA,NA,NA,NA,NA,NA,NA,NA,NA,NA,NA,1,NA,NA,NA,NA,NA,NA,NA,NA,NA,2,2,3,2,2,NA,NA,NA,1,16,40,85,85,85,85,50,2,NA,NA,23,19,1,1,2,10,1,NA,NA,0,0,5,0,0,0,10,5,16,13,13,1,3,1,3,NA,NA,NA,NA,5,10,0,5,7,1,NA,NA,NA,2,5,3,4,4,3,3,3,7,89073,211,212,1,NA,NA,NA,"FY948239",NA,1942,1,7,NA,2,NA,NA,NA,NA,,29,,1,5,,,2,1,1,,2,1,89007,114,117,1,NA,NA,NA,"FY973822",NA,1957,2,7,NA,2,NA,NA,NA,NA,158,27,194,2,4,42,216,2,2,1,33,3,1,89007,114,117,1,NA,NA,NA,"FY973822",NA,1957,2,7,NA,2,NA,NA,NA,NA,158,27,194,2,4,42,216,2,2,1,NA,NA,NA,NA,NA,NA,NA,NA,NA,NA,NA,NA,NA,NA,NA,NA,NA,NA,NA,NA,NA,NA,NA,NA,NA
"117",281,219733,20,1,NA,NA,,,,25,,43,NA,NA,NA,NA,,NA,1,"FY907250",NA,15,NA,NA,2,9,6,2,NA,NA,NA,NA,74,47,NA,NA,NA,44,22,NA,NA,NA,NA,2,3,1,NA,NA,NA,NA,NA,NA,NA,NA,NA,3,7,1,3,2,6,NA,5,NA,NA,NA,1,1,154,NA,NA,NA,NA,1,NA,1,NA,NA,NA,1,NA,NA,NA,NA,NA,NA,NA,NA,NA,NA,1,NA,NA,5,4,0,2,1,NA,NA,1,NA,11,60,60,60,60,50,30,1,1,3,NA,NA,3,NA,1,8,1,1,2,NA,NA,NA,NA,NA,NA,NA,NA,31,20,5,2,NA,NA,NA,1,4,3,3,3,5,1,1,5,4,NA,NA,NA,2,5,5,4,5,4,4,4,3,89053,197,213,1,NA,NA,NA,"FY907250",NA,1959,1,7,NA,2,NA,NA,NA,NA,,1,,1,2,,,2,1,1,,3,1,88980,111,98,1,NA,NA,NA,"FY946968",NA,1971,1,7,NA,2,NA,NA,NA,NA,190,5,236,1,7,251,157,2,2,2,248,3,1,88980,111,98,1,NA,NA,NA,"FY946968",NA,1971,1,7,NA,2,NA,NA,NA,NA,190,5,236,1,7,251,157,2,2,2,NA,NA,NA,NA,NA,NA,NA,NA,NA,NA,NA,NA,NA,NA,NA,NA,NA,NA,NA,NA,NA,NA,NA,NA,NA
"118",347,222574,89,1,NA,NA,,,,12,,16,NA,NA,NA,NA,,NA,1,"FY989878",NA,31,NA,NA,2,11,1,1,NA,30,NA,NA,NA,NA,NA,18,NA,NA,NA,NA,NA,2,NA,2,5,1,NA,NA,NA,NA,NA,NA,NA,NA,NA,2,6,2,3,2,3,NA,4,1,1,NA,NA,1,48,NA,NA,1,NA,NA,NA,NA,NA,NA,NA,1,NA,1,NA,NA,NA,NA,NA,NA,NA,NA,NA,1,23,5,4,2,4,3,20,NA,NA,NA,16,85,85,100,60,85,40,1,1,1,NA,NA,3,NA,4,NA,1,1,2,NA,NA,NA,NA,NA,NA,NA,NA,32,28,18,1,3,3,1,NA,NA,NA,NA,4,9,1,1,9,4,NA,NA,NA,2,6,7,3,3,2,2,2,6,89100,229,232,1,NA,NA,NA,"FY989878",NA,1961,2,7,NA,1,1,9,,,NA,NA,,4,2,,,2,1,1,,3,1,88966,86,86,1,NA,NA,NA,"FY942657",NA,1982,1,1,12,1,2,25,46,54,NA,NA,269,3,7,94,392,1,2,2,12,2,2,88966,86,86,1,NA,NA,NA,"FY942657",NA,1982,1,1,12,1,2,25,46,54,NA,NA,269,3,7,94,392,1,2,2,NA,NA,NA,NA,NA,NA,NA,NA,NA,NA,NA,NA,NA,NA,NA,NA,NA,NA,NA,NA,NA,NA,NA,NA,NA
"119",346,222542,88,1,NA,NA,,,,26,,52,,NA,NA,NA,,NA,1,"FY935918",NA,16,NA,NA,1,NA,NA,2,NA,NA,NA,22,6,52,NA,NA,NA,44,31,NA,NA,NA,NA,2,3,2,NA,NA,NA,NA,NA,NA,NA,NA,NA,4,7,1,6,4,4,NA,1,NA,NA,NA,NA,1,134,1,1,NA,1,NA,1,NA,1,NA,NA,NA,NA,NA,NA,NA,NA,NA,1,43,NA,NA,NA,1,16,7,4,2,2,4,NA,1,NA,NA,10,60,60,50,50,50,40,2,NA,NA,23,20,1,0,1,5,1,1,4,NA,NA,NA,NA,NA,NA,NA,NA,27,13,37,1,4,1,3,NA,NA,NA,NA,5,10,5,8,9,4,NA,2,12,3,6,4,5,5,3,4,4,5,89755,386,379,1,NA,NA,NA,"FY935918",NA,1939,2,7,NA,2,NA,NA,NA,NA,,34,,4,4,,,2,2,2,,1,1,88894,34,29,1,NA,NA,NA,"FY909575",NA,1969,1,7,NA,2,NA,NA,NA,NA,137,22,21,1,7,43,349,2,2,1,69,2,1,88894,34,29,1,NA,NA,NA,"FY909575",NA,1969,1,7,NA,2,NA,NA,NA,NA,137,22,21,1,7,43,349,2,2,1,NA,NA,NA,NA,NA,NA,NA,NA,NA,NA,NA,NA,NA,NA,NA,NA,NA,NA,NA,NA,NA,NA,NA,NA,NA
"120",345,222469,111,1,NA,NA,,,,26,,61,NA,NA,NA,NA,,NA,1,"FY905143",NA,25,NA,NA,1,NA,NA,2,NA,NA,NA,44,1,47,NA,NA,NA,1,19,NA,NA,NA,NA,2,5,4,NA,NA,NA,NA,NA,NA,NA,NA,NA,6,5,1,4,6,2,NA,5,1,NA,NA,NA,1,51,NA,NA,NA,NA,NA,NA,NA,NA,NA,NA,NA,NA,NA,NA,1,NA,NA,NA,NA,NA,NA,NA,NA,NA,0,2,6,7,4,NA,1,NA,NA,13,80,30,80,75,100,65,2,NA,NA,23,30,4,6,2,8,1,3,4,NA,NA,NA,NA,NA,NA,NA,NA,24,27,21,2,NA,NA,NA,3,4,3,3,9,10,5,6,5,3,13,2,9,4,3,2,2,1,3,3,3,5,89066,207,208,1,NA,NA,NA,"FY905143",NA,1959,2,7,NA,2,NA,NA,NA,NA,,14,,4,2,,,2,2,2,,3,1,88932,57,55,1,NA,NA,NA,"FY954744",NA,1984,2,3,NA,2,NA,NA,NA,NA,87,12,314,3,3,56,35,2,2,2,148,2,1,88932,57,55,1,NA,NA,NA,"FY954744",NA,1984,2,3,NA,2,NA,NA,NA,NA,87,12,314,3,3,56,35,2,2,2,NA,NA,NA,NA,NA,NA,NA,NA,NA,NA,NA,NA,NA,NA,NA,NA,NA,NA,NA,NA,NA,NA,NA,NA,NA
"121",344,222444,110,1,NA,NA,,,,7,,22,NA,NA,NA,NA,,NA,1,"FY933549",NA,39,NA,NA,1,NA,NA,1,NA,12,NA,NA,NA,NA,NA,22,NA,NA,NA,NA,NA,2,NA,2,3,1,NA,NA,NA,NA,NA,NA,NA,NA,NA,2,6,2,2,2,6,NA,5,NA,NA,NA,NA,1,NA,NA,NA,NA,NA,1,NA,NA,NA,NA,NA,NA,1,NA,NA,NA,NA,NA,1,NA,NA,NA,NA,1,NA,5,2,2,8,2,NA,NA,NA,3,NA,NA,NA,NA,NA,NA,NA,2,NA,NA,23,17,1,5,4,NA,2,1,2,NA,NA,NA,NA,NA,NA,NA,NA,16,5,21,1,4,1,4,NA,NA,NA,NA,NA,0,0,0,0,4,NA,11,9,5,4,4,2,2,3,4,3,5,NA,NA,NA,NA,NA,NA,NA,NA,NA,NA,NA,NA,NA,NA,NA,NA,NA,NA,NA,NA,NA,NA,NA,NA,NA,NA,NA,NA,NA,NA,NA,NA,NA,NA,NA,NA,NA,NA,NA,NA,NA,NA,NA,NA,NA,NA,NA,NA,NA,NA,NA,NA,NA,NA,NA,NA,NA,NA,NA,NA,NA,NA,NA,NA,NA,NA,NA,NA,NA,NA,NA,NA,NA,NA,NA,NA,NA,NA,NA,NA,NA,NA,NA,NA,NA,NA,NA,NA,NA,NA,NA,NA,NA,NA,NA,NA,NA,NA,NA,NA,NA,NA,NA,NA,NA,NA,NA,NA,NA,NA,NA,NA,NA,NA,NA
"122",343,222389,109,1,NA,NA,,,,7,,22,NA,NA,NA,NA,,NA,1,"FY973179",NA,4,NA,NA,1,NA,NA,1,89,31,5,NA,NA,NA,NA,30,75,NA,NA,NA,NA,NA,NA,2,3,4,NA,NA,NA,NA,NA,NA,NA,NA,NA,1,7,2,6,2,5,NA,3,NA,1,NA,NA,NA,NA,NA,NA,NA,NA,NA,NA,NA,NA,NA,NA,1,1,NA,35,1,NA,NA,NA,NA,NA,NA,NA,NA,NA,0,2,1,3,1,NA,NA,2,NA,10,15,85,50,50,50,50,2,NA,NA,16,7,3,NA,1,4,1,1,2,NA,NA,NA,NA,NA,NA,NA,NA,12,13,13,1,3,1,3,NA,NA,NA,NA,6,7,8,6,4,2,NA,11,5,5,5,4,3,4,2,2,2,6,NA,NA,NA,NA,NA,NA,NA,NA,NA,NA,NA,NA,NA,NA,NA,NA,NA,NA,NA,NA,NA,NA,NA,NA,NA,NA,NA,NA,NA,NA,NA,NA,NA,NA,NA,NA,NA,NA,NA,NA,NA,NA,NA,NA,NA,NA,NA,NA,NA,NA,NA,NA,NA,NA,NA,NA,NA,NA,NA,NA,NA,NA,NA,NA,NA,NA,NA,NA,NA,NA,NA,NA,NA,NA,NA,NA,NA,NA,NA,NA,NA,NA,NA,NA,NA,NA,NA,NA,NA,NA,NA,NA,NA,NA,NA,NA,NA,NA,NA,NA,NA,NA,NA,NA,NA,NA,NA,NA,NA,NA,NA,NA,NA,NA,NA
"123",341,222303,100,1,NA,NA,,,,26,,27,,NA,NA,NA,,NA,1,"FY971019",NA,20,NA,NA,2,10,2,1,59,23,42,NA,NA,NA,NA,NA,52,NA,NA,1,NA,NA,NA,2,5,4,NA,NA,NA,NA,NA,NA,NA,NA,NA,1,6,1,6,1,2,NA,6,NA,1,NA,NA,NA,NA,1,NA,1,1,1,1,NA,NA,1,NA,NA,NA,NA,NA,1,NA,NA,1,28,NA,NA,1,NA,NA,7,3,7,3,1,NA,NA,1,NA,10,25,60,70,50,50,40,1,1,3,NA,NA,1,2,2,0,1,3,3,NA,NA,NA,NA,NA,NA,NA,NA,22,27,15,2,NA,NA,NA,3,3,3,3,8,10,10,10,10,3,16,NA,NA,5,5,6,4,3,3,2,3,6,NA,NA,NA,NA,NA,NA,NA,NA,NA,NA,NA,NA,NA,NA,NA,NA,NA,NA,NA,NA,NA,NA,NA,NA,NA,NA,NA,NA,NA,NA,NA,88848,43,41,1,NA,NA,NA,"FY906026",NA,1974,1,1,33,1,2,35,97,38,NA,NA,165,1,7,199,193,1,2,2,246,3,2,88848,43,41,1,NA,NA,NA,"FY906026",NA,1974,1,1,33,1,2,35,97,38,NA,NA,165,1,7,199,193,1,2,2,NA,NA,NA,NA,NA,NA,NA,NA,NA,NA,NA,NA,NA,NA,NA,NA,NA,NA,NA,NA,NA,NA,NA,NA,NA
"124",340,222301,101,1,NA,NA,,,,4,,20,NA,NA,NA,NA,,NA,1,"FY936808",NA,47,NA,NA,1,NA,NA,2,NA,NA,NA,28,11,32,NA,NA,NA,26,53,NA,NA,NA,NA,2,3,1,NA,NA,NA,NA,NA,NA,NA,NA,NA,3,7,3,4,2,5,NA,6,NA,NA,NA,NA,1,39,NA,NA,NA,NA,1,NA,25,NA,NA,NA,NA,NA,1,NA,NA,NA,NA,NA,NA,NA,NA,1,NA,NA,7,4,4,3,1,NA,NA,1,NA,13,30,85,70,70,60,60,2,NA,NA,32,14,4,6,1,8,2,3,4,NA,NA,NA,NA,NA,NA,NA,NA,12,5,23,1,3,1,4,NA,NA,NA,NA,6,90,2,0,2,2,NA,12,3,6,5,4,2,3,3,2,4,5,NA,NA,NA,NA,NA,NA,NA,NA,NA,NA,NA,NA,NA,NA,NA,NA,NA,NA,NA,NA,NA,NA,NA,NA,NA,NA,NA,NA,NA,NA,NA,NA,NA,NA,NA,NA,NA,NA,NA,NA,NA,NA,NA,NA,NA,NA,NA,NA,NA,NA,NA,NA,NA,NA,NA,NA,NA,NA,NA,NA,NA,NA,NA,NA,NA,NA,NA,NA,NA,NA,NA,NA,NA,NA,NA,NA,NA,NA,NA,NA,NA,NA,NA,NA,NA,NA,NA,NA,NA,NA,NA,NA,NA,NA,NA,NA,NA,NA,NA,NA,NA,NA,NA,NA,NA,NA,NA,NA,NA,NA,NA,NA,NA,NA,NA
"125",339,222297,87,1,NA,NA,,,,26,,27,,NA,NA,NA,,NA,1,"FY904294",NA,13,NA,NA,2,2,12,2,NA,NA,NA,39,19,43,NA,NA,NA,53,6,NA,NA,NA,NA,2,3,1,NA,NA,NA,NA,NA,NA,NA,NA,NA,4,7,1,1,4,7,NA,5,NA,1,NA,NA,1,2,1,NA,NA,1,1,1,NA,NA,NA,1,1,NA,1,NA,1,NA,NA,NA,NA,NA,NA,1,NA,NA,7,4,5,5,4,NA,1,NA,NA,16,70,40,85,85,85,15,1,2,1,NA,NA,3,NA,2,9,1,3,4,NA,NA,NA,NA,NA,NA,NA,NA,29,18,5,2,NA,NA,NA,3,4,3,3,8,10,10,10,10,4,NA,NA,NA,4,3,6,4,3,6,2,5,6,NA,NA,NA,NA,NA,NA,NA,NA,NA,NA,NA,NA,NA,NA,NA,NA,NA,NA,NA,NA,NA,NA,NA,NA,NA,NA,NA,NA,NA,NA,NA,NA,NA,NA,NA,NA,NA,NA,NA,NA,NA,NA,NA,NA,NA,NA,NA,NA,NA,NA,NA,NA,NA,NA,NA,NA,NA,NA,NA,NA,NA,NA,NA,NA,NA,NA,NA,NA,NA,NA,NA,NA,NA,NA,NA,NA,NA,NA,NA,NA,NA,NA,NA,NA,NA,NA,NA,NA,NA,NA,NA,NA,NA,NA,NA,NA,NA,NA,NA,NA,NA,NA,NA,NA,NA,NA,NA,NA,NA,NA,NA,NA,NA,NA,NA
"126",338,222284,85,1,NA,NA,,,,26,,27,,NA,NA,NA,,NA,1,"FY993818",NA,23,NA,NA,2,4,2,1,81,12,68,NA,NA,NA,NA,42,66,NA,NA,NA,NA,NA,NA,2,3,1,NA,NA,NA,NA,NA,NA,NA,NA,NA,4,7,4,6,1,6,NA,8,NA,NA,NA,NA,1,64,NA,NA,1,1,NA,NA,NA,NA,NA,NA,NA,NA,1,NA,1,NA,NA,1,27,NA,NA,1,NA,NA,6,2,2,4,1,NA,NA,2,NA,15,40,95,95,95,90,50,1,1,1,NA,NA,4,7,2,9,1,1,2,NA,NA,NA,NA,NA,NA,NA,NA,27,32,27,2,NA,NA,NA,3,1,3,4,8,10,10,10,6,1,NA,NA,NA,1,7,3,5,2,2,2,2,7,89749,376,370,1,NA,NA,NA,"FY993818",NA,1933,1,7,NA,2,NA,NA,NA,NA,,14,,1,5,,,2,2,1,,1,1,NA,NA,NA,NA,NA,NA,NA,NA,NA,NA,NA,NA,NA,NA,NA,NA,NA,NA,NA,NA,NA,NA,NA,NA,NA,NA,NA,NA,NA,NA,NA,NA,NA,NA,NA,NA,NA,NA,NA,NA,NA,NA,NA,NA,NA,NA,NA,NA,NA,NA,NA,NA,NA,NA,NA,NA,NA,NA,NA,NA,NA,NA,NA,NA,NA,NA,NA,NA,NA,NA,NA,NA,NA,NA,NA,NA,NA,NA,NA,NA,NA,NA,NA,NA
"127",337,222275,86,1,NA,NA,,,,26,,67,NA,NA,NA,NA,,NA,1,"FY998255",NA,43,NA,NA,1,NA,NA,1,80,47,30,NA,NA,NA,NA,22,24,NA,NA,NA,NA,NA,NA,1,NA,NA,10,NA,NA,NA,NA,0,0,0,0,1,7,3,4,2,4,NA,3,NA,1,NA,NA,1,117,NA,NA,NA,1,NA,NA,NA,NA,1,NA,1,NA,1,NA,1,NA,NA,NA,NA,NA,NA,NA,NA,NA,7,3,4,3,1,NA,NA,2,NA,10,15,75,50,50,50,30,2,NA,NA,23,17,2,8,2,5,4,NA,NA,0,0,0,0,0,0,7,0,27,32,15,1,4,1,3,NA,NA,NA,NA,9,10,9,10,10,2,NA,10,5,4,4,4,2,2,3,2,4,5,NA,NA,NA,NA,NA,NA,NA,NA,NA,NA,NA,NA,NA,NA,NA,NA,NA,NA,NA,NA,NA,NA,NA,NA,NA,NA,NA,NA,NA,NA,NA,NA,NA,NA,NA,NA,NA,NA,NA,NA,NA,NA,NA,NA,NA,NA,NA,NA,NA,NA,NA,NA,NA,NA,NA,NA,NA,NA,NA,NA,NA,NA,NA,NA,NA,NA,NA,NA,NA,NA,NA,NA,NA,NA,NA,NA,NA,NA,NA,NA,NA,NA,NA,NA,NA,NA,NA,NA,NA,NA,NA,NA,NA,NA,NA,NA,NA,NA,NA,NA,NA,NA,NA,NA,NA,NA,NA,NA,NA,NA,NA,NA,NA,NA,NA
"128",335,222256,79,1,NA,NA,,,,26,,67,,NA,NA,NA,,NA,1,"FY980241",NA,18,NA,NA,1,NA,NA,2,NA,NA,NA,NA,NA,NA,NA,NA,NA,56,21,NA,NA,NA,NA,2,5,4,NA,NA,NA,NA,NA,NA,NA,NA,NA,3,7,3,5,2,4,NA,6,1,NA,NA,NA,NA,NA,NA,NA,NA,NA,NA,NA,NA,NA,NA,NA,NA,NA,NA,NA,1,NA,NA,NA,NA,NA,NA,NA,NA,NA,0,5,3,5,1,NA,NA,2,NA,11,30,70,60,60,60,40,1,1,3,NA,NA,1,5,2,10,6,3,2,NA,NA,NA,NA,NA,NA,NA,NA,16,10,5,2,NA,NA,NA,3,1,3,3,5,10,10,3,10,4,NA,8,2,5,5,6,3,3,2,2,3,7,NA,NA,NA,NA,NA,NA,NA,NA,NA,NA,NA,NA,NA,NA,NA,NA,NA,NA,NA,NA,NA,NA,NA,NA,NA,NA,NA,NA,NA,NA,NA,89065,206,207,1,NA,NA,NA,"FY943284",NA,1958,1,7,NA,2,NA,NA,NA,NA,34,31,46,1,5,210,287,2,2,2,247,3,1,89065,206,207,1,NA,NA,NA,"FY943284",NA,1958,1,7,NA,2,NA,NA,NA,NA,34,31,46,1,5,210,287,2,2,2,NA,NA,NA,NA,NA,NA,NA,NA,NA,NA,NA,NA,NA,NA,NA,NA,NA,NA,NA,NA,NA,NA,NA,NA,NA
"129",334,222172,77,1,NA,NA,,,,26,,27,,NA,NA,NA,,NA,1,"FY974946",NA,46,NA,NA,2,6,5,1,92,13,44,NA,NA,NA,NA,21,36,NA,NA,NA,NA,NA,NA,1,NA,NA,2,5,5,0,NA,0,10,0,0,7,7,1,4,1,7,NA,4,1,1,NA,NA,1,95,1,NA,1,1,NA,1,NA,NA,1,NA,NA,NA,1,NA,NA,NA,NA,NA,NA,NA,NA,1,NA,NA,7,3,4,5,2,NA,NA,NA,1,7,30,60,60,40,50,30,2,NA,NA,15,6,2,3,1,7,3,NA,NA,0,5,10,8,8,0,10,5,34,5,21,1,3,1,3,NA,NA,NA,NA,7,8,1,5,5,1,NA,NA,NA,2,7,7,3,2,4,2,3,6,89291,266,268,1,NA,NA,NA,"FY974946",NA,1966,1,3,NA,2,NA,NA,NA,NA,,5,,2,1,,,1,2,2,,3,1,89035,141,146,1,NA,NA,NA,"FY977451",NA,1942,2,7,NA,1,2,27,44,61,NA,NA,448,1,5,309,NA,2,1,1,139,3,1,89035,141,146,1,NA,NA,NA,"FY977451",NA,1942,2,7,NA,1,2,27,44,61,NA,NA,448,1,5,309,NA,2,1,1,NA,NA,NA,NA,NA,NA,NA,NA,NA,NA,NA,NA,NA,NA,NA,NA,NA,NA,NA,NA,NA,NA,NA,NA,NA
"130",333,222171,78,1,NA,NA,,,,27,,12,NA,NA,NA,NA,,NA,1,"FY972321",NA,31,NA,NA,2,8,2,2,NA,NA,NA,NA,NA,21,NA,NA,NA,27,23,NA,NA,NA,NA,2,5,1,NA,NA,NA,NA,NA,NA,NA,NA,NA,3,6,2,6,4,6,NA,4,1,NA,NA,NA,NA,NA,NA,NA,NA,NA,NA,NA,NA,NA,NA,NA,NA,NA,1,NA,1,NA,NA,NA,NA,NA,NA,NA,NA,NA,0,NA,3,8,2,NA,NA,NA,3,16,50,60,85,85,85,60,2,NA,NA,13,7,1,8,1,10,6,1,2,NA,NA,NA,NA,NA,NA,NA,NA,32,5,5,2,NA,NA,NA,1,1,3,3,7,10,0,1,9,4,NA,NA,NA,4,6,6,5,3,3,5,4,6,88856,10,10,1,NA,NA,NA,"FY972321",NA,1946,2,1,,1,2,8,,,NA,NA,,2,1,,,2,2,1,,3,1,NA,NA,NA,NA,NA,NA,NA,NA,NA,NA,NA,NA,NA,NA,NA,NA,NA,NA,NA,NA,NA,NA,NA,NA,NA,NA,NA,NA,NA,NA,NA,NA,NA,NA,NA,NA,NA,NA,NA,NA,NA,NA,NA,NA,NA,NA,NA,NA,NA,NA,NA,NA,NA,NA,NA,NA,NA,NA,NA,NA,NA,NA,NA,NA,NA,NA,NA,NA,NA,NA,NA,NA,NA,NA,NA,NA,NA,NA,NA,NA,NA,NA,NA,NA
"131",332,222141,75,1,NA,NA,,,,7,,22,NA,NA,NA,NA,,NA,1,"FY923829",NA,15,NA,NA,2,12,2,1,62,26,NA,NA,NA,NA,NA,11,65,NA,NA,NA,NA,NA,NA,2,5,4,NA,NA,NA,NA,NA,NA,NA,NA,NA,1,7,2,5,2,4,NA,3,NA,NA,NA,NA,1,11,NA,NA,NA,NA,1,NA,2,NA,NA,NA,1,NA,NA,NA,NA,NA,NA,NA,NA,1,NA,1,NA,NA,0,NA,0,5,1,NA,NA,2,NA,10,40,60,50,50,50,50,1,1,2,NA,NA,3,NA,1,9,2,2,4,NA,NA,NA,NA,NA,NA,NA,NA,12,10,15,1,3,1,3,NA,NA,NA,NA,6,0,10,0,0,1,NA,NA,NA,2,5,7,2,4,1,1,3,5,89031,134,138,1,NA,NA,NA,"FY923829",NA,1956,2,7,NA,2,NA,NA,NA,NA,,36,,1,7,,,2,2,2,,3,1,NA,NA,NA,NA,NA,NA,NA,NA,NA,NA,NA,NA,NA,NA,NA,NA,NA,NA,NA,NA,NA,NA,NA,NA,NA,NA,NA,NA,NA,NA,NA,NA,NA,NA,NA,NA,NA,NA,NA,NA,NA,NA,NA,NA,NA,NA,NA,NA,NA,NA,NA,NA,NA,NA,NA,NA,NA,NA,NA,NA,NA,NA,NA,NA,NA,NA,NA,NA,NA,NA,NA,NA,NA,NA,NA,NA,NA,NA,NA,NA,NA,NA,NA,NA
"132",331,222139,76,1,NA,NA,,,,26,NA,NA,NA,NA,NA,NA,,NA,1,"FY989891",NA,84,NA,NA,2,10,2,1,40,31,23,NA,NA,NA,NA,40,66,NA,NA,NA,NA,NA,NA,1,NA,NA,5,NA,NA,NA,NA,NA,1,NA,NA,1,6,2,7,1,6,NA,3,NA,NA,NA,NA,NA,NA,1,NA,NA,1,NA,NA,NA,NA,1,NA,NA,NA,1,NA,1,NA,NA,NA,NA,NA,NA,NA,NA,NA,7,3,1,4,1,NA,NA,1,NA,3,40,70,100,100,100,40,1,2,3,NA,NA,2,2,2,7,5,NA,NA,0,0,5,0,5,0,10,10,19,5,29,1,3,1,3,NA,NA,NA,NA,8,10,10,9,2,1,NA,NA,NA,2,6,2,2,2,2,1,3,6,89239,253,255,1,NA,NA,NA,"FY989891",NA,1942,1,7,NA,2,NA,NA,NA,NA,,25,,1,5,,,2,2,1,,2,2,88843,36,4,1,NA,NA,NA,"FY994406",NA,1955,2,7,NA,2,NA,NA,NA,NA,172,45,90,4,2,225,361,2,2,2,90,3,1,88843,36,4,1,NA,NA,NA,"FY994406",NA,1955,2,7,NA,2,NA,NA,NA,NA,172,45,90,4,2,225,361,2,2,2,NA,NA,NA,NA,NA,NA,NA,NA,NA,NA,NA,NA,NA,NA,NA,NA,NA,NA,NA,NA,NA,NA,NA,NA,NA
"133",330,222113,74,1,NA,NA,,,,26,,27,NA,NA,NA,NA,,NA,1,"FY922997",NA,42,NA,NA,2,8,4,2,NA,NA,NA,NA,NA,57,NA,NA,NA,NA,NA,NA,2,NA,1,1,NA,NA,0,0,0,0,NA,NA,10,NA,NA,5,7,2,1,3,5,NA,4,NA,1,NA,NA,1,120,NA,NA,NA,NA,1,NA,15,NA,NA,NA,NA,1,NA,18,1,NA,NA,1,26,NA,NA,NA,1,35,0,5,6,7,2,NA,NA,NA,1,14,75,80,80,75,80,30,1,2,3,NA,NA,2,4,1,7,2,NA,NA,3,0,5,0,3,0,6,6,24,14,27,2,NA,NA,NA,3,1,3,3,3,10,0,2,10,4,NA,NA,NA,4,5,5,3,2,4,2,5,4,89788,417,405,1,NA,NA,NA,"FY922997",NA,1937,1,7,NA,2,NA,NA,NA,NA,,5,,2,1,,,2,2,1,,2,2,89025,129,133,1,NA,NA,NA,"FY977741",NA,1956,2,7,NA,1,1,2,64,32,NA,NA,437,2,7,172,400,2,1,1,255,2,1,89025,129,133,1,NA,NA,NA,"FY977741",NA,1956,2,7,NA,1,1,2,64,32,NA,NA,437,2,7,172,400,2,1,1,NA,NA,NA,NA,NA,NA,NA,NA,NA,NA,NA,NA,NA,NA,NA,NA,NA,NA,NA,NA,NA,NA,NA,NA,NA
"134",284,220303,24,1,NA,NA,,,,26,,30,,NA,NA,NA,,NA,1,"FY921735",NA,385,NA,NA,2,10,5,1,38,30,20,NA,NA,NA,NA,17,14,NA,NA,NA,NA,NA,NA,1,NA,NA,8,NA,NA,NA,NA,NA,5,NA,NA,3,7,1,5,1,6,NA,6,1,1,1,NA,1,133,NA,NA,NA,NA,NA,NA,NA,1,1,NA,1,NA,1,NA,1,NA,NA,1,48,1,1,NA,NA,NA,0,5,5,1,3,3,NA,NA,NA,16,15,40,85,85,100,60,1,3,3,NA,NA,4,9,2,8,2,NA,NA,1,6,4,3,0,7,7,0,31,27,21,2,NA,NA,NA,3,1,3,3,8,10,5,1,8,2,NA,NA,NA,3,3,5,4,5,2,2,3,6,89080,213,216,1,NA,NA,NA,"FY921735",NA,1969,1,7,NA,1,2,36,,,NA,NA,,2,3,,,2,1,1,,3,1,88959,80,NA,1,NA,NA,NA,"FY990792",NA,NA,NA,NA,NA,NA,NA,NA,NA,NA,NA,NA,NA,NA,NA,NA,NA,NA,NA,NA,NA,NA,NA,88959,80,NA,1,NA,NA,NA,"FY990792",NA,NA,NA,NA,NA,NA,NA,NA,NA,NA,NA,NA,NA,NA,NA,NA,NA,NA,NA,NA,NA,NA,NA,NA,NA,NA,NA,NA,NA,NA,NA,NA,NA,NA,NA,NA,NA,NA,NA,NA,NA,NA,NA,NA,NA
"135",285,220371,25,1,NA,NA,,,,26,,46,,NA,NA,NA,,NA,1,"FY912395",NA,28,NA,NA,2,6,11,1,86,31,85,NA,NA,NA,NA,10,81,NA,NA,NA,NA,NA,NA,1,NA,NA,10,NA,NA,NA,NA,NA,10,NA,NA,7,7,1,4,3,5,NA,1,1,1,NA,NA,NA,NA,NA,NA,NA,NA,NA,NA,NA,NA,NA,NA,NA,NA,1,NA,NA,NA,NA,NA,NA,NA,NA,NA,NA,NA,0,4,2,9,4,NA,2,NA,NA,10,60,40,50,40,70,20,1,1,2,NA,NA,1,5,2,6,1,NA,NA,0,2,0,0,2,0,2,7,12,27,5,2,NA,NA,NA,3,1,3,3,9,0,8,8,8,4,NA,NA,NA,3,3,7,6,1,4,4,4,4,88895,35,35,1,NA,NA,NA,"FY912395",NA,1943,2,7,NA,2,NA,NA,NA,NA,,22,,4,4,,NA,2,1,1,,3,1,88955,77,77,1,NA,NA,NA,"FY919777",NA,1959,2,7,NA,2,NA,NA,NA,NA,224,33,25,4,6,111,398,2,2,1,100,2,2,88955,77,77,1,NA,NA,NA,"FY919777",NA,1959,2,7,NA,2,NA,NA,NA,NA,224,33,25,4,6,111,398,2,2,1,NA,NA,NA,NA,NA,NA,NA,NA,NA,NA,NA,NA,NA,NA,NA,NA,NA,NA,NA,NA,NA,NA,NA,NA,NA
"136",287,220434,26,1,NA,NA,,,,1,,9,NA,NA,NA,NA,,NA,1,"FY962733",NA,37,NA,NA,2,1,1,2,NA,NA,NA,NA,NA,29,NA,NA,NA,NA,8,NA,NA,NA,1,1,NA,NA,0,0,0,0,NA,0,0,0,0,1,7,2,5,1,3,NA,3,NA,NA,NA,NA,1,34,NA,NA,NA,NA,NA,NA,NA,NA,NA,NA,NA,NA,1,NA,NA,NA,NA,1,4,NA,NA,1,1,43,0,NA,2,4,3,7,NA,NA,NA,10,15,70,50,50,50,50,2,NA,NA,29,42,3,NA,4,NA,2,NA,NA,5,7,7,3,0,0,5,5,NA,19,NA,1,2,1,3,NA,NA,NA,NA,8,0,0,0,10,2,NA,NA,NA,2,4,5,4,5,2,1,1,7,89875,426,416,1,NA,NA,NA,"FY962733",NA,1970,1,7,NA,1,1,4,,NA,NA,NA,NA,3,5,,,2,2,2,,3,1,89052,153,198,1,NA,NA,NA,"FY988226",NA,1969,1,7,NA,1,1,9,94,31,NA,NA,404,1,7,228,417,2,1,1,207,3,1,89052,153,198,1,NA,NA,NA,"FY988226",NA,1969,1,7,NA,1,1,9,94,31,NA,NA,404,1,7,228,417,2,1,1,NA,NA,NA,NA,NA,NA,NA,NA,NA,NA,NA,NA,NA,NA,NA,NA,NA,NA,NA,NA,NA,NA,NA,NA,NA
"137",288,220440,27,1,NA,NA,,,,25,,50,NA,NA,NA,NA,,NA,1,"FY983801",NA,301,NA,NA,2,4,1,1,NA,38,NA,NA,NA,NA,NA,34,NA,NA,NA,NA,NA,2,NA,1,NA,NA,0,0,0,0,NA,0,0,0,0,2,6,3,5,2,4,NA,6,NA,1,NA,NA,1,52,NA,NA,NA,NA,1,NA,2,NA,NA,NA,1,NA,NA,NA,1,NA,NA,1,5,NA,NA,NA,1,4,0,2,7,7,1,NA,NA,2,NA,3,30,85,100,100,100,60,2,NA,NA,5,6,1,0,4,NA,2,NA,NA,0,2,6,5,5,0,6,5,31,13,15,2,NA,NA,NA,4,3,3,4,7,0,0,6,10,2,NA,NA,NA,5,2,5,5,1,2,2,3,6,89037,139,141,1,NA,NA,NA,"FY983801",NA,1960,1,7,NA,2,NA,NA,NA,NA,,9,,1,5,,,1,1,2,,2,1,NA,NA,NA,NA,NA,NA,NA,NA,NA,NA,NA,NA,NA,NA,NA,NA,NA,NA,NA,NA,NA,NA,NA,NA,NA,NA,NA,NA,NA,NA,NA,NA,NA,NA,NA,NA,NA,NA,NA,NA,NA,NA,NA,NA,NA,NA,NA,NA,NA,NA,NA,NA,NA,NA,NA,NA,NA,NA,NA,NA,NA,NA,NA,NA,NA,NA,NA,NA,NA,NA,NA,NA,NA,NA,NA,NA,NA,NA,NA,NA,NA,NA,NA,NA
"138",289,220533,29,1,NA,NA,,,,10,,20,NA,NA,NA,NA,,NA,1,"FY983265",NA,37,NA,NA,1,NA,NA,1,90,31,89,NA,NA,NA,NA,19,NA,NA,NA,NA,NA,2,NA,1,NA,NA,9,NA,NA,NA,NA,NA,2,NA,NA,4,6,3,2,3,4,NA,4,NA,NA,NA,NA,1,108,NA,NA,NA,NA,1,NA,22,NA,NA,NA,NA,NA,1,NA,NA,NA,NA,1,7,NA,NA,NA,1,50,7,1,7,4,2,NA,NA,NA,3,16,50,50,85,85,85,50,2,NA,NA,23,7,1,5,1,5,2,NA,NA,1,1,1,1,1,1,5,5,16,27,10,2,NA,NA,NA,3,1,3,3,8,0,0,8,10,3,4,10,10,2,3,6,6,2,2,2,2,6,89093,225,227,1,NA,NA,NA,"FY983265",NA,1942,2,7,NA,2,NA,NA,NA,NA,,5,,2,1,,,2,2,2,,3,1,NA,NA,NA,NA,NA,NA,NA,NA,NA,NA,NA,NA,NA,NA,NA,NA,NA,NA,NA,NA,NA,NA,NA,NA,NA,NA,NA,NA,NA,NA,NA,NA,NA,NA,NA,NA,NA,NA,NA,NA,NA,NA,NA,NA,NA,NA,NA,NA,NA,NA,NA,NA,NA,NA,NA,NA,NA,NA,NA,NA,NA,NA,NA,NA,NA,NA,NA,NA,NA,NA,NA,NA,NA,NA,NA,NA,NA,NA,NA,NA,NA,NA,NA,NA
"139",290,220546,28,1,NA,NA,,,,26,,27,NA,NA,NA,NA,,NA,1,"FY940510",NA,36,NA,NA,2,4,2,1,32,31,84,NA,NA,NA,NA,57,34,NA,NA,NA,NA,NA,NA,1,NA,NA,10,NA,NA,NA,NA,NA,10,NA,NA,1,7,3,7,2,7,NA,6,NA,1,1,NA,1,147,NA,NA,1,NA,NA,NA,NA,NA,NA,NA,1,NA,NA,NA,1,NA,NA,NA,NA,NA,NA,1,NA,NA,6,1,7,7,1,NA,NA,2,NA,17,15,90,90,90,100,60,1,1,3,NA,NA,4,8,2,9,1,NA,NA,0,0,9,0,7,0,0,10,15,30,38,2,NA,NA,NA,3,1,3,3,10,10,10,6,10,1,NA,NA,NA,3,2,3,5,4,4,2,4,6,89414,291,294,1,NA,NA,NA,"FY940510",NA,1938,1,7,NA,2,NA,NA,NA,NA,,5,,1,3,,,2,1,1,,2,1,88853,7,6,1,NA,NA,NA,"FY969725",NA,1956,1,3,NA,2,NA,NA,NA,NA,28,22,343,1,3,110,321,2,2,2,149,2,1,88853,7,6,1,NA,NA,NA,"FY969725",NA,1956,1,3,NA,2,NA,NA,NA,NA,28,22,343,1,3,110,321,2,2,2,NA,NA,NA,NA,NA,NA,NA,NA,NA,NA,NA,NA,NA,NA,NA,NA,NA,NA,NA,NA,NA,NA,NA,NA,NA
"140",298,220815,35,1,NA,NA,,,,26,,58,,NA,NA,NA,,NA,1,"FY952914",NA,28,NA,NA,1,NA,NA,1,54,31,14,NA,NA,NA,NA,55,57,NA,NA,NA,NA,NA,NA,1,NA,NA,8,2,2,0,NA,0,10,0,0,2,6,2,6,2,6,NA,6,1,1,NA,1,1,82,NA,NA,NA,NA,1,NA,32,NA,NA,NA,NA,1,NA,27,1,NA,NA,NA,NA,NA,NA,1,NA,NA,0,5,7,7,2,NA,NA,NA,3,13,25,30,70,70,70,68,1,1,1,NA,NA,4,9,4,NA,1,NA,NA,0,0,5,0,0,0,10,8,16,4,10,2,NA,NA,NA,3,1,3,3,9,10,6,7,7,2,NA,11,3,5,3,4,5,5,3,3,2,6,89232,250,251,1,NA,NA,NA,"FY952914",NA,1950,2,7,NA,2,NA,NA,NA,NA,,35,,1,5,,,2,2,2,,2,1,NA,NA,NA,NA,NA,NA,NA,NA,NA,NA,NA,NA,NA,NA,NA,NA,NA,NA,NA,NA,NA,NA,NA,NA,NA,NA,NA,NA,NA,NA,NA,NA,NA,NA,NA,NA,NA,NA,NA,NA,NA,NA,NA,NA,NA,NA,NA,NA,NA,NA,NA,NA,NA,NA,NA,NA,NA,NA,NA,NA,NA,NA,NA,NA,NA,NA,NA,NA,NA,NA,NA,NA,NA,NA,NA,NA,NA,NA,NA,NA,NA,NA,NA,NA
"141",299,220911,37,1,NA,NA,,,,26,,56,,NA,NA,NA,,NA,1,"FY936415",NA,33,NA,NA,1,NA,NA,2,NA,NA,NA,41,26,NA,NA,NA,NA,NA,NA,NA,1,NA,1,1,NA,NA,10,0,0,0,NA,0,10,0,0,4,7,1,5,1,6,NA,4,NA,1,NA,NA,NA,NA,1,NA,1,1,NA,1,NA,NA,1,NA,NA,NA,1,NA,1,NA,NA,NA,NA,NA,NA,1,NA,NA,7,1,4,5,1,NA,NA,1,NA,14,30,70,70,60,70,40,1,2,3,NA,NA,1,4,2,10,1,NA,NA,0,0,7,6,0,0,7,5,27,5,27,2,NA,NA,NA,1,1,3,3,10,10,10,9,10,2,NA,7,6,1,7,4,4,4,2,NA,4,4,89824,453,441,1,NA,NA,NA,"FY936415",NA,1941,1,7,NA,2,NA,NA,NA,NA,,5,,1,3,,,2,2,2,,3,1,88907,56,66,1,NA,NA,NA,"FY924367",NA,1955,1,7,9,2,NA,NA,NA,NA,52,NA,301,4,1,93,394,2,2,2,88,1,2,88907,56,66,1,NA,NA,NA,"FY924367",NA,1955,1,7,9,2,NA,NA,NA,NA,52,NA,301,4,1,93,394,2,2,2,NA,NA,NA,NA,NA,NA,NA,NA,NA,NA,NA,NA,NA,NA,NA,NA,NA,NA,NA,NA,NA,NA,NA,NA,NA
"142",300,220956,38,1,NA,NA,,,,26,,44,,NA,NA,NA,,NA,1,"FY975326",NA,19,NA,NA,1,NA,NA,1,16,31,35,NA,NA,NA,NA,67,12,NA,NA,NA,NA,NA,NA,2,3,1,NA,NA,NA,NA,NA,NA,NA,NA,NA,7,5,1,4,2,6,NA,5,1,NA,NA,NA,NA,NA,NA,NA,NA,NA,NA,NA,NA,NA,NA,NA,NA,NA,NA,NA,1,1,NA,NA,NA,NA,1,NA,1,33,0,NA,6,2,4,NA,2,NA,NA,10,60,15,50,40,50,20,2,NA,NA,23,28,1,2,2,7,2,3,3,NA,NA,NA,NA,NA,NA,NA,NA,12,14,15,1,1,4,3,NA,NA,NA,NA,7,10,8,10,7,3,24,2,4,5,3,2,2,2,2,4,6,6,89173,180,182,1,NA,NA,NA,"FY975326",NA,1952,1,7,NA,2,NA,NA,NA,NA,,22,,2,6,,NA,1,2,2,,3,1,89073,211,212,1,NA,NA,NA,"FY948239",NA,1942,1,7,NA,2,NA,NA,NA,NA,159,29,127,1,5,361,359,2,1,1,188,2,1,89073,211,212,1,NA,NA,NA,"FY948239",NA,1942,1,7,NA,2,NA,NA,NA,NA,159,29,127,1,5,361,359,2,1,1,NA,NA,NA,NA,NA,NA,NA,NA,NA,NA,NA,NA,NA,NA,NA,NA,NA,NA,NA,NA,NA,NA,NA,NA,NA
"143",301,221016,39,1,NA,NA,,,,26,,27,NA,NA,NA,NA,,NA,1,"FY922941",NA,18,NA,NA,2,6,1,1,13,29,25,NA,NA,NA,NA,7,8,NA,NA,NA,NA,NA,NA,2,3,1,NA,NA,NA,NA,NA,NA,NA,NA,NA,3,3,1,6,2,8,NA,1,NA,1,1,1,1,146,NA,NA,NA,NA,NA,NA,NA,1,NA,NA,NA,NA,1,NA,1,NA,NA,NA,NA,NA,NA,NA,NA,NA,0,4,0,3,4,NA,1,NA,NA,12,70,60,75,65,85,48,1,2,3,NA,NA,2,2,1,1,6,1,1,NA,NA,NA,NA,NA,NA,NA,NA,24,16,12,2,NA,NA,NA,3,4,4,3,1,7,1,2,0,3,8,NA,NA,3,5,7,5,6,5,2,2,6,89190,193,194,1,NA,NA,NA,"FY922941",NA,1972,1,3,NA,2,NA,NA,NA,NA,,25,,4,6,,,2,1,2,,1,1,89043,146,148,1,NA,NA,NA,"FY900830",NA,1956,2,7,NA,2,NA,NA,NA,NA,177,38,389,1,5,143,355,1,1,1,132,3,1,89043,146,148,1,NA,NA,NA,"FY900830",NA,1956,2,7,NA,2,NA,NA,NA,NA,177,38,389,1,5,143,355,1,1,1,NA,NA,NA,NA,NA,NA,NA,NA,NA,NA,NA,NA,NA,NA,NA,NA,NA,NA,NA,NA,NA,NA,NA,NA,NA
"144",302,221115,40,1,NA,NA,,,,26,,67,,NA,NA,NA,,NA,1,"FY916205",NA,18,NA,NA,1,NA,NA,2,NA,NA,NA,12,31,NA,NA,NA,NA,NA,52,NA,NA,NA,1,2,5,1,NA,NA,NA,NA,NA,NA,NA,NA,NA,1,7,3,7,2,3,NA,3,NA,NA,1,NA,1,114,NA,NA,1,1,NA,NA,NA,NA,1,NA,NA,NA,NA,NA,1,NA,NA,NA,NA,NA,NA,NA,NA,NA,7,1,4,3,1,NA,NA,2,NA,16,15,85,70,85,85,70,1,1,3,NA,NA,1,3,2,8,6,3,2,NA,NA,NA,NA,NA,NA,NA,NA,19,13,13,1,3,1,3,NA,NA,NA,NA,8,10,10,10,7,1,NA,4,2,2,5,4,3,1,3,3,3,6,89321,305,306,1,NA,NA,NA,"FY916205",NA,1952,1,7,NA,2,NA,NA,NA,NA,,5,,1,5,,,2,2,2,,2,1,NA,NA,NA,NA,NA,NA,NA,NA,NA,NA,NA,NA,NA,NA,NA,NA,NA,NA,NA,NA,NA,NA,NA,NA,NA,NA,NA,NA,NA,NA,NA,NA,NA,NA,NA,NA,NA,NA,NA,NA,NA,NA,NA,NA,NA,NA,NA,NA,NA,NA,NA,NA,NA,NA,NA,NA,NA,NA,NA,NA,NA,NA,NA,NA,NA,NA,NA,NA,NA,NA,NA,NA,NA,NA,NA,NA,NA,NA,NA,NA,NA,NA,NA,NA
"145",303,221129,41,1,NA,NA,,,,26,,27,,NA,NA,NA,,NA,1,"FY942657",NA,20,NA,NA,1,NA,NA,1,63,31,11,NA,NA,NA,NA,3,1,NA,NA,NA,NA,NA,NA,1,NA,NA,5,3,5,5,NA,4,7,5,5,1,6,2,6,2,4,NA,3,NA,1,NA,NA,NA,NA,NA,NA,NA,NA,NA,NA,NA,NA,NA,NA,NA,NA,NA,NA,1,NA,NA,NA,NA,NA,NA,NA,NA,NA,0,NA,1,1,1,NA,NA,1,NA,16,15,60,40,70,60,60,1,4,3,NA,NA,4,3,1,10,2,NA,NA,0,0,5,6,0,0,6,3,12,4,15,1,2,1,3,NA,NA,NA,NA,6,8,2,2,1,1,NA,10,2,2,7,5,5,6,3,2,2,6,88966,86,86,1,NA,NA,NA,"FY942657",NA,1982,1,1,,1,2,25,,,NA,NA,,3,7,,,1,2,2,,2,2,88954,76,76,1,NA,NA,NA,"FY909789",NA,1955,2,7,NA,2,NA,NA,NA,NA,165,5,322,2,2,120,40,2,2,2,6,3,1,88954,76,76,1,NA,NA,NA,"FY909789",NA,1955,2,7,NA,2,NA,NA,NA,NA,165,5,322,2,2,120,40,2,2,2,NA,NA,NA,NA,NA,NA,NA,NA,NA,NA,NA,NA,NA,NA,NA,NA,NA,NA,NA,NA,NA,NA,NA,NA,NA
"146",304,221161,42,1,NA,NA,,,,26,,51,NA,NA,NA,NA,,NA,1,"FY956362",NA,39,NA,NA,2,10,2,1,44,20,70,NA,NA,NA,NA,44,51,NA,NA,NA,NA,NA,NA,1,NA,NA,10,NA,NA,NA,NA,NA,10,NA,NA,2,7,2,6,1,6,NA,6,NA,NA,NA,NA,1,102,1,NA,NA,NA,NA,1,NA,NA,NA,NA,NA,NA,NA,NA,NA,NA,NA,NA,NA,NA,NA,1,NA,NA,3,4,2,5,1,NA,NA,2,NA,16,15,85,40,85,85,70,1,3,3,NA,NA,1,5,1,7,2,NA,NA,0,0,5,5,0,0,9,10,27,5,18,2,NA,NA,NA,3,1,3,3,2,9,0,6,5,3,15,NA,NA,3,7,5,3,7,3,1,2,6,88911,66,67,1,NA,NA,NA,"FY956362",NA,1954,1,7,NA,2,NA,NA,NA,NA,,33,,2,5,,,2,2,1,,1,1,88935,59,58,1,NA,NA,NA,"FY963370",NA,1958,1,7,NA,2,NA,NA,NA,NA,11,1,240,1,5,64,363,2,2,2,192,1,2,88935,59,58,1,NA,NA,NA,"FY963370",NA,1958,1,7,NA,2,NA,NA,NA,NA,11,1,240,1,5,64,363,2,2,2,NA,NA,NA,NA,NA,NA,NA,NA,NA,NA,NA,NA,NA,NA,NA,NA,NA,NA,NA,NA,NA,NA,NA,NA,NA
"147",305,221162,43,1,NA,NA,,,,26,,27,,NA,NA,NA,,NA,1,"FY923545",NA,10,NA,NA,1,NA,NA,1,NA,NA,NA,NA,NA,NA,NA,NA,NA,NA,NA,2,NA,2,NA,1,NA,NA,10,NA,NA,NA,NA,NA,10,NA,NA,4,7,1,2,1,7,NA,4,NA,NA,NA,NA,1,69,1,NA,NA,1,NA,1,NA,NA,NA,NA,NA,NA,1,NA,NA,NA,NA,NA,NA,NA,NA,NA,1,71,2,4,3,5,1,NA,NA,1,NA,10,40,60,40,30,100,15,1,3,5,NA,NA,2,5,1,9,2,NA,NA,0,8,5,10,10,5,10,10,22,14,5,2,NA,NA,NA,3,1,3,4,8,10,0,0,0,2,NA,4,11,2,6,4,5,5,6,6,6,6,92855,548,527,1,NA,NA,NA,"FY923545",NA,1952,2,3,NA,1,2,20,,,NA,NA,,2,1,,,2,1,1,,3,1,NA,NA,NA,NA,NA,NA,NA,NA,NA,NA,NA,NA,NA,NA,NA,NA,NA,NA,NA,NA,NA,NA,NA,NA,NA,NA,NA,NA,NA,NA,NA,NA,NA,NA,NA,NA,NA,NA,NA,NA,NA,NA,NA,NA,NA,NA,NA,NA,NA,NA,NA,NA,NA,NA,NA,NA,NA,NA,NA,NA,NA,NA,NA,NA,NA,NA,NA,NA,NA,NA,NA,NA,NA,NA,NA,NA,NA,NA,NA,NA,NA,NA,NA,NA
"148",306,221250,44,1,NA,NA,,,,26,,49,NA,NA,NA,NA,,NA,1,"FY976994",NA,32,NA,NA,1,NA,NA,2,NA,NA,NA,5,30,53,NA,NA,NA,9,4,NA,NA,NA,NA,2,4,4,NA,NA,NA,NA,NA,NA,NA,NA,NA,1,7,1,7,1,6,NA,3,NA,NA,NA,NA,1,63,NA,NA,1,1,NA,NA,NA,NA,NA,NA,NA,NA,NA,NA,1,NA,NA,NA,NA,NA,NA,1,NA,NA,2,3,7,8,1,NA,NA,2,NA,3,85,100,100,100,100,100,1,4,3,NA,NA,3,NA,2,9,6,3,2,NA,NA,NA,NA,NA,NA,NA,NA,19,10,5,1,2,1,3,NA,NA,NA,NA,10,10,10,10,10,1,NA,11,2,2,4,4,4,3,2,1,4,6,92937,572,549,1,NA,NA,NA,"FY976994",NA,1960,1,7,NA,2,NA,NA,NA,NA,,25,,1,5,,,2,2,1,,1,1,89031,134,138,1,NA,NA,NA,"FY923829",NA,1956,2,7,NA,2,NA,NA,NA,NA,169,36,445,1,7,69,315,2,2,2,192,3,1,89031,134,138,1,NA,NA,NA,"FY923829",NA,1956,2,7,NA,2,NA,NA,NA,NA,169,36,445,1,7,69,315,2,2,2,NA,NA,NA,NA,NA,NA,NA,NA,NA,NA,NA,NA,NA,NA,NA,NA,NA,NA,NA,NA,NA,NA,NA,NA,NA
"149",373,223311,131,1,NA,NA,,,,8,,17,NA,NA,NA,NA,,NA,1,"FY934627",NA,22,NA,NA,2,1,3,1,45,26,63,NA,NA,NA,NA,5,NA,NA,NA,NA,NA,2,NA,2,3,1,NA,NA,NA,NA,NA,NA,NA,NA,NA,7,7,2,5,2,5,NA,4,1,1,NA,NA,NA,NA,NA,NA,NA,NA,NA,NA,NA,NA,NA,NA,NA,NA,NA,NA,NA,NA,NA,NA,NA,NA,NA,NA,NA,NA,0,NA,1,2,1,NA,NA,1,NA,10,15,85,50,50,80,40,1,3,3,NA,NA,2,3,1,5,4,1,2,NA,NA,NA,NA,NA,NA,NA,NA,12,21,10,2,NA,NA,NA,3,1,3,4,3,0,0,0,0,4,NA,NA,NA,2,6,7,6,7,1,1,4,6,89097,236,238,1,NA,NA,NA,"FY934627",NA,1973,1,7,NA,2,NA,NA,NA,NA,,42,,1,5,,,2,2,2,,3,1,NA,NA,NA,NA,NA,NA,NA,NA,NA,NA,NA,NA,NA,NA,NA,NA,NA,NA,NA,NA,NA,NA,NA,NA,NA,NA,NA,NA,NA,NA,NA,NA,NA,NA,NA,NA,NA,NA,NA,NA,NA,NA,NA,NA,NA,NA,NA,NA,NA,NA,NA,NA,NA,NA,NA,NA,NA,NA,NA,NA,NA,NA,NA,NA,NA,NA,NA,NA,NA,NA,NA,NA,NA,NA,NA,NA,NA,NA,NA,NA,NA,NA,NA,NA
"150",372,223299,130,1,NA,NA,,,,9,,2,NA,NA,NA,NA,,NA,1,"FY952734",NA,1018,NA,NA,2,6,12,1,NA,31,NA,NA,NA,NA,NA,9,NA,NA,NA,NA,NA,2,NA,1,NA,NA,2,0,2,2,NA,0,8,0,0,6,7,1,4,2,6,NA,5,NA,NA,NA,NA,1,29,NA,NA,NA,NA,NA,NA,NA,NA,NA,NA,NA,NA,1,NA,1,NA,NA,1,5,NA,NA,NA,NA,NA,0,5,2,6,4,NA,1,NA,NA,8,50,30,70,60,70,30,1,1,3,NA,NA,3,NA,2,6,2,NA,NA,5,5,5,5,5,7,7,7,12,13,10,2,NA,NA,NA,2,2,3,3,3,8,2,5,6,4,NA,NA,NA,5,6,6,5,3,4,2,2,5,89481,308,309,1,NA,NA,NA,"FY952734",NA,1957,2,7,NA,2,NA,NA,NA,NA,,29,,4,2,,,1,2,2,,3,2,88995,105,109,1,NA,NA,NA,"FY975832",NA,1971,1,7,NA,2,NA,NA,NA,NA,13,13,153,1,5,269,44,2,2,2,126,3,1,88995,105,109,1,NA,NA,NA,"FY975832",NA,1971,1,7,NA,2,NA,NA,NA,NA,13,13,153,1,5,269,44,2,2,2,NA,NA,NA,NA,NA,NA,NA,NA,NA,NA,NA,NA,NA,NA,NA,NA,NA,NA,NA,NA,NA,NA,NA,NA,NA
"151",371,223273,125,1,NA,NA,,,,23,,11,NA,NA,NA,NA,,NA,1,"FY904566",NA,79,NA,NA,1,NA,NA,1,NA,2,NA,NA,NA,NA,NA,9,NA,NA,NA,NA,NA,1,NA,1,NA,NA,0,0,0,0,NA,0,0,0,0,1,7,1,5,2,4,NA,6,NA,1,NA,1,1,54,NA,NA,NA,NA,1,NA,21,NA,NA,NA,NA,NA,NA,NA,NA,NA,NA,1,42,NA,NA,NA,NA,NA,2,3,7,4,1,NA,NA,1,NA,10,40,70,60,50,70,40,1,3,3,NA,NA,1,3,2,8,3,NA,NA,0,2,9,0,7,5,0,10,16,11,21,1,3,1,3,NA,NA,NA,NA,8,9,0,0,8,2,NA,4,8,2,5,5,3,3,3,3,4,5,89218,274,275,1,NA,NA,NA,"FY904566",NA,1967,1,7,NA,2,NA,NA,NA,NA,,5,,1,2,,,2,1,2,,3,1,NA,NA,NA,NA,NA,NA,NA,NA,NA,NA,NA,NA,NA,NA,NA,NA,NA,NA,NA,NA,NA,NA,NA,NA,NA,NA,NA,NA,NA,NA,NA,NA,NA,NA,NA,NA,NA,NA,NA,NA,NA,NA,NA,NA,NA,NA,NA,NA,NA,NA,NA,NA,NA,NA,NA,NA,NA,NA,NA,NA,NA,NA,NA,NA,NA,NA,NA,NA,NA,NA,NA,NA,NA,NA,NA,NA,NA,NA,NA,NA,NA,NA,NA,NA
"152",370,223272,129,1,NA,NA,,,,26,,67,NA,NA,NA,NA,,NA,1,"FY969725",NA,31,NA,NA,2,11,3,2,NA,NA,NA,13,34,NA,NA,NA,NA,24,NA,NA,1,NA,NA,1,NA,NA,8,NA,NA,NA,NA,NA,10,NA,NA,4,7,3,5,2,6,NA,6,NA,NA,NA,NA,1,114,1,NA,NA,1,NA,1,NA,NA,1,NA,NA,NA,1,NA,1,NA,NA,NA,NA,1,NA,NA,NA,NA,7,1,NA,4,1,NA,NA,2,NA,8,30,70,70,60,70,30,1,1,2,NA,NA,3,NA,1,5,2,NA,NA,0,0,4,0,0,0,5,3,12,27,10,1,3,1,3,NA,NA,NA,NA,8,10,9,9,6,1,NA,NA,NA,4,6,5,5,5,2,2,4,6,88853,7,6,1,NA,NA,NA,"FY969725",NA,1956,1,3,NA,2,NA,NA,NA,NA,,22,,1,3,,,2,2,2,,2,1,88905,44,43,1,NA,NA,NA,"FY952062",NA,1976,1,7,NA,2,NA,NA,NA,NA,133,5,240,1,5,124,81,2,2,2,248,1,1,88905,44,43,1,NA,NA,NA,"FY952062",NA,1976,1,7,NA,2,NA,NA,NA,NA,133,5,240,1,5,124,81,2,2,2,NA,NA,NA,NA,NA,NA,NA,NA,NA,NA,NA,NA,NA,NA,NA,NA,NA,NA,NA,NA,NA,NA,NA,NA,NA
"153",369,223269,124,1,NA,NA,,,,22,,13,NA,NA,NA,NA,,NA,1,"FY906114",NA,27,NA,NA,1,NA,NA,2,NA,NA,NA,NA,NA,47,NA,NA,NA,NA,57,NA,NA,NA,1,1,NA,NA,0,0,0,0,NA,0,0,0,0,4,7,1,3,6,2,NA,3,NA,NA,NA,1,1,NA,1,NA,NA,NA,NA,NA,NA,NA,NA,NA,NA,NA,1,NA,NA,NA,NA,1,32,NA,NA,1,NA,NA,5,4,4,6,2,NA,NA,NA,1,17,80,90,90,80,90,80,1,3,3,NA,NA,1,2,4,NA,1,NA,NA,0,5,0,5,0,5,5,5,22,17,18,2,NA,NA,NA,3,3,3,3,5,0,0,0,0,1,NA,4,4,4,3,5,3,2,1,2,2,6,89214,272,272,1,NA,NA,NA,"FY906114",NA,1951,2,7,NA,1,1,1,,,NA,NA,,4,2,,,2,1,1,,3,1,NA,NA,NA,NA,NA,NA,NA,NA,NA,NA,NA,NA,NA,NA,NA,NA,NA,NA,NA,NA,NA,NA,NA,NA,NA,NA,NA,NA,NA,NA,NA,NA,NA,NA,NA,NA,NA,NA,NA,NA,NA,NA,NA,NA,NA,NA,NA,NA,NA,NA,NA,NA,NA,NA,NA,NA,NA,NA,NA,NA,NA,NA,NA,NA,NA,NA,NA,NA,NA,NA,NA,NA,NA,NA,NA,NA,NA,NA,NA,NA,NA,NA,NA,NA
"154",368,223261,123,1,NA,NA,,,,26,,68,,NA,NA,NA,,NA,1,"FY980803",NA,81,NA,NA,2,2,4,1,17,19,NA,NA,NA,NA,NA,NA,47,NA,NA,1,NA,NA,NA,1,NA,NA,0,0,5,0,NA,0,5,5,5,7,7,1,1,2,7,NA,7,NA,NA,NA,NA,NA,NA,NA,1,NA,1,NA,NA,NA,1,NA,NA,NA,1,1,33,NA,1,NA,NA,NA,NA,NA,1,1,25,5,3,3,3,4,NA,2,NA,NA,10,100,5,50,50,85,0,2,NA,NA,28,22,2,10,2,10,2,NA,NA,10,0,10,5,10,0,10,10,17,15,30,1,4,1,3,NA,NA,NA,NA,9,10,7,10,9,4,NA,NA,NA,5,4,3,2,1,3,4,5,5,NA,NA,NA,NA,NA,NA,NA,NA,NA,NA,NA,NA,NA,NA,NA,NA,NA,NA,NA,NA,NA,NA,NA,NA,NA,NA,NA,NA,NA,NA,NA,NA,NA,NA,NA,NA,NA,NA,NA,NA,NA,NA,NA,NA,NA,NA,NA,NA,NA,NA,NA,NA,NA,NA,NA,NA,NA,NA,NA,NA,NA,NA,NA,NA,NA,NA,NA,NA,NA,NA,NA,NA,NA,NA,NA,NA,NA,NA,NA,NA,NA,NA,NA,NA,NA,NA,NA,NA,NA,NA,NA,NA,NA,NA,NA,NA,NA,NA,NA,NA,NA,NA,NA,NA,NA,NA,NA,NA,NA,NA,NA,NA,NA,NA,NA
"155",366,223243,112,1,NA,NA,,,,26,,58,NA,NA,NA,NA,,NA,1,"FY977008",NA,32,NA,NA,1,NA,NA,2,NA,NA,NA,12,NA,NA,NA,NA,NA,NA,NA,NA,1,NA,1,2,3,4,NA,NA,NA,NA,NA,NA,NA,NA,NA,3,7,2,6,2,6,NA,6,NA,NA,1,NA,1,96,1,NA,1,NA,NA,NA,NA,NA,NA,NA,NA,NA,1,NA,1,NA,NA,NA,NA,NA,NA,NA,NA,NA,5,3,3,4,1,NA,NA,1,NA,10,40,70,50,50,70,40,2,NA,NA,23,6,2,4,2,8,2,3,4,NA,NA,NA,NA,NA,NA,NA,NA,22,14,5,2,NA,NA,NA,3,1,3,3,8,10,10,10,10,1,NA,12,3,5,5,5,6,2,2,3,3,6,88944,72,74,1,NA,NA,NA,"FY977008",NA,1939,1,7,NA,2,NA,NA,NA,NA,,35,,1,5,,,2,2,2,,2,2,88908,63,65,1,NA,NA,NA,"FY955711",NA,1982,1,3,NA,2,NA,NA,NA,NA,193,5,281,1,5,94,248,2,1,1,271,2,1,88908,63,65,1,NA,NA,NA,"FY955711",NA,1982,1,3,NA,2,NA,NA,NA,NA,193,5,281,1,5,94,248,2,1,1,NA,NA,NA,NA,NA,NA,NA,NA,NA,NA,NA,NA,NA,NA,NA,NA,NA,NA,NA,NA,NA,NA,NA,NA,NA
"156",365,223209,108,1,NA,NA,,,,26,,27,,NA,NA,NA,,NA,1,"FY980620",NA,26,NA,NA,2,12,2,2,NA,NA,NA,NA,NA,NA,NA,NA,NA,NA,NA,NA,1,NA,1,2,3,1,NA,NA,NA,NA,NA,NA,NA,NA,NA,2,7,2,7,2,6,NA,6,NA,NA,NA,NA,1,107,NA,NA,NA,NA,1,NA,8,NA,1,1,1,NA,1,NA,NA,1,1,NA,NA,1,NA,1,1,17,5,4,1,5,3,7,NA,NA,NA,13,40,70,70,70,70,70,2,NA,NA,23,21,3,NA,1,5,2,1,2,NA,NA,NA,NA,NA,NA,NA,NA,33,27,37,1,3,1,3,NA,NA,NA,NA,2,9,6,10,7,1,NA,NA,NA,5,5,5,5,5,1,1,1,7,88963,83,83,1,NA,NA,NA,"FY980620",NA,1946,1,7,NA,2,NA,NA,NA,NA,,21,,3,5,,,2,2,2,,1,1,NA,NA,NA,NA,NA,NA,NA,NA,NA,NA,NA,NA,NA,NA,NA,NA,NA,NA,NA,NA,NA,NA,NA,NA,NA,NA,NA,NA,NA,NA,NA,NA,NA,NA,NA,NA,NA,NA,NA,NA,NA,NA,NA,NA,NA,NA,NA,NA,NA,NA,NA,NA,NA,NA,NA,NA,NA,NA,NA,NA,NA,NA,NA,NA,NA,NA,NA,NA,NA,NA,NA,NA,NA,NA,NA,NA,NA,NA,NA,NA,NA,NA,NA,NA
"157",364,223207,107,1,NA,NA,,,,26,,44,NA,NA,NA,NA,,NA,1,"FY975057",NA,35,NA,NA,2,12,5,2,NA,NA,NA,39,73,7,NA,NA,NA,43,51,NA,NA,NA,NA,2,3,4,NA,NA,NA,NA,NA,NA,NA,NA,NA,2,7,2,6,2,5,NA,3,NA,1,NA,NA,1,13,1,NA,NA,1,NA,1,NA,NA,NA,NA,NA,NA,1,NA,1,NA,NA,NA,NA,NA,NA,NA,1,12,4,4,1,5,2,NA,NA,NA,1,3,30,100,100,100,100,100,2,NA,NA,16,28,1,3,2,10,1,1,3,NA,NA,NA,NA,NA,NA,NA,NA,19,13,29,2,NA,NA,NA,4,1,3,3,4,3,1,1,8,1,NA,NA,NA,3,5,4,3,4,3,1,3,5,89717,358,354,1,NA,NA,NA,"FY975057",NA,1966,1,7,NA,2,NA,NA,NA,NA,,22,,2,5,,NA,2,2,2,,2,1,89109,234,237,1,NA,NA,NA,"FY984450",NA,1952,2,5,NA,1,1,2,53,39,NA,NA,427,1,7,116,399,2,2,2,103,2,1,89109,234,237,1,NA,NA,NA,"FY984450",NA,1952,2,5,NA,1,1,2,53,39,NA,NA,427,1,7,116,399,2,2,2,NA,NA,NA,NA,NA,NA,NA,NA,NA,NA,NA,NA,NA,NA,NA,NA,NA,NA,NA,NA,NA,NA,NA,NA,NA
"158",363,223199,106,1,NA,NA,,,,26,,27,NA,NA,NA,NA,,NA,1,"FY959558",NA,41,NA,NA,1,NA,NA,1,67,24,44,NA,NA,NA,NA,63,11,NA,NA,NA,NA,NA,NA,1,NA,NA,10,0,0,0,NA,0,0,0,0,1,6,4,6,7,4,NA,6,NA,NA,NA,NA,1,121,1,NA,1,1,NA,NA,NA,NA,NA,NA,1,NA,NA,NA,1,NA,NA,NA,NA,NA,NA,NA,NA,NA,6,1,7,6,1,NA,NA,2,NA,10,25,75,50,NA,NA,NA,2,NA,NA,22,28,3,NA,1,9,2,NA,NA,3,0,0,3,0,0,3,0,24,14,13,2,NA,NA,NA,4,1,3,4,7,10,10,6,4,1,NA,10,2,3,3,6,5,4,2,2,4,6,89757,388,381,1,NA,NA,NA,"FY959558",NA,1951,1,7,NA,2,NA,NA,NA,NA,,35,,1,5,,,2,2,1,,2,1,NA,NA,NA,NA,NA,NA,NA,NA,NA,NA,NA,NA,NA,NA,NA,NA,NA,NA,NA,NA,NA,NA,NA,NA,NA,NA,NA,NA,NA,NA,NA,NA,NA,NA,NA,NA,NA,NA,NA,NA,NA,NA,NA,NA,NA,NA,NA,NA,NA,NA,NA,NA,NA,NA,NA,NA,NA,NA,NA,NA,NA,NA,NA,NA,NA,NA,NA,NA,NA,NA,NA,NA,NA,NA,NA,NA,NA,NA,NA,NA,NA,NA,NA,NA
"159",307,221453,45,1,NA,NA,,,,26,,44,NA,NA,NA,NA,,NA,1,"FY929732",NA,44,NA,NA,1,NA,NA,2,NA,NA,NA,NA,NA,NA,NA,NA,NA,NA,26,NA,NA,NA,1,1,NA,NA,9,NA,NA,NA,NA,NA,8,NA,NA,3,6,2,6,3,5,NA,4,NA,1,NA,1,1,38,NA,NA,1,NA,NA,NA,NA,1,1,NA,1,NA,1,NA,1,NA,NA,1,12,NA,1,1,NA,NA,7,3,7,8,2,NA,NA,NA,3,13,50,50,70,70,70,70,1,1,3,NA,NA,3,NA,1,5,2,NA,NA,0,0,0,0,0,0,0,0,27,27,37,2,NA,NA,NA,3,1,3,3,8,9,10,9,10,4,NA,9,6,4,5,5,5,3,3,3,5,5,89760,395,388,1,NA,NA,NA,"FY929732",NA,1949,2,7,NA,2,NA,NA,NA,NA,,5,,2,1,,,2,2,2,,1,1,NA,NA,NA,NA,NA,NA,NA,NA,NA,NA,NA,NA,NA,NA,NA,NA,NA,NA,NA,NA,NA,NA,NA,NA,NA,NA,NA,NA,NA,NA,NA,NA,NA,NA,NA,NA,NA,NA,NA,NA,NA,NA,NA,NA,NA,NA,NA,NA,NA,NA,NA,NA,NA,NA,NA,NA,NA,NA,NA,NA,NA,NA,NA,NA,NA,NA,NA,NA,NA,NA,NA,NA,NA,NA,NA,NA,NA,NA,NA,NA,NA,NA,NA,NA
"160",308,221457,46,1,NA,NA,,,,26,,24,NA,NA,NA,NA,,NA,1,"FY986393",NA,223,NA,NA,2,8,5,1,37,7,57,NA,NA,NA,NA,17,65,NA,NA,NA,NA,NA,NA,2,3,1,NA,NA,NA,NA,NA,NA,NA,NA,NA,6,7,1,4,1,4,NA,4,NA,1,NA,NA,1,1,NA,NA,NA,NA,1,NA,17,NA,NA,NA,NA,1,NA,19,1,NA,NA,NA,NA,NA,NA,1,1,5,0,5,5,7,2,NA,NA,NA,2,3,30,30,90,100,100,30,1,4,3,NA,NA,1,5,2,9,2,2,2,NA,NA,NA,NA,NA,NA,NA,NA,29,13,5,2,NA,NA,NA,2,1,3,4,6,10,0,3,5,2,NA,NA,NA,2,6,5,4,3,2,2,5,5,89579,317,318,1,NA,NA,NA,"FY986393",NA,1971,1,7,NA,2,NA,NA,NA,NA,NA,42,,2,2,,,2,1,2,,3,2,NA,NA,NA,NA,NA,NA,NA,NA,NA,NA,NA,NA,NA,NA,NA,NA,NA,NA,NA,NA,NA,NA,NA,NA,NA,NA,NA,NA,NA,NA,NA,NA,NA,NA,NA,NA,NA,NA,NA,NA,NA,NA,NA,NA,NA,NA,NA,NA,NA,NA,NA,NA,NA,NA,NA,NA,NA,NA,NA,NA,NA,NA,NA,NA,NA,NA,NA,NA,NA,NA,NA,NA,NA,NA,NA,NA,NA,NA,NA,NA,NA,NA,NA,NA
"161",309,221469,47,1,NA,NA,,,,26,,27,,NA,NA,NA,,NA,1,"FY975666",NA,15,NA,NA,1,NA,NA,2,NA,NA,NA,61,62,47,NA,NA,NA,52,12,NA,NA,NA,NA,1,NA,NA,10,NA,NA,NA,NA,NA,10,NA,NA,3,7,1,6,2,5,NA,4,1,1,NA,NA,NA,NA,NA,NA,NA,NA,NA,NA,NA,NA,NA,NA,1,NA,1,NA,NA,NA,NA,NA,NA,1,1,1,NA,NA,0,2,7,6,4,NA,1,NA,NA,3,60,60,100,100,100,60,2,NA,NA,39,29,4,5,2,10,1,NA,NA,0,0,8,0,0,0,10,0,22,20,27,1,3,1,3,NA,NA,NA,NA,10,10,10,10,10,4,NA,7,6,1,7,7,2,2,2,2,6,7,88965,85,85,1,NA,NA,NA,"FY975666",NA,1984,2,5,NA,2,NA,NA,NA,NA,,5,,4,2,,,1,1,2,,1,2,88889,31,26,1,NA,NA,NA,"FY948802",NA,1978,1,7,NA,2,NA,NA,NA,NA,190,5,252,1,5,57,381,2,2,2,126,3,1,88889,31,26,1,NA,NA,NA,"FY948802",NA,1978,1,7,NA,2,NA,NA,NA,NA,190,5,252,1,5,57,381,2,2,2,NA,NA,NA,NA,NA,NA,NA,NA,NA,NA,NA,NA,NA,NA,NA,NA,NA,NA,NA,NA,NA,NA,NA,NA,NA
"162",310,221481,60,1,NA,NA,,,,26,,27,,NA,NA,NA,,NA,1,"FY979092",NA,57,NA,NA,2,10,5,2,NA,NA,NA,NA,NA,NA,NA,NA,NA,NA,35,NA,NA,NA,1,1,NA,NA,0,0,0,0,NA,0,0,0,0,2,7,3,5,2,4,NA,3,NA,NA,NA,NA,NA,NA,NA,NA,NA,NA,NA,NA,NA,NA,NA,NA,NA,NA,NA,NA,1,NA,NA,NA,NA,NA,NA,NA,NA,NA,0,NA,1,2,2,NA,NA,NA,1,10,20,60,50,50,50,30,1,1,3,NA,NA,1,5,2,9,2,NA,NA,0,0,7,0,0,0,0,0,16,27,29,1,3,1,3,NA,NA,NA,NA,6,10,9,8,6,3,26,NA,NA,2,5,3,3,3,3,2,2,7,88949,73,72,1,NA,NA,NA,"FY979092",NA,1951,1,7,NA,2,NA,NA,NA,NA,,33,,2,5,,,2,2,2,,3,1,88997,107,111,1,NA,NA,NA,"FY970878",NA,1940,2,7,NA,2,NA,NA,NA,NA,97,25,457,1,5,66,322,2,2,2,228,3,2,88997,107,111,1,NA,NA,NA,"FY970878",NA,1940,2,7,NA,2,NA,NA,NA,NA,97,25,457,1,5,66,322,2,2,2,NA,NA,NA,NA,NA,NA,NA,NA,NA,NA,NA,NA,NA,NA,NA,NA,NA,NA,NA,NA,NA,NA,NA,NA,NA
"163",311,221483,61,1,NA,NA,,,,26,,27,NA,NA,NA,NA,,NA,1,"FY943768",NA,39,NA,NA,2,12,5,1,14,12,103,NA,NA,NA,NA,18,3,NA,NA,NA,NA,NA,NA,2,3,4,NA,NA,NA,NA,NA,NA,NA,NA,NA,3,7,3,4,2,4,NA,6,NA,1,NA,NA,1,84,NA,NA,1,NA,1,NA,5,NA,NA,NA,1,NA,NA,NA,1,NA,NA,NA,NA,NA,NA,NA,1,39,0,3,7,3,1,NA,NA,2,NA,19,NA,NA,NA,NA,NA,NA,1,2,2,NA,NA,NA,NA,NA,NA,NA,NA,NA,NA,NA,NA,NA,NA,NA,NA,NA,NA,NA,NA,2,NA,NA,NA,3,NA,NA,NA,2,10,8,7,7,1,NA,NA,NA,4,4,5,4,NA,NA,NA,NA,NA,89216,273,274,1,NA,NA,NA,"FY943768",NA,1953,1,7,NA,2,NA,NA,NA,NA,,5,,1,5,,,2,2,2,,2,1,NA,NA,NA,NA,NA,NA,NA,NA,NA,NA,NA,NA,NA,NA,NA,NA,NA,NA,NA,NA,NA,NA,NA,NA,NA,NA,NA,NA,NA,NA,NA,NA,NA,NA,NA,NA,NA,NA,NA,NA,NA,NA,NA,NA,NA,NA,NA,NA,NA,NA,NA,NA,NA,NA,NA,NA,NA,NA,NA,NA,NA,NA,NA,NA,NA,NA,NA,NA,NA,NA,NA,NA,NA,NA,NA,NA,NA,NA,NA,NA,NA,NA,NA,NA
"164",312,221486,59,1,NA,NA,,,,26,,67,NA,NA,NA,NA,,NA,1,"FY900741",NA,16,NA,NA,2,11,7,2,NA,NA,NA,49,NA,NA,NA,NA,NA,NA,NA,NA,1,NA,1,2,3,1,NA,NA,NA,NA,NA,NA,NA,NA,NA,3,7,2,5,1,6,NA,6,NA,NA,NA,NA,1,130,NA,NA,NA,NA,NA,NA,NA,NA,NA,NA,NA,NA,NA,NA,NA,NA,NA,NA,NA,NA,NA,1,NA,NA,0,NA,1,5,1,NA,NA,2,NA,11,30,85,60,60,60,40,1,1,3,NA,NA,4,4,1,4,1,1,4,NA,NA,NA,NA,NA,NA,NA,NA,23,10,5,1,3,1,3,NA,NA,NA,NA,3,10,6,5,10,1,NA,NA,NA,2,4,5,3,4,3,3,5,3,88976,94,NA,1,NA,NA,NA,"FY900741",NA,1972,1,7,NA,2,NA,NA,NA,NA,,44,,NA,NA,NA,NA,NA,NA,NA,NA,NA,NA,NA,NA,NA,NA,NA,NA,NA,NA,NA,NA,NA,NA,NA,NA,NA,NA,NA,NA,NA,NA,NA,NA,NA,NA,NA,NA,NA,NA,NA,NA,NA,NA,NA,NA,NA,NA,NA,NA,NA,NA,NA,NA,NA,NA,NA,NA,NA,NA,NA,NA,NA,NA,NA,NA,NA,NA,NA,NA,NA,NA,NA,NA,NA,NA,NA,NA,NA,NA,NA,NA,NA,NA,NA,NA,NA,NA,NA,NA,NA,NA,NA,NA,NA,NA
"165",313,221501,62,1,NA,NA,,,,26,,27,,NA,NA,NA,,NA,1,"FY963493",NA,13,NA,NA,1,NA,NA,1,NA,NA,NA,NA,NA,NA,NA,NA,NA,NA,NA,2,NA,2,NA,1,NA,NA,8,2,5,5,NA,8,8,8,8,7,7,1,3,3,7,NA,8,NA,NA,NA,NA,NA,NA,NA,NA,NA,NA,NA,1,NA,NA,NA,NA,NA,NA,1,NA,NA,NA,NA,NA,NA,NA,NA,1,NA,NA,4,3,1,8,1,NA,NA,1,NA,3,50,50,100,100,100,40,1,4,3,NA,NA,4,5,3,5,4,NA,NA,0,0,10,0,5,0,5,5,12,17,18,2,NA,NA,NA,3,1,3,3,3,10,0,10,0,4,NA,7,8,2,5,7,5,3,3,1,3,5,89157,175,177,1,NA,NA,NA,"FY963493",NA,1981,1,7,NA,2,NA,NA,NA,NA,,5,,3,1,,,1,2,2,,3,1,88915,48,46,1,NA,NA,NA,"FY969999",NA,1983,1,7,NA,2,NA,NA,NA,NA,229,5,338,2,3,248,427,2,2,2,232,2,1,88915,48,46,1,NA,NA,NA,"FY969999",NA,1983,1,7,NA,2,NA,NA,NA,NA,229,5,338,2,3,248,427,2,2,2,NA,NA,NA,NA,NA,NA,NA,NA,NA,NA,NA,NA,NA,NA,NA,NA,NA,NA,NA,NA,NA,NA,NA,NA,NA
"166",314,221599,80,1,NA,NA,,,,26,,56,NA,NA,NA,NA,,NA,1,"FY916874",NA,18,NA,NA,1,NA,NA,1,86,31,104,NA,NA,NA,NA,18,77,NA,NA,NA,NA,NA,NA,1,NA,NA,10,NA,NA,NA,NA,NA,8,2,NA,2,6,2,6,2,5,NA,6,NA,1,NA,NA,NA,NA,NA,NA,NA,NA,NA,NA,NA,NA,NA,NA,NA,NA,NA,NA,1,NA,NA,NA,NA,NA,NA,NA,NA,NA,0,1,3,3,1,NA,NA,1,NA,NA,30,70,NA,NA,70,40,1,1,3,NA,NA,4,6,1,8,1,NA,NA,0,0,5,3,0,0,3,3,22,13,5,2,NA,NA,NA,3,1,3,3,8,10,8,6,8,1,NA,11,3,3,6,4,4,2,3,3,3,5,88840,29,38,1,NA,NA,NA,"FY916874",NA,1974,2,7,NA,2,NA,NA,NA,NA,,5,,1,3,,,1,1,2,,2,1,NA,NA,NA,NA,NA,NA,NA,NA,NA,NA,NA,NA,NA,NA,NA,NA,NA,NA,NA,NA,NA,NA,NA,NA,NA,NA,NA,NA,NA,NA,NA,NA,NA,NA,NA,NA,NA,NA,NA,NA,NA,NA,NA,NA,NA,NA,NA,NA,NA,NA,NA,NA,NA,NA,NA,NA,NA,NA,NA,NA,NA,NA,NA,NA,NA,NA,NA,NA,NA,NA,NA,NA,NA,NA,NA,NA,NA,NA,NA,NA,NA,NA,NA,NA
"167",315,221612,81,1,NA,NA,,,,16,,16,NA,NA,NA,NA,,NA,1,"FY922050",NA,79,NA,NA,2,10,12,1,NA,12,NA,NA,NA,NA,NA,18,NA,NA,NA,NA,NA,2,NA,1,NA,NA,5,NA,NA,NA,NA,NA,NA,NA,NA,1,5,1,4,1,6,NA,5,NA,NA,NA,NA,NA,NA,NA,NA,NA,NA,NA,NA,NA,NA,NA,NA,NA,NA,1,NA,NA,NA,NA,NA,NA,NA,NA,1,NA,NA,0,4,3,5,4,NA,1,NA,NA,13,100,100,100,70,100,40,2,NA,NA,32,7,3,NA,1,2,2,NA,NA,2,8,8,0,0,5,6,5,31,27,21,1,1,3,3,NA,NA,NA,NA,5,0,0,0,0,4,NA,NA,NA,2,7,4,3,2,4,4,3,6,88874,22,21,1,NA,NA,NA,"FY922050",NA,1976,2,7,NA,1,1,5,,,NA,NA,,4,5,,,2,1,1,,2,1,88904,44,47,1,NA,NA,NA,"FY940087",NA,1925,2,7,NA,2,NA,NA,NA,NA,193,5,207,1,5,309,NA,2,1,1,240,1,1,88904,44,47,1,NA,NA,NA,"FY940087",NA,1925,2,7,NA,2,NA,NA,NA,NA,193,5,207,1,5,309,NA,2,1,1,NA,NA,NA,NA,NA,NA,NA,NA,NA,NA,NA,NA,NA,NA,NA,NA,NA,NA,NA,NA,NA,NA,NA,NA,NA
"168",316,221650,82,1,NA,NA,,,,26,,27,,NA,NA,NA,,NA,1,"FY972819",NA,53,NA,NA,1,NA,NA,2,NA,NA,NA,29,45,33,NA,NA,NA,27,42,NA,NA,NA,NA,2,3,1,NA,NA,NA,NA,NA,NA,NA,NA,NA,7,7,1,6,1,7,NA,5,1,NA,NA,NA,NA,NA,1,NA,1,1,NA,1,NA,NA,1,NA,NA,NA,1,NA,NA,NA,NA,NA,NA,NA,NA,NA,NA,NA,3,2,0,5,3,4,NA,NA,NA,10,40,30,60,60,85,80,1,2,3,NA,NA,4,6,1,10,6,2,1,NA,NA,NA,NA,NA,NA,NA,NA,19,10,21,1,1,1,3,NA,NA,NA,NA,2,10,0,1,3,2,NA,5,2,2,6,7,3,2,3,3,3,7,88869,18,16,1,NA,NA,NA,"FY972819",NA,1957,2,7,NA,2,NA,NA,NA,NA,,5,,4,2,,,2,1,1,,3,1,88929,54,52,1,NA,NA,NA,"FY976474",NA,1961,1,7,NA,2,NA,NA,NA,NA,130,3,154,1,5,151,240,1,2,2,115,1,2,88929,54,52,1,NA,NA,NA,"FY976474",NA,1961,1,7,NA,2,NA,NA,NA,NA,130,3,154,1,5,151,240,1,2,2,NA,NA,NA,NA,NA,NA,NA,NA,NA,NA,NA,NA,NA,NA,NA,NA,NA,NA,NA,NA,NA,NA,NA,NA,NA
"169",317,221675,83,1,NA,NA,,,,26,,54,,NA,NA,NA,,NA,1,"FY977282",NA,54,NA,NA,1,NA,NA,2,NA,NA,NA,39,21,68,NA,NA,NA,39,59,NA,NA,NA,NA,1,NA,NA,10,0,0,0,NA,0,10,0,0,1,7,3,6,2,5,NA,8,NA,1,NA,NA,NA,NA,NA,NA,1,1,NA,NA,NA,NA,1,NA,1,NA,1,NA,1,NA,NA,NA,NA,NA,NA,NA,NA,NA,7,1,7,1,1,NA,NA,2,NA,NA,NA,NA,NA,NA,NA,NA,2,NA,NA,23,28,4,6,2,8,1,NA,NA,0,0,10,0,0,0,0,0,7,4,13,2,NA,NA,NA,3,1,3,3,10,10,9,10,4,1,NA,4,2,1,6,2,2,2,4,4,4,4,89095,227,229,1,NA,NA,NA,"FY977282",NA,1948,2,7,NA,2,NA,NA,NA,NA,,31,,1,7,,,1,2,2,,3,2,88840,29,38,1,NA,NA,NA,"FY916874",NA,1974,2,7,NA,2,NA,NA,NA,NA,226,5,247,1,3,341,12,1,1,2,103,2,1,88840,29,38,1,NA,NA,NA,"FY916874",NA,1974,2,7,NA,2,NA,NA,NA,NA,226,5,247,1,3,341,12,1,1,2,NA,NA,NA,NA,NA,NA,NA,NA,NA,NA,NA,NA,NA,NA,NA,NA,NA,NA,NA,NA,NA,NA,NA,NA,NA
"170",318,221696,84,1,NA,NA,,,,17,NA,NA,NA,NA,NA,NA,,NA,1,"FY937702",NA,43,NA,NA,2,11,3,2,NA,NA,NA,NA,NA,NA,NA,NA,NA,NA,NA,NA,2,NA,3,2,3,1,NA,NA,NA,NA,NA,NA,NA,NA,NA,2,3,1,4,1,6,NA,6,NA,1,NA,NA,NA,NA,NA,NA,NA,NA,NA,NA,NA,NA,NA,NA,NA,NA,NA,NA,1,NA,NA,NA,NA,NA,NA,NA,NA,NA,0,2,1,5,1,NA,NA,2,NA,NA,NA,NA,NA,NA,NA,NA,2,NA,NA,8,7,3,NA,1,7,5,NA,NA,NA,NA,NA,NA,NA,NA,NA,NA,19,NA,NA,1,2,1,3,NA,NA,NA,NA,5,10,6,1,5,2,NA,NA,NA,5,3,6,3,3,2,2,2,5,89738,371,365,1,NA,NA,NA,"FY937702",NA,1966,1,5,NA,2,NA,NA,NA,NA,,15,,1,3,,,2,2,2,,1,1,NA,NA,NA,NA,NA,NA,NA,NA,NA,NA,NA,NA,NA,NA,NA,NA,NA,NA,NA,NA,NA,NA,NA,NA,NA,NA,NA,NA,NA,NA,NA,NA,NA,NA,NA,NA,NA,NA,NA,NA,NA,NA,NA,NA,NA,NA,NA,NA,NA,NA,NA,NA,NA,NA,NA,NA,NA,NA,NA,NA,NA,NA,NA,NA,NA,NA,NA,NA,NA,NA,NA,NA,NA,NA,NA,NA,NA,NA,NA,NA,NA,NA,NA,NA
"171",319,221748,63,1,NA,NA,,,,26,,58,,NA,NA,NA,,NA,1,"FY905833",NA,29,NA,NA,2,9,2,1,36,44,102,NA,NA,NA,NA,49,31,NA,NA,NA,NA,NA,NA,1,NA,NA,6,NA,NA,NA,NA,NA,10,NA,NA,2,7,5,5,2,4,NA,8,NA,1,1,NA,1,7,NA,NA,NA,NA,1,NA,16,NA,NA,NA,NA,1,NA,20,1,NA,NA,NA,NA,1,NA,NA,1,67,0,NA,2,2,1,NA,NA,2,NA,3,50,85,100,100,100,90,2,NA,NA,23,28,1,1,1,1,1,NA,NA,10,0,5,0,1,0,5,2,30,13,38,2,NA,NA,NA,3,1,3,4,7,10,10,3,7,1,NA,NA,NA,6,5,4,5,2,2,2,3,7,88939,61,61,1,NA,NA,NA,"FY905833",NA,1948,1,7,NA,2,NA,NA,NA,NA,,18,,1,7,,,2,2,2,,2,1,89020,127,131,1,NA,NA,NA,"FY904314",NA,1975,1,7,NA,2,NA,NA,NA,NA,NA,4,340,1,5,NA,NA,2,2,2,80,3,1,89020,127,131,1,NA,NA,NA,"FY904314",NA,1975,1,7,NA,2,NA,NA,NA,NA,NA,4,340,1,5,NA,NA,2,2,2,NA,NA,NA,NA,NA,NA,NA,NA,NA,NA,NA,NA,NA,NA,NA,NA,NA,NA,NA,NA,NA,NA,NA,NA,NA
"172",320,221750,64,1,NA,NA,,,,26,,27,,NA,NA,NA,,NA,1,"FY985277",NA,23,NA,NA,2,10,6,2,NA,NA,NA,55,62,47,NA,NA,NA,54,12,NA,NA,NA,NA,2,5,4,NA,NA,NA,NA,NA,NA,NA,NA,NA,2,6,2,6,2,6,NA,6,1,NA,1,1,1,85,NA,NA,NA,1,NA,NA,NA,NA,NA,NA,NA,NA,1,NA,1,NA,NA,NA,NA,NA,NA,1,NA,NA,7,3,1,5,1,NA,NA,1,NA,7,15,85,70,50,50,30,1,2,2,NA,NA,3,NA,2,5,2,1,2,NA,NA,NA,NA,NA,NA,NA,NA,27,5,27,2,NA,NA,NA,3,1,3,4,5,10,0,3,3,4,NA,NA,NA,1,7,2,2,2,4,4,4,4,89198,195,196,1,NA,NA,NA,"FY985277",NA,1965,2,3,NA,2,NA,NA,NA,NA,,12,,1,3,,,1,2,2,,2,1,88964,84,84,1,NA,NA,NA,"FY947949",NA,1976,1,3,NA,1,1,31,98,11,NA,NA,36,1,5,213,25,2,NA,2,250,3,1,88964,84,84,1,NA,NA,NA,"FY947949",NA,1976,1,3,NA,1,1,31,98,11,NA,NA,36,1,5,213,25,2,NA,2,NA,NA,NA,NA,NA,NA,NA,NA,NA,NA,NA,NA,NA,NA,NA,NA,NA,NA,NA,NA,NA,NA,NA,NA,NA
"173",321,221818,65,1,NA,NA,,,,26,,48,,NA,NA,NA,,NA,1,"FY968175",NA,35,NA,NA,2,12,6,1,29,31,53,NA,NA,NA,NA,64,23,NA,NA,NA,NA,NA,NA,1,NA,NA,10,NA,NA,NA,NA,NA,8,NA,NA,3,7,2,3,1,4,NA,6,1,1,NA,NA,1,75,NA,NA,1,1,1,NA,7,NA,NA,NA,NA,NA,NA,NA,1,NA,NA,NA,NA,NA,NA,NA,1,40,7,3,4,6,1,NA,NA,2,NA,11,30,70,70,50,85,30,2,NA,NA,23,28,1,6,1,9,6,NA,NA,0,0,9,2,0,0,10,5,27,10,27,2,NA,NA,NA,3,1,3,3,7,10,10,10,5,2,NA,NA,NA,5,5,4,4,4,3,2,3,5,89439,294,296,1,NA,NA,NA,"FY968175",NA,1958,1,7,NA,2,NA,NA,NA,NA,,14,,1,5,,,2,1,1,,3,1,NA,NA,NA,NA,NA,NA,NA,NA,NA,NA,NA,NA,NA,NA,NA,NA,NA,NA,NA,NA,NA,NA,NA,NA,NA,NA,NA,NA,NA,NA,NA,NA,NA,NA,NA,NA,NA,NA,NA,NA,NA,NA,NA,NA,NA,NA,NA,NA,NA,NA,NA,NA,NA,NA,NA,NA,NA,NA,NA,NA,NA,NA,NA,NA,NA,NA,NA,NA,NA,NA,NA,NA,NA,NA,NA,NA,NA,NA,NA,NA,NA,NA,NA,NA
"174",322,221823,66,1,NA,NA,,,,5,,15,NA,NA,NA,NA,,NA,1,"FY961004",NA,36,NA,NA,1,NA,NA,1,NA,31,NA,NA,NA,NA,NA,9,NA,NA,NA,NA,NA,2,NA,2,3,1,NA,NA,NA,NA,NA,NA,NA,NA,NA,2,6,2,2,1,5,NA,5,NA,1,1,NA,1,21,NA,NA,NA,NA,1,NA,12,NA,NA,NA,NA,NA,1,NA,NA,NA,NA,1,14,NA,NA,NA,1,15,0,5,NA,9,1,NA,NA,1,NA,15,80,80,100,100,100,50,1,3,3,NA,NA,3,NA,3,1,2,3,5,NA,NA,NA,NA,NA,NA,NA,NA,12,5,27,2,NA,NA,NA,4,4,3,3,8,0,0,0,2,4,NA,11,11,3,6,6,5,5,4,6,3,7,89611,384,377,1,NA,NA,NA,"FY961004",NA,1978,1,7,NA,1,1,6,,,NA,NA,,3,4,,,1,2,2,,3,1,89001,109,113,1,NA,NA,NA,"FY999080",NA,1965,1,4,NA,2,NA,NA,NA,NA,203,44,335,2,2,208,18,2,2,1,161,3,1,89001,109,113,1,NA,NA,NA,"FY999080",NA,1965,1,4,NA,2,NA,NA,NA,NA,203,44,335,2,2,208,18,2,2,1,NA,NA,NA,NA,NA,NA,NA,NA,NA,NA,NA,NA,NA,NA,NA,NA,NA,NA,NA,NA,NA,NA,NA,NA,NA
"175",323,221867,67,1,NA,NA,,,,26,,29,,NA,NA,NA,,NA,1,"FY956057",NA,43,NA,NA,2,9,9,2,NA,NA,NA,38,54,49,NA,NA,NA,20,39,NA,NA,NA,NA,2,5,4,NA,NA,NA,NA,NA,NA,NA,NA,NA,3,5,1,5,3,7,NA,4,1,1,1,NA,1,28,NA,1,1,NA,1,NA,6,1,1,1,1,1,NA,21,NA,NA,NA,NA,NA,NA,NA,NA,1,49,7,3,4,7,2,NA,NA,NA,2,13,60,40,40,70,85,40,1,1,2,NA,NA,1,6,2,7,2,2,4,NA,NA,NA,NA,NA,NA,NA,NA,22,4,15,2,NA,NA,NA,4,1,3,3,7,10,5,7,7,4,NA,NA,NA,4,5,5,5,3,NA,NA,NA,NA,NA,NA,NA,NA,NA,NA,NA,NA,NA,NA,NA,NA,NA,NA,NA,NA,NA,NA,NA,NA,NA,NA,NA,NA,NA,NA,NA,NA,NA,NA,NA,NA,NA,NA,NA,NA,NA,NA,NA,NA,NA,NA,NA,NA,NA,NA,NA,NA,NA,NA,NA,NA,NA,NA,NA,NA,NA,NA,NA,NA,NA,NA,NA,NA,NA,NA,NA,NA,NA,NA,NA,NA,NA,NA,NA,NA,NA,NA,NA,NA,NA,NA,NA,NA,NA,NA,NA,NA,NA,NA,NA,NA,NA,NA,NA,NA,NA,NA,NA,NA,NA,NA,NA,NA,NA,NA,NA,NA,NA,NA,NA,NA,NA,NA,NA
"176",324,221935,69,1,NA,NA,,,,25,,34,NA,NA,NA,NA,,NA,1,"FY989745",NA,55,NA,NA,2,1,10,2,NA,NA,NA,NA,NA,47,NA,NA,NA,NA,64,NA,NA,NA,1,1,NA,NA,0,0,0,0,NA,0,NA,NA,NA,3,6,2,5,2,6,NA,4,NA,NA,NA,NA,1,156,NA,NA,NA,NA,1,NA,2,NA,NA,NA,1,NA,NA,NA,NA,NA,NA,1,6,NA,NA,NA,NA,NA,2,3,5,7,1,NA,NA,1,NA,13,70,70,70,60,80,50,1,1,1,NA,NA,3,NA,1,6,2,NA,NA,6,5,5,7,0,5,7,5,12,5,35,2,NA,NA,NA,4,1,3,3,6,0,0,2,5,4,NA,NA,NA,5,3,7,5,5,3,3,5,5,89950,467,454,1,NA,NA,NA,"FY989745",NA,1947,1,7,NA,2,NA,NA,NA,NA,,5,,1,3,,,2,2,1,,2,1,89089,222,223,1,NA,NA,NA,"FY903494",NA,1946,2,1,32,2,NA,NA,NA,NA,111,5,NA,1,3,70,203,2,2,1,44,3,1,89089,222,223,1,NA,NA,NA,"FY903494",NA,1946,2,1,32,2,NA,NA,NA,NA,111,5,NA,1,3,70,203,2,2,1,NA,NA,NA,NA,NA,NA,NA,NA,NA,NA,NA,NA,NA,NA,NA,NA,NA,NA,NA,NA,NA,NA,NA,NA,NA
"177",325,221937,68,1,NA,NA,,,,26,,28,NA,NA,NA,NA,,NA,1,"FY949764",NA,19,NA,NA,2,12,2,1,84,31,106,NA,NA,NA,NA,64,67,NA,NA,NA,NA,NA,NA,1,NA,NA,0,0,0,0,NA,NA,10,NA,NA,1,7,2,7,1,5,NA,3,NA,1,1,NA,1,NA,1,NA,1,1,NA,1,NA,NA,1,NA,1,NA,1,NA,1,NA,NA,NA,NA,NA,NA,1,1,18,0,4,7,4,3,5,NA,NA,NA,3,60,85,100,100,100,100,2,NA,NA,7,28,3,NA,1,5,1,NA,NA,0,0,5,0,NA,0,10,NA,17,5,5,2,NA,NA,NA,3,1,3,3,7,10,10,10,10,3,1,NA,NA,6,2,4,4,4,3,3,4,6,89675,339,345,1,NA,NA,NA,"FY949764",NA,1940,1,7,NA,2,NA,NA,NA,NA,,40,,2,7,,,2,1,1,,2,1,89120,240,242,1,NA,NA,NA,"FY999356",NA,1951,1,7,NA,2,NA,NA,NA,NA,28,22,121,1,7,383,342,2,2,2,139,2,1,89120,240,242,1,NA,NA,NA,"FY999356",NA,1951,1,7,NA,2,NA,NA,NA,NA,28,22,121,1,7,383,342,2,2,2,NA,NA,NA,NA,NA,NA,NA,NA,NA,NA,NA,NA,NA,NA,NA,NA,NA,NA,NA,NA,NA,NA,NA,NA,NA
"178",326,221983,70,1,NA,NA,,,,26,,67,,NA,NA,NA,,NA,1,"FY998510",NA,29,NA,NA,1,NA,NA,2,NA,NA,NA,47,70,NA,NA,NA,NA,44,NA,NA,2,NA,NA,1,NA,NA,0,0,0,0,NA,0,0,0,0,1,7,2,6,1,5,NA,8,NA,NA,NA,NA,1,114,NA,NA,NA,NA,NA,NA,NA,NA,NA,NA,NA,NA,NA,NA,1,NA,NA,1,5,NA,NA,1,NA,NA,0,5,5,1,1,NA,NA,2,NA,3,30,85,100,100,85,70,2,NA,NA,31,21,3,NA,1,5,2,NA,NA,0,0,5,0,5,0,0,5,2,13,10,1,3,1,3,NA,NA,NA,NA,2,10,7,10,6,1,NA,11,2,4,2,1,1,1,1,1,3,7,92860,552,531,1,NA,NA,NA,"FY998510",NA,1958,1,7,NA,2,NA,NA,NA,NA,,31,,1,7,,,2,2,1,,2,1,89082,216,218,1,NA,NA,NA,"FY919744",NA,1957,2,7,NA,2,NA,NA,NA,NA,62,23,47,1,3,90,297,1,2,1,270,3,1,89082,216,218,1,NA,NA,NA,"FY919744",NA,1957,2,7,NA,2,NA,NA,NA,NA,62,23,47,1,3,90,297,1,2,1,NA,NA,NA,NA,NA,NA,NA,NA,NA,NA,NA,NA,NA,NA,NA,NA,NA,NA,NA,NA,NA,NA,NA,NA,NA
"179",327,222049,71,1,NA,NA,,,,26,,63,,NA,NA,NA,,NA,1,"FY936461",NA,20,NA,NA,2,11,12,2,NA,NA,NA,47,NA,NA,NA,NA,NA,10,63,NA,NA,NA,NA,2,5,1,NA,NA,NA,NA,NA,NA,NA,NA,NA,4,7,1,2,2,5,NA,3,NA,NA,NA,NA,1,92,NA,NA,NA,NA,NA,1,NA,NA,NA,NA,NA,1,NA,8,NA,NA,NA,1,31,NA,NA,NA,1,24,7,4,2,2,2,NA,NA,NA,1,15,40,60,80,80,70,0,1,4,3,NA,NA,1,3,1,3,2,2,3,NA,NA,NA,NA,NA,NA,NA,NA,3,27,18,1,3,1,3,NA,NA,NA,NA,3,10,2,2,2,2,NA,NA,NA,2,3,3,3,2,2,2,4,7,89733,367,361,1,NA,NA,NA,"FY936461",NA,1942,2,7,NA,2,NA,NA,NA,NA,,45,,2,5,,,2,2,1,,3,1,NA,NA,NA,NA,NA,NA,NA,NA,NA,NA,NA,NA,NA,NA,NA,NA,NA,NA,NA,NA,NA,NA,NA,NA,NA,NA,NA,NA,NA,NA,NA,NA,NA,NA,NA,NA,NA,NA,NA,NA,NA,NA,NA,NA,NA,NA,NA,NA,NA,NA,NA,NA,NA,NA,NA,NA,NA,NA,NA,NA,NA,NA,NA,NA,NA,NA,NA,NA,NA,NA,NA,NA,NA,NA,NA,NA,NA,NA,NA,NA,NA,NA,NA,NA
"180",328,222068,72,1,NA,NA,,,,26,,27,,NA,NA,NA,,NA,1,"FY913551",NA,34,NA,NA,2,12,3,2,NA,NA,NA,33,41,NA,NA,NA,NA,NA,NA,NA,2,NA,3,2,4,4,NA,NA,NA,NA,NA,NA,NA,NA,NA,2,7,2,6,2,6,NA,3,NA,NA,NA,NA,1,120,1,NA,NA,1,NA,NA,NA,NA,1,NA,NA,NA,NA,NA,NA,NA,NA,NA,NA,NA,NA,NA,NA,NA,7,1,2,3,1,NA,NA,2,NA,16,30,85,85,85,85,40,2,NA,NA,16,6,1,3,2,5,2,3,4,NA,NA,NA,NA,NA,NA,NA,NA,22,5,10,1,3,3,3,NA,NA,NA,NA,6,10,10,10,10,2,NA,NA,NA,3,6,6,3,3,4,3,3,5,89244,259,258,1,NA,NA,NA,"FY913551",NA,1948,1,7,NA,2,NA,NA,NA,NA,,31,,1,5,,,1,2,1,,3,1,89032,136,139,1,NA,NA,NA,"FY952591",NA,1962,1,7,NA,1,1,5,45,61,NA,NA,417,3,1,34,320,2,2,1,184,3,1,89032,136,139,1,NA,NA,NA,"FY952591",NA,1962,1,7,NA,1,1,5,45,61,NA,NA,417,3,1,34,320,2,2,1,NA,NA,NA,NA,NA,NA,NA,NA,NA,NA,NA,NA,NA,NA,NA,NA,NA,NA,NA,NA,NA,NA,NA,NA,NA
"181",329,222076,73,1,NA,NA,,,,26,,24,,NA,NA,NA,,NA,1,"FY936590",NA,156,NA,NA,2,11,3,1,8,31,49,NA,NA,NA,NA,4,44,NA,NA,NA,NA,NA,NA,1,NA,NA,10,NA,NA,NA,NA,NA,5,NA,5,2,6,2,6,2,5,NA,6,NA,NA,NA,NA,1,80,NA,NA,1,NA,NA,NA,NA,NA,NA,NA,1,NA,1,NA,1,NA,NA,NA,NA,1,NA,NA,NA,NA,7,3,5,2,1,NA,NA,1,NA,11,60,60,60,60,60,60,2,NA,NA,32,18,4,8,2,10,3,NA,NA,0,0,0,0,0,0,0,0,7,5,10,1,3,1,3,NA,NA,NA,NA,5,10,7,5,9,4,NA,NA,NA,5,6,7,4,4,3,2,4,5,89315,303,304,1,NA,NA,NA,"FY936590",NA,1941,2,7,NA,2,NA,NA,NA,NA,,14,,2,5,,,2,1,1,,3,1,89081,214,217,1,NA,NA,NA,"FY948016",NA,1982,2,7,NA,2,NA,NA,NA,NA,49,14,447,3,5,94,114,1,2,1,115,2,1,89081,214,217,1,NA,NA,NA,"FY948016",NA,1982,2,7,NA,2,NA,NA,NA,NA,49,14,447,3,5,94,114,1,2,1,NA,NA,NA,NA,NA,NA,NA,NA,NA,NA,NA,NA,NA,NA,NA,NA,NA,NA,NA,NA,NA,NA,NA,NA,NA
"182",348,222606,90,1,NA,NA,,,,26,,44,,NA,NA,NA,,NA,1,"FY969316",NA,31,NA,NA,1,NA,NA,1,27,31,59,NA,NA,NA,NA,55,27,NA,NA,NA,NA,NA,NA,1,NA,NA,10,NA,NA,NA,NA,NA,0,NA,0,2,7,1,7,4,7,NA,3,NA,NA,NA,NA,1,78,1,NA,1,1,NA,1,NA,NA,1,NA,NA,NA,1,NA,1,NA,NA,NA,NA,NA,NA,1,NA,NA,5,4,2,8,1,NA,NA,2,NA,11,40,85,60,60,70,15,2,NA,NA,5,7,1,2,2,7,1,NA,NA,0,0,0,5,0,0,8,0,22,13,15,1,2,1,3,NA,NA,NA,NA,7,10,10,5,8,2,NA,4,5,2,3,5,5,4,2,2,4,5,89096,227,229,1,NA,NA,NA,"FY969316",NA,1952,1,7,NA,2,NA,NA,NA,NA,,22,,1,5,,,2,2,1,,2,1,88941,69,71,1,NA,NA,NA,"FY908055",NA,1975,2,7,NA,1,1,3,53,38,NA,NA,423,4,4,124,62,2,1,1,37,3,1,88941,69,71,1,NA,NA,NA,"FY908055",NA,1975,2,7,NA,1,1,3,53,38,NA,NA,423,4,4,124,62,2,1,1,NA,NA,NA,NA,NA,NA,NA,NA,NA,NA,NA,NA,NA,NA,NA,NA,NA,NA,NA,NA,NA,NA,NA,NA,NA
"183",349,222640,91,1,NA,NA,,,,12,NA,NA,NA,NA,NA,NA,,NA,1,"FY988226",NA,3216,NA,NA,1,NA,NA,1,51,33,81,NA,NA,NA,NA,58,21,NA,NA,NA,NA,NA,NA,2,5,4,NA,NA,NA,NA,NA,NA,NA,NA,NA,2,7,3,5,1,5,NA,8,NA,1,NA,NA,NA,NA,NA,NA,NA,NA,NA,NA,NA,NA,NA,NA,NA,NA,NA,NA,NA,NA,NA,NA,NA,1,NA,1,1,52,0,2,2,5,1,NA,NA,NA,NA,17,20,80,90,90,90,90,2,NA,NA,8,28,2,NA,1,NA,1,5,5,NA,NA,NA,NA,NA,NA,NA,NA,26,26,9,2,NA,NA,NA,3,1,3,3,7,9,2,5,5,1,NA,12,2,5,3,4,4,4,3,3,3,5,89052,153,198,1,NA,NA,NA,"FY988226",NA,1969,1,7,NA,1,1,9,,,NA,NA,,1,7,,,2,1,1,,3,1,88967,86,87,1,NA,NA,NA,"FY993202",NA,1966,1,7,NA,2,NA,NA,NA,NA,24,5,318,1,4,167,NA,2,2,2,149,1,1,88967,86,87,1,NA,NA,NA,"FY993202",NA,1966,1,7,NA,2,NA,NA,NA,NA,24,5,318,1,4,167,NA,2,2,2,NA,NA,NA,NA,NA,NA,NA,NA,NA,NA,NA,NA,NA,NA,NA,NA,NA,NA,NA,NA,NA,NA,NA,NA,NA
"184",350,222703,92,1,NA,NA,,,,26,,27,NA,NA,NA,NA,,NA,1,"FY953843",NA,31,NA,NA,1,NA,NA,2,NA,NA,NA,2,14,20,NA,NA,NA,4,22,NA,NA,NA,NA,1,NA,NA,NA,NA,5,NA,NA,NA,NA,5,NA,1,7,4,5,2,4,NA,6,NA,1,NA,NA,1,68,NA,NA,NA,NA,NA,NA,NA,NA,NA,NA,NA,NA,NA,NA,NA,NA,NA,NA,NA,1,NA,NA,NA,NA,0,5,5,5,2,NA,NA,NA,1,13,0,10,70,70,100,90,2,NA,NA,23,24,4,9,1,10,6,NA,NA,0,0,3,0,10,0,8,0,24,27,21,1,1,1,3,NA,NA,NA,NA,10,0,0,10,6,3,5,9,2,3,5,6,3,2,5,3,1,7,92858,551,530,1,NA,NA,NA,"FY953843",NA,1961,1,1,,1,1,24,,,NA,NA,,3,5,,,2,2,1,,1,1,89008,115,118,1,NA,NA,NA,"FY903514",NA,1921,2,7,NA,2,NA,NA,NA,NA,73,5,83,1,5,308,NA,2,1,1,101,1,1,89008,115,118,1,NA,NA,NA,"FY903514",NA,1921,2,7,NA,2,NA,NA,NA,NA,73,5,83,1,5,308,NA,2,1,1,NA,NA,NA,NA,NA,NA,NA,NA,NA,NA,NA,NA,NA,NA,NA,NA,NA,NA,NA,NA,NA,NA,NA,NA,NA
"185",351,222714,93,1,NA,NA,,,,26,,48,,NA,NA,NA,,NA,1,"FY962754",NA,9,NA,NA,2,10,8,1,54,31,23,NA,NA,NA,NA,9,57,NA,NA,NA,NA,NA,NA,1,NA,NA,8,NA,NA,NA,NA,NA,10,NA,NA,5,7,2,6,2,6,NA,4,NA,1,NA,NA,NA,NA,NA,NA,NA,NA,NA,NA,NA,NA,NA,NA,NA,NA,1,NA,1,NA,NA,NA,NA,NA,NA,1,NA,NA,2,4,6,6,2,NA,NA,NA,1,16,30,65,85,85,85,45,1,1,3,NA,NA,1,2,2,8,6,NA,NA,0,2,8,3,1,0,7,5,31,27,29,2,NA,NA,NA,3,1,3,3,8,10,10,5,8,2,NA,NA,NA,3,2,7,5,2,4,2,4,6,88914,46,45,1,NA,NA,NA,"FY962754",NA,1968,2,7,NA,2,NA,NA,NA,NA,,5,,2,3,,,2,2,2,,2,1,88928,55,53,1,NA,NA,NA,"FY940575",NA,1955,2,7,NA,2,NA,NA,NA,NA,193,5,260,1,5,309,NA,2,2,2,139,3,1,88928,55,53,1,NA,NA,NA,"FY940575",NA,1955,2,7,NA,2,NA,NA,NA,NA,193,5,260,1,5,309,NA,2,2,2,NA,NA,NA,NA,NA,NA,NA,NA,NA,NA,NA,NA,NA,NA,NA,NA,NA,NA,NA,NA,NA,NA,NA,NA,NA
"186",352,222763,94,1,NA,NA,,,,26,,54,,NA,NA,NA,,NA,1,"FY994721",NA,25,NA,NA,1,NA,NA,1,64,4,57,NA,NA,NA,NA,NA,NA,NA,NA,1,NA,1,NA,1,NA,NA,0,0,0,0,NA,0,0,0,0,1,6,2,6,2,5,NA,3,NA,NA,NA,NA,1,6,NA,NA,NA,1,NA,NA,NA,NA,NA,NA,NA,NA,1,NA,NA,NA,NA,NA,NA,NA,NA,1,NA,NA,2,2,1,3,1,NA,NA,2,NA,18,20,80,80,95,95,95,1,1,3,NA,NA,3,NA,4,NA,2,NA,NA,0,0,5,0,4,2,6,4,16,4,5,1,3,1,3,NA,NA,NA,NA,3,10,10,9,10,1,NA,4,2,4,4,2,3,5,2,2,2,7,92842,535,514,1,NA,NA,NA,"FY994721",NA,1956,NA,7,NA,2,NA,NA,NA,NA,,31,,1,7,,,2,2,2,,3,1,89068,208,210,1,NA,NA,NA,"FY930422",NA,1961,2,7,NA,1,1,6,6,60,NA,NA,406,NA,3,145,79,2,1,2,204,2,2,89068,208,210,1,NA,NA,NA,"FY930422",NA,1961,2,7,NA,1,1,6,6,60,NA,NA,406,NA,3,145,79,2,1,2,NA,NA,NA,NA,NA,NA,NA,NA,NA,NA,NA,NA,NA,NA,NA,NA,NA,NA,NA,NA,NA,NA,NA,NA,NA
"187",353,222767,95,1,NA,NA,,,,26,,27,NA,NA,NA,NA,,NA,1,"FY936297",NA,40,NA,NA,1,NA,NA,1,54,12,45,NA,NA,NA,NA,23,61,NA,NA,NA,NA,NA,NA,2,5,4,NA,NA,NA,NA,NA,NA,NA,NA,NA,6,6,1,2,2,6,NA,5,NA,NA,NA,NA,1,87,1,1,NA,NA,NA,1,NA,NA,NA,NA,NA,NA,NA,NA,NA,NA,NA,NA,NA,NA,NA,1,NA,NA,6,4,0,8,3,14,NA,NA,NA,8,60,30,50,45,60,10,1,1,2,NA,NA,4,3,2,10,4,3,4,NA,NA,NA,NA,NA,NA,NA,NA,12,5,29,1,1,1,3,NA,NA,NA,NA,9,10,6,10,6,4,NA,2,4,3,6,3,3,2,3,3,3,5,89179,185,186,1,NA,NA,NA,"FY936297",NA,1947,2,7,NA,2,NA,NA,NA,NA,,34,,4,4,,NA,2,1,2,,1,2,88986,100,103,1,NA,NA,NA,"FY995128",NA,1967,1,7,NA,2,NA,NA,NA,NA,49,14,107,1,3,NA,NA,2,2,1,126,2,1,88986,100,103,1,NA,NA,NA,"FY995128",NA,1967,1,7,NA,2,NA,NA,NA,NA,49,14,107,1,3,NA,NA,2,2,1,NA,NA,NA,NA,NA,NA,NA,NA,NA,NA,NA,NA,NA,NA,NA,NA,NA,NA,NA,NA,NA,NA,NA,NA,NA
"188",354,222813,97,1,NA,NA,,,,20,,1,NA,NA,NA,NA,,NA,1,"FY998347",NA,52,NA,NA,2,12,5,2,NA,NA,NA,47,NA,NA,NA,NA,NA,NA,NA,NA,2,NA,1,1,NA,NA,0,0,0,0,NA,0,0,0,0,1,7,4,5,1,3,NA,6,NA,NA,NA,NA,1,42,NA,NA,NA,NA,NA,NA,NA,NA,NA,NA,NA,1,NA,1,NA,NA,NA,NA,NA,NA,NA,NA,NA,NA,0,4,0,2,1,NA,NA,1,NA,13,15,85,60,100,100,60,1,4,3,NA,NA,1,1,1,8,2,NA,NA,8,1,9,1,0,9,8,5,16,28,36,1,4,1,3,NA,NA,NA,NA,4,0,0,1,5,2,NA,NA,NA,6,7,6,3,2,6,4,7,1,NA,NA,NA,NA,NA,NA,NA,NA,NA,NA,NA,NA,NA,NA,NA,NA,NA,NA,NA,NA,NA,NA,NA,NA,NA,NA,NA,NA,NA,NA,NA,88988,101,105,1,NA,NA,NA,"FY977383",NA,1960,2,7,NA,2,NA,NA,NA,NA,227,3,216,4,4,194,142,2,2,1,228,3,1,88988,101,105,1,NA,NA,NA,"FY977383",NA,1960,2,7,NA,2,NA,NA,NA,NA,227,3,216,4,4,194,142,2,2,1,NA,NA,NA,NA,NA,NA,NA,NA,NA,NA,NA,NA,NA,NA,NA,NA,NA,NA,NA,NA,NA,NA,NA,NA,NA
"189",355,222834,96,1,NA,NA,,,,7,,22,NA,NA,NA,NA,,NA,1,"FY916511",NA,18,NA,NA,2,8,8,1,NA,30,28,NA,NA,NA,NA,64,NA,NA,NA,NA,NA,2,NA,1,NA,NA,0,0,0,0,NA,0,0,0,0,1,7,1,8,1,7,NA,4,NA,NA,NA,NA,NA,NA,NA,NA,NA,NA,NA,NA,NA,NA,NA,NA,NA,NA,NA,NA,NA,NA,NA,NA,NA,NA,NA,NA,NA,NA,0,NA,0,5,2,NA,NA,NA,3,5,50,50,70,70,60,40,1,1,3,NA,NA,3,NA,4,NA,3,NA,NA,0,5,8,0,5,1,9,0,16,27,18,2,NA,NA,NA,3,1,4,3,6,0,0,0,0,2,NA,NA,NA,3,5,4,6,2,2,6,2,6,92941,573,550,1,NA,NA,NA,"FY916511",NA,1962,2,7,NA,1,1,1,,,NA,NA,,3,3,,,2,2,1,,2,1,89015,123,126,1,NA,NA,NA,"FY914868",NA,1973,1,7,NA,2,NA,NA,NA,NA,165,5,317,4,2,194,33,2,2,1,25,3,1,89015,123,126,1,NA,NA,NA,"FY914868",NA,1973,1,7,NA,2,NA,NA,NA,NA,165,5,317,4,2,194,33,2,2,1,NA,NA,NA,NA,NA,NA,NA,NA,NA,NA,NA,NA,NA,NA,NA,NA,NA,NA,NA,NA,NA,NA,NA,NA,NA
"190",388,224489,126,1,NA,NA,,,,26,,27,,NA,NA,NA,,NA,1,"FY942572",NA,48,NA,NA,2,4,NA,2,NA,NA,NA,48,NA,2,NA,NA,NA,NA,NA,NA,1,NA,NA,2,5,4,NA,NA,NA,NA,NA,NA,NA,NA,NA,1,7,1,7,1,6,NA,3,NA,NA,NA,NA,1,66,NA,NA,1,NA,NA,NA,NA,NA,1,NA,NA,NA,NA,NA,NA,NA,NA,NA,NA,NA,NA,1,NA,NA,4,4,NA,10,1,NA,NA,2,NA,16,0,85,70,85,85,40,1,1,3,NA,NA,4,9,1,10,4,3,4,NA,NA,NA,NA,NA,NA,NA,NA,16,10,27,1,3,1,3,NA,NA,NA,NA,10,10,10,10,2,1,NA,NA,NA,2,6,1,2,1,1,4,4,4,88893,33,30,1,NA,NA,NA,"FY942572",NA,1924,1,7,NA,2,NA,NA,NA,NA,,29,,1,5,,NA,1,2,1,,1,1,89022,135,140,1,NA,NA,NA,"FY940353",NA,1958,2,7,NA,2,NA,NA,NA,NA,162,5,220,2,7,178,184,2,2,2,193,1,1,89022,135,140,1,NA,NA,NA,"FY940353",NA,1958,2,7,NA,2,NA,NA,NA,NA,162,5,220,2,7,178,184,2,2,2,NA,NA,NA,NA,NA,NA,NA,NA,NA,NA,NA,NA,NA,NA,NA,NA,NA,NA,NA,NA,NA,NA,NA,NA,NA
"191",387,224424,122,1,NA,NA,,,,18,,4,NA,NA,NA,NA,,NA,1,"FY992110",NA,66,NA,NA,2,1,3,1,NA,16,65,NA,NA,NA,NA,35,NA,NA,NA,NA,NA,2,NA,2,3,1,NA,NA,NA,NA,NA,NA,NA,NA,NA,2,5,3,4,3,4,NA,6,NA,1,NA,NA,1,134,NA,NA,NA,NA,NA,NA,NA,NA,NA,NA,NA,NA,1,NA,NA,NA,NA,NA,NA,NA,NA,NA,NA,NA,2,NA,4,6,1,NA,NA,2,NA,10,50,60,60,60,50,50,1,3,3,NA,NA,1,2,1,2,2,1,2,NA,NA,NA,NA,NA,NA,NA,NA,12,7,3,2,NA,NA,NA,3,1,3,2,9,0,7,9,10,1,NA,NA,NA,2,4,3,2,2,3,5,2,7,88942,68,78,1,NA,NA,NA,"FY992110",NA,1974,2,5,NA,1,1,2,,,NA,NA,NA,1,3,,,2,1,1,,2,1,88890,37,34,1,NA,NA,NA,"FY932972",NA,1953,1,7,NA,2,NA,NA,NA,NA,111,5,261,1,5,61,NA,1,2,2,195,2,1,88890,37,34,1,NA,NA,NA,"FY932972",NA,1953,1,7,NA,2,NA,NA,NA,NA,111,5,261,1,5,61,NA,1,2,2,NA,NA,NA,NA,NA,NA,NA,NA,NA,NA,NA,NA,NA,NA,NA,NA,NA,NA,NA,NA,NA,NA,NA,NA,NA
"192",386,224423,121,1,NA,NA,,NA,NA,NA,NA,NA,NA,NA,NA,NA,,NA,1,"FY914694",NA,36,NA,NA,2,8,2,2,NA,NA,NA,47,24,40,NA,NA,NA,10,53,NA,NA,NA,NA,2,3,1,NA,NA,NA,NA,NA,NA,NA,NA,NA,5,5,2,4,2,4,NA,6,1,1,NA,NA,NA,NA,NA,NA,NA,NA,NA,NA,NA,NA,NA,NA,NA,NA,NA,NA,NA,NA,NA,NA,NA,NA,NA,NA,NA,NA,1,3,1,4,1,NA,NA,1,NA,10,40,60,70,85,85,40,1,2,1,NA,NA,4,4,1,4,2,1,2,NA,NA,NA,NA,NA,NA,NA,NA,13,11,17,2,NA,NA,NA,3,3,3,3,3,0,0,0,5,4,NA,NA,NA,3,6,3,4,4,2,2,3,6,89639,330,331,1,NA,NA,NA,"FY914694",NA,1943,2,5,NA,1,1,2,,,NA,NA,,1,5,,,2,1,1,,3,1,88949,73,72,1,NA,NA,NA,"FY979092",NA,1951,1,7,NA,2,NA,NA,NA,NA,53,33,262,2,5,372,376,2,2,2,72,3,1,88949,73,72,1,NA,NA,NA,"FY979092",NA,1951,1,7,NA,2,NA,NA,NA,NA,53,33,262,2,5,372,376,2,2,2,NA,NA,NA,NA,NA,NA,NA,NA,NA,NA,NA,NA,NA,NA,NA,NA,NA,NA,NA,NA,NA,NA,NA,NA,NA
"193",356,223019,98,1,NA,NA,,,,26,NA,NA,NA,NA,NA,NA,,NA,1,"FY959430",NA,17,NA,NA,1,NA,NA,2,NA,NA,NA,47,55,60,NA,NA,NA,NA,NA,NA,3,NA,1,1,NA,NA,NA,NA,5,NA,NA,NA,NA,5,NA,2,7,3,2,1,7,NA,5,NA,NA,NA,1,1,96,1,NA,1,1,NA,1,NA,NA,NA,NA,NA,NA,NA,NA,1,NA,NA,NA,NA,NA,NA,NA,NA,NA,6,3,4,7,4,NA,1,NA,NA,10,70,40,50,50,100,20,2,NA,NA,37,21,4,8,1,9,3,NA,NA,0,0,7,0,0,0,0,5,16,30,6,1,1,4,4,NA,NA,NA,NA,9,10,5,0,7,4,NA,8,7,3,5,3,3,5,2,3,4,5,89018,125,129,1,NA,NA,NA,"FY959430",NA,1948,2,7,NA,2,NA,NA,NA,NA,,36,,4,4,,,2,2,2,,2,2,88914,46,45,1,NA,NA,NA,"FY962754",NA,1968,2,7,NA,2,NA,NA,NA,NA,193,5,95,2,3,287,421,2,2,2,228,2,1,88914,46,45,1,NA,NA,NA,"FY962754",NA,1968,2,7,NA,2,NA,NA,NA,NA,193,5,95,2,3,287,421,2,2,2,NA,NA,NA,NA,NA,NA,NA,NA,NA,NA,NA,NA,NA,NA,NA,NA,NA,NA,NA,NA,NA,NA,NA,NA,NA
"194",358,223037,99,1,NA,NA,,,,26,,27,NA,NA,NA,NA,,NA,1,"FY977340",NA,56,NA,NA,1,NA,NA,1,42,42,31,NA,NA,NA,NA,16,49,NA,NA,NA,NA,NA,NA,2,3,4,NA,NA,NA,NA,NA,NA,NA,NA,NA,1,7,2,7,1,5,NA,8,NA,1,NA,NA,1,119,NA,NA,NA,NA,NA,NA,NA,NA,NA,NA,NA,NA,NA,NA,1,NA,NA,NA,NA,NA,NA,NA,1,51,0,5,2,2,1,NA,NA,2,NA,16,15,70,85,85,85,70,1,2,3,NA,NA,3,NA,2,10,1,3,4,NA,NA,NA,NA,NA,NA,NA,NA,27,4,29,1,2,1,3,NA,NA,NA,NA,6,10,10,10,10,1,NA,4,2,4,4,5,2,2,1,1,1,7,89677,346,345,1,NA,NA,NA,"FY977340",NA,1970,1,7,NA,2,NA,NA,NA,NA,,26,,1,7,,,2,1,1,,3,2,89103,230,233,1,NA,NA,NA,"FY925412",NA,1978,2,7,NA,2,NA,NA,NA,NA,5,23,56,1,5,369,179,2,1,2,204,2,1,89103,230,233,1,NA,NA,NA,"FY925412",NA,1978,2,7,NA,2,NA,NA,NA,NA,5,23,56,1,5,369,179,2,1,2,NA,NA,NA,NA,NA,NA,NA,NA,NA,NA,NA,NA,NA,NA,NA,NA,NA,NA,NA,NA,NA,NA,NA,NA,NA
"195",359,223096,102,1,NA,NA,,,,26,,30,,NA,NA,NA,,NA,1,"FY935155",NA,91,NA,NA,1,NA,NA,1,54,31,80,NA,NA,NA,NA,9,57,NA,NA,NA,NA,NA,NA,1,NA,NA,10,0,0,0,NA,0,10,0,0,5,6,2,5,3,6,NA,4,1,1,1,NA,NA,NA,NA,NA,NA,NA,NA,NA,NA,NA,NA,NA,NA,NA,1,NA,1,NA,NA,NA,NA,1,1,1,NA,NA,0,1,7,7,2,NA,NA,NA,1,11,20,30,80,60,75,40,2,NA,NA,23,30,4,10,2,7,1,NA,NA,7,0,8,7,5,0,7,3,16,10,21,1,3,4,3,NA,NA,NA,NA,8,10,1,5,7,2,NA,11,8,2,5,5,3,5,3,1,3,5,89890,430,420,1,NA,NA,NA,"FY935155",NA,1986,2,7,NA,2,NA,NA,NA,NA,,24,,2,2,,,2,2,1,,1,1,NA,NA,NA,NA,NA,NA,NA,NA,NA,NA,NA,NA,NA,NA,NA,NA,NA,NA,NA,NA,NA,NA,NA,NA,NA,NA,NA,NA,NA,NA,NA,NA,NA,NA,NA,NA,NA,NA,NA,NA,NA,NA,NA,NA,NA,NA,NA,NA,NA,NA,NA,NA,NA,NA,NA,NA,NA,NA,NA,NA,NA,NA,NA,NA,NA,NA,NA,NA,NA,NA,NA,NA,NA,NA,NA,NA,NA,NA,NA,NA,NA,NA,NA,NA
"196",360,223100,103,1,NA,NA,,,,26,,27,NA,NA,NA,NA,,NA,1,"FY930554",NA,24,NA,NA,1,NA,NA,2,NA,NA,NA,NA,NA,NA,NA,NA,NA,NA,NA,NA,1,NA,1,2,3,4,NA,NA,NA,NA,NA,NA,NA,NA,NA,1,7,3,7,3,5,NA,6,NA,1,NA,NA,1,24,1,NA,1,1,NA,NA,NA,NA,NA,NA,1,NA,NA,NA,1,NA,NA,NA,NA,NA,NA,1,NA,NA,4,3,4,5,1,NA,NA,2,NA,13,40,80,80,70,65,65,1,1,3,NA,NA,4,8,2,9,3,1,2,NA,NA,NA,NA,NA,NA,NA,NA,9,27,5,1,3,1,3,NA,NA,NA,NA,9,10,10,10,9,1,NA,4,2,5,4,3,2,2,1,1,1,7,88916,47,46,1,NA,NA,NA,"FY930554",NA,1942,1,7,NA,2,NA,NA,NA,NA,,31,,1,5,,,2,2,2,,2,1,88957,93,96,1,NA,NA,NA,"FY982103",NA,1952,1,1,39,2,NA,NA,NA,NA,113,22,356,2,5,93,335,2,2,1,98,3,1,88957,93,96,1,NA,NA,NA,"FY982103",NA,1952,1,1,39,2,NA,NA,NA,NA,113,22,356,2,5,93,335,2,2,1,NA,NA,NA,NA,NA,NA,NA,NA,NA,NA,NA,NA,NA,NA,NA,NA,NA,NA,NA,NA,NA,NA,NA,NA,NA
"197",361,223113,104,1,NA,NA,,,,26,,27,,NA,NA,NA,,NA,1,"FY961481",NA,15,NA,NA,2,11,5,2,NA,NA,NA,NA,NA,NA,NA,NA,NA,NA,NA,NA,2,NA,1,1,NA,NA,NA,NA,NA,0,NA,NA,10,NA,NA,2,7,2,7,1,5,NA,6,NA,NA,NA,NA,NA,NA,NA,NA,NA,NA,NA,NA,NA,NA,NA,NA,NA,NA,NA,NA,NA,NA,NA,NA,NA,NA,NA,NA,NA,NA,0,2,1,5,1,NA,NA,2,NA,13,0,70,60,70,50,50,2,NA,NA,23,28,3,NA,1,8,4,NA,NA,5,0,5,0,0,0,10,5,31,14,15,2,NA,NA,NA,3,1,3,3,6,10,0,0,0,3,10,NA,NA,2,3,4,2,3,1,4,2,6,89674,339,345,1,NA,NA,NA,"FY961481",NA,1963,2,1,,2,NA,NA,NA,NA,,5,,1,5,,,2,2,2,,2,2,NA,NA,NA,NA,NA,NA,NA,NA,NA,NA,NA,NA,NA,NA,NA,NA,NA,NA,NA,NA,NA,NA,NA,NA,NA,NA,NA,NA,NA,NA,NA,NA,NA,NA,NA,NA,NA,NA,NA,NA,NA,NA,NA,NA,NA,NA,NA,NA,NA,NA,NA,NA,NA,NA,NA,NA,NA,NA,NA,NA,NA,NA,NA,NA,NA,NA,NA,NA,NA,NA,NA,NA,NA,NA,NA,NA,NA,NA,NA,NA,NA,NA,NA,NA
"198",362,223150,105,1,NA,NA,,,,26,NA,NA,NA,NA,NA,NA,,NA,1,"FY909575",NA,49,NA,NA,1,NA,NA,2,NA,NA,NA,55,NA,47,NA,NA,NA,44,65,NA,NA,NA,NA,2,3,4,NA,NA,NA,NA,NA,NA,NA,NA,NA,1,7,3,5,2,3,NA,3,NA,1,NA,NA,NA,NA,NA,NA,NA,NA,NA,NA,NA,NA,NA,NA,1,1,NA,13,1,NA,NA,NA,NA,NA,NA,NA,1,41,1,4,1,2,1,NA,NA,2,NA,10,20,70,50,50,85,65,2,NA,NA,23,2,1,2,1,4,5,1,4,NA,NA,NA,NA,NA,NA,NA,NA,22,10,24,1,3,1,3,NA,NA,NA,NA,3,9,4,1,0,1,NA,11,2,3,5,3,4,2,6,3,5,4,88894,34,29,1,NA,NA,NA,"FY909575",NA,1969,1,7,NA,2,NA,NA,NA,NA,,22,,1,7,,,2,2,1,,2,1,88973,90,92,1,NA,NA,NA,"FY929864",NA,1958,1,7,NA,2,NA,NA,NA,NA,100,5,285,4,1,169,39,2,2,1,86,1,1,88973,90,92,1,NA,NA,NA,"FY929864",NA,1958,1,7,NA,2,NA,NA,NA,NA,100,5,285,4,1,169,39,2,2,1,NA,NA,NA,NA,NA,NA,NA,NA,NA,NA,NA,NA,NA,NA,NA,NA,NA,NA,NA,NA,NA,NA,NA,NA,NA
"199",374,223445,132,1,NA,NA,,,,26,,30,,NA,NA,NA,,NA,1,"FY918792",NA,108,NA,NA,1,NA,NA,2,NA,NA,NA,6,12,40,NA,NA,NA,44,10,NA,NA,NA,NA,1,NA,NA,0,2,5,5,NA,0,9,0,1,1,6,3,7,4,5,NA,8,NA,1,1,NA,NA,NA,NA,NA,NA,NA,NA,NA,NA,NA,NA,NA,NA,NA,NA,NA,1,NA,NA,NA,NA,NA,NA,NA,1,57,1,4,5,2,1,NA,NA,2,NA,16,15,60,85,85,85,70,1,1,1,NA,NA,3,NA,1,8,2,NA,NA,0,4,6,2,0,0,7,6,27,27,21,1,2,1,3,NA,NA,NA,NA,8,10,8,0,10,1,NA,10,2,3,6,4,5,3,2,2,2,6,91025,508,491,1,NA,NA,NA,"FY918792",NA,1986,1,7,NA,2,NA,NA,NA,NA,,29,,1,7,,,1,2,2,,1,1,88859,14,12,1,NA,NA,NA,"FY988813",NA,1927,2,7,NA,2,NA,NA,NA,NA,34,31,237,1,5,308,NA,2,1,1,105,2,2,88859,14,12,1,NA,NA,NA,"FY988813",NA,1927,2,7,NA,2,NA,NA,NA,NA,34,31,237,1,5,308,NA,2,1,1,NA,NA,NA,NA,NA,NA,NA,NA,NA,NA,NA,NA,NA,NA,NA,NA,NA,NA,NA,NA,NA,NA,NA,NA,NA
"200",375,223581,113,1,NA,NA,,,,26,,27,,NA,NA,NA,,NA,1,"FY962441",NA,37,NA,NA,2,1,2,1,NA,NA,NA,NA,NA,NA,NA,NA,NA,NA,NA,3,NA,1,NA,1,NA,NA,5,5,5,5,NA,5,5,5,5,2,7,7,7,2,5,NA,3,NA,NA,NA,NA,1,134,NA,NA,NA,NA,NA,NA,NA,NA,NA,NA,NA,NA,NA,NA,NA,NA,NA,NA,NA,NA,NA,NA,NA,NA,0,4,0,5,2,NA,NA,NA,1,10,40,60,50,50,50,50,1,2,2,NA,NA,3,NA,1,6,2,NA,NA,5,5,5,5,5,5,5,5,16,10,37,1,2,2,2,NA,NA,NA,NA,0,5,0,0,2,2,NA,NA,NA,2,5,6,4,4,3,4,4,5,89523,328,329,1,NA,NA,NA,"FY962441",NA,1971,1,7,NA,2,NA,NA,NA,NA,,23,,2,5,,,2,1,2,,2,2,NA,NA,NA,NA,NA,NA,NA,NA,NA,NA,NA,NA,NA,NA,NA,NA,NA,NA,NA,NA,NA,NA,NA,NA,NA,NA,NA,NA,NA,NA,NA,NA,NA,NA,NA,NA,NA,NA,NA,NA,NA,NA,NA,NA,NA,NA,NA,NA,NA,NA,NA,NA,NA,NA,NA,NA,NA,NA,NA,NA,NA,NA,NA,NA,NA,NA,NA,NA,NA,NA,NA,NA,NA,NA,NA,NA,NA,NA,NA,NA,NA,NA,NA,NA
"201",376,223657,115,1,NA,NA,,,,7,,22,NA,NA,NA,NA,,NA,1,"FY987137",NA,57,NA,NA,2,9,3,2,NA,NA,NA,3,76,50,NA,NA,NA,7,13,NA,NA,NA,NA,2,3,1,NA,NA,NA,NA,NA,NA,NA,NA,NA,2,7,1,6,2,7,NA,4,NA,1,NA,NA,1,138,NA,NA,1,NA,NA,NA,NA,NA,NA,NA,1,NA,NA,NA,1,NA,NA,NA,NA,NA,NA,1,NA,NA,0,3,5,6,3,1,NA,NA,NA,10,40,30,70,70,70,60,1,1,1,NA,NA,2,2,1,2,6,3,4,NA,NA,NA,NA,NA,NA,NA,NA,22,10,23,2,NA,NA,NA,3,1,3,3,7,5,0,8,5,4,NA,NA,NA,1,6,6,4,4,2,1,3,6,NA,NA,NA,NA,NA,NA,NA,NA,NA,NA,NA,NA,NA,NA,NA,NA,NA,NA,NA,NA,NA,NA,NA,NA,NA,NA,NA,NA,NA,NA,NA,88970,88,89,1,NA,NA,NA,"FY997723",NA,1967,2,7,NA,2,NA,NA,NA,NA,126,24,96,1,5,199,32,2,1,1,139,3,1,88970,88,89,1,NA,NA,NA,"FY997723",NA,1967,2,7,NA,2,NA,NA,NA,NA,126,24,96,1,5,199,32,2,1,1,NA,NA,NA,NA,NA,NA,NA,NA,NA,NA,NA,NA,NA,NA,NA,NA,NA,NA,NA,NA,NA,NA,NA,NA,NA
"202",377,223659,114,1,NA,NA,,,,26,,37,,NA,NA,NA,,NA,1,"FY975569",NA,25,NA,NA,1,NA,NA,2,NA,NA,NA,10,47,65,NA,NA,NA,27,5,NA,NA,NA,NA,2,3,1,NA,NA,NA,NA,NA,NA,NA,NA,NA,1,7,4,7,1,5,NA,3,NA,NA,NA,NA,1,NA,NA,NA,NA,NA,NA,NA,NA,NA,NA,NA,NA,NA,NA,NA,1,NA,NA,NA,NA,NA,NA,1,NA,NA,0,4,7,6,1,NA,NA,2,NA,17,20,75,90,90,90,90,1,1,3,NA,NA,4,5,1,10,6,3,2,NA,NA,NA,NA,NA,NA,NA,NA,22,10,21,2,NA,NA,NA,3,1,3,3,6,10,1,10,10,1,NA,11,2,5,3,5,5,5,2,1,3,7,89071,210,211,1,NA,NA,NA,"FY975569",NA,1948,1,7,NA,2,NA,NA,NA,NA,,26,,1,7,,,1,1,1,,3,2,NA,NA,NA,NA,NA,NA,NA,NA,NA,NA,NA,NA,NA,NA,NA,NA,NA,NA,NA,NA,NA,NA,NA,NA,NA,NA,NA,NA,NA,NA,NA,NA,NA,NA,NA,NA,NA,NA,NA,NA,NA,NA,NA,NA,NA,NA,NA,NA,NA,NA,NA,NA,NA,NA,NA,NA,NA,NA,NA,NA,NA,NA,NA,NA,NA,NA,NA,NA,NA,NA,NA,NA,NA,NA,NA,NA,NA,NA,NA,NA,NA,NA,NA,NA
"203",379,223848,117,1,NA,NA,,,,26,,27,,NA,NA,NA,,NA,1,"FY981874",NA,25,NA,NA,1,NA,NA,1,82,31,35,NA,NA,NA,NA,8,46,NA,NA,NA,NA,NA,NA,1,NA,NA,3,NA,NA,NA,NA,NA,9,NA,NA,2,6,2,7,2,6,NA,4,1,NA,NA,NA,NA,NA,NA,NA,NA,NA,NA,NA,NA,NA,NA,NA,NA,NA,1,NA,1,NA,NA,NA,NA,NA,NA,1,NA,NA,5,2,1,7,3,13,NA,NA,NA,10,50,50,50,50,50,50,2,NA,NA,4,6,3,NA,2,6,1,NA,NA,NA,NA,NA,NA,NA,NA,NA,NA,31,5,13,2,NA,NA,NA,4,1,3,3,1,3,0,0,0,4,NA,5,8,1,6,7,5,4,3,3,3,6,89138,162,162,1,NA,NA,NA,"FY981874",NA,1970,1,7,NA,2,NA,NA,NA,NA,,42,,2,1,,,2,2,1,,3,1,NA,NA,NA,NA,NA,NA,NA,NA,NA,NA,NA,NA,NA,NA,NA,NA,NA,NA,NA,NA,NA,NA,NA,NA,NA,NA,NA,NA,NA,NA,NA,NA,NA,NA,NA,NA,NA,NA,NA,NA,NA,NA,NA,NA,NA,NA,NA,NA,NA,NA,NA,NA,NA,NA,NA,NA,NA,NA,NA,NA,NA,NA,NA,NA,NA,NA,NA,NA,NA,NA,NA,NA,NA,NA,NA,NA,NA,NA,NA,NA,NA,NA,NA,NA
"204",380,223883,118,1,NA,NA,,,,26,,67,,NA,NA,NA,,NA,1,"FY951845",NA,40,NA,NA,1,NA,NA,2,NA,NA,NA,59,17,22,NA,NA,NA,54,22,NA,NA,NA,NA,2,5,4,NA,NA,NA,NA,NA,NA,NA,NA,NA,3,6,2,6,2,6,NA,6,NA,NA,NA,NA,1,36,NA,NA,NA,NA,NA,NA,NA,NA,NA,NA,NA,NA,1,NA,1,NA,NA,NA,NA,NA,NA,NA,NA,NA,0,5,1,7,2,NA,NA,NA,1,16,15,40,70,85,70,40,1,1,3,NA,NA,1,6,2,10,2,1,4,NA,NA,NA,NA,NA,NA,NA,NA,15,30,26,2,NA,NA,NA,3,1,3,3,3,10,0,0,3,2,NA,9,2,4,3,5,2,3,3,2,5,4,88863,15,17,1,NA,NA,NA,"FY951845",NA,1966,2,1,,2,NA,NA,NA,NA,,5,,2,5,,,2,1,1,,2,1,88982,98,101,1,NA,NA,NA,"FY960939",NA,1939,1,7,NA,2,NA,NA,NA,NA,159,5,199,1,7,136,260,2,2,1,138,3,1,88982,98,101,1,NA,NA,NA,"FY960939",NA,1939,1,7,NA,2,NA,NA,NA,NA,159,5,199,1,7,136,260,2,2,1,NA,NA,NA,NA,NA,NA,NA,NA,NA,NA,NA,NA,NA,NA,NA,NA,NA,NA,NA,NA,NA,NA,NA,NA,NA
"205",381,224045,119,1,NA,NA,,,,26,,27,NA,NA,NA,NA,,NA,1,"FY986760",NA,66,NA,NA,2,10,2,1,NA,NA,NA,NA,NA,NA,NA,NA,NA,NA,NA,2,NA,2,NA,2,3,1,NA,NA,NA,NA,NA,NA,NA,NA,NA,6,7,1,6,1,5,NA,3,NA,NA,NA,NA,1,66,1,NA,NA,1,NA,1,NA,NA,NA,NA,NA,NA,NA,NA,NA,NA,NA,NA,NA,NA,NA,1,NA,NA,7,4,3,7,1,NA,NA,2,NA,15,50,80,100,100,100,50,1,3,4,NA,NA,2,4,2,4,2,2,5,NA,NA,NA,NA,NA,NA,NA,NA,22,10,10,1,4,3,3,NA,NA,NA,NA,2,10,2,0,5,2,NA,NA,NA,3,5,7,5,3,2,1,2,6,89191,192,193,1,NA,NA,NA,"FY986760",NA,1950,1,7,NA,2,NA,NA,NA,NA,,5,,1,5,,,1,1,1,,3,2,NA,NA,NA,NA,NA,NA,NA,NA,NA,NA,NA,NA,NA,NA,NA,NA,NA,NA,NA,NA,NA,NA,NA,NA,NA,NA,NA,NA,NA,NA,NA,NA,NA,NA,NA,NA,NA,NA,NA,NA,NA,NA,NA,NA,NA,NA,NA,NA,NA,NA,NA,NA,NA,NA,NA,NA,NA,NA,NA,NA,NA,NA,NA,NA,NA,NA,NA,NA,NA,NA,NA,NA,NA,NA,NA,NA,NA,NA,NA,NA,NA,NA,NA,NA
"206",382,224225,120,1,NA,NA,,,,26,,44,,NA,NA,NA,,NA,1,"FY994406",NA,23,NA,NA,1,NA,NA,1,54,31,6,NA,NA,NA,NA,64,57,NA,NA,NA,NA,NA,NA,1,NA,NA,10,NA,NA,NA,NA,NA,10,NA,NA,6,6,3,3,3,7,NA,5,1,1,NA,NA,1,89,NA,NA,NA,NA,NA,NA,NA,NA,NA,NA,NA,NA,NA,NA,NA,NA,NA,NA,NA,NA,NA,NA,NA,NA,0,5,3,3,4,NA,1,NA,NA,3,60,15,100,100,100,30,1,1,3,NA,NA,3,NA,2,10,1,NA,NA,0,0,0,0,0,0,10,0,7,5,5,2,NA,NA,NA,3,1,3,3,8,10,2,0,0,1,NA,7,4,1,3,6,2,2,3,3,2,6,88843,36,4,1,NA,NA,NA,"FY994406",NA,1955,2,7,NA,2,NA,NA,NA,NA,,45,,4,2,,,2,2,2,,3,1,89047,152,155,1,NA,NA,NA,"FY958154",NA,1942,1,7,NA,2,NA,NA,NA,NA,111,5,409,1,7,309,392,1,2,1,115,2,1,89047,152,155,1,NA,NA,NA,"FY958154",NA,1942,1,7,NA,2,NA,NA,NA,NA,111,5,409,1,7,309,392,1,2,1,NA,NA,NA,NA,NA,NA,NA,NA,NA,NA,NA,NA,NA,NA,NA,NA,NA,NA,NA,NA,NA,NA,NA,NA,NA
"207",404,226473,139,1,NA,NA,,,,26,,27,,NA,NA,NA,,NA,1,"FY952866",NA,11,NA,NA,2,NA,1,2,NA,NA,NA,15,17,17,NA,NA,NA,10,63,NA,NA,NA,NA,2,1,2,NA,NA,NA,NA,NA,NA,NA,NA,NA,5,6,3,2,2,5,NA,5,NA,NA,NA,NA,1,111,NA,NA,NA,1,NA,1,NA,1,NA,NA,NA,NA,1,NA,NA,NA,NA,1,25,NA,NA,NA,NA,NA,5,4,5,5,2,NA,NA,NA,2,16,50,50,70,60,85,40,2,NA,NA,16,20,1,5,2,6,1,5,2,NA,NA,NA,NA,NA,NA,NA,NA,10,5,37,1,3,1,3,NA,NA,NA,NA,6,10,7,10,7,4,NA,NA,NA,3,5,6,4,4,5,3,4,6,92877,560,NA,1,NA,NA,NA,"FY952866",NA,NA,NA,NA,NA,NA,NA,NA,NA,NA,NA,NA,NA,NA,NA,NA,NA,NA,NA,NA,NA,NA,NA,88960,79,80,1,NA,NA,NA,"FY952485",NA,1976,1,7,NA,2,NA,NA,NA,NA,204,14,112,1,5,337,78,2,2,2,71,1,2,88960,79,80,1,NA,NA,NA,"FY952485",NA,1976,1,7,NA,2,NA,NA,NA,NA,204,14,112,1,5,337,78,2,2,2,NA,NA,NA,NA,NA,NA,NA,NA,NA,NA,NA,NA,NA,NA,NA,NA,NA,NA,NA,NA,NA,NA,NA,NA,NA
"208",389,224655,127,1,NA,NA,,,,26,,67,,NA,NA,NA,,NA,1,"FY965446",NA,34,NA,NA,1,NA,NA,2,NA,NA,NA,37,71,20,NA,NA,NA,41,26,NA,NA,NA,NA,2,5,4,NA,NA,NA,NA,NA,NA,NA,NA,NA,3,7,2,6,2,6,NA,6,NA,NA,NA,NA,NA,NA,NA,NA,NA,NA,NA,NA,NA,NA,NA,NA,NA,NA,NA,NA,NA,NA,NA,NA,NA,NA,NA,NA,NA,NA,0,2,0,5,1,NA,NA,2,NA,11,60,70,60,60,60,60,1,1,1,NA,NA,1,6,2,7,1,3,4,NA,NA,NA,NA,NA,NA,NA,NA,22,27,10,2,NA,NA,NA,3,1,3,3,4,10,0,0,2,1,NA,11,2,3,4,6,5,5,4,4,4,4,89224,277,278,1,NA,NA,NA,"FY965446",NA,1969,2,1,,2,NA,NA,NA,NA,,2,,1,5,,,2,1,1,,2,1,89010,117,121,1,NA,NA,NA,"FY964953",NA,1954,1,7,NA,2,NA,NA,NA,NA,163,5,331,1,5,256,NA,2,2,2,266,3,1,89010,117,121,1,NA,NA,NA,"FY964953",NA,1954,1,7,NA,2,NA,NA,NA,NA,163,5,331,1,5,256,NA,2,2,2,NA,NA,NA,NA,NA,NA,NA,NA,NA,NA,NA,NA,NA,NA,NA,NA,NA,NA,NA,NA,NA,NA,NA,NA,NA
"209",390,224692,128,1,NA,NA,,,,26,,67,NA,NA,NA,NA,,NA,1,"FY999589",NA,31,NA,NA,1,NA,NA,2,NA,NA,NA,NA,NA,NA,NA,NA,NA,NA,NA,NA,2,NA,1,1,NA,NA,0,0,0,0,NA,0,0,0,0,1,6,2,4,4,4,NA,6,NA,1,NA,NA,1,116,NA,NA,NA,NA,NA,NA,NA,NA,NA,NA,1,NA,NA,NA,1,NA,NA,NA,NA,NA,NA,NA,NA,NA,0,2,0,2,2,NA,NA,NA,1,10,40,70,60,40,100,40,2,NA,NA,23,33,3,NA,1,3,2,NA,NA,0,0,0,0,0,0,0,0,27,27,5,1,3,1,3,NA,NA,NA,NA,1,10,0,2,1,2,NA,4,3,2,4,6,4,2,6,2,3,6,89502,324,325,1,NA,NA,NA,"FY999589",NA,1958,1,7,NA,2,NA,NA,NA,NA,,5,,2,5,,,2,1,1,,2,1,88913,67,44,1,NA,NA,NA,"FY977599",NA,1957,1,7,NA,2,NA,NA,NA,NA,118,5,215,4,6,71,235,2,2,1,57,2,1,88913,67,44,1,NA,NA,NA,"FY977599",NA,1957,1,7,NA,2,NA,NA,NA,NA,118,5,215,4,6,71,235,2,2,1,NA,NA,NA,NA,NA,NA,NA,NA,NA,NA,NA,NA,NA,NA,NA,NA,NA,NA,NA,NA,NA,NA,NA,NA,NA
"210",391,224722,133,1,NA,NA,,,,26,,27,,NA,NA,NA,,NA,1,"FY987518",NA,108,NA,NA,2,9,5,1,21,31,NA,NA,NA,NA,NA,1,1,NA,NA,NA,NA,NA,NA,1,NA,NA,9,NA,NA,NA,NA,NA,NA,NA,3,1,7,2,4,1,7,NA,5,NA,NA,NA,NA,1,106,NA,NA,NA,NA,NA,1,NA,NA,NA,NA,NA,NA,NA,NA,NA,NA,NA,NA,NA,NA,NA,NA,NA,NA,7,1,0,NA,4,NA,1,NA,NA,8,30,15,50,50,40,30,1,2,3,NA,NA,1,1,1,10,2,NA,NA,7,0,7,7,7,0,5,5,27,10,23,2,NA,NA,NA,1,3,4,3,0,0,0,0,5,4,NA,NA,NA,1,6,7,7,1,1,3,5,4,89849,419,NA,1,NA,NA,NA,"FY987518",NA,1945,2,7,NA,2,NA,NA,NA,NA,NA,NA,NA,NA,NA,NA,NA,NA,NA,NA,NA,NA,NA,89048,154,NA,1,NA,NA,NA,"FY912192",NA,1935,2,7,NA,2,NA,NA,NA,NA,208,25,412,NA,NA,NA,NA,NA,NA,NA,NA,NA,NA,89048,154,NA,1,NA,NA,NA,"FY912192",NA,1935,2,7,NA,2,NA,NA,NA,NA,208,25,412,NA,NA,NA,NA,NA,NA,NA,NA,NA,NA,NA,NA,NA,NA,NA,NA,NA,NA,NA,NA,NA,NA,NA,NA,NA,NA,NA,NA,NA,NA,NA,NA
"211",392,224751,134,1,NA,NA,,,,24,,15,NA,NA,NA,NA,,NA,1,"FY934941",NA,47,NA,NA,2,11,2,2,NA,NA,NA,42,33,47,NA,NA,NA,44,56,NA,NA,NA,NA,2,5,4,NA,NA,NA,NA,NA,NA,NA,NA,NA,2,7,1,7,2,5,NA,3,1,1,NA,NA,1,134,NA,NA,NA,NA,NA,NA,NA,NA,1,NA,1,NA,NA,NA,NA,NA,NA,1,11,NA,NA,NA,1,75,1,4,2,3,1,NA,NA,1,NA,16,30,50,85,85,100,65,2,NA,NA,32,7,4,4,1,6,4,3,2,NA,NA,NA,NA,NA,NA,NA,NA,3,27,15,2,NA,NA,NA,3,1,3,3,7,2,2,2,4,1,NA,NA,NA,2,7,6,4,3,2,2,3,6,NA,NA,NA,NA,NA,NA,NA,NA,NA,NA,NA,NA,NA,NA,NA,NA,NA,NA,NA,NA,NA,NA,NA,NA,NA,NA,NA,NA,NA,NA,NA,NA,NA,NA,NA,NA,NA,NA,NA,NA,NA,NA,NA,NA,NA,NA,NA,NA,NA,NA,NA,NA,NA,NA,NA,NA,NA,NA,NA,NA,NA,NA,NA,NA,NA,NA,NA,NA,NA,NA,NA,NA,NA,NA,NA,NA,NA,NA,NA,NA,NA,NA,NA,NA,NA,NA,NA,NA,NA,NA,NA,NA,NA,NA,NA,NA,NA,NA,NA,NA,NA,NA,NA,NA,NA,NA,NA,NA,NA,NA,NA,NA,NA,NA,NA
"212",393,224775,144,1,NA,NA,,,,26,,55,,NA,NA,NA,,NA,1,"FY921515",NA,17,NA,NA,1,NA,NA,1,49,24,69,NA,NA,NA,NA,34,30,NA,NA,NA,NA,NA,NA,2,5,4,NA,NA,NA,NA,NA,NA,NA,NA,NA,1,5,3,7,5,7,NA,4,1,1,1,NA,1,19,NA,NA,1,NA,1,NA,NA,NA,1,1,1,1,NA,4,1,NA,NA,NA,NA,NA,NA,1,NA,NA,4,4,NA,9,3,15,NA,NA,NA,8,14,60,60,85,60,85,1,1,3,NA,NA,3,NA,1,9,6,3,4,NA,NA,NA,NA,NA,NA,NA,NA,NA,NA,NA,2,NA,NA,NA,3,1,3,4,7,10,0,10,10,1,NA,4,6,NA,NA,NA,4,4,7,1,6,6,89256,260,262,1,NA,NA,NA,"FY921515",NA,1953,1,7,NA,2,NA,NA,NA,NA,,14,,1,5,,,2,1,1,,3,2,NA,NA,NA,NA,NA,NA,NA,NA,NA,NA,NA,NA,NA,NA,NA,NA,NA,NA,NA,NA,NA,NA,NA,NA,NA,NA,NA,NA,NA,NA,NA,NA,NA,NA,NA,NA,NA,NA,NA,NA,NA,NA,NA,NA,NA,NA,NA,NA,NA,NA,NA,NA,NA,NA,NA,NA,NA,NA,NA,NA,NA,NA,NA,NA,NA,NA,NA,NA,NA,NA,NA,NA,NA,NA,NA,NA,NA,NA,NA,NA,NA,NA,NA,NA
"213",394,224947,145,1,NA,NA,,,,26,,27,NA,NA,NA,NA,,NA,1,"FY955871",NA,118,NA,NA,2,4,2,1,90,11,47,NA,NA,NA,NA,17,41,NA,NA,NA,NA,NA,NA,1,NA,NA,0,0,0,0,NA,0,0,0,0,1,6,3,7,2,5,NA,2,1,1,NA,NA,1,126,NA,NA,NA,NA,NA,NA,NA,NA,NA,NA,NA,NA,NA,NA,NA,NA,NA,NA,NA,NA,NA,1,NA,NA,1,2,3,5,1,NA,NA,2,NA,16,30,70,70,70,85,80,2,NA,NA,39,11,3,NA,2,3,1,NA,NA,0,0,6,4,3,0,4,5,22,27,5,1,3,1,3,NA,NA,NA,NA,5,10,2,7,2,1,NA,NA,NA,3,3,3,4,3,2,2,2,6,89203,201,202,1,NA,NA,NA,"FY955871",NA,1953,2,7,NA,2,NA,NA,NA,NA,,14,,1,7,,,2,2,2,,1,1,NA,NA,NA,NA,NA,NA,NA,NA,NA,NA,NA,NA,NA,NA,NA,NA,NA,NA,NA,NA,NA,NA,NA,NA,NA,NA,NA,NA,NA,NA,NA,NA,NA,NA,NA,NA,NA,NA,NA,NA,NA,NA,NA,NA,NA,NA,NA,NA,NA,NA,NA,NA,NA,NA,NA,NA,NA,NA,NA,NA,NA,NA,NA,NA,NA,NA,NA,NA,NA,NA,NA,NA,NA,NA,NA,NA,NA,NA,NA,NA,NA,NA,NA,NA
"214",395,225061,146,1,NA,NA,,,,25,,35,NA,NA,NA,NA,,NA,1,"FY912994",NA,26,NA,NA,1,NA,NA,2,NA,NA,NA,8,20,35,NA,NA,NA,13,21,NA,NA,NA,NA,2,5,4,NA,NA,NA,NA,NA,NA,NA,NA,NA,2,7,2,5,3,7,NA,5,NA,NA,NA,NA,1,45,NA,NA,NA,NA,1,NA,2,NA,NA,NA,NA,NA,1,NA,NA,NA,NA,NA,NA,NA,NA,1,NA,NA,4,2,7,6,1,NA,NA,1,NA,15,45,80,80,80,85,40,1,1,2,NA,NA,4,5,4,NA,2,1,2,NA,NA,NA,NA,NA,NA,NA,NA,16,20,7,1,3,1,3,NA,NA,NA,NA,9,5,5,5,6,1,NA,11,2,2,6,6,5,5,3,3,4,5,89778,405,397,1,NA,NA,NA,"FY912994",NA,1962,1,7,NA,1,2,35,,,NA,NA,,1,3,,,2,2,1,,2,1,NA,NA,NA,NA,NA,NA,NA,NA,NA,NA,NA,NA,NA,NA,NA,NA,NA,NA,NA,NA,NA,NA,NA,NA,NA,NA,NA,NA,NA,NA,NA,NA,NA,NA,NA,NA,NA,NA,NA,NA,NA,NA,NA,NA,NA,NA,NA,NA,NA,NA,NA,NA,NA,NA,NA,NA,NA,NA,NA,NA,NA,NA,NA,NA,NA,NA,NA,NA,NA,NA,NA,NA,NA,NA,NA,NA,NA,NA,NA,NA,NA,NA,NA,NA
"215",396,225232,135,1,NA,NA,,,,26,,37,,NA,NA,NA,,NA,1,"FY923229",NA,15,NA,NA,2,10,3,1,35,31,82,NA,NA,NA,NA,18,NA,NA,NA,NA,NA,2,NA,1,NA,NA,0,0,0,0,NA,0,0,0,0,3,7,1,5,2,5,NA,4,1,1,NA,NA,NA,NA,1,NA,NA,1,NA,NA,NA,NA,NA,NA,NA,NA,1,NA,NA,NA,NA,NA,NA,NA,NA,NA,NA,NA,0,3,2,7,4,NA,1,NA,NA,10,60,55,60,65,65,40,2,NA,NA,23,25,3,NA,2,7,2,NA,NA,6,4,6,5,4,2,7,5,19,27,23,2,NA,NA,NA,3,4,3,3,6,0,0,0,8,4,NA,NA,NA,4,5,5,5,3,4,4,4,4,89702,347,342,1,NA,NA,NA,"FY923229",NA,1969,2,5,NA,1,1,1,,,NA,NA,,4,2,,,2,1,1,,2,1,88976,94,NA,1,NA,NA,NA,"FY900741",NA,1972,1,7,NA,2,NA,NA,NA,NA,203,44,349,NA,NA,NA,NA,NA,NA,NA,NA,NA,NA,88976,94,NA,1,NA,NA,NA,"FY900741",NA,1972,1,7,NA,2,NA,NA,NA,NA,203,44,349,NA,NA,NA,NA,NA,NA,NA,NA,NA,NA,NA,NA,NA,NA,NA,NA,NA,NA,NA,NA,NA,NA,NA,NA,NA,NA,NA,NA,NA,NA,NA,NA
"216",417,229577,156,1,NA,NA,,,,26,NA,NA,NA,NA,NA,NA,,NA,1,"FY967253",NA,15,NA,NA,1,NA,NA,2,NA,NA,NA,NA,NA,40,NA,NA,NA,NA,10,NA,NA,NA,1,1,NA,NA,10,NA,NA,NA,NA,NA,10,NA,NA,1,6,2,4,2,6,NA,6,1,1,NA,NA,1,NA,NA,NA,1,NA,NA,NA,NA,NA,NA,NA,1,NA,NA,NA,NA,NA,NA,NA,NA,NA,NA,NA,NA,NA,1,2,1,7,2,NA,NA,NA,1,16,50,50,85,85,85,85,1,1,3,NA,NA,3,NA,4,NA,1,NA,NA,5,5,7,3,7,7,5,5,31,19,6,2,NA,NA,NA,3,1,3,3,5,5,7,1,5,3,28,10,5,4,3,4,5,5,2,3,3,5,88984,99,100,1,NA,NA,NA,"FY967253",NA,1960,2,7,NA,1,2,32,NA,NA,NA,NA,NA,3,1,,,2,2,1,,3,1,88953,75,75,1,NA,NA,NA,"FY924958",NA,1947,1,7,NA,2,NA,NA,NA,NA,125,24,239,1,3,106,61,2,2,1,138,3,1,88953,75,75,1,NA,NA,NA,"FY924958",NA,1947,1,7,NA,2,NA,NA,NA,NA,125,24,239,1,3,106,61,2,2,1,NA,NA,NA,NA,NA,NA,NA,NA,NA,NA,NA,NA,NA,NA,NA,NA,NA,NA,NA,NA,NA,NA,NA,NA,NA
"217",416,229560,153,1,NA,NA,,,,26,,56,,NA,NA,NA,,NA,1,"FY954856",NA,27,NA,NA,1,NA,NA,1,NA,31,95,NA,NA,NA,NA,52,38,NA,NA,NA,NA,NA,NA,2,3,1,NA,NA,NA,NA,NA,NA,NA,NA,NA,1,7,1,4,1,5,NA,3,NA,1,NA,NA,NA,NA,1,NA,NA,1,NA,1,NA,NA,NA,NA,NA,NA,NA,NA,NA,NA,NA,NA,NA,1,NA,NA,NA,NA,1,2,0,5,1,NA,NA,2,NA,10,15,70,50,50,50,50,1,1,3,NA,NA,1,1,1,9,3,5,5,NA,NA,NA,NA,NA,NA,NA,NA,32,5,13,1,3,3,3,NA,NA,NA,NA,2,5,7,2,10,1,NA,12,2,2,3,4,4,3,3,3,1,7,88862,15,12,1,NA,NA,NA,"FY954856",NA,1967,1,7,NA,2,NA,NA,NA,NA,,23,,1,5,,,2,2,2,,3,1,88867,17,14,1,NA,NA,NA,"FY955778",NA,1974,2,7,NA,2,NA,NA,NA,NA,6,34,197,2,1,182,256,2,1,1,47,3,1,88867,17,14,1,NA,NA,NA,"FY955778",NA,1974,2,7,NA,2,NA,NA,NA,NA,6,34,197,2,1,182,256,2,1,1,NA,NA,NA,NA,NA,NA,NA,NA,NA,NA,NA,NA,NA,NA,NA,NA,NA,NA,NA,NA,NA,NA,NA,NA,NA
"218",397,225466,136,1,NA,NA,,,,26,,27,NA,NA,NA,NA,,NA,1,"FY977808",NA,14,NA,NA,1,NA,NA,1,7,12,87,NA,NA,NA,NA,29,32,NA,NA,NA,NA,NA,NA,2,5,4,NA,NA,NA,NA,NA,NA,NA,NA,NA,1,6,2,6,1,7,NA,3,NA,1,NA,NA,NA,NA,NA,NA,1,NA,NA,1,NA,NA,NA,NA,NA,NA,1,NA,1,NA,NA,NA,NA,NA,NA,NA,NA,NA,7,4,NA,3,1,NA,NA,1,NA,14,50,75,75,75,75,60,1,1,3,NA,NA,1,4,2,7,6,4,2,NA,NA,NA,NA,NA,NA,NA,NA,27,14,35,2,NA,NA,NA,3,1,3,3,5,10,1,1,5,1,NA,4,3,4,5,4,3,3,4,4,2,6,89122,242,244,1,NA,NA,NA,"FY977808",NA,1934,2,7,NA,2,NA,NA,NA,NA,,5,,1,5,,,2,2,1,,3,1,NA,NA,NA,NA,NA,NA,NA,NA,NA,NA,NA,NA,NA,NA,NA,NA,NA,NA,NA,NA,NA,NA,NA,NA,NA,NA,NA,NA,NA,NA,NA,NA,NA,NA,NA,NA,NA,NA,NA,NA,NA,NA,NA,NA,NA,NA,NA,NA,NA,NA,NA,NA,NA,NA,NA,NA,NA,NA,NA,NA,NA,NA,NA,NA,NA,NA,NA,NA,NA,NA,NA,NA,NA,NA,NA,NA,NA,NA,NA,NA,NA,NA,NA,NA
"219",401,225883,137,1,NA,NA,,,,26,,57,NA,NA,NA,NA,,NA,1,"FY919370",NA,5,NA,NA,2,4,2,1,52,11,55,NA,NA,NA,NA,32,69,NA,NA,NA,NA,NA,NA,1,NA,NA,2,NA,NA,NA,NA,NA,NA,NA,0,1,7,3,7,3,4,NA,6,1,1,NA,NA,NA,NA,NA,NA,NA,NA,1,NA,24,NA,NA,NA,NA,NA,1,NA,1,NA,NA,NA,NA,NA,NA,1,NA,NA,0,5,1,5,1,NA,NA,1,NA,16,40,60,85,85,85,60,1,2,5,NA,NA,1,7,2,9,6,NA,NA,2,8,5,0,0,0,9,2,27,27,10,2,NA,NA,NA,4,1,3,3,3,10,1,2,5,4,NA,NA,NA,4,5,7,5,3,3,4,3,6,NA,NA,NA,NA,NA,NA,NA,NA,NA,NA,NA,NA,NA,NA,NA,NA,NA,NA,NA,NA,NA,NA,NA,NA,NA,NA,NA,NA,NA,NA,NA,88838,42,39,1,NA,NA,NA,"FY932078",NA,1983,1,4,NA,2,NA,NA,NA,NA,74,5,84,3,7,194,186,2,2,2,168,3,1,88838,42,39,1,NA,NA,NA,"FY932078",NA,1983,1,4,NA,2,NA,NA,NA,NA,74,5,84,3,7,194,186,2,2,2,NA,NA,NA,NA,NA,NA,NA,NA,NA,NA,NA,NA,NA,NA,NA,NA,NA,NA,NA,NA,NA,NA,NA,NA,NA
"220",402,226212,138,1,NA,NA,,,,26,,27,NA,NA,NA,NA,,NA,1,"FY914085",NA,48,NA,NA,1,NA,NA,1,33,33,98,NA,NA,NA,NA,60,35,NA,NA,NA,NA,NA,NA,2,5,1,NA,NA,NA,NA,NA,NA,NA,NA,NA,3,7,2,6,2,5,NA,8,NA,NA,NA,NA,1,118,NA,NA,1,NA,NA,1,NA,NA,NA,NA,NA,NA,NA,NA,1,NA,NA,NA,NA,NA,NA,NA,NA,NA,7,1,7,2,1,NA,NA,2,NA,13,10,80,50,60,50,30,1,2,1,NA,NA,3,NA,1,10,1,1,2,NA,NA,NA,NA,NA,NA,NA,NA,19,6,16,2,NA,NA,NA,4,4,3,3,9,10,8,10,2,1,NA,4,2,6,4,7,5,1,1,1,1,7,89683,354,333,1,NA,NA,NA,"FY914085",NA,1933,2,7,NA,2,NA,NA,NA,NA,,31,,1,7,,,2,2,2,,3,1,NA,NA,NA,NA,NA,NA,NA,NA,NA,NA,NA,NA,NA,NA,NA,NA,NA,NA,NA,NA,NA,NA,NA,NA,NA,NA,NA,NA,NA,NA,NA,NA,NA,NA,NA,NA,NA,NA,NA,NA,NA,NA,NA,NA,NA,NA,NA,NA,NA,NA,NA,NA,NA,NA,NA,NA,NA,NA,NA,NA,NA,NA,NA,NA,NA,NA,NA,NA,NA,NA,NA,NA,NA,NA,NA,NA,NA,NA,NA,NA,NA,NA,NA,NA
"221",403,226412,140,1,NA,NA,,,,26,,27,,NA,NA,NA,,NA,1,"FY961847",NA,3021,NA,NA,2,9,3,1,NA,39,NA,NA,NA,NA,NA,NA,NA,NA,NA,3,NA,2,NA,1,NA,NA,0,0,0,0,NA,0,0,0,0,2,7,1,5,2,5,NA,6,NA,1,NA,NA,NA,NA,NA,NA,NA,NA,NA,NA,NA,NA,NA,NA,NA,NA,NA,NA,NA,NA,NA,NA,NA,NA,NA,1,NA,NA,0,4,0,2,1,NA,NA,1,NA,10,30,70,60,40,70,40,1,2,3,NA,NA,3,NA,2,8,2,NA,NA,0,5,5,3,4,2,5,2,31,27,10,2,NA,NA,NA,3,1,3,4,1,5,0,8,8,4,NA,NA,NA,2,6,5,5,6,3,1,6,4,89009,116,119,1,NA,NA,NA,"FY961847",NA,1982,1,3,NA,2,NA,NA,NA,NA,,5,,1,5,,,1,1,2,,2,1,89121,241,243,1,NA,NA,NA,"FY980628",NA,1961,1,7,NA,2,NA,NA,NA,NA,221,5,464,1,2,283,190,2,2,2,60,1,1,89121,241,243,1,NA,NA,NA,"FY980628",NA,1961,1,7,NA,2,NA,NA,NA,NA,221,5,464,1,2,283,190,2,2,2,NA,NA,NA,NA,NA,NA,NA,NA,NA,NA,NA,NA,NA,NA,NA,NA,NA,NA,NA,NA,NA,NA,NA,NA,NA
"222",405,226684,142,1,NA,NA,,,,26,,58,NA,NA,NA,NA,,NA,1,"FY942833",NA,32,NA,NA,2,10,2,1,46,31,80,NA,NA,NA,NA,13,66,NA,NA,NA,NA,NA,NA,1,NA,NA,2,3,0,1,NA,0,0,0,0,1,7,4,7,1,4,NA,3,NA,1,NA,NA,1,142,NA,NA,1,NA,NA,NA,NA,NA,1,1,1,NA,1,NA,1,NA,NA,1,17,1,NA,NA,1,28,3,2,7,5,1,NA,NA,1,NA,10,5,30,50,50,90,50,2,NA,NA,16,7,4,10,1,7,1,NA,NA,0,0,0,2,0,0,0,0,19,1,4,2,NA,NA,NA,3,1,3,3,7,10,5,8,6,1,NA,NA,NA,2,5,5,4,2,3,3,3,7,89204,202,203,1,NA,NA,NA,"FY942833",NA,1951,1,3,NA,2,NA,NA,NA,NA,,12,,1,7,,,2,2,2,,2,1,88963,83,83,1,NA,NA,NA,"FY980620",NA,1946,1,7,NA,2,NA,NA,NA,NA,222,21,199,3,5,385,174,2,2,2,144,1,1,88963,83,83,1,NA,NA,NA,"FY980620",NA,1946,1,7,NA,2,NA,NA,NA,NA,222,21,199,3,5,385,174,2,2,2,NA,NA,NA,NA,NA,NA,NA,NA,NA,NA,NA,NA,NA,NA,NA,NA,NA,NA,NA,NA,NA,NA,NA,NA,NA
"223",406,226704,141,1,NA,NA,,,,26,,27,,NA,NA,NA,,NA,1,"FY979518",NA,341,NA,NA,1,NA,NA,1,NA,NA,NA,NA,NA,NA,NA,14,8,NA,NA,NA,NA,NA,NA,2,5,1,NA,NA,NA,NA,NA,NA,NA,NA,NA,2,7,4,5,2,6,NA,4,1,1,1,NA,1,113,1,NA,1,1,NA,1,NA,NA,1,NA,NA,NA,1,NA,1,NA,NA,NA,NA,NA,NA,1,NA,NA,7,3,7,3,2,NA,NA,NA,1,16,40,60,85,85,85,60,2,NA,NA,22,28,1,6,2,9,1,2,4,NA,NA,NA,NA,NA,NA,NA,NA,12,5,15,1,4,1,3,NA,NA,NA,NA,8,10,10,10,10,2,NA,9,2,4,3,6,4,2,3,3,4,4,NA,NA,NA,NA,NA,NA,NA,NA,NA,NA,NA,NA,NA,NA,NA,NA,NA,NA,NA,NA,NA,NA,NA,NA,NA,NA,NA,NA,NA,NA,NA,NA,NA,NA,NA,NA,NA,NA,NA,NA,NA,NA,NA,NA,NA,NA,NA,NA,NA,NA,NA,NA,NA,NA,NA,NA,NA,NA,NA,NA,NA,NA,NA,NA,NA,NA,NA,NA,NA,NA,NA,NA,NA,NA,NA,NA,NA,NA,NA,NA,NA,NA,NA,NA,NA,NA,NA,NA,NA,NA,NA,NA,NA,NA,NA,NA,NA,NA,NA,NA,NA,NA,NA,NA,NA,NA,NA,NA,NA,NA,NA,NA,NA,NA,NA
"224",407,227064,143,1,NA,NA,,NA,NA,NA,NA,NA,NA,NA,NA,NA,,NA,1,"FY957005",NA,28,NA,NA,2,7,7,2,NA,NA,NA,63,48,56,NA,NA,NA,28,44,NA,NA,NA,NA,2,5,4,NA,NA,NA,NA,NA,NA,NA,NA,NA,5,6,1,4,2,6,NA,4,NA,NA,NA,NA,NA,NA,NA,NA,NA,1,1,1,NA,NA,NA,NA,1,NA,1,NA,NA,NA,NA,NA,NA,NA,NA,NA,NA,NA,4,4,1,7,2,NA,NA,NA,3,3,40,40,100,100,50,50,1,2,3,NA,NA,1,2,1,10,2,1,4,NA,NA,NA,NA,NA,NA,NA,NA,16,30,10,1,3,1,3,NA,NA,NA,NA,7,10,0,0,0,2,NA,NA,NA,4,4,4,3,3,3,6,6,5,89012,119,123,1,NA,NA,NA,"FY957005",NA,1978,1,1,,2,NA,NA,NA,NA,,5,,2,1,,,2,1,2,,3,1,88870,18,16,1,NA,NA,NA,"FY967920",NA,1931,1,7,NA,2,NA,NA,NA,NA,146,31,19,1,7,333,321,1,2,1,114,2,1,88870,18,16,1,NA,NA,NA,"FY967920",NA,1931,1,7,NA,2,NA,NA,NA,NA,146,31,19,1,7,333,321,1,2,1,NA,NA,NA,NA,NA,NA,NA,NA,NA,NA,NA,NA,NA,NA,NA,NA,NA,NA,NA,NA,NA,NA,NA,NA,NA
"225",408,228337,147,1,NA,NA,,,,26,,27,,NA,NA,NA,,NA,1,"FY996689",NA,23,NA,NA,1,NA,NA,2,NA,NA,NA,60,79,NA,NA,NA,NA,NA,34,NA,NA,NA,3,1,NA,NA,10,NA,NA,NA,NA,NA,10,NA,NA,1,6,3,6,2,4,NA,3,NA,NA,NA,NA,1,103,1,NA,1,1,NA,1,NA,NA,1,NA,NA,NA,1,NA,1,NA,NA,NA,NA,NA,NA,NA,NA,NA,6,4,3,5,1,NA,NA,1,NA,17,60,80,90,90,90,80,2,NA,NA,32,32,4,9,1,8,2,NA,NA,0,5,5,5,5,8,8,5,24,20,27,2,NA,NA,NA,3,4,3,3,6,10,5,10,7,1,NA,12,2,4,4,3,4,2,3,2,4,5,88934,57,57,1,NA,NA,NA,"FY996689",NA,1953,2,7,NA,2,NA,NA,NA,NA,,5,,1,7,,,2,2,2,,1,2,88836,11,15,1,NA,NA,NA,"FY959928",NA,1983,1,1,44,2,NA,NA,NA,NA,29,6,264,1,5,165,NA,1,1,2,261,2,1,88836,11,15,1,NA,NA,NA,"FY959928",NA,1983,1,1,44,2,NA,NA,NA,NA,29,6,264,1,5,165,NA,1,1,2,NA,NA,NA,NA,NA,NA,NA,NA,NA,NA,NA,NA,NA,NA,NA,NA,NA,NA,NA,NA,NA,NA,NA,NA,NA
"226",409,228406,148,1,NA,NA,,,,26,,45,NA,NA,NA,NA,,NA,1,"FY989740",NA,22,NA,NA,1,NA,NA,2,NA,NA,NA,51,63,1,NA,NA,NA,2,1,NA,NA,NA,NA,1,NA,NA,0,0,0,NA,NA,NA,10,NA,NA,2,7,2,4,1,4,NA,3,NA,1,1,NA,NA,NA,NA,NA,NA,1,NA,NA,NA,NA,NA,NA,NA,NA,1,NA,NA,NA,NA,NA,NA,1,NA,NA,NA,NA,3,4,2,1,1,NA,NA,2,NA,16,0,90,90,85,85,75,2,NA,NA,12,29,4,3,2,10,2,NA,NA,5,0,5,5,5,0,5,5,22,27,5,2,NA,NA,NA,3,1,3,4,6,10,3,1,1,2,NA,10,2,2,6,2,2,2,5,3,3,5,89259,263,265,1,NA,NA,NA,"FY989740",NA,1975,1,7,NA,2,NA,NA,NA,NA,,5,,1,7,,,1,2,2,,3,1,88975,92,95,1,NA,NA,NA,"FY988236",NA,1943,2,7,NA,2,NA,NA,NA,NA,94,15,35,1,5,14,321,2,1,1,100,2,1,88975,92,95,1,NA,NA,NA,"FY988236",NA,1943,2,7,NA,2,NA,NA,NA,NA,94,15,35,1,5,14,321,2,1,1,NA,NA,NA,NA,NA,NA,NA,NA,NA,NA,NA,NA,NA,NA,NA,NA,NA,NA,NA,NA,NA,NA,NA,NA,NA
"227",410,228503,150,1,NA,NA,,,,7,,22,NA,NA,NA,NA,,NA,1,"FY944982",NA,49,NA,NA,2,12,1,2,NA,NA,NA,NA,NA,44,NA,NA,NA,NA,54,NA,NA,NA,1,2,3,1,NA,NA,NA,NA,NA,NA,NA,NA,NA,5,7,2,1,1,4,NA,6,NA,NA,NA,NA,NA,NA,NA,NA,NA,NA,NA,NA,NA,NA,NA,NA,NA,1,NA,23,NA,NA,NA,1,19,NA,NA,1,NA,NA,5,4,2,2,1,NA,NA,1,NA,12,45,85,90,80,80,20,2,NA,NA,22,2,1,5,4,NA,6,1,2,NA,NA,NA,NA,NA,NA,NA,NA,22,5,30,1,2,1,3,NA,NA,NA,NA,5,50,2,0,2,4,NA,NA,NA,3,6,4,3,3,6,6,5,4,89795,416,409,1,NA,NA,NA,"FY944982",NA,1944,2,7,NA,1,1,6,,,NA,NA,,1,5,,,2,2,1,,2,1,89058,204,205,1,NA,NA,NA,"FY974342",NA,1960,2,1,31,1,1,1,22,8,NA,NA,456,1,3,126,82,2,1,1,199,2,1,89058,204,205,1,NA,NA,NA,"FY974342",NA,1960,2,1,31,1,1,1,22,8,NA,NA,456,1,3,126,82,2,1,1,NA,NA,NA,NA,NA,NA,NA,NA,NA,NA,NA,NA,NA,NA,NA,NA,NA,NA,NA,NA,NA,NA,NA,NA,NA
"228",411,228507,149,1,NA,NA,,,,26,,44,,NA,NA,NA,,NA,1,"FY930761",NA,65,NA,NA,1,NA,NA,1,4,12,17,NA,NA,NA,NA,NA,NA,NA,NA,1,NA,2,NA,1,NA,NA,3,NA,NA,NA,NA,NA,6,NA,NA,6,5,1,6,2,4,NA,6,NA,NA,NA,NA,1,13,NA,NA,NA,NA,NA,1,NA,NA,NA,NA,NA,NA,NA,NA,NA,NA,NA,NA,NA,NA,NA,NA,NA,NA,3,4,3,5,2,NA,NA,NA,3,11,30,40,60,60,100,70,2,NA,NA,23,7,3,NA,2,6,4,NA,NA,5,4,6,6,2,5,5,2,3,10,15,1,2,3,3,NA,NA,NA,NA,2,7,0,0,8,2,NA,7,2,3,4,7,5,4,3,2,2,5,89751,379,373,1,NA,NA,NA,"FY930761",NA,1963,1,7,NA,2,NA,NA,NA,NA,,3,,2,1,,,1,2,2,,2,1,89094,226,226,1,NA,NA,NA,"FY913999",NA,1944,2,7,NA,2,NA,NA,NA,NA,184,31,92,1,5,309,245,2,2,2,57,3,2,89094,226,226,1,NA,NA,NA,"FY913999",NA,1944,2,7,NA,2,NA,NA,NA,NA,184,31,92,1,5,309,245,2,2,2,NA,NA,NA,NA,NA,NA,NA,NA,NA,NA,NA,NA,NA,NA,NA,NA,NA,NA,NA,NA,NA,NA,NA,NA,NA
"229",474,234547,198,1,NA,NA,,,,26,,27,NA,NA,NA,NA,,NA,1,"FY991879",NA,19,NA,NA,1,NA,NA,1,52,30,73,NA,NA,NA,NA,18,55,NA,NA,NA,NA,NA,NA,2,5,4,NA,NA,NA,NA,NA,NA,NA,NA,NA,1,7,4,4,1,3,NA,3,NA,1,NA,NA,1,94,NA,NA,1,NA,NA,NA,NA,NA,NA,NA,NA,NA,NA,NA,1,NA,NA,NA,NA,NA,NA,NA,NA,NA,1,1,2,4,1,NA,NA,2,NA,13,15,70,60,50,70,65,2,NA,NA,23,36,4,6,1,6,6,3,4,NA,NA,NA,NA,NA,NA,NA,NA,7,19,15,1,3,1,3,NA,NA,NA,NA,7,10,6,7,7,1,NA,10,2,2,2,4,2,2,4,2,2,6,89340,286,289,1,NA,NA,NA,"FY991879",NA,1955,1,3,NA,2,NA,NA,NA,NA,,5,,1,5,,,2,2,1,,2,1,NA,NA,NA,NA,NA,NA,NA,NA,NA,NA,NA,NA,NA,NA,NA,NA,NA,NA,NA,NA,NA,NA,NA,NA,NA,NA,NA,NA,NA,NA,NA,NA,NA,NA,NA,NA,NA,NA,NA,NA,NA,NA,NA,NA,NA,NA,NA,NA,NA,NA,NA,NA,NA,NA,NA,NA,NA,NA,NA,NA,NA,NA,NA,NA,NA,NA,NA,NA,NA,NA,NA,NA,NA,NA,NA,NA,NA,NA,NA,NA,NA,NA,NA,NA
"230",494,236181,220,1,NA,NA,,,,26,,27,NA,NA,NA,NA,,NA,1,"FY919525",NA,29,NA,NA,2,12,2,1,74,30,46,NA,NA,NA,NA,53,54,NA,NA,NA,NA,NA,NA,2,5,4,NA,NA,NA,NA,NA,NA,NA,NA,NA,1,7,1,6,1,6,NA,8,NA,NA,NA,NA,1,77,NA,NA,1,NA,NA,NA,NA,NA,1,NA,NA,NA,1,NA,1,NA,NA,NA,NA,NA,NA,NA,NA,NA,7,1,7,1,1,NA,NA,2,NA,13,0,100,70,70,70,50,1,1,3,NA,NA,4,9,2,10,1,1,2,NA,NA,NA,NA,NA,NA,NA,NA,16,21,18,2,NA,NA,NA,3,1,3,3,9,10,0,0,4,2,NA,NA,NA,7,5,5,3,1,2,1,1,6,89680,353,349,1,NA,NA,NA,"FY919525",NA,1942,1,7,NA,2,NA,NA,NA,NA,,5,,1,7,,NA,2,2,1,,2,2,NA,NA,NA,NA,NA,NA,NA,NA,NA,NA,NA,NA,NA,NA,NA,NA,NA,NA,NA,NA,NA,NA,NA,NA,NA,NA,NA,NA,NA,NA,NA,NA,NA,NA,NA,NA,NA,NA,NA,NA,NA,NA,NA,NA,NA,NA,NA,NA,NA,NA,NA,NA,NA,NA,NA,NA,NA,NA,NA,NA,NA,NA,NA,NA,NA,NA,NA,NA,NA,NA,NA,NA,NA,NA,NA,NA,NA,NA,NA,NA,NA,NA,NA,NA
"231",493,236117,219,1,NA,NA,,,,26,,28,,NA,NA,NA,,NA,1,"FY932109",NA,13,NA,NA,2,2,1,1,91,5,92,NA,NA,NA,NA,36,80,NA,NA,NA,NA,NA,NA,1,NA,NA,10,NA,NA,NA,NA,NA,10,NA,NA,1,7,4,1,1,4,NA,3,NA,1,NA,NA,1,31,NA,NA,NA,NA,NA,NA,NA,NA,NA,NA,NA,NA,NA,NA,1,NA,NA,1,5,NA,NA,NA,NA,NA,0,NA,4,1,1,NA,NA,1,NA,10,10,60,50,50,50,40,1,1,3,NA,NA,4,6,1,6,1,NA,NA,1,0,9,9,1,0,8,NA,16,13,27,2,NA,NA,NA,3,1,3,3,6,10,5,10,10,1,NA,NA,NA,3,4,6,5,3,4,1,4,4,89200,196,197,1,NA,NA,NA,"FY932109",NA,1954,1,7,NA,2,NA,NA,NA,NA,,30,,1,7,,,2,2,2,,3,2,NA,NA,NA,NA,NA,NA,NA,NA,NA,NA,NA,NA,NA,NA,NA,NA,NA,NA,NA,NA,NA,NA,NA,NA,NA,NA,NA,NA,NA,NA,NA,NA,NA,NA,NA,NA,NA,NA,NA,NA,NA,NA,NA,NA,NA,NA,NA,NA,NA,NA,NA,NA,NA,NA,NA,NA,NA,NA,NA,NA,NA,NA,NA,NA,NA,NA,NA,NA,NA,NA,NA,NA,NA,NA,NA,NA,NA,NA,NA,NA,NA,NA,NA,NA
"232",473,234269,197,1,NA,NA,,,,26,,62,,NA,NA,NA,,NA,1,"FY964071",NA,12,NA,NA,2,7,9,1,88,22,34,NA,NA,NA,NA,5,65,NA,NA,NA,NA,NA,NA,2,4,1,NA,NA,NA,NA,NA,NA,NA,NA,NA,5,7,1,7,2,6,NA,4,NA,1,NA,NA,NA,NA,NA,1,1,NA,NA,NA,NA,1,1,1,1,NA,1,NA,1,1,1,NA,NA,NA,NA,1,NA,NA,2,4,2,7,2,NA,NA,NA,3,10,50,50,50,50,50,50,2,NA,NA,25,23,1,5,1,5,1,3,4,NA,NA,NA,NA,NA,NA,NA,NA,22,14,27,2,NA,NA,NA,3,4,3,2,4,10,7,10,10,2,NA,NA,NA,4,5,4,5,3,2,1,4,5,89737,370,364,1,NA,NA,NA,"FY964071",NA,1953,1,7,NA,1,2,56,,,NA,NA,,2,2,,,2,2,2,,2,2,89018,125,129,1,NA,NA,NA,"FY959430",NA,1948,2,7,NA,2,NA,NA,NA,NA,248,36,355,4,4,247,404,2,2,2,83,2,2,89018,125,129,1,NA,NA,NA,"FY959430",NA,1948,2,7,NA,2,NA,NA,NA,NA,248,36,355,4,4,247,404,2,2,2,NA,NA,NA,NA,NA,NA,NA,NA,NA,NA,NA,NA,NA,NA,NA,NA,NA,NA,NA,NA,NA,NA,NA,NA,NA
"233",412,229149,151,1,NA,NA,,,,26,NA,NA,NA,NA,NA,NA,,NA,1,"FY967371",NA,28,NA,NA,2,9,10,1,86,31,10,NA,NA,NA,NA,9,75,NA,NA,NA,NA,NA,NA,2,3,4,NA,NA,NA,NA,NA,NA,NA,NA,NA,4,6,3,3,3,5,NA,6,NA,1,NA,NA,1,NA,NA,NA,NA,NA,NA,NA,NA,NA,NA,NA,NA,NA,NA,NA,1,NA,NA,NA,NA,NA,NA,1,NA,NA,0,NA,2,6,2,NA,NA,NA,3,10,40,60,50,50,50,40,1,1,3,NA,NA,3,NA,2,10,1,1,2,NA,NA,NA,NA,NA,NA,NA,NA,16,10,15,1,3,3,3,NA,NA,NA,NA,6,10,0,1,5,2,NA,NA,NA,3,4,6,5,3,2,2,3,6,89678,346,345,1,NA,NA,NA,"FY967371",NA,1953,2,7,NA,2,NA,NA,NA,NA,,9,,2,1,,,2,2,2,,2,2,88972,90,91,1,NA,NA,NA,"FY985858",NA,1953,1,7,NA,2,NA,NA,NA,NA,82,39,237,1,1,252,122,2,2,2,139,3,1,88972,90,91,1,NA,NA,NA,"FY985858",NA,1953,1,7,NA,2,NA,NA,NA,NA,82,39,237,1,1,252,122,2,2,2,NA,NA,NA,NA,NA,NA,NA,NA,NA,NA,NA,NA,NA,NA,NA,NA,NA,NA,NA,NA,NA,NA,NA,NA,NA
"234",414,229367,152,1,NA,NA,,,,26,,27,NA,NA,NA,NA,,NA,1,"FY938920",NA,37,NA,NA,1,NA,NA,1,NA,14,NA,NA,NA,NA,NA,18,NA,NA,NA,NA,NA,2,NA,1,NA,NA,0,0,0,0,NA,0,0,0,0,1,6,2,4,2,6,NA,6,1,NA,NA,NA,NA,NA,NA,NA,NA,NA,NA,NA,NA,NA,NA,NA,1,NA,1,NA,1,NA,NA,NA,NA,NA,NA,NA,NA,NA,1,4,0,3,1,NA,NA,1,NA,10,50,60,50,50,50,40,2,NA,NA,8,7,1,5,1,4,2,NA,NA,5,5,2,5,5,5,6,5,31,27,35,1,3,3,3,NA,NA,NA,NA,7,0,0,0,3,1,NA,10,3,1,7,7,4,4,3,3,3,5,89797,433,423,1,NA,NA,NA,"FY938920",NA,1980,1,1,,1,1,4,,,NA,NA,,3,5,,,1,2,2,,2,1,NA,NA,NA,NA,NA,NA,NA,NA,NA,NA,NA,NA,NA,NA,NA,NA,NA,NA,NA,NA,NA,NA,NA,NA,NA,NA,NA,NA,NA,NA,NA,NA,NA,NA,NA,NA,NA,NA,NA,NA,NA,NA,NA,NA,NA,NA,NA,NA,NA,NA,NA,NA,NA,NA,NA,NA,NA,NA,NA,NA,NA,NA,NA,NA,NA,NA,NA,NA,NA,NA,NA,NA,NA,NA,NA,NA,NA,NA,NA,NA,NA,NA,NA,NA
"235",415,229426,155,1,NA,NA,,,,18,,8,NA,NA,NA,NA,,NA,1,"FY993928",NA,22,NA,NA,2,1,4,1,NA,6,91,NA,NA,NA,NA,33,NA,NA,NA,NA,NA,2,NA,1,NA,NA,0,5,5,0,NA,5,5,0,0,4,3,1,1,7,7,NA,4,NA,1,1,NA,1,88,1,1,NA,NA,NA,NA,NA,NA,NA,NA,NA,NA,1,NA,NA,NA,NA,1,34,NA,NA,NA,1,37,1,4,1,1,3,17,NA,NA,NA,16,85,85,85,85,85,85,2,NA,NA,21,16,4,7,1,10,2,NA,NA,0,5,5,5,5,5,5,5,27,4,21,2,NA,NA,NA,1,1,3,3,8,0,0,5,5,1,NA,NA,NA,2,6,4,2,3,3,1,6,6,88858,13,11,1,NA,NA,NA,"FY993928",NA,1975,2,5,NA,1,1,1,,,NA,NA,,3,2,,,2,1,1,,3,1,88942,68,78,1,NA,NA,NA,"FY992110",NA,1974,2,5,NA,1,1,2,102,38,NA,NA,NA,1,3,147,295,2,1,1,72,2,1,88942,68,78,1,NA,NA,NA,"FY992110",NA,1974,2,5,NA,1,1,2,102,38,NA,NA,NA,1,3,147,295,2,1,1,NA,NA,NA,NA,NA,NA,NA,NA,NA,NA,NA,NA,NA,NA,NA,NA,NA,NA,NA,NA,NA,NA,NA,NA,NA
"236",418,229655,154,1,NA,NA,,,,26,,27,NA,NA,NA,NA,,NA,1,"FY913877",NA,23,NA,NA,1,NA,NA,1,54,30,29,NA,NA,NA,NA,37,16,NA,NA,NA,NA,NA,NA,1,NA,NA,NA,NA,0,NA,NA,NA,2,NA,NA,1,7,4,6,2,4,NA,3,NA,NA,NA,NA,1,120,NA,NA,NA,NA,NA,NA,NA,NA,NA,NA,NA,NA,NA,NA,1,NA,NA,NA,NA,NA,NA,NA,NA,NA,0,2,3,2,1,NA,NA,2,NA,10,30,70,50,50,50,50,2,NA,NA,23,28,1,5,1,9,1,NA,NA,0,0,5,3,0,0,0,7,7,4,5,2,NA,NA,NA,3,1,3,3,7,10,10,10,1,1,NA,11,2,4,6,3,2,3,4,4,3,5,89154,172,174,1,NA,NA,NA,"FY913877",NA,1954,1,7,NA,2,NA,NA,NA,NA,,14,,1,7,,,2,2,1,,3,2,88897,37,33,1,NA,NA,NA,"FY956537",NA,1984,1,7,NA,2,NA,NA,NA,NA,132,13,40,1,5,159,282,2,2,2,149,1,1,88897,37,33,1,NA,NA,NA,"FY956537",NA,1984,1,7,NA,2,NA,NA,NA,NA,132,13,40,1,5,159,282,2,2,2,NA,NA,NA,NA,NA,NA,NA,NA,NA,NA,NA,NA,NA,NA,NA,NA,NA,NA,NA,NA,NA,NA,NA,NA,NA
"237",443,233478,174,1,NA,NA,,,,26,,54,,NA,NA,NA,,NA,1,"FY948098",NA,88,NA,NA,2,10,8,2,NA,NA,NA,NA,NA,NA,NA,NA,NA,NA,NA,NA,1,NA,1,2,5,4,NA,NA,NA,NA,NA,NA,NA,NA,NA,3,7,1,5,1,7,NA,6,NA,1,NA,NA,NA,NA,NA,NA,NA,1,NA,1,NA,NA,1,NA,NA,NA,1,NA,1,NA,NA,NA,NA,NA,NA,NA,NA,NA,7,3,3,2,2,NA,NA,NA,1,NA,NA,NA,NA,NA,NA,30,2,NA,NA,23,29,3,NA,1,5,1,1,5,NA,NA,NA,NA,NA,NA,NA,NA,27,14,21,2,NA,NA,NA,4,1,3,3,6,10,2,10,10,2,NA,NA,NA,4,6,3,4,5,2,2,2,6,89844,418,410,1,NA,NA,NA,"FY948098",NA,1954,1,7,NA,2,NA,NA,NA,NA,,44,NA,2,5,,NA,2,2,2,,2,1,89088,221,222,1,NA,NA,NA,"FY907296",NA,1947,2,7,NA,2,NA,NA,NA,NA,167,36,89,2,2,309,NA,2,2,1,222,2,1,89088,221,222,1,NA,NA,NA,"FY907296",NA,1947,2,7,NA,2,NA,NA,NA,NA,167,36,89,2,2,309,NA,2,2,1,NA,NA,NA,NA,NA,NA,NA,NA,NA,NA,NA,NA,NA,NA,NA,NA,NA,NA,NA,NA,NA,NA,NA,NA,NA
"238",441,233407,172,1,NA,NA,,,,26,,58,NA,NA,NA,NA,,NA,1,"FY931774",NA,37,NA,NA,2,9,7,2,NA,NA,NA,NA,NA,NA,NA,NA,NA,NA,NA,NA,2,NA,1,2,3,1,NA,NA,NA,NA,NA,NA,NA,NA,NA,1,7,1,4,1,7,NA,4,NA,NA,NA,NA,1,142,NA,NA,1,NA,NA,NA,NA,NA,NA,NA,NA,NA,NA,NA,1,NA,NA,NA,NA,NA,NA,NA,NA,NA,0,NA,4,5,1,NA,NA,1,NA,3,40,60,100,100,100,15,1,4,3,NA,NA,2,5,2,5,2,4,3,NA,NA,NA,NA,NA,NA,NA,NA,31,10,18,2,NA,NA,NA,3,3,3,3,4,10,2,7,5,1,NA,NA,NA,2,6,4,2,2,4,4,4,4,89512,325,326,1,NA,NA,NA,"FY931774",NA,1957,1,7,NA,2,NA,NA,NA,NA,,5,,1,5,,NA,1,2,2,,2,1,NA,NA,NA,NA,NA,NA,NA,NA,NA,NA,NA,NA,NA,NA,NA,NA,NA,NA,NA,NA,NA,NA,NA,NA,NA,NA,NA,NA,NA,NA,NA,NA,NA,NA,NA,NA,NA,NA,NA,NA,NA,NA,NA,NA,NA,NA,NA,NA,NA,NA,NA,NA,NA,NA,NA,NA,NA,NA,NA,NA,NA,NA,NA,NA,NA,NA,NA,NA,NA,NA,NA,NA,NA,NA,NA,NA,NA,NA,NA,NA,NA,NA,NA,NA
"239",440,233403,171,1,NA,NA,,,,26,NA,NA,NA,NA,NA,NA,,NA,1,"FY960732",NA,16,NA,NA,2,9,2,2,NA,NA,NA,16,20,18,NA,NA,NA,47,17,NA,NA,NA,NA,2,5,1,NA,NA,NA,NA,NA,NA,NA,NA,NA,1,7,1,3,2,5,NA,6,NA,NA,NA,NA,NA,NA,1,NA,1,1,1,1,28,NA,1,NA,1,NA,NA,NA,NA,NA,NA,NA,NA,NA,NA,NA,NA,NA,7,4,1,4,2,NA,NA,NA,1,14,20,75,50,20,50,50,1,3,3,NA,NA,1,2,1,5,1,1,2,NA,NA,NA,NA,NA,NA,NA,NA,32,5,18,2,NA,NA,NA,3,1,3,3,8,NA,0,4,10,2,NA,NA,NA,6,6,4,6,1,1,5,6,7,93239,577,553,1,NA,NA,NA,"FY960732",NA,1953,1,7,NA,2,NA,NA,NA,NA,,29,,2,7,,,2,1,1,NA,NA,1,88991,103,107,1,NA,NA,NA,"FY939876",NA,1971,1,3,NA,1,2,23,31,27,NA,NA,250,2,2,133,374,1,1,1,84,2,1,88991,103,107,1,NA,NA,NA,"FY939876",NA,1971,1,3,NA,1,2,23,31,27,NA,NA,250,2,2,133,374,1,1,1,NA,NA,NA,NA,NA,NA,NA,NA,NA,NA,NA,NA,NA,NA,NA,NA,NA,NA,NA,NA,NA,NA,NA,NA,NA
"240",439,233398,171,1,NA,NA,,,,26,,67,NA,NA,NA,NA,,NA,1,"FY970206",NA,28,NA,NA,2,10,6,2,NA,NA,NA,39,NA,NA,NA,NA,NA,39,46,NA,NA,NA,NA,1,NA,NA,10,NA,NA,NA,NA,NA,7,NA,NA,3,7,2,6,2,6,NA,4,1,NA,NA,NA,1,91,NA,NA,NA,NA,1,NA,33,NA,NA,NA,NA,1,NA,30,1,NA,NA,NA,NA,NA,NA,NA,1,36,0,5,NA,5,2,NA,NA,NA,1,15,20,60,80,80,80,40,1,1,3,NA,NA,3,NA,2,9,1,NA,NA,0,0,5,0,5,0,5,5,16,27,5,2,NA,NA,NA,3,1,3,3,7,10,7,10,10,1,NA,NA,NA,4,4,4,4,3,2,2,2,6,90004,476,463,1,NA,NA,NA,"FY970206",NA,1939,2,7,NA,2,NA,NA,NA,NA,,35,,2,3,,,2,1,1,,2,1,NA,NA,NA,NA,NA,NA,NA,NA,NA,NA,NA,NA,NA,NA,NA,NA,NA,NA,NA,NA,NA,NA,NA,NA,NA,NA,NA,NA,NA,NA,NA,NA,NA,NA,NA,NA,NA,NA,NA,NA,NA,NA,NA,NA,NA,NA,NA,NA,NA,NA,NA,NA,NA,NA,NA,NA,NA,NA,NA,NA,NA,NA,NA,NA,NA,NA,NA,NA,NA,NA,NA,NA,NA,NA,NA,NA,NA,NA,NA,NA,NA,NA,NA,NA
"241",438,233392,170,1,NA,NA,,,,26,,24,,NA,NA,NA,,NA,1,"FY958900",NA,14,NA,NA,1,NA,NA,1,65,31,50,NA,NA,NA,NA,61,7,NA,NA,NA,NA,NA,NA,2,5,4,NA,NA,NA,NA,NA,NA,NA,NA,NA,1,5,3,6,3,3,NA,8,NA,1,NA,NA,1,53,NA,NA,NA,NA,NA,NA,NA,NA,NA,NA,NA,NA,NA,NA,1,NA,NA,1,15,NA,NA,NA,NA,NA,1,2,5,5,1,NA,NA,2,NA,3,30,50,50,100,50,60,1,1,5,NA,NA,1,8,1,10,1,2,4,NA,NA,NA,NA,NA,NA,NA,NA,11,5,8,1,3,1,3,NA,NA,NA,NA,9,10,10,10,10,2,NA,11,2,5,2,6,4,2,1,1,1,7,92852,543,523,1,NA,NA,NA,"FY958900",NA,1963,1,7,NA,1,2,40,,,NA,NA,,1,7,,,2,1,1,,2,1,88835,11,15,1,NA,NA,NA,"FY999775",NA,1966,1,1,5,2,NA,NA,NA,NA,111,5,172,1,5,213,242,1,1,1,168,2,1,88835,11,15,1,NA,NA,NA,"FY999775",NA,1966,1,1,5,2,NA,NA,NA,NA,111,5,172,1,5,213,242,1,1,1,NA,NA,NA,NA,NA,NA,NA,NA,NA,NA,NA,NA,NA,NA,NA,NA,NA,NA,NA,NA,NA,NA,NA,NA,NA
"242",437,233385,169,1,NA,NA,,,,26,,44,,NA,NA,NA,,NA,1,"FY903043",NA,16,NA,NA,1,NA,NA,2,NA,NA,NA,55,9,47,NA,NA,NA,11,12,NA,NA,NA,NA,1,NA,NA,10,0,0,0,NA,0,100,0,0,3,7,3,6,2,3,NA,6,1,1,1,NA,NA,NA,NA,NA,1,1,NA,NA,NA,NA,NA,NA,1,NA,NA,NA,1,NA,NA,NA,NA,NA,NA,1,NA,NA,3,4,2,4,2,NA,NA,NA,1,13,60,60,60,80,80,40,1,1,3,NA,NA,1,4,1,7,1,NA,NA,0,2,8,2,5,2,8,2,24,23,15,2,NA,NA,NA,3,1,3,3,8,10,10,8,10,2,NA,11,2,2,3,3,5,3,3,2,3,6,88849,43,4,1,NA,NA,NA,"FY903043",NA,1960,1,6,NA,2,NA,NA,NA,NA,,31,,1,5,,,2,2,1,,1,1,NA,NA,NA,NA,NA,NA,NA,NA,NA,NA,NA,NA,NA,NA,NA,NA,NA,NA,NA,NA,NA,NA,NA,NA,NA,NA,NA,NA,NA,NA,NA,NA,NA,NA,NA,NA,NA,NA,NA,NA,NA,NA,NA,NA,NA,NA,NA,NA,NA,NA,NA,NA,NA,NA,NA,NA,NA,NA,NA,NA,NA,NA,NA,NA,NA,NA,NA,NA,NA,NA,NA,NA,NA,NA,NA,NA,NA,NA,NA,NA,NA,NA,NA,NA
"243",436,233365,176,1,NA,NA,,,,26,,65,NA,NA,NA,NA,,NA,1,"FY991527",NA,1353,NA,NA,1,NA,NA,2,NA,NA,NA,56,62,67,NA,NA,NA,51,12,NA,NA,NA,NA,2,5,4,NA,NA,NA,NA,NA,NA,NA,NA,NA,4,7,1,2,1,7,NA,5,NA,1,1,NA,NA,NA,NA,NA,NA,1,NA,1,NA,1,1,NA,NA,1,1,5,1,NA,NA,NA,NA,NA,NA,1,NA,NA,7,4,5,3,1,NA,NA,2,NA,3,40,60,50,70,50,30,1,3,1,NA,NA,1,2,1,10,1,3,4,NA,NA,NA,NA,NA,NA,NA,NA,24,4,15,1,3,1,3,NA,NA,NA,NA,NA,10,5,4,4,2,NA,10,2,2,6,5,3,3,5,4,3,4,88864,24,22,1,NA,NA,NA,"FY991527",NA,1980,2,4,NA,2,NA,NA,NA,NA,,31,,1,5,,,2,2,2,,2,1,89033,138,142,1,NA,NA,NA,"FY977020",NA,1973,1,7,NA,2,NA,NA,NA,NA,99,15,392,1,5,32,111,2,1,2,103,2,1,89033,138,142,1,NA,NA,NA,"FY977020",NA,1973,1,7,NA,2,NA,NA,NA,NA,99,15,392,1,5,32,111,2,1,2,NA,NA,NA,NA,NA,NA,NA,NA,NA,NA,NA,NA,NA,NA,NA,NA,NA,NA,NA,NA,NA,NA,NA,NA,NA
"244",435,233355,167,1,NA,NA,,,,26,,54,,NA,NA,NA,,NA,1,"FY992788",NA,13,NA,NA,2,10,2,1,54,39,60,NA,NA,NA,NA,65,58,NA,NA,NA,NA,NA,NA,1,NA,NA,7,5,2,0,NA,0,3,5,5,2,7,2,5,1,5,NA,6,NA,1,NA,NA,1,4,NA,NA,NA,NA,NA,NA,NA,NA,NA,NA,NA,NA,NA,NA,1,NA,NA,NA,NA,1,NA,NA,NA,NA,0,NA,1,3,2,NA,NA,NA,1,13,0,40,60,70,70,60,2,NA,NA,22,38,4,7,1,5,1,NA,NA,0,0,6,3,0,0,2,8,28,13,34,1,3,1,3,NA,NA,NA,NA,4,7,6,4,2,2,NA,NA,NA,4,3,4,4,4,2,2,2,6,NA,NA,NA,NA,NA,NA,NA,NA,NA,NA,NA,NA,NA,NA,NA,NA,NA,NA,NA,NA,NA,NA,NA,NA,NA,NA,NA,NA,NA,NA,NA,88832,4,15,1,NA,NA,NA,"FY973419",NA,1975,2,5,19,1,1,2,55,38,NA,NA,432,2,3,295,203,2,1,1,57,3,1,88832,4,15,1,NA,NA,NA,"FY973419",NA,1975,2,5,19,1,1,2,55,38,NA,NA,432,2,3,295,203,2,1,1,NA,NA,NA,NA,NA,NA,NA,NA,NA,NA,NA,NA,NA,NA,NA,NA,NA,NA,NA,NA,NA,NA,NA,NA,NA
"245",434,233351,173,1,NA,NA,,,,26,,56,NA,NA,NA,NA,,NA,1,"FY967152",NA,718,NA,NA,2,11,1,2,NA,NA,NA,NA,74,NA,NA,NA,NA,NA,NA,NA,1,NA,1,1,NA,NA,0,5,5,0,NA,5,5,0,0,4,7,2,5,1,5,NA,6,1,1,NA,NA,1,148,NA,NA,NA,NA,1,NA,11,NA,NA,NA,NA,NA,NA,NA,1,NA,NA,1,40,NA,NA,NA,NA,NA,NA,NA,1,7,1,NA,NA,1,NA,16,30,85,85,85,85,85,2,NA,NA,NA,27,3,NA,4,NA,1,NA,NA,0,5,5,5,6,6,6,5,18,NA,NA,1,3,1,3,NA,NA,NA,NA,2,10,9,10,10,3,29,NA,NA,4,6,6,4,4,3,1,4,6,NA,NA,NA,NA,NA,NA,NA,NA,NA,NA,NA,NA,NA,NA,NA,NA,NA,NA,NA,NA,NA,NA,NA,NA,NA,NA,NA,NA,NA,NA,NA,NA,NA,NA,NA,NA,NA,NA,NA,NA,NA,NA,NA,NA,NA,NA,NA,NA,NA,NA,NA,NA,NA,NA,NA,NA,NA,NA,NA,NA,NA,NA,NA,NA,NA,NA,NA,NA,NA,NA,NA,NA,NA,NA,NA,NA,NA,NA,NA,NA,NA,NA,NA,NA,NA,NA,NA,NA,NA,NA,NA,NA,NA,NA,NA,NA,NA,NA,NA,NA,NA,NA,NA,NA,NA,NA,NA,NA,NA,NA,NA,NA,NA,NA,NA
"246",433,233347,168,1,NA,NA,,,,26,,27,NA,NA,NA,NA,,NA,1,"FY959155",NA,56,NA,NA,2,10,NA,2,NA,NA,NA,54,13,9,NA,NA,NA,37,37,NA,NA,NA,NA,2,5,5,NA,NA,NA,NA,NA,NA,NA,NA,NA,5,6,1,4,2,4,NA,4,1,1,NA,NA,1,40,1,NA,1,1,NA,NA,NA,NA,1,1,1,NA,1,NA,1,NA,NA,NA,NA,1,NA,NA,NA,NA,2,4,5,5,4,NA,1,NA,NA,13,15,60,40,60,70,50,2,NA,NA,9,47,1,9,3,8,3,3,1,NA,NA,NA,NA,NA,NA,NA,NA,27,25,33,2,NA,NA,NA,1,1,3,NA,9,10,4,4,8,2,NA,NA,NA,3,3,4,6,6,1,1,1,7,89243,255,257,1,NA,NA,NA,"FY959155",NA,1922,1,7,NA,2,NA,NA,NA,NA,,46,,4,7,,,2,2,1,,2,1,NA,NA,NA,NA,NA,NA,NA,NA,NA,NA,NA,NA,NA,NA,NA,NA,NA,NA,NA,NA,NA,NA,NA,NA,NA,NA,NA,NA,NA,NA,NA,NA,NA,NA,NA,NA,NA,NA,NA,NA,NA,NA,NA,NA,NA,NA,NA,NA,NA,NA,NA,NA,NA,NA,NA,NA,NA,NA,NA,NA,NA,NA,NA,NA,NA,NA,NA,NA,NA,NA,NA,NA,NA,NA,NA,NA,NA,NA,NA,NA,NA,NA,NA,NA
"247",432,233321,166,1,NA,NA,,,,26,NA,NA,NA,NA,NA,NA,,NA,1,"FY932078",NA,201,NA,NA,1,NA,NA,2,NA,NA,NA,52,35,31,NA,NA,NA,46,NA,NA,1,NA,NA,2,5,4,NA,NA,NA,NA,NA,NA,NA,NA,NA,1,7,3,7,1,3,NA,3,1,1,NA,NA,1,57,NA,NA,NA,NA,NA,NA,NA,NA,1,1,1,NA,1,NA,1,NA,NA,1,38,1,NA,NA,1,57,2,3,4,4,3,19,NA,2,NA,16,15,60,55,80,80,55,1,1,3,NA,NA,4,8,1,7,6,3,4,NA,NA,NA,NA,NA,NA,NA,NA,24,23,5,2,NA,NA,NA,4,1,3,3,7,9,8,5,8,3,19,10,2,3,5,4,2,3,4,4,4,5,88838,42,39,1,NA,NA,NA,"FY932078",NA,1983,1,4,NA,2,NA,NA,NA,NA,,5,,3,7,,,2,2,2,,3,1,88831,4,15,1,NA,NA,NA,"FY963040",NA,1972,1,3,NA,1,2,26,91,57,NA,NA,291,1,7,339,366,2,2,1,72,1,2,88831,4,15,1,NA,NA,NA,"FY963040",NA,1972,1,3,NA,1,2,26,91,57,NA,NA,291,1,7,339,366,2,2,1,NA,NA,NA,NA,NA,NA,NA,NA,NA,NA,NA,NA,NA,NA,NA,NA,NA,NA,NA,NA,NA,NA,NA,NA,NA
"248",431,233312,163,1,NA,NA,,,,26,,27,NA,NA,NA,NA,,NA,1,"FY981143",NA,1099,NA,NA,1,NA,NA,2,NA,NA,NA,26,78,26,NA,NA,NA,30,48,NA,NA,NA,NA,2,3,1,NA,NA,NA,NA,NA,NA,NA,NA,NA,2,5,3,5,2,5,NA,6,1,1,NA,NA,NA,NA,NA,NA,NA,1,NA,1,NA,NA,NA,NA,1,NA,1,NA,1,NA,NA,NA,NA,NA,NA,NA,1,58,2,4,2,6,1,NA,NA,1,NA,16,70,85,85,85,85,85,2,NA,NA,19,12,4,4,1,4,1,1,1,NA,NA,NA,NA,NA,NA,NA,NA,12,6,25,1,4,1,3,NA,NA,NA,NA,4,4,3,0,7,2,NA,11,1,5,3,6,3,3,3,3,2,5,89098,237,230,1,NA,NA,NA,"FY981143",NA,1987,2,5,NA,2,NA,NA,NA,NA,,42,,1,3,,,2,1,2,,1,1,89053,197,213,1,NA,NA,NA,"FY907250",NA,1959,1,7,NA,2,NA,NA,NA,NA,26,1,466,1,2,212,208,2,1,1,86,3,1,89053,197,213,1,NA,NA,NA,"FY907250",NA,1959,1,7,NA,2,NA,NA,NA,NA,26,1,466,1,2,212,208,2,1,1,NA,NA,NA,NA,NA,NA,NA,NA,NA,NA,NA,NA,NA,NA,NA,NA,NA,NA,NA,NA,NA,NA,NA,NA,NA
"249",430,233295,165,1,NA,NA,,,,26,,44,,NA,NA,NA,,NA,1,"FY979910",NA,29,NA,NA,1,NA,NA,2,NA,NA,NA,21,61,48,NA,NA,NA,NA,NA,NA,1,NA,3,1,NA,NA,0,0,0,0,NA,NA,10,NA,NA,3,7,4,4,2,6,NA,6,1,NA,NA,NA,1,14,1,1,NA,1,NA,1,NA,NA,NA,NA,NA,NA,NA,NA,1,NA,1,1,22,1,1,1,1,14,7,4,7,7,1,NA,NA,2,NA,NA,NA,NA,NA,NA,NA,NA,2,NA,NA,16,24,4,6,1,8,3,NA,NA,0,0,5,5,0,0,0,0,22,4,4,1,2,1,3,NA,NA,NA,NA,9,10,5,1,9,2,NA,11,8,3,5,4,5,2,3,3,5,4,89811,451,439,1,NA,NA,NA,"FY979910",NA,NA,1,5,NA,1,2,NA,NA,NA,NA,NA,,1,1,NA,NA,2,2,2,NA,2,1,NA,NA,NA,NA,NA,NA,NA,NA,NA,NA,NA,NA,NA,NA,NA,NA,NA,NA,NA,NA,NA,NA,NA,NA,NA,NA,NA,NA,NA,NA,NA,NA,NA,NA,NA,NA,NA,NA,NA,NA,NA,NA,NA,NA,NA,NA,NA,NA,NA,NA,NA,NA,NA,NA,NA,NA,NA,NA,NA,NA,NA,NA,NA,NA,NA,NA,NA,NA,NA,NA,NA,NA,NA,NA,NA,NA,NA,NA,NA,NA,NA,NA,NA,NA
"250",429,233292,164,1,NA,NA,,,,26,,37,,NA,NA,NA,,NA,1,"FY982803",NA,310,NA,NA,1,NA,NA,1,54,39,74,NA,NA,NA,NA,64,67,NA,NA,NA,NA,NA,NA,2,3,1,NA,NA,NA,NA,NA,NA,NA,NA,NA,3,7,2,4,1,4,NA,3,NA,NA,NA,NA,1,17,NA,NA,NA,NA,NA,NA,NA,NA,NA,NA,NA,NA,1,NA,NA,NA,NA,1,46,1,NA,1,NA,NA,0,NA,3,6,2,NA,NA,NA,1,10,30,70,50,50,50,40,2,NA,NA,16,28,3,NA,2,7,6,2,4,NA,NA,NA,NA,NA,NA,NA,NA,16,10,15,2,NA,NA,NA,4,1,3,3,6,10,5,10,7,2,NA,11,3,4,6,3,3,4,3,4,3,5,88985,100,103,1,NA,NA,NA,"FY982803",NA,1954,2,7,NA,2,NA,NA,NA,NA,,31,,2,5,,,2,2,2,,1,1,NA,NA,NA,NA,NA,NA,NA,NA,NA,NA,NA,NA,NA,NA,NA,NA,NA,NA,NA,NA,NA,NA,NA,NA,NA,NA,NA,NA,NA,NA,NA,NA,NA,NA,NA,NA,NA,NA,NA,NA,NA,NA,NA,NA,NA,NA,NA,NA,NA,NA,NA,NA,NA,NA,NA,NA,NA,NA,NA,NA,NA,NA,NA,NA,NA,NA,NA,NA,NA,NA,NA,NA,NA,NA,NA,NA,NA,NA,NA,NA,NA,NA,NA,NA
"251",428,233288,162,1,NA,NA,,,,7,,26,NA,NA,NA,NA,,NA,1,"FY962351",NA,71,NA,NA,2,11,2,1,NA,31,NA,NA,NA,NA,NA,55,NA,NA,NA,NA,NA,2,NA,2,5,4,NA,NA,NA,NA,NA,NA,NA,NA,NA,1,7,3,5,1,5,NA,6,NA,1,NA,NA,1,139,NA,NA,NA,NA,1,NA,NA,NA,NA,NA,1,1,1,22,NA,NA,NA,NA,NA,NA,NA,NA,1,63,0,NA,7,2,1,NA,NA,2,NA,NA,5,85,NA,NA,NA,NA,2,NA,NA,23,3,2,5,3,9,4,2,4,NA,NA,NA,NA,NA,NA,NA,NA,31,27,30,2,NA,NA,NA,4,1,3,3,7,9,0,0,0,4,NA,NA,NA,3,5,2,4,2,2,2,2,6,89761,391,384,1,NA,NA,NA,"FY962351",NA,1958,1,7,NA,2,NA,NA,NA,NA,,22,,1,5,,,2,2,1,,3,1,NA,NA,NA,NA,NA,NA,NA,NA,NA,NA,NA,NA,NA,NA,NA,NA,NA,NA,NA,NA,NA,NA,NA,NA,NA,NA,NA,NA,NA,NA,NA,NA,NA,NA,NA,NA,NA,NA,NA,NA,NA,NA,NA,NA,NA,NA,NA,NA,NA,NA,NA,NA,NA,NA,NA,NA,NA,NA,NA,NA,NA,NA,NA,NA,NA,NA,NA,NA,NA,NA,NA,NA,NA,NA,NA,NA,NA,NA,NA,NA,NA,NA,NA,NA
"252",427,233285,161,1,NA,NA,,,,26,NA,NA,NA,NA,NA,NA,,NA,1,"FY963891",NA,43,NA,NA,1,NA,NA,1,NA,25,33,NA,NA,NA,NA,18,NA,NA,NA,NA,NA,2,NA,1,NA,NA,9,NA,NA,NA,NA,NA,8,NA,NA,8,7,1,4,2,5,NA,4,1,NA,NA,1,1,89,1,1,1,1,NA,1,NA,NA,NA,NA,NA,NA,NA,NA,1,NA,NA,NA,NA,NA,NA,NA,NA,NA,6,4,2,5,2,NA,NA,NA,1,8,30,70,40,70,70,60,1,2,2,NA,NA,3,NA,2,8,2,NA,NA,5,5,5,5,1,5,5,5,23,14,35,2,NA,NA,NA,2,1,3,3,6,8,0,6,3,4,NA,8,6,5,5,NA,2,2,6,6,6,6,NA,NA,NA,NA,NA,NA,NA,NA,NA,NA,NA,NA,NA,NA,NA,NA,NA,NA,NA,NA,NA,NA,NA,NA,NA,NA,NA,NA,NA,NA,NA,NA,NA,NA,NA,NA,NA,NA,NA,NA,NA,NA,NA,NA,NA,NA,NA,NA,NA,NA,NA,NA,NA,NA,NA,NA,NA,NA,NA,NA,NA,NA,NA,NA,NA,NA,NA,NA,NA,NA,NA,NA,NA,NA,NA,NA,NA,NA,NA,NA,NA,NA,NA,NA,NA,NA,NA,NA,NA,NA,NA,NA,NA,NA,NA,NA,NA,NA,NA,NA,NA,NA,NA,NA,NA,NA,NA,NA,NA,NA,NA,NA,NA,NA,NA
"253",426,233240,160,1,NA,NA,,,,26,,27,NA,NA,NA,NA,,NA,1,"FY984691",NA,37,NA,NA,1,NA,NA,2,NA,NA,NA,27,52,36,NA,NA,NA,33,58,NA,NA,NA,NA,1,NA,NA,2,NA,NA,NA,NA,NA,4,NA,NA,3,7,1,5,2,6,NA,6,NA,1,NA,NA,1,86,NA,NA,NA,NA,NA,NA,NA,NA,NA,NA,NA,NA,NA,NA,1,NA,NA,NA,NA,NA,NA,NA,NA,NA,0,NA,2,3,1,NA,NA,2,NA,9,30,60,50,45,50,45,1,1,1,NA,NA,4,4,2,4,2,NA,NA,0,0,5,5,0,0,1,1,12,27,10,2,NA,NA,NA,4,1,3,3,5,10,1,3,3,2,NA,9,5,3,5,6,5,5,3,3,2,6,88857,12,10,1,NA,NA,NA,"FY984691",NA,1955,1,7,NA,2,NA,NA,NA,NA,,24,,1,5,,NA,2,1,2,,2,2,88947,71,70,1,NA,NA,NA,"FY909037",NA,1974,2,4,NA,2,NA,NA,NA,NA,206,29,22,1,2,115,423,2,1,2,66,2,1,88947,71,70,1,NA,NA,NA,"FY909037",NA,1974,2,4,NA,2,NA,NA,NA,NA,206,29,22,1,2,115,423,2,1,2,NA,NA,NA,NA,NA,NA,NA,NA,NA,NA,NA,NA,NA,NA,NA,NA,NA,NA,NA,NA,NA,NA,NA,NA,NA
"254",420,230763,157,1,NA,NA,,,,26,,28,,NA,NA,NA,,NA,1,"FY934103",NA,30,NA,NA,1,NA,NA,2,NA,NA,NA,47,NA,NA,NA,NA,NA,NA,NA,NA,2,NA,1,1,NA,NA,0,0,0,0,NA,0,1,0,0,1,7,3,6,2,6,NA,3,NA,NA,NA,NA,NA,NA,NA,NA,NA,NA,NA,NA,NA,NA,NA,NA,NA,NA,NA,NA,1,NA,NA,NA,NA,NA,NA,1,NA,NA,0,1,3,5,1,NA,NA,2,NA,14,45,60,50,80,50,50,1,1,3,NA,NA,4,7,2,9,4,NA,NA,0,0,2,0,0,0,2,0,16,1,10,2,NA,NA,NA,3,1,3,3,7,10,9,9,7,2,NA,11,2,3,4,4,4,2,3,2,3,5,89131,155,156,1,NA,NA,NA,"FY934103",NA,1961,1,7,NA,2,NA,NA,NA,NA,,42,,1,7,,,1,2,2,,3,2,NA,NA,NA,NA,NA,NA,NA,NA,NA,NA,NA,NA,NA,NA,NA,NA,NA,NA,NA,NA,NA,NA,NA,NA,NA,NA,NA,NA,NA,NA,NA,NA,NA,NA,NA,NA,NA,NA,NA,NA,NA,NA,NA,NA,NA,NA,NA,NA,NA,NA,NA,NA,NA,NA,NA,NA,NA,NA,NA,NA,NA,NA,NA,NA,NA,NA,NA,NA,NA,NA,NA,NA,NA,NA,NA,NA,NA,NA,NA,NA,NA,NA,NA,NA
"255",421,230865,158,1,NA,NA,,,,26,,27,NA,NA,NA,NA,,NA,1,"FY932638",NA,28,NA,NA,1,NA,NA,1,30,NA,38,NA,NA,NA,NA,NA,NA,NA,NA,1,NA,3,NA,2,3,1,NA,NA,NA,NA,NA,NA,NA,NA,NA,1,7,3,7,1,6,NA,8,NA,NA,NA,NA,1,110,NA,NA,NA,NA,1,NA,14,NA,NA,NA,NA,1,NA,28,1,NA,NA,1,1,NA,NA,NA,NA,NA,0,5,5,8,1,NA,NA,2,NA,13,30,100,90,90,90,90,2,NA,NA,11,46,1,7,2,9,4,3,5,NA,NA,NA,NA,NA,NA,NA,NA,19,20,21,2,NA,NA,NA,3,1,3,3,3,10,0,0,0,1,NA,4,2,3,6,3,4,7,2,1,1,7,89225,278,279,1,NA,NA,NA,"FY932638",NA,1933,1,7,NA,2,NA,NA,NA,NA,,5,,1,7,,NA,1,1,2,,1,2,89003,112,120,1,NA,NA,NA,"FY930546",NA,1969,1,7,NA,1,1,2,50,32,NA,NA,430,1,3,225,413,2,1,1,46,3,1,89003,112,120,1,NA,NA,NA,"FY930546",NA,1969,1,7,NA,1,1,2,50,32,NA,NA,430,1,3,225,413,2,1,1,NA,NA,NA,NA,NA,NA,NA,NA,NA,NA,NA,NA,NA,NA,NA,NA,NA,NA,NA,NA,NA,NA,NA,NA,NA
"256",422,231572,159,1,NA,NA,,,,26,,53,,NA,NA,NA,,NA,1,"FY962651",NA,13,NA,NA,1,NA,NA,2,NA,NA,NA,43,23,13,NA,NA,NA,45,24,NA,NA,NA,NA,2,5,4,NA,NA,NA,NA,NA,NA,NA,NA,NA,1,5,2,5,1,4,NA,6,NA,NA,NA,NA,1,120,NA,NA,NA,NA,NA,NA,NA,NA,NA,NA,NA,NA,NA,NA,1,NA,NA,NA,NA,NA,NA,1,NA,NA,0,4,2,3,2,NA,NA,NA,1,16,40,60,85,85,100,60,2,NA,NA,8,10,3,NA,2,9,1,3,4,NA,NA,NA,NA,NA,NA,NA,NA,16,27,5,2,NA,NA,NA,3,1,3,3,6,10,2,10,10,3,23,4,2,3,5,6,3,2,3,3,3,5,88974,91,94,1,NA,NA,NA,"FY962651",NA,1979,2,7,NA,2,NA,NA,NA,NA,,16,,1,2,,,2,2,2,,2,2,88912,67,44,1,NA,NA,NA,"FY981277",NA,1963,1,7,NA,2,NA,NA,NA,NA,104,18,262,1,7,83,NA,2,2,2,162,3,1,88912,67,44,1,NA,NA,NA,"FY981277",NA,1963,1,7,NA,2,NA,NA,NA,NA,104,18,262,1,7,83,NA,2,2,2,NA,NA,NA,NA,NA,NA,NA,NA,NA,NA,NA,NA,NA,NA,NA,NA,NA,NA,NA,NA,NA,NA,NA,NA,NA
"257",423,231937,184,1,NA,NA,,,,7,NA,NA,NA,NA,NA,NA,,NA,1,"FY967303",NA,127,NA,NA,1,NA,NA,1,NA,28,2,NA,NA,NA,NA,6,82,NA,NA,NA,NA,NA,NA,2,5,4,NA,NA,NA,NA,NA,NA,NA,NA,NA,1,6,2,7,3,5,NA,3,NA,NA,NA,NA,1,71,NA,NA,NA,NA,1,NA,33,NA,NA,NA,NA,1,NA,30,NA,NA,NA,1,18,NA,NA,NA,1,36,0,5,7,2,3,12,NA,NA,NA,13,30,70,50,70,85,85,2,NA,NA,27,7,1,5,1,2,6,3,5,NA,NA,NA,NA,NA,NA,NA,NA,7,14,30,1,1,3,4,NA,NA,NA,NA,8,0,0,5,10,3,9,4,2,3,4,7,3,3,2,4,5,6,89607,382,376,1,NA,NA,NA,"FY967303",NA,1946,2,7,NA,1,1,3,,,NA,NA,,1,5,,,2,2,1,,2,1,89049,149,152,1,NA,NA,NA,"FY912192",NA,1935,2,7,NA,2,NA,NA,NA,NA,208,25,417,1,5,362,46,2,2,1,204,2,1,89049,149,152,1,NA,NA,NA,"FY912192",NA,1935,2,7,NA,2,NA,NA,NA,NA,208,25,417,1,5,362,46,2,2,1,NA,NA,NA,NA,NA,NA,NA,NA,NA,NA,NA,NA,NA,NA,NA,NA,NA,NA,NA,NA,NA,NA,NA,NA,NA
"258",424,232011,185,1,NA,NA,,,,21,,3,NA,NA,NA,NA,,NA,1,"FY927211",NA,43,NA,NA,2,4,2,1,NA,12,NA,NA,NA,NA,NA,18,NA,NA,NA,NA,NA,3,NA,2,5,5,NA,NA,NA,NA,NA,NA,NA,NA,NA,2,2,2,4,4,4,NA,5,1,1,NA,1,NA,NA,NA,NA,NA,NA,NA,NA,NA,NA,NA,NA,1,NA,1,NA,1,NA,NA,NA,NA,NA,NA,NA,NA,NA,0,4,1,5,2,NA,NA,NA,3,10,20,40,50,50,50,50,2,NA,NA,23,4,3,NA,1,7,6,1,5,NA,NA,NA,NA,NA,NA,NA,NA,36,14,27,2,NA,NA,NA,3,3,3,1,5,6,0,5,2,2,NA,NA,NA,2,5,4,4,4,4,4,4,6,89905,438,427,1,NA,NA,NA,"FY927211",NA,1967,2,6,NA,1,1,3,,,NA,NA,,2,1,,,2,1,1,,2,1,89004,121,124,1,NA,NA,NA,"FY931146",NA,1925,2,7,NA,2,NA,NA,NA,NA,21,20,154,4,4,309,NA,2,1,1,209,2,1,89004,121,124,1,NA,NA,NA,"FY931146",NA,1925,2,7,NA,2,NA,NA,NA,NA,21,20,154,4,4,309,NA,2,1,1,NA,NA,NA,NA,NA,NA,NA,NA,NA,NA,NA,NA,NA,NA,NA,NA,NA,NA,NA,NA,NA,NA,NA,NA,NA
"259",425,232092,186,1,NA,NA,,,,26,,48,NA,NA,NA,NA,,NA,1,"FY997723",NA,10,NA,NA,1,NA,NA,1,51,29,79,NA,NA,NA,NA,62,54,NA,NA,NA,NA,NA,NA,2,5,4,NA,NA,NA,NA,NA,NA,NA,NA,NA,NA,6,2,7,3,5,NA,6,1,1,NA,NA,NA,NA,NA,NA,NA,1,NA,NA,NA,NA,NA,NA,NA,NA,1,NA,1,NA,NA,NA,NA,NA,NA,1,NA,NA,3,3,4,2,1,NA,NA,2,NA,10,30,60,50,60,60,50,1,1,3,NA,NA,3,NA,2,6,1,1,4,NA,NA,NA,NA,NA,NA,NA,NA,27,27,18,1,3,1,3,NA,NA,NA,NA,7,10,6,5,8,1,NA,10,2,6,6,5,5,5,2,2,4,5,88970,88,89,1,NA,NA,NA,"FY997723",NA,1967,2,7,NA,2,NA,NA,NA,NA,,24,,1,5,,,2,1,1,,3,1,NA,NA,NA,NA,NA,NA,NA,NA,NA,NA,NA,NA,NA,NA,NA,NA,NA,NA,NA,NA,NA,NA,NA,NA,NA,NA,NA,NA,NA,NA,NA,NA,NA,NA,NA,NA,NA,NA,NA,NA,NA,NA,NA,NA,NA,NA,NA,NA,NA,NA,NA,NA,NA,NA,NA,NA,NA,NA,NA,NA,NA,NA,NA,NA,NA,NA,NA,NA,NA,NA,NA,NA,NA,NA,NA,NA,NA,NA,NA,NA,NA,NA,NA,NA
"260",444,233543,175,1,NA,NA,,,,26,,27,NA,NA,NA,NA,,NA,1,"FY938971",NA,24,NA,NA,2,12,2,1,3,31,61,NA,NA,NA,NA,9,66,NA,NA,NA,NA,NA,NA,2,3,4,NA,NA,NA,NA,NA,NA,NA,NA,NA,3,7,2,4,2,5,NA,6,NA,1,NA,NA,1,81,NA,NA,NA,NA,NA,NA,NA,NA,1,NA,NA,1,1,14,1,NA,NA,NA,NA,1,NA,1,NA,NA,1,3,2,2,1,NA,NA,2,NA,16,30,70,85,85,85,60,1,2,3,NA,NA,3,NA,1,8,2,1,4,NA,NA,NA,NA,NA,NA,NA,NA,31,27,5,2,NA,NA,NA,2,1,3,3,5,10,5,8,10,2,NA,NA,NA,2,6,4,4,4,2,1,4,5,NA,NA,NA,NA,NA,NA,NA,NA,NA,NA,NA,NA,NA,NA,NA,NA,NA,NA,NA,NA,NA,NA,NA,NA,NA,NA,NA,NA,NA,NA,NA,NA,NA,NA,NA,NA,NA,NA,NA,NA,NA,NA,NA,NA,NA,NA,NA,NA,NA,NA,NA,NA,NA,NA,NA,NA,NA,NA,NA,NA,NA,NA,NA,NA,NA,NA,NA,NA,NA,NA,NA,NA,NA,NA,NA,NA,NA,NA,NA,NA,NA,NA,NA,NA,NA,NA,NA,NA,NA,NA,NA,NA,NA,NA,NA,NA,NA,NA,NA,NA,NA,NA,NA,NA,NA,NA,NA,NA,NA,NA,NA,NA,NA,NA,NA
"261",445,233565,192,1,NA,NA,,,,7,,22,NA,NA,NA,NA,,NA,1,"FY988909",NA,47,NA,NA,1,NA,NA,1,NA,43,NA,NA,NA,NA,NA,15,NA,NA,NA,NA,NA,2,NA,1,NA,NA,NA,NA,NA,NA,NA,NA,NA,NA,NA,7,7,1,1,1,8,NA,1,1,1,NA,NA,NA,NA,1,NA,NA,NA,NA,NA,NA,NA,1,NA,NA,NA,1,NA,NA,NA,NA,NA,NA,NA,NA,NA,NA,NA,1,3,1,8,2,NA,NA,NA,3,13,70,65,70,50,50,0,2,NA,NA,23,6,1,2,3,3,2,NA,NA,0,5,5,0,10,5,10,10,22,5,30,2,NA,NA,NA,1,4,3,2,5,10,0,10,5,4,NA,8,4,4,6,4,3,4,1,1,1,7,89083,219,221,1,NA,NA,NA,"FY988909",NA,1960,1,7,NA,1,1,5,,,NA,NA,NA,1,2,,,2,2,1,,3,1,NA,NA,NA,NA,NA,NA,NA,NA,NA,NA,NA,NA,NA,NA,NA,NA,NA,NA,NA,NA,NA,NA,NA,NA,NA,NA,NA,NA,NA,NA,NA,NA,NA,NA,NA,NA,NA,NA,NA,NA,NA,NA,NA,NA,NA,NA,NA,NA,NA,NA,NA,NA,NA,NA,NA,NA,NA,NA,NA,NA,NA,NA,NA,NA,NA,NA,NA,NA,NA,NA,NA,NA,NA,NA,NA,NA,NA,NA,NA,NA,NA,NA,NA,NA
"262",446,233573,179,1,NA,NA,,,,26,,56,,NA,NA,NA,,NA,1,"FY919153",NA,29,NA,NA,2,9,2,2,NA,NA,NA,42,NA,NA,NA,NA,NA,NA,NA,NA,1,NA,1,2,3,1,NA,NA,NA,NA,NA,NA,NA,NA,NA,2,7,4,6,1,5,NA,8,NA,1,NA,NA,NA,NA,NA,NA,NA,NA,NA,NA,NA,NA,NA,NA,NA,1,NA,35,1,NA,NA,NA,NA,NA,NA,NA,NA,NA,0,2,3,5,1,NA,NA,2,NA,16,0,60,85,85,85,85,2,NA,NA,8,19,1,7,2,10,1,1,2,NA,NA,NA,NA,NA,NA,NA,NA,22,4,29,1,2,1,3,NA,NA,NA,NA,5,10,7,10,6,3,27,NA,NA,3,6,4,5,2,5,2,4,5,89687,332,334,1,NA,NA,NA,"FY919153",NA,1969,1,NA,,2,NA,NA,NA,NA,,36,,1,7,,,2,2,2,,1,1,88847,42,40,1,NA,NA,NA,"FY912288",NA,1982,1,7,NA,2,NA,NA,NA,NA,36,5,179,1,5,34,289,1,2,2,248,2,1,88847,42,40,1,NA,NA,NA,"FY912288",NA,1982,1,7,NA,2,NA,NA,NA,NA,36,5,179,1,5,34,289,1,2,2,NA,NA,NA,NA,NA,NA,NA,NA,NA,NA,NA,NA,NA,NA,NA,NA,NA,NA,NA,NA,NA,NA,NA,NA,NA
"263",447,233586,180,1,NA,NA,,,,26,,60,,NA,NA,NA,,NA,1,"FY929673",NA,74,NA,NA,2,2,4,1,63,15,41,NA,NA,NA,NA,38,63,NA,NA,NA,NA,NA,NA,2,5,4,NA,NA,NA,NA,NA,NA,NA,NA,NA,7,7,1,3,2,6,NA,5,1,1,NA,NA,1,49,NA,NA,1,NA,NA,NA,NA,NA,1,NA,1,NA,NA,NA,1,NA,NA,NA,NA,NA,NA,1,1,65,5,4,6,7,2,NA,NA,NA,2,16,70,40,70,85,100,30,2,NA,NA,23,3,2,7,1,3,6,3,4,NA,NA,NA,NA,NA,NA,NA,NA,22,20,10,1,1,1,1,NA,NA,NA,NA,6,9,10,7,5,4,NA,NA,NA,5,3,3,4,4,2,1,2,5,90416,501,485,1,NA,NA,NA,"FY929673",NA,1945,2,1,,2,NA,NA,NA,NA,,42,,2,4,,,2,2,1,,2,1,NA,NA,NA,NA,NA,NA,NA,NA,NA,NA,NA,NA,NA,NA,NA,NA,NA,NA,NA,NA,NA,NA,NA,NA,NA,NA,NA,NA,NA,NA,NA,NA,NA,NA,NA,NA,NA,NA,NA,NA,NA,NA,NA,NA,NA,NA,NA,NA,NA,NA,NA,NA,NA,NA,NA,NA,NA,NA,NA,NA,NA,NA,NA,NA,NA,NA,NA,NA,NA,NA,NA,NA,NA,NA,NA,NA,NA,NA,NA,NA,NA,NA,NA,NA
"264",448,233590,177,1,NA,NA,,,,26,,37,,NA,NA,NA,,NA,1,"FY977638",NA,27,NA,NA,1,NA,NA,1,12,11,48,NA,NA,NA,NA,12,71,NA,NA,NA,NA,NA,NA,2,5,4,NA,NA,NA,NA,NA,NA,NA,NA,NA,1,7,3,6,1,5,NA,6,NA,1,NA,NA,NA,NA,NA,NA,NA,NA,NA,NA,NA,NA,NA,NA,NA,NA,NA,NA,1,NA,NA,NA,NA,NA,NA,NA,NA,NA,5,4,2,5,2,NA,NA,NA,1,16,15,70,85,85,85,60,1,1,1,NA,NA,1,5,1,5,2,1,4,NA,NA,NA,NA,NA,NA,NA,NA,22,5,21,1,3,1,3,NA,NA,NA,NA,6,10,0,5,5,2,NA,9,2,4,4,4,4,2,1,1,1,7,89440,293,295,1,NA,NA,NA,"FY977638",NA,1955,1,7,NA,2,NA,NA,NA,NA,,31,,2,5,,,2,1,1,,2,1,89023,137,140,1,NA,NA,NA,"FY988587",NA,1978,1,7,NA,2,NA,NA,NA,NA,111,5,178,1,5,359,409,1,2,2,268,2,1,89023,137,140,1,NA,NA,NA,"FY988587",NA,1978,1,7,NA,2,NA,NA,NA,NA,111,5,178,1,5,359,409,1,2,2,NA,NA,NA,NA,NA,NA,NA,NA,NA,NA,NA,NA,NA,NA,NA,NA,NA,NA,NA,NA,NA,NA,NA,NA,NA
"265",449,233615,178,1,NA,NA,,,,26,,23,,NA,NA,NA,,NA,1,"FY941254",NA,23,NA,NA,2,4,6,2,NA,NA,NA,47,NA,NA,NA,NA,NA,NA,NA,NA,1,NA,1,1,NA,NA,5,0,5,0,NA,0,7,0,2,1,7,3,4,1,6,NA,4,NA,1,NA,NA,1,79,NA,NA,NA,NA,NA,NA,NA,NA,NA,NA,NA,NA,NA,NA,NA,NA,NA,NA,NA,NA,NA,NA,NA,NA,0,5,1,9,1,NA,NA,2,NA,10,40,65,50,50,50,50,1,1,3,NA,NA,3,NA,1,5,1,NA,NA,3,3,5,3,0,0,5,0,11,4,5,1,3,1,3,NA,NA,NA,NA,5,10,0,0,5,1,NA,NA,NA,4,5,4,3,3,2,1,2,5,88873,21,59,1,NA,NA,NA,"FY941254",NA,1969,1,7,NA,2,NA,NA,NA,NA,,31,,1,3,,,2,1,1,,2,1,NA,NA,NA,NA,NA,NA,NA,NA,NA,NA,NA,NA,NA,NA,NA,NA,NA,NA,NA,NA,NA,NA,NA,NA,NA,NA,NA,NA,NA,NA,NA,NA,NA,NA,NA,NA,NA,NA,NA,NA,NA,NA,NA,NA,NA,NA,NA,NA,NA,NA,NA,NA,NA,NA,NA,NA,NA,NA,NA,NA,NA,NA,NA,NA,NA,NA,NA,NA,NA,NA,NA,NA,NA,NA,NA,NA,NA,NA,NA,NA,NA,NA,NA,NA
"266",450,233616,178,1,NA,NA,,,,26,,27,,NA,NA,NA,,NA,1,"FY947599",NA,24,NA,NA,2,12,2,1,52,33,58,NA,NA,NA,NA,48,55,NA,NA,NA,NA,NA,NA,2,5,4,NA,NA,NA,NA,NA,NA,NA,NA,NA,2,7,5,6,2,4,NA,8,1,1,NA,NA,NA,NA,NA,NA,NA,NA,NA,NA,NA,NA,NA,1,1,NA,NA,NA,NA,NA,NA,1,16,1,NA,NA,1,54,0,4,2,4,3,23,NA,NA,NA,17,25,50,50,95,95,95,1,1,3,NA,NA,1,5,2,9,1,2,3,NA,NA,NA,NA,NA,NA,NA,NA,22,2,4,2,NA,NA,NA,3,1,3,3,9,9,10,10,9,1,NA,NA,NA,5,5,3,2,3,3,2,4,5,89740,378,372,1,NA,NA,NA,"FY947599",NA,1952,1,5,NA,2,NA,NA,NA,NA,,5,,1,7,,,2,2,2,,3,1,NA,NA,NA,NA,NA,NA,NA,NA,NA,NA,NA,NA,NA,NA,NA,NA,NA,NA,NA,NA,NA,NA,NA,NA,NA,NA,NA,NA,NA,NA,NA,NA,NA,NA,NA,NA,NA,NA,NA,NA,NA,NA,NA,NA,NA,NA,NA,NA,NA,NA,NA,NA,NA,NA,NA,NA,NA,NA,NA,NA,NA,NA,NA,NA,NA,NA,NA,NA,NA,NA,NA,NA,NA,NA,NA,NA,NA,NA,NA,NA,NA,NA,NA,NA
"267",451,233637,181,1,NA,NA,,,,26,,27,,NA,NA,NA,,NA,1,"FY912288",NA,53,NA,NA,2,9,5,2,NA,NA,NA,57,3,51,NA,NA,NA,49,52,NA,NA,NA,NA,2,3,4,NA,NA,NA,NA,NA,NA,NA,NA,NA,2,6,2,6,2,6,NA,3,NA,1,NA,NA,1,59,NA,NA,NA,NA,NA,NA,NA,NA,NA,NA,1,NA,1,NA,1,NA,NA,NA,NA,NA,NA,1,NA,NA,0,4,0,5,1,NA,NA,1,NA,16,30,85,85,70,85,50,1,1,3,NA,NA,3,NA,2,9,2,3,4,NA,NA,NA,NA,NA,NA,NA,NA,34,20,37,1,2,1,3,NA,NA,NA,NA,5,8,1,2,5,1,NA,NA,NA,2,5,6,4,4,5,2,4,5,88844,42,NA,1,NA,NA,NA,"FY912288",NA,NA,NA,NA,NA,NA,NA,NA,NA,NA,NA,NA,NA,NA,NA,NA,NA,NA,NA,NA,NA,NA,NA,NA,NA,NA,NA,NA,NA,NA,NA,NA,NA,NA,NA,NA,NA,NA,NA,NA,NA,NA,NA,NA,NA,NA,NA,NA,NA,NA,NA,NA,NA,NA,NA,NA,NA,NA,NA,NA,NA,NA,NA,NA,NA,NA,NA,NA,NA,NA,NA,NA,NA,NA,NA,NA,NA,NA,NA,NA,NA,NA,NA,NA,NA,NA,NA,NA,NA,NA,NA,NA,NA,NA,NA,NA,NA,NA,NA,NA,NA,NA,NA,NA,NA,NA,NA
"268",452,233730,182,1,NA,NA,,,,26,,27,,NA,NA,NA,,NA,1,"FY994152",NA,32,NA,NA,2,12,2,1,63,14,18,NA,NA,NA,NA,18,7,NA,NA,NA,NA,NA,NA,1,NA,NA,0,0,0,0,NA,0,0,0,0,1,6,2,5,2,6,NA,3,1,NA,NA,NA,1,120,NA,NA,1,1,NA,NA,NA,NA,NA,NA,NA,NA,NA,NA,1,NA,NA,NA,NA,NA,NA,NA,NA,NA,5,4,2,2,1,NA,NA,2,NA,13,50,90,100,90,80,60,1,4,3,NA,NA,3,NA,1,10,3,NA,NA,0,0,5,2,0,0,5,6,4,13,29,1,3,1,3,NA,NA,NA,NA,6,10,10,7,7,1,NA,NA,NA,2,6,5,2,5,1,1,2,6,88968,87,88,1,NA,NA,NA,"FY994152",NA,1946,1,7,NA,2,NA,NA,NA,NA,,31,,1,5,,,1,2,1,,2,1,88943,69,74,1,NA,NA,NA,"FY920663",NA,1926,2,7,NA,2,NA,NA,NA,NA,62,23,239,1,3,311,263,2,2,1,35,1,1,88943,69,74,1,NA,NA,NA,"FY920663",NA,1926,2,7,NA,2,NA,NA,NA,NA,62,23,239,1,3,311,263,2,2,1,NA,NA,NA,NA,NA,NA,NA,NA,NA,NA,NA,NA,NA,NA,NA,NA,NA,NA,NA,NA,NA,NA,NA,NA,NA
"269",453,233747,189,1,NA,NA,,,,26,,27,,NA,NA,NA,,NA,1,"FY929892",NA,969,NA,NA,2,6,8,1,51,29,54,NA,NA,NA,NA,NA,60,NA,NA,1,NA,NA,NA,1,NA,NA,7,NA,NA,NA,NA,NA,10,NA,NA,4,6,2,4,3,6,NA,4,1,1,1,NA,1,15,NA,NA,1,NA,NA,NA,NA,1,NA,NA,NA,NA,1,NA,1,NA,NA,NA,NA,1,1,1,1,62,4,3,4,4,3,25,NA,NA,NA,3,50,50,100,100,100,100,2,NA,NA,22,48,4,4,2,8,1,NA,NA,5,0,7,6,2,0,5,3,15,5,31,2,NA,NA,NA,4,1,3,3,7,10,5,0,10,4,NA,NA,NA,3,5,7,4,3,1,1,1,7,89433,292,NA,1,NA,NA,NA,"FY929892",NA,1956,1,7,NA,2,NA,NA,NA,NA,,38,,NA,NA,NA,NA,NA,NA,NA,NA,NA,NA,89100,229,232,1,NA,NA,NA,"FY989878",NA,1961,2,7,NA,1,1,9,94,31,NA,NA,367,4,2,186,243,2,1,1,160,3,1,89100,229,232,1,NA,NA,NA,"FY989878",NA,1961,2,7,NA,1,1,9,94,31,NA,NA,367,4,2,186,243,2,1,1,NA,NA,NA,NA,NA,NA,NA,NA,NA,NA,NA,NA,NA,NA,NA,NA,NA,NA,NA,NA,NA,NA,NA,NA,NA
"270",454,233749,183,1,NA,NA,,,,13,,19,NA,NA,NA,NA,,NA,1,"FY931072",NA,52,NA,NA,2,4,2,1,NA,14,NA,NA,NA,NA,NA,18,21,NA,NA,NA,NA,NA,NA,2,3,2,NA,NA,NA,NA,NA,NA,NA,NA,NA,2,7,3,6,2,6,NA,8,NA,1,NA,NA,1,10,NA,NA,NA,NA,NA,NA,NA,NA,NA,NA,1,NA,NA,NA,1,NA,NA,NA,NA,1,NA,1,NA,NA,0,5,5,4,1,NA,NA,2,NA,3,40,100,100,100,100,100,2,NA,NA,1,28,3,NA,2,7,2,1,2,NA,NA,NA,NA,NA,NA,NA,NA,19,27,21,1,4,3,3,NA,NA,NA,NA,8,10,10,9,9,1,NA,NA,NA,2,4,2,4,4,1,1,3,6,89238,254,256,1,NA,NA,NA,"FY931072",NA,1968,1,4,NA,2,NA,NA,NA,NA,,42,,1,7,,,2,2,1,,3,1,NA,NA,NA,NA,NA,NA,NA,NA,NA,NA,NA,NA,NA,NA,NA,NA,NA,NA,NA,NA,NA,NA,NA,NA,NA,NA,NA,NA,NA,NA,NA,NA,NA,NA,NA,NA,NA,NA,NA,NA,NA,NA,NA,NA,NA,NA,NA,NA,NA,NA,NA,NA,NA,NA,NA,NA,NA,NA,NA,NA,NA,NA,NA,NA,NA,NA,NA,NA,NA,NA,NA,NA,NA,NA,NA,NA,NA,NA,NA,NA,NA,NA,NA,NA
"271",455,233774,187,1,NA,NA,,,,26,,27,,NA,NA,NA,,NA,1,"FY937671",NA,44,NA,NA,1,NA,NA,1,62,46,9,NA,NA,NA,NA,68,65,NA,NA,NA,NA,NA,NA,2,5,1,NA,NA,NA,NA,NA,NA,NA,NA,NA,4,7,1,5,1,6,NA,3,NA,1,NA,NA,1,101,NA,NA,NA,NA,NA,NA,NA,NA,1,NA,1,NA,NA,NA,1,NA,NA,1,45,1,NA,NA,NA,NA,1,4,6,2,1,NA,NA,1,NA,3,10,80,100,100,100,75,1,2,4,NA,NA,4,4,2,7,6,2,3,NA,NA,NA,NA,NA,NA,NA,NA,35,33,10,2,NA,NA,NA,4,1,3,3,7,10,7,7,10,1,NA,12,8,5,2,6,5,5,4,2,4,6,92870,563,540,1,NA,NA,NA,"FY937671",NA,1951,1,7,NA,2,NA,NA,NA,NA,,31,,1,7,,,1,2,1,,2,1,89041,143,144,1,NA,NA,NA,"FY967001",NA,1942,2,7,NA,1,1,6,60,41,NA,NA,NA,3,1,72,226,2,1,1,57,2,1,89041,143,144,1,NA,NA,NA,"FY967001",NA,1942,2,7,NA,1,1,6,60,41,NA,NA,NA,3,1,72,226,2,1,1,NA,NA,NA,NA,NA,NA,NA,NA,NA,NA,NA,NA,NA,NA,NA,NA,NA,NA,NA,NA,NA,NA,NA,NA,NA
"272",456,233779,188,1,NA,NA,,,,26,,63,,NA,NA,NA,,NA,1,"FY924456",NA,9,NA,NA,1,NA,NA,1,54,12,49,NA,NA,NA,NA,31,56,NA,NA,NA,NA,NA,NA,1,NA,NA,10,0,0,0,NA,0,10,0,0,1,7,4,7,1,4,NA,3,1,1,NA,NA,NA,NA,NA,NA,NA,NA,NA,NA,NA,NA,NA,NA,1,NA,NA,NA,1,NA,NA,NA,NA,NA,NA,1,1,7,4,4,3,5,1,NA,NA,2,NA,14,15,75,85,70,100,70,1,1,5,NA,NA,4,10,2,10,1,NA,NA,5,0,7,7,0,0,10,5,16,10,15,1,3,1,3,NA,NA,NA,NA,8,0,0,5,5,1,NA,10,2,2,6,3,4,3,1,1,1,7,89730,365,358,1,NA,NA,NA,"FY924456",NA,1979,2,3,NA,1,1,10,,,NA,NA,,3,7,,,2,1,1,,3,1,NA,NA,NA,NA,NA,NA,NA,NA,NA,NA,NA,NA,NA,NA,NA,NA,NA,NA,NA,NA,NA,NA,NA,NA,NA,NA,NA,NA,NA,NA,NA,NA,NA,NA,NA,NA,NA,NA,NA,NA,NA,NA,NA,NA,NA,NA,NA,NA,NA,NA,NA,NA,NA,NA,NA,NA,NA,NA,NA,NA,NA,NA,NA,NA,NA,NA,NA,NA,NA,NA,NA,NA,NA,NA,NA,NA,NA,NA,NA,NA,NA,NA,NA,NA
"273",457,233787,190,1,NA,NA,,,,26,,27,,NA,NA,NA,,NA,1,"FY999105",NA,57,NA,NA,2,12,3,1,73,20,36,NA,NA,NA,NA,44,68,NA,NA,NA,NA,NA,NA,1,NA,NA,0,0,0,0,NA,0,0,0,0,2,6,2,4,2,6,NA,3,NA,1,NA,NA,1,123,NA,NA,NA,NA,NA,NA,NA,NA,NA,NA,NA,NA,NA,NA,1,NA,NA,NA,NA,NA,NA,NA,1,72,0,2,2,3,1,NA,NA,2,NA,NA,15,70,NA,NA,70,70,2,NA,NA,23,6,3,NA,1,10,1,NA,NA,0,0,6,2,2,0,8,8,3,5,5,2,NA,NA,NA,3,1,3,3,8,10,7,8,5,2,NA,NA,NA,3,6,6,5,4,3,1,4,5,89763,393,386,1,NA,NA,NA,"FY999105",NA,1957,2,7,NA,2,NA,NA,NA,NA,,33,,1,7,,,2,2,1,,1,2,NA,NA,NA,NA,NA,NA,NA,NA,NA,NA,NA,NA,NA,NA,NA,NA,NA,NA,NA,NA,NA,NA,NA,NA,NA,NA,NA,NA,NA,NA,NA,NA,NA,NA,NA,NA,NA,NA,NA,NA,NA,NA,NA,NA,NA,NA,NA,NA,NA,NA,NA,NA,NA,NA,NA,NA,NA,NA,NA,NA,NA,NA,NA,NA,NA,NA,NA,NA,NA,NA,NA,NA,NA,NA,NA,NA,NA,NA,NA,NA,NA,NA,NA,NA
"274",458,233809,191,1,NA,NA,,,,26,,58,,NA,NA,NA,,NA,1,"FY964953",NA,20,NA,NA,2,11,6,2,NA,NA,NA,50,NA,NA,NA,NA,NA,NA,NA,NA,1,NA,1,1,NA,NA,8,NA,NA,NA,NA,NA,2,NA,NA,3,7,1,7,1,6,NA,6,NA,NA,NA,1,1,75,NA,NA,1,NA,NA,NA,NA,NA,NA,NA,NA,NA,1,NA,1,NA,NA,NA,NA,NA,NA,NA,NA,NA,5,4,2,6,1,NA,NA,2,NA,17,20,95,95,90,90,70,1,1,3,NA,NA,1,5,2,8,6,NA,NA,0,0,0,0,0,0,0,0,12,27,5,1,4,1,3,NA,NA,NA,NA,6,10,10,5,10,1,NA,NA,NA,3,5,3,5,3,3,2,2,6,89010,117,121,1,NA,NA,NA,"FY964953",NA,1954,1,7,NA,2,NA,NA,NA,NA,,5,,1,5,,NA,2,2,2,,3,1,88856,10,10,1,NA,NA,NA,"FY972321",NA,1946,2,1,30,1,2,8,17,63,NA,NA,470,2,1,360,145,2,2,1,110,3,1,88856,10,10,1,NA,NA,NA,"FY972321",NA,1946,2,1,30,1,2,8,17,63,NA,NA,470,2,1,360,145,2,2,1,NA,NA,NA,NA,NA,NA,NA,NA,NA,NA,NA,NA,NA,NA,NA,NA,NA,NA,NA,NA,NA,NA,NA,NA,NA
"275",459,233824,193,1,NA,NA,,,,26,,27,,NA,NA,NA,,NA,1,"FY904554",NA,166,NA,NA,1,NA,NA,1,87,17,1,NA,NA,NA,NA,41,76,NA,NA,NA,NA,NA,NA,1,NA,NA,7,0,0,0,NA,0,8,0,0,5,7,5,6,2,6,NA,6,NA,1,NA,NA,NA,NA,NA,NA,NA,NA,NA,NA,NA,NA,NA,NA,1,NA,1,NA,NA,NA,NA,NA,NA,NA,NA,NA,NA,NA,0,3,1,9,2,NA,NA,NA,1,NA,15,30,NA,NA,NA,NA,2,NA,NA,32,7,3,NA,1,6,6,NA,NA,0,0,3,1,2,0,5,5,10,27,10,2,NA,NA,NA,3,1,3,3,6,9,0,9,10,1,NA,10,5,1,3,4,4,4,3,3,4,4,89453,300,302,1,NA,NA,NA,"FY904554",NA,1958,2,7,NA,2,NA,NA,NA,NA,NA,5,NA,NA,NA,,,2,1,2,,3,1,89063,205,206,1,NA,NA,NA,"FY962783",NA,1979,1,3,NA,1,2,28,66,10,NA,NA,4,1,5,162,230,2,2,1,66,3,1,89063,205,206,1,NA,NA,NA,"FY962783",NA,1979,1,3,NA,1,2,28,66,10,NA,NA,4,1,5,162,230,2,2,1,NA,NA,NA,NA,NA,NA,NA,NA,NA,NA,NA,NA,NA,NA,NA,NA,NA,NA,NA,NA,NA,NA,NA,NA,NA
"276",460,233826,204,1,NA,NA,,,,26,,27,NA,NA,NA,NA,,NA,1,"FY986267",NA,24,NA,NA,1,NA,NA,2,NA,NA,NA,NA,NA,64,NA,NA,NA,NA,40,NA,NA,NA,1,1,NA,NA,0,0,0,0,NA,NA,10,NA,NA,1,7,1,4,1,4,NA,6,NA,1,NA,NA,1,111,NA,NA,NA,NA,NA,NA,NA,NA,NA,NA,NA,1,1,15,1,NA,NA,NA,NA,1,NA,1,NA,NA,1,4,1,6,1,NA,NA,1,NA,16,15,75,50,85,90,70,1,4,3,NA,NA,3,NA,2,3,1,NA,NA,0,10,5,5,10,10,0,0,19,16,18,2,NA,NA,NA,2,1,3,3,6,10,1,8,1,2,NA,11,2,2,6,4,4,3,4,4,4,5,89156,174,176,1,NA,NA,NA,"FY986267",NA,1971,1,5,NA,2,NA,NA,NA,NA,,5,,1,5,,,2,1,2,,1,1,NA,NA,NA,NA,NA,NA,NA,NA,NA,NA,NA,NA,NA,NA,NA,NA,NA,NA,NA,NA,NA,NA,NA,NA,NA,NA,NA,NA,NA,NA,NA,NA,NA,NA,NA,NA,NA,NA,NA,NA,NA,NA,NA,NA,NA,NA,NA,NA,NA,NA,NA,NA,NA,NA,NA,NA,NA,NA,NA,NA,NA,NA,NA,NA,NA,NA,NA,NA,NA,NA,NA,NA,NA,NA,NA,NA,NA,NA,NA,NA,NA,NA,NA,NA
"277",461,233836,206,1,NA,NA,,,,15,,17,NA,NA,NA,NA,,NA,1,"FY967945",NA,92,NA,NA,2,9,8,1,89,31,NA,NA,NA,NA,NA,28,NA,NA,NA,NA,NA,2,NA,1,NA,NA,5,0,0,0,NA,0,0,0,0,5,7,1,7,1,6,NA,4,NA,NA,NA,NA,1,74,NA,NA,NA,NA,1,NA,27,NA,NA,NA,NA,1,NA,2,NA,NA,NA,1,5,NA,NA,1,NA,NA,2,3,3,7,2,NA,NA,NA,2,13,30,30,70,70,70,70,1,NA,2,NA,NA,4,5,4,NA,2,NA,NA,5,5,5,5,5,5,5,5,22,13,27,1,4,3,3,NA,NA,NA,NA,8,0,0,7,7,2,NA,NA,NA,5,3,4,7,1,7,4,7,4,89771,402,399,1,NA,NA,NA,"FY967945",NA,1961,2,1,,1,1,1,,,NA,NA,NA,3,2,,,2,1,1,,2,1,NA,NA,NA,NA,NA,NA,NA,NA,NA,NA,NA,NA,NA,NA,NA,NA,NA,NA,NA,NA,NA,NA,NA,NA,NA,NA,NA,NA,NA,NA,NA,NA,NA,NA,NA,NA,NA,NA,NA,NA,NA,NA,NA,NA,NA,NA,NA,NA,NA,NA,NA,NA,NA,NA,NA,NA,NA,NA,NA,NA,NA,NA,NA,NA,NA,NA,NA,NA,NA,NA,NA,NA,NA,NA,NA,NA,NA,NA,NA,NA,NA,NA,NA,NA
"278",462,233841,205,1,NA,NA,,,,19,,19,NA,NA,NA,NA,,NA,1,"FY996137",NA,86,NA,NA,2,4,8,2,NA,NA,NA,NA,NA,20,NA,NA,NA,NA,22,NA,NA,NA,1,2,3,4,NA,NA,NA,NA,NA,NA,NA,NA,NA,1,7,2,4,2,6,NA,3,NA,NA,NA,NA,1,90,NA,NA,NA,NA,1,NA,30,NA,NA,NA,1,NA,1,NA,NA,NA,NA,1,8,NA,NA,NA,1,6,2,4,6,5,2,NA,NA,NA,1,3,0,60,100,100,100,30,2,NA,NA,16,28,3,NA,4,NA,3,2,2,NA,NA,NA,NA,NA,NA,NA,NA,22,3,10,1,4,1,3,NA,NA,NA,NA,6,0,0,0,0,1,NA,NA,NA,4,4,3,3,4,2,2,2,6,91373,522,503,1,NA,NA,NA,"FY996137",NA,1958,1,7,NA,2,NA,NA,NA,NA,,5,,3,7,,,2,2,2,,3,1,NA,NA,NA,NA,NA,NA,NA,NA,NA,NA,NA,NA,NA,NA,NA,NA,NA,NA,NA,NA,NA,NA,NA,NA,NA,NA,NA,NA,NA,NA,NA,NA,NA,NA,NA,NA,NA,NA,NA,NA,NA,NA,NA,NA,NA,NA,NA,NA,NA,NA,NA,NA,NA,NA,NA,NA,NA,NA,NA,NA,NA,NA,NA,NA,NA,NA,NA,NA,NA,NA,NA,NA,NA,NA,NA,NA,NA,NA,NA,NA,NA,NA,NA,NA
"279",464,233846,209,1,NA,NA,,,,26,,27,NA,NA,NA,NA,,NA,1,"FY930782",NA,36,NA,NA,2,10,4,2,NA,NA,NA,NA,NA,NA,NA,NA,NA,NA,NA,NA,2,NA,1,1,NA,NA,0,0,0,0,NA,0,3,0,0,3,6,1,2,3,5,NA,6,1,1,1,NA,NA,NA,NA,NA,1,NA,NA,NA,NA,NA,1,NA,NA,NA,NA,NA,1,NA,NA,NA,NA,1,NA,NA,NA,NA,0,4,4,7,2,NA,NA,NA,1,3,40,40,100,100,100,30,2,NA,NA,32,30,4,3,1,8,2,NA,NA,2,0,3,3,3,4,7,5,31,14,5,2,NA,NA,NA,3,3,3,3,7,8,0,8,5,1,NA,NA,NA,3,4,5,5,5,5,5,3,5,89462,301,303,1,NA,NA,NA,"FY930782",NA,1980,2,7,NA,2,NA,NA,NA,NA,,15,,2,1,,,2,1,2,,3,1,88922,62,62,1,NA,NA,NA,"FY919519",NA,1963,1,7,NA,2,NA,NA,NA,NA,131,29,358,2,4,73,NA,2,2,1,114,1,1,88922,62,62,1,NA,NA,NA,"FY919519",NA,1963,1,7,NA,2,NA,NA,NA,NA,131,29,358,2,4,73,NA,2,2,1,NA,NA,NA,NA,NA,NA,NA,NA,NA,NA,NA,NA,NA,NA,NA,NA,NA,NA,NA,NA,NA,NA,NA,NA,NA
"280",465,233847,210,1,NA,NA,,,,8,,16,NA,NA,NA,NA,,NA,1,"FY912053",NA,36,NA,NA,1,NA,NA,2,NA,NA,NA,47,NA,40,NA,NA,NA,NA,10,NA,NA,NA,1,2,3,1,NA,NA,NA,NA,NA,NA,NA,NA,NA,1,7,1,4,2,6,NA,6,NA,1,NA,NA,NA,NA,1,NA,NA,1,NA,NA,NA,NA,NA,NA,1,NA,1,NA,NA,NA,NA,NA,NA,NA,NA,NA,NA,NA,5,4,4,5,1,NA,NA,1,NA,8,30,70,50,40,80,30,1,4,5,NA,NA,2,9,3,5,2,1,2,NA,NA,NA,NA,NA,NA,NA,NA,31,14,30,2,NA,NA,NA,1,4,3,NA,7,5,7,10,10,1,NA,11,1,1,6,6,3,2,1,7,7,4,89777,404,398,1,NA,NA,NA,"FY912053",NA,1946,2,7,NA,1,1,3,,,NA,NA,,2,5,,,2,1,1,,3,1,89026,130,134,1,NA,NA,NA,"FY970472",NA,1986,1,1,10,2,NA,NA,NA,NA,129,5,403,1,5,94,392,2,2,2,149,1,1,89026,130,134,1,NA,NA,NA,"FY970472",NA,1986,1,1,10,2,NA,NA,NA,NA,129,5,403,1,5,94,392,2,2,2,NA,NA,NA,NA,NA,NA,NA,NA,NA,NA,NA,NA,NA,NA,NA,NA,NA,NA,NA,NA,NA,NA,NA,NA,NA
"281",466,233888,211,1,NA,NA,,,,7,,22,NA,NA,NA,NA,,NA,1,"FY926875",NA,47,NA,NA,2,4,5,2,NA,NA,NA,7,18,47,NA,NA,NA,48,12,NA,NA,NA,NA,2,3,1,NA,NA,NA,NA,NA,NA,NA,NA,NA,1,7,2,6,2,6,NA,3,1,NA,NA,NA,1,62,NA,NA,NA,NA,1,NA,20,NA,NA,NA,NA,NA,1,NA,NA,NA,NA,1,21,NA,NA,NA,1,8,1,4,4,7,1,NA,NA,1,NA,16,60,70,85,85,90,60,2,NA,NA,8,7,3,NA,2,1,2,1,2,NA,NA,NA,NA,NA,NA,NA,NA,27,27,15,2,NA,NA,NA,2,2,3,3,5,9,1,1,1,2,NA,NA,NA,5,4,4,5,5,3,3,3,3,89332,284,287,1,NA,NA,NA,"FY926875",NA,1940,1,7,NA,2,NA,NA,NA,NA,,5,,1,5,,,2,2,2,,3,1,NA,NA,NA,NA,NA,NA,NA,NA,NA,NA,NA,NA,NA,NA,NA,NA,NA,NA,NA,NA,NA,NA,NA,NA,NA,NA,NA,NA,NA,NA,NA,NA,NA,NA,NA,NA,NA,NA,NA,NA,NA,NA,NA,NA,NA,NA,NA,NA,NA,NA,NA,NA,NA,NA,NA,NA,NA,NA,NA,NA,NA,NA,NA,NA,NA,NA,NA,NA,NA,NA,NA,NA,NA,NA,NA,NA,NA,NA,NA,NA,NA,NA,NA,NA
"282",467,233895,212,1,NA,NA,,,,25,,31,NA,NA,NA,NA,,NA,1,"FY973899",NA,57,NA,NA,2,12,1,1,NA,27,4,NA,NA,NA,NA,17,NA,NA,NA,NA,NA,2,NA,1,NA,NA,NA,NA,NA,NA,NA,NA,NA,NA,NA,1,7,1,4,3,5,NA,3,NA,NA,NA,NA,1,55,NA,NA,NA,NA,1,NA,2,NA,NA,NA,NA,NA,NA,NA,NA,NA,NA,1,5,NA,NA,NA,NA,NA,6,4,3,6,1,NA,NA,2,NA,10,30,70,50,50,85,40,1,6,2,NA,NA,3,NA,4,NA,2,NA,NA,NA,NA,NA,NA,NA,NA,NA,NA,NA,NA,NA,2,NA,NA,NA,3,1,3,3,9,0,0,8,10,1,NA,NA,NA,2,3,4,5,3,2,1,4,5,89791,414,407,1,NA,NA,NA,"FY973899",NA,1953,1,3,NA,2,NA,NA,NA,NA,,12,,1,5,,NA,2,2,2,,2,1,88985,100,103,1,NA,NA,NA,"FY982803",NA,1954,2,7,NA,2,NA,NA,NA,NA,115,31,103,2,5,37,264,2,2,2,86,1,1,88985,100,103,1,NA,NA,NA,"FY982803",NA,1954,2,7,NA,2,NA,NA,NA,NA,115,31,103,2,5,37,264,2,2,2,NA,NA,NA,NA,NA,NA,NA,NA,NA,NA,NA,NA,NA,NA,NA,NA,NA,NA,NA,NA,NA,NA,NA,NA,NA
"283",468,234011,213,1,NA,NA,,,,26,,66,,NA,NA,NA,,NA,1,"FY913999",NA,33,NA,NA,2,12,6,1,86,31,39,NA,NA,NA,NA,18,45,NA,NA,NA,NA,NA,NA,1,NA,NA,7,2,2,2,NA,2,7,2,2,1,7,3,2,3,6,NA,3,NA,1,NA,NA,1,76,NA,NA,NA,NA,NA,NA,NA,NA,NA,NA,NA,NA,1,NA,1,NA,NA,NA,NA,NA,NA,NA,NA,NA,0,5,3,1,1,NA,NA,2,NA,13,50,70,70,70,85,30,1,1,1,NA,NA,4,3,2,8,1,NA,NA,0,0,6,0,0,0,0,2,19,27,15,2,NA,NA,NA,3,3,3,3,8,10,10,5,9,1,NA,NA,NA,5,4,6,3,3,2,3,4,5,89094,226,226,1,NA,NA,NA,"FY913999",NA,1944,2,7,NA,2,NA,NA,NA,NA,,31,,1,5,,,2,2,2,,3,2,88933,55,54,1,NA,NA,NA,"FY913501",NA,1965,1,6,NA,2,NA,NA,NA,NA,136,28,44,2,5,93,362,2,2,2,226,2,1,88933,55,54,1,NA,NA,NA,"FY913501",NA,1965,1,6,NA,2,NA,NA,NA,NA,136,28,44,2,5,93,362,2,2,2,NA,NA,NA,NA,NA,NA,NA,NA,NA,NA,NA,NA,NA,NA,NA,NA,NA,NA,NA,NA,NA,NA,NA,NA,NA
"284",469,234140,195,1,NA,NA,,,,26,,56,NA,NA,NA,NA,,NA,1,"FY929864",NA,41,NA,NA,2,2,11,1,72,NA,NA,NA,NA,NA,NA,NA,NA,NA,NA,2,NA,2,NA,2,3,1,NA,NA,NA,NA,NA,NA,NA,NA,NA,7,4,1,2,2,6,NA,4,NA,NA,NA,NA,NA,NA,NA,NA,NA,1,NA,NA,NA,NA,NA,NA,NA,NA,NA,NA,NA,NA,NA,1,2,NA,NA,NA,NA,NA,5,4,4,8,4,NA,1,NA,NA,16,70,30,85,85,85,30,2,NA,NA,14,29,1,2,2,5,2,2,2,NA,NA,NA,NA,NA,NA,NA,NA,16,27,22,1,3,1,3,NA,NA,NA,NA,5,10,0,10,10,4,NA,NA,NA,3,5,4,4,2,4,4,4,4,88973,90,92,1,NA,NA,NA,"FY929864",NA,1958,1,7,NA,2,NA,NA,NA,NA,,5,,4,1,,,2,2,1,,1,1,88981,96,99,1,NA,NA,NA,"FY957980",NA,1985,1,3,NA,2,NA,NA,NA,NA,246,22,54,1,7,334,247,2,2,2,196,1,1,88981,96,99,1,NA,NA,NA,"FY957980",NA,1985,1,3,NA,2,NA,NA,NA,NA,246,22,54,1,7,334,247,2,2,2,NA,NA,NA,NA,NA,NA,NA,NA,NA,NA,NA,NA,NA,NA,NA,NA,NA,NA,NA,NA,NA,NA,NA,NA,NA
"285",470,234151,194,1,NA,NA,,,,26,,27,,NA,NA,NA,,NA,1,"FY978104",NA,24,NA,NA,1,NA,NA,1,39,37,56,NA,NA,NA,NA,65,54,NA,NA,NA,NA,NA,NA,2,5,2,NA,NA,NA,NA,NA,NA,NA,NA,NA,4,7,1,7,3,3,NA,5,1,NA,NA,NA,NA,NA,NA,NA,NA,NA,NA,NA,NA,NA,NA,NA,NA,NA,NA,NA,1,NA,NA,NA,NA,NA,NA,1,NA,NA,0,NA,2,6,2,NA,NA,NA,2,16,50,30,85,85,85,85,2,NA,NA,22,1,1,5,1,9,5,1,4,NA,NA,NA,NA,NA,NA,NA,NA,7,21,15,1,3,1,3,NA,NA,NA,NA,9,10,9,9,9,4,NA,5,11,5,6,7,7,6,4,4,4,4,89392,289,292,1,NA,NA,NA,"FY978104",NA,1935,2,7,NA,1,2,60,,,NA,NA,,2,2,,NA,2,1,2,,2,2,88878,25,21,1,NA,NA,NA,"FY963524",NA,1935,2,7,NA,2,NA,NA,NA,NA,190,5,146,1,5,381,426,2,2,2,122,3,2,88878,25,21,1,NA,NA,NA,"FY963524",NA,1935,2,7,NA,2,NA,NA,NA,NA,190,5,146,1,5,381,426,2,2,2,NA,NA,NA,NA,NA,NA,NA,NA,NA,NA,NA,NA,NA,NA,NA,NA,NA,NA,NA,NA,NA,NA,NA,NA,NA
"286",471,234157,196,1,NA,NA,,,,26,,54,NA,NA,NA,NA,,NA,1,"FY958915",NA,18,NA,NA,2,10,12,2,NA,NA,NA,NA,NA,NA,NA,NA,NA,NA,NA,NA,2,NA,1,1,NA,NA,0,0,0,0,NA,0,0,0,0,2,7,2,1,1,5,NA,6,NA,NA,NA,NA,NA,NA,NA,NA,NA,NA,NA,NA,NA,NA,NA,NA,NA,NA,NA,NA,1,NA,NA,NA,NA,NA,NA,1,NA,NA,0,4,4,4,3,8,NA,NA,NA,14,65,75,80,85,85,40,1,1,3,NA,NA,4,5,2,9,2,NA,NA,0,0,5,5,3,7,5,5,4,13,10,2,NA,NA,NA,3,1,3,3,8,0,6,10,5,2,NA,NA,NA,3,5,7,5,3,2,1,4,7,90191,490,476,1,NA,NA,NA,"FY958915",NA,1961,1,1,,2,NA,NA,NA,NA,,5,,3,3,,,2,2,1,,1,1,NA,NA,NA,NA,NA,NA,NA,NA,NA,NA,NA,NA,NA,NA,NA,NA,NA,NA,NA,NA,NA,NA,NA,NA,NA,NA,NA,NA,NA,NA,NA,NA,NA,NA,NA,NA,NA,NA,NA,NA,NA,NA,NA,NA,NA,NA,NA,NA,NA,NA,NA,NA,NA,NA,NA,NA,NA,NA,NA,NA,NA,NA,NA,NA,NA,NA,NA,NA,NA,NA,NA,NA,NA,NA,NA,NA,NA,NA,NA,NA,NA,NA,NA,NA
"287",479,234959,199,1,NA,NA,,,,26,NA,NA,NA,NA,NA,NA,,NA,1,"FY900630",NA,29,NA,NA,2,10,2,1,54,31,70,NA,NA,NA,NA,9,57,NA,NA,NA,NA,NA,NA,2,5,4,NA,NA,NA,NA,NA,NA,NA,NA,NA,3,7,2,7,1,6,NA,6,NA,1,NA,NA,1,144,NA,NA,1,NA,NA,NA,NA,NA,NA,NA,NA,NA,NA,NA,NA,NA,NA,NA,NA,NA,NA,NA,NA,NA,5,1,5,4,3,10,NA,NA,NA,11,30,80,80,75,75,20,1,1,3,NA,NA,3,NA,2,9,2,1,4,NA,NA,NA,NA,NA,NA,NA,NA,18,4,34,2,NA,NA,NA,3,1,3,3,7,10,10,10,0,1,NA,NA,NA,6,3,4,4,2,4,3,4,4,NA,NA,NA,NA,NA,NA,NA,NA,NA,NA,NA,NA,NA,NA,NA,NA,NA,NA,NA,NA,NA,NA,NA,NA,NA,NA,NA,NA,NA,NA,NA,88875,22,18,1,NA,NA,NA,"FY980512",NA,1955,2,7,NA,2,NA,NA,NA,NA,144,31,3,1,7,94,153,2,2,1,139,2,1,88875,22,18,1,NA,NA,NA,"FY980512",NA,1955,2,7,NA,2,NA,NA,NA,NA,144,31,3,1,7,94,153,2,2,1,NA,NA,NA,NA,NA,NA,NA,NA,NA,NA,NA,NA,NA,NA,NA,NA,NA,NA,NA,NA,NA,NA,NA,NA,NA
"288",480,234988,200,1,NA,NA,,,,26,,49,,NA,NA,NA,,NA,1,"FY912496",NA,19,NA,NA,1,NA,NA,2,NA,NA,NA,46,69,3,NA,NA,NA,15,29,NA,NA,NA,NA,2,5,1,NA,NA,NA,NA,NA,NA,NA,NA,NA,3,7,2,5,1,5,NA,6,NA,1,NA,NA,NA,NA,1,NA,NA,NA,NA,NA,NA,NA,NA,NA,NA,NA,NA,NA,NA,NA,NA,NA,NA,NA,NA,1,NA,NA,1,4,2,5,1,NA,NA,2,NA,16,70,85,85,85,60,60,2,NA,NA,15,6,1,6,2,10,3,2,4,NA,NA,NA,NA,NA,NA,NA,NA,27,17,23,1,2,1,3,NA,NA,NA,NA,7,7,2,4,7,1,NA,10,6,3,3,5,4,3,3,2,3,5,89117,238,240,1,NA,NA,NA,"FY912496",NA,1984,1,2,NA,2,NA,NA,NA,NA,,44,,1,5,,,1,2,2,,1,1,89099,229,231,1,NA,NA,NA,"FY931722",NA,1973,2,1,43,2,NA,NA,NA,NA,247,44,381,1,5,78,204,2,1,1,52,3,1,89099,229,231,1,NA,NA,NA,"FY931722",NA,1973,2,1,43,2,NA,NA,NA,NA,247,44,381,1,5,78,204,2,1,1,NA,NA,NA,NA,NA,NA,NA,NA,NA,NA,NA,NA,NA,NA,NA,NA,NA,NA,NA,NA,NA,NA,NA,NA,NA
"289",481,235145,201,1,NA,NA,,,,26,,54,,NA,NA,NA,,NA,1,"FY920210",NA,31,NA,NA,1,NA,NA,2,NA,NA,NA,5,37,12,NA,NA,NA,5,63,NA,NA,NA,NA,2,3,1,NA,NA,NA,NA,NA,NA,NA,NA,NA,1,7,3,5,1,5,NA,3,NA,1,1,1,NA,NA,NA,NA,NA,NA,1,NA,10,NA,NA,NA,NA,NA,NA,NA,1,NA,NA,NA,NA,NA,NA,NA,1,64,0,3,4,7,1,NA,NA,2,NA,14,35,80,75,75,75,40,1,2,5,NA,NA,1,4,2,7,6,1,2,NA,NA,NA,NA,NA,NA,NA,NA,22,5,29,2,NA,NA,NA,3,1,3,3,8,10,6,5,4,1,NA,11,2,6,3,6,3,3,2,1,4,6,90107,481,468,1,NA,NA,NA,"FY920210",NA,1958,1,7,NA,2,NA,NA,NA,NA,,5,,1,7,,,2,2,1,,1,1,89066,207,208,1,NA,NA,NA,"FY905143",NA,1959,2,7,NA,2,NA,NA,NA,NA,49,14,196,4,2,378,132,2,2,2,198,3,1,89066,207,208,1,NA,NA,NA,"FY905143",NA,1959,2,7,NA,2,NA,NA,NA,NA,49,14,196,4,2,378,132,2,2,2,NA,NA,NA,NA,NA,NA,NA,NA,NA,NA,NA,NA,NA,NA,NA,NA,NA,NA,NA,NA,NA,NA,NA,NA,NA
"290",496,236425,222,1,NA,NA,,,,26,,27,NA,NA,NA,NA,,NA,1,"FY965568",NA,106,NA,NA,1,NA,NA,1,NA,NA,NA,NA,NA,NA,NA,NA,NA,NA,NA,2,NA,2,NA,2,3,1,NA,NA,NA,NA,NA,NA,NA,NA,NA,1,1,1,6,3,6,NA,4,NA,NA,NA,NA,1,64,1,NA,1,NA,NA,NA,NA,NA,NA,1,1,NA,1,NA,NA,NA,NA,NA,NA,NA,NA,NA,NA,NA,7,4,5,5,1,NA,NA,1,NA,13,70,70,70,70,80,60,1,2,3,NA,NA,1,4,1,3,2,3,2,NA,NA,NA,NA,NA,NA,NA,NA,12,10,12,2,NA,NA,NA,3,1,3,3,7,10,7,10,10,2,NA,10,2,2,4,4,3,2,4,3,5,4,91039,511,494,1,NA,NA,NA,"FY965568",NA,1926,1,7,NA,2,NA,NA,NA,NA,,5,,1,5,,,1,2,2,,1,2,NA,NA,NA,NA,NA,NA,NA,NA,NA,NA,NA,NA,NA,NA,NA,NA,NA,NA,NA,NA,NA,NA,NA,NA,NA,NA,NA,NA,NA,NA,NA,NA,NA,NA,NA,NA,NA,NA,NA,NA,NA,NA,NA,NA,NA,NA,NA,NA,NA,NA,NA,NA,NA,NA,NA,NA,NA,NA,NA,NA,NA,NA,NA,NA,NA,NA,NA,NA,NA,NA,NA,NA,NA,NA,NA,NA,NA,NA,NA,NA,NA,NA,NA,NA
"291",482,235288,202,1,NA,NA,,,,26,,45,,NA,NA,NA,,NA,1,"FY927197",NA,10,NA,NA,1,NA,NA,1,54,31,76,NA,NA,NA,NA,55,57,NA,NA,NA,NA,NA,NA,2,3,4,NA,NA,NA,NA,NA,NA,NA,NA,NA,1,7,2,6,2,5,NA,3,1,1,1,NA,NA,NA,NA,NA,NA,NA,NA,NA,NA,NA,NA,NA,NA,NA,NA,NA,NA,NA,NA,NA,NA,NA,NA,NA,NA,NA,0,5,7,2,1,NA,NA,2,NA,10,15,70,50,50,50,40,1,2,3,NA,NA,3,NA,1,4,2,1,2,NA,NA,NA,NA,NA,NA,NA,NA,7,27,29,2,NA,NA,NA,3,1,3,3,10,10,6,1,5,1,NA,11,2,4,2,3,2,2,2,2,3,6,89985,480,467,1,NA,NA,NA,"FY927197",NA,1980,1,7,NA,2,NA,NA,NA,NA,,21,,1,5,,,1,2,2,,3,1,88945,70,68,1,NA,NA,NA,"FY920509",NA,1961,1,7,NA,2,NA,NA,NA,NA,50,34,29,4,2,130,42,2,2,1,168,1,1,88945,70,68,1,NA,NA,NA,"FY920509",NA,1961,1,7,NA,2,NA,NA,NA,NA,50,34,29,4,2,130,42,2,2,1,NA,NA,NA,NA,NA,NA,NA,NA,NA,NA,NA,NA,NA,NA,NA,NA,NA,NA,NA,NA,NA,NA,NA,NA,NA
"292",483,235387,203,1,NA,NA,,,,26,,29,NA,NA,NA,NA,,NA,1,"FY963648",NA,28,NA,NA,1,NA,NA,2,NA,NA,NA,NA,53,70,NA,NA,NA,NA,67,NA,NA,NA,1,1,NA,NA,10,NA,NA,NA,NA,NA,0,NA,NA,3,7,1,4,1,7,NA,6,NA,1,NA,NA,1,16,NA,NA,1,NA,NA,NA,NA,NA,1,NA,NA,1,NA,10,1,NA,NA,NA,NA,NA,NA,NA,1,2,7,4,3,8,1,NA,NA,1,NA,16,40,70,85,85,85,40,1,1,3,NA,NA,3,NA,2,7,6,NA,NA,0,0,0,5,3,0,0,3,7,27,28,2,NA,NA,NA,3,1,3,3,8,10,0,1,5,2,NA,8,2,5,4,4,4,4,4,4,4,4,89697,343,339,1,NA,NA,NA,"FY963648",NA,1940,1,7,NA,2,NA,NA,NA,NA,,5,,1,3,,NA,2,2,1,,1,1,NA,NA,NA,NA,NA,NA,NA,NA,NA,NA,NA,NA,NA,NA,NA,NA,NA,NA,NA,NA,NA,NA,NA,NA,NA,NA,NA,NA,NA,NA,NA,NA,NA,NA,NA,NA,NA,NA,NA,NA,NA,NA,NA,NA,NA,NA,NA,NA,NA,NA,NA,NA,NA,NA,NA,NA,NA,NA,NA,NA,NA,NA,NA,NA,NA,NA,NA,NA,NA,NA,NA,NA,NA,NA,NA,NA,NA,NA,NA,NA,NA,NA,NA,NA
"293",484,235578,207,1,NA,NA,,,,26,,27,,NA,NA,NA,,NA,1,"FY907400",NA,23,NA,NA,2,12,12,2,NA,NA,NA,47,43,23,NA,NA,NA,16,31,NA,NA,NA,NA,2,5,1,NA,NA,NA,NA,NA,NA,NA,NA,NA,4,7,1,3,1,7,NA,3,1,1,NA,NA,1,72,NA,NA,NA,1,NA,1,NA,NA,NA,NA,NA,1,NA,11,1,NA,NA,NA,NA,NA,NA,1,1,74,7,3,7,5,1,NA,NA,2,NA,13,30,70,70,70,85,0,1,3,3,NA,NA,4,6,2,8,6,3,4,NA,NA,NA,NA,NA,NA,NA,NA,34,22,28,1,1,3,3,NA,NA,NA,NA,6,10,5,10,8,4,NA,NA,NA,5,4,6,5,2,4,5,4,5,92837,533,513,1,NA,NA,NA,"FY907400",NA,1957,1,7,NA,2,NA,NA,NA,NA,,31,,1,5,,,2,2,1,,1,1,88881,27,23,1,NA,NA,NA,"FY907469",NA,1951,1,7,NA,2,NA,NA,NA,NA,NA,26,306,2,1,167,225,2,1,1,146,1,2,88881,27,23,1,NA,NA,NA,"FY907469",NA,1951,1,7,NA,2,NA,NA,NA,NA,NA,26,306,2,1,167,225,2,1,1,NA,NA,NA,NA,NA,NA,NA,NA,NA,NA,NA,NA,NA,NA,NA,NA,NA,NA,NA,NA,NA,NA,NA,NA,NA
"294",485,235589,208,1,NA,NA,,,,26,,27,NA,NA,NA,NA,,NA,1,"FY905149",NA,21,NA,NA,1,NA,NA,2,NA,NA,NA,34,52,59,NA,NA,NA,33,58,NA,NA,NA,NA,2,3,1,NA,NA,NA,NA,NA,NA,NA,NA,NA,1,7,5,7,1,4,NA,8,NA,NA,NA,NA,1,120,NA,NA,NA,NA,NA,NA,NA,NA,NA,NA,NA,NA,NA,NA,NA,NA,NA,NA,NA,NA,NA,1,NA,NA,0,NA,2,2,1,NA,NA,2,NA,3,5,60,100,100,100,90,1,1,3,NA,NA,3,NA,2,8,2,1,2,NA,NA,NA,NA,NA,NA,NA,NA,31,19,29,2,NA,NA,NA,3,1,3,4,2,10,0,5,2,1,NA,4,2,3,6,1,2,1,2,1,1,6,88978,97,104,1,NA,NA,NA,"FY905149",NA,1955,1,7,NA,1,2,51,,,NA,NA,,1,7,,,1,2,2,,2,2,NA,NA,NA,NA,NA,NA,NA,NA,NA,NA,NA,NA,NA,NA,NA,NA,NA,NA,NA,NA,NA,NA,NA,NA,NA,NA,NA,NA,NA,NA,NA,NA,NA,NA,NA,NA,NA,NA,NA,NA,NA,NA,NA,NA,NA,NA,NA,NA,NA,NA,NA,NA,NA,NA,NA,NA,NA,NA,NA,NA,NA,NA,NA,NA,NA,NA,NA,NA,NA,NA,NA,NA,NA,NA,NA,NA,NA,NA,NA,NA,NA,NA,NA,NA
"295",486,235643,214,1,NA,NA,,,,26,,67,,NA,NA,NA,,NA,1,"FY954186",NA,42,NA,NA,1,NA,NA,2,NA,NA,NA,47,40,15,NA,NA,NA,14,49,NA,NA,NA,NA,1,NA,NA,9,0,5,5,NA,0,0,0,0,3,7,1,1,1,5,NA,4,NA,NA,NA,NA,1,150,NA,NA,NA,1,NA,NA,NA,NA,NA,NA,NA,NA,NA,NA,1,NA,NA,NA,NA,NA,NA,NA,NA,NA,5,1,5,5,1,NA,NA,1,NA,3,30,85,100,100,100,30,1,2,5,NA,NA,1,8,1,9,2,NA,NA,9,9,0,5,0,9,4,0,7,17,31,1,3,1,3,NA,NA,NA,NA,8,10,2,10,10,1,NA,12,2,1,3,5,3,3,7,3,5,4,NA,NA,NA,NA,NA,NA,NA,NA,NA,NA,NA,NA,NA,NA,NA,NA,NA,NA,NA,NA,NA,NA,NA,NA,NA,NA,NA,NA,NA,NA,NA,89009,116,119,1,NA,NA,NA,"FY961847",NA,1982,1,3,NA,2,NA,NA,NA,NA,72,5,241,1,5,118,309,1,1,2,80,2,1,89009,116,119,1,NA,NA,NA,"FY961847",NA,1982,1,3,NA,2,NA,NA,NA,NA,72,5,241,1,5,118,309,1,1,2,NA,NA,NA,NA,NA,NA,NA,NA,NA,NA,NA,NA,NA,NA,NA,NA,NA,NA,NA,NA,NA,NA,NA,NA,NA
"296",488,235678,216,1,NA,NA,,,,26,,27,,NA,NA,NA,,NA,1,"FY984142",NA,28,NA,NA,1,NA,NA,2,NA,NA,NA,46,52,66,NA,NA,NA,33,62,NA,NA,NA,NA,2,5,1,NA,NA,NA,NA,NA,NA,NA,NA,NA,1,7,3,6,2,5,NA,3,1,1,NA,NA,1,26,NA,NA,NA,NA,NA,NA,NA,NA,NA,NA,NA,NA,NA,NA,1,NA,NA,1,3,1,NA,1,1,1,0,NA,5,4,3,22,NA,NA,NA,NA,NA,NA,NA,NA,NA,NA,1,1,3,NA,NA,1,2,1,8,3,2,2,NA,NA,NA,NA,NA,NA,NA,NA,12,19,10,1,4,1,3,NA,NA,NA,NA,8,10,10,10,10,3,6,10,2,6,2,3,4,3,2,2,3,6,89671,334,332,1,NA,NA,NA,"FY984142",NA,1956,1,7,NA,2,NA,NA,NA,NA,,31,,2,5,,,2,2,2,,1,1,88974,91,94,1,NA,NA,NA,"FY962651",NA,1979,2,7,NA,2,NA,NA,NA,NA,240,16,78,1,2,228,110,2,2,2,201,2,2,88974,91,94,1,NA,NA,NA,"FY962651",NA,1979,2,7,NA,2,NA,NA,NA,NA,240,16,78,1,2,228,110,2,2,2,NA,NA,NA,NA,NA,NA,NA,NA,NA,NA,NA,NA,NA,NA,NA,NA,NA,NA,NA,NA,NA,NA,NA,NA,NA
"297",490,235778,224,1,NA,NA,,,,26,,44,,NA,NA,NA,,NA,1,"FY998013",NA,14,NA,NA,1,NA,NA,2,NA,NA,NA,42,18,47,NA,NA,NA,11,28,NA,NA,NA,NA,1,NA,NA,0,0,0,0,NA,0,10,0,0,3,7,3,6,2,5,NA,3,NA,1,NA,NA,NA,NA,NA,NA,NA,NA,NA,NA,NA,NA,NA,NA,NA,NA,NA,NA,1,NA,NA,NA,NA,NA,NA,NA,NA,NA,0,NA,1,7,1,NA,NA,2,NA,10,20,60,50,50,80,40,2,NA,NA,16,28,1,1,4,NA,2,NA,NA,0,0,5,5,5,0,5,5,3,4,4,2,NA,NA,NA,3,1,3,3,5,10,10,6,10,1,NA,11,2,5,2,7,5,4,4,2,3,6,89978,478,465,1,NA,NA,NA,"FY998013",NA,1950,1,7,NA,2,NA,NA,NA,NA,,31,,1,4,,,2,2,1,,3,1,NA,NA,NA,NA,NA,NA,NA,NA,NA,NA,NA,NA,NA,NA,NA,NA,NA,NA,NA,NA,NA,NA,NA,NA,NA,NA,NA,NA,NA,NA,NA,NA,NA,NA,NA,NA,NA,NA,NA,NA,NA,NA,NA,NA,NA,NA,NA,NA,NA,NA,NA,NA,NA,NA,NA,NA,NA,NA,NA,NA,NA,NA,NA,NA,NA,NA,NA,NA,NA,NA,NA,NA,NA,NA,NA,NA,NA,NA,NA,NA,NA,NA,NA,NA
"298",491,236037,217,1,NA,NA,,,,26,,42,,NA,NA,NA,,NA,1,"FY942980",NA,14,NA,NA,2,4,3,2,NA,NA,NA,NA,NA,NA,NA,NA,NA,NA,56,NA,NA,NA,1,1,NA,NA,0,0,0,0,NA,0,0,0,0,4,7,1,5,2,6,NA,4,NA,NA,NA,NA,1,136,NA,NA,NA,NA,NA,NA,NA,NA,NA,NA,1,NA,1,NA,1,NA,NA,NA,NA,NA,NA,1,NA,NA,0,5,4,5,2,NA,NA,NA,1,16,40,50,85,85,100,70,1,2,5,NA,NA,3,NA,2,9,2,NA,NA,0,0,5,0,5,0,8,0,31,4,15,1,3,1,3,NA,NA,NA,NA,5,5,2,2,7,2,NA,NA,NA,5,5,4,4,3,4,4,4,4,89324,306,307,1,NA,NA,NA,"FY942980",NA,1963,1,7,NA,2,NA,NA,NA,NA,,5,,2,NA,,,2,2,1,,3,1,88979,104,115,1,NA,NA,NA,"FY994781",NA,1931,1,7,NA,2,NA,NA,NA,NA,188,42,283,1,5,315,303,2,1,1,263,2,2,88979,104,115,1,NA,NA,NA,"FY994781",NA,1931,1,7,NA,2,NA,NA,NA,NA,188,42,283,1,5,315,303,2,1,1,NA,NA,NA,NA,NA,NA,NA,NA,NA,NA,NA,NA,NA,NA,NA,NA,NA,NA,NA,NA,NA,NA,NA,NA,NA
"299",492,236049,218,1,NA,NA,,,,26,NA,NA,NA,NA,NA,NA,,NA,1,"FY996602",NA,32,NA,NA,2,4,2,1,52,12,36,NA,NA,NA,NA,18,26,NA,NA,NA,NA,NA,NA,2,4,1,NA,NA,NA,NA,NA,NA,NA,NA,NA,1,7,2,7,2,5,NA,3,NA,1,NA,NA,NA,NA,NA,NA,1,NA,NA,NA,NA,NA,1,NA,1,NA,1,NA,1,NA,NA,NA,NA,NA,NA,1,1,21,2,3,2,6,1,NA,NA,2,NA,16,0,85,70,70,70,70,2,NA,NA,23,46,4,7,1,6,2,2,4,NA,NA,NA,NA,NA,NA,NA,NA,31,14,10,1,3,1,3,NA,NA,NA,NA,9,10,10,10,10,1,NA,NA,NA,3,3,3,2,3,2,2,2,6,89734,368,362,1,NA,NA,NA,"FY996602",NA,1943,2,7,NA,1,2,45,,,NA,NA,,1,5,,,2,2,1,,2,1,89104,230,234,1,NA,NA,NA,"FY962928",NA,1940,1,7,NA,2,NA,NA,NA,NA,111,5,442,1,5,371,301,2,1,1,138,3,1,89104,230,234,1,NA,NA,NA,"FY962928",NA,1940,1,7,NA,2,NA,NA,NA,NA,111,5,442,1,5,371,301,2,1,1,NA,NA,NA,NA,NA,NA,NA,NA,NA,NA,NA,NA,NA,NA,NA,NA,NA,NA,NA,NA,NA,NA,NA,NA,NA
"300",495,236309,221,1,NA,NA,,,,22,,14,NA,NA,NA,NA,,NA,1,"FY941159",NA,33,NA,NA,1,NA,NA,1,NA,31,NA,NA,NA,NA,NA,9,NA,NA,NA,NA,NA,2,NA,1,NA,NA,NA,NA,NA,NA,NA,NA,NA,NA,NA,1,7,2,5,3,5,NA,8,NA,1,NA,NA,1,98,NA,NA,NA,NA,1,NA,34,NA,NA,NA,NA,1,NA,32,NA,NA,NA,NA,NA,NA,NA,NA,NA,NA,5,1,4,5,3,9,NA,NA,NA,10,30,70,50,50,50,50,2,NA,NA,8,6,3,NA,2,6,2,NA,NA,5,3,5,3,5,3,5,5,22,19,29,1,2,1,3,NA,NA,NA,NA,7,0,2,4,7,1,NA,11,5,3,3,6,3,4,2,2,2,6,89034,138,149,1,NA,NA,NA,"FY941159",NA,1972,2,7,NA,1,1,5,NA,,NA,NA,,3,7,,,2,1,1,,3,1,NA,NA,NA,NA,NA,NA,NA,NA,NA,NA,NA,NA,NA,NA,NA,NA,NA,NA,NA,NA,NA,NA,NA,NA,NA,NA,NA,NA,NA,NA,NA,NA,NA,NA,NA,NA,NA,NA,NA,NA,NA,NA,NA,NA,NA,NA,NA,NA,NA,NA,NA,NA,NA,NA,NA,NA,NA,NA,NA,NA,NA,NA,NA,NA,NA,NA,NA,NA,NA,NA,NA,NA,NA,NA,NA,NA,NA,NA,NA,NA,NA,NA,NA,NA
"301",497,236525,223,1,NA,NA,,,,26,,27,,NA,NA,NA,,NA,1,"FY956725",NA,24,NA,NA,2,11,8,2,NA,NA,NA,NA,NA,NA,NA,NA,NA,NA,33,NA,NA,NA,1,2,5,4,NA,NA,NA,NA,NA,NA,NA,NA,NA,3,7,2,3,2,6,NA,6,NA,1,NA,NA,1,17,NA,NA,NA,NA,NA,NA,NA,NA,NA,NA,NA,NA,NA,NA,1,NA,NA,NA,NA,NA,NA,NA,NA,NA,0,NA,NA,6,1,NA,NA,2,NA,10,15,85,60,40,60,15,1,4,1,NA,NA,2,3,1,8,3,1,4,NA,NA,NA,NA,NA,NA,NA,NA,18,10,18,1,3,1,3,NA,NA,NA,NA,3,10,0,1,7,2,NA,NA,NA,4,6,5,2,2,1,2,1,7,89248,257,260,1,NA,NA,NA,"FY956725",NA,1950,1,7,NA,2,NA,NA,NA,NA,,14,,1,7,,,2,2,2,,2,1,NA,NA,NA,NA,NA,NA,NA,NA,NA,NA,NA,NA,NA,NA,NA,NA,NA,NA,NA,NA,NA,NA,NA,NA,NA,NA,NA,NA,NA,NA,NA,NA,NA,NA,NA,NA,NA,NA,NA,NA,NA,NA,NA,NA,NA,NA,NA,NA,NA,NA,NA,NA,NA,NA,NA,NA,NA,NA,NA,NA,NA,NA,NA,NA,NA,NA,NA,NA,NA,NA,NA,NA,NA,NA,NA,NA,NA,NA,NA,NA,NA,NA,NA,NA
"302",498,237020,226,1,NA,NA,,,,26,,27,NA,NA,NA,NA,,NA,1,"FY928066",NA,38,NA,NA,1,NA,NA,2,NA,NA,NA,41,27,NA,NA,NA,NA,40,7,NA,NA,NA,NA,1,NA,NA,10,NA,NA,NA,NA,NA,10,NA,NA,6,5,1,2,2,7,NA,1,1,1,1,NA,1,67,NA,1,NA,NA,NA,NA,NA,1,NA,1,NA,NA,NA,NA,NA,1,NA,1,30,NA,NA,NA,NA,NA,7,3,6,5,2,NA,NA,NA,2,10,60,30,50,50,85,15,2,NA,NA,23,43,4,10,2,10,1,NA,NA,6,0,10,10,0,0,1,0,31,30,18,2,NA,NA,NA,3,1,3,3,10,10,10,10,10,4,NA,2,4,6,5,5,2,2,2,2,2,6,89188,191,191,1,NA,NA,NA,"FY928066",NA,1945,2,7,NA,2,NA,NA,NA,NA,,5,,2,4,,NA,2,1,1,,2,1,89037,139,141,1,NA,NA,NA,"FY983801",NA,1960,1,7,NA,2,NA,NA,NA,NA,238,9,468,1,5,25,98,1,1,2,22,2,1,89037,139,141,1,NA,NA,NA,"FY983801",NA,1960,1,7,NA,2,NA,NA,NA,NA,238,9,468,1,5,25,98,1,1,2,NA,NA,NA,NA,NA,NA,NA,NA,NA,NA,NA,NA,NA,NA,NA,NA,NA,NA,NA,NA,NA,NA,NA,NA,NA
"303",499,237039,225,1,NA,NA,,,,26,,27,NA,NA,NA,NA,,NA,1,"FY931722",NA,332,NA,NA,2,9,5,1,26,41,23,NA,NA,NA,NA,9,25,NA,NA,NA,NA,NA,NA,2,5,4,NA,NA,NA,NA,NA,NA,NA,NA,NA,3,6,4,4,2,4,NA,6,1,1,NA,NA,1,129,NA,NA,1,1,NA,NA,NA,NA,1,NA,1,NA,1,NA,1,NA,NA,NA,NA,NA,NA,NA,NA,NA,1,4,1,6,2,NA,NA,NA,1,11,40,60,60,60,60,40,2,NA,NA,23,5,3,NA,1,8,1,5,5,NA,NA,NA,NA,NA,NA,NA,NA,22,14,15,1,3,1,3,NA,NA,NA,NA,6,0,0,0,0,1,NA,NA,NA,3,5,5,5,4,4,6,2,6,89099,229,231,1,NA,NA,NA,"FY931722",NA,1973,2,1,,2,NA,NA,NA,NA,,44,,1,5,,,2,1,1,,3,1,88916,47,46,1,NA,NA,NA,"FY930554",NA,1942,1,7,NA,2,NA,NA,NA,NA,144,31,277,1,5,309,280,2,2,2,158,2,1,88916,47,46,1,NA,NA,NA,"FY930554",NA,1942,1,7,NA,2,NA,NA,NA,NA,144,31,277,1,5,309,280,2,2,2,NA,NA,NA,NA,NA,NA,NA,NA,NA,NA,NA,NA,NA,NA,NA,NA,NA,NA,NA,NA,NA,NA,NA,NA,NA
"304",516,239653,238,1,NA,NA,,,,26,,27,NA,NA,NA,NA,,NA,1,"FY930562",NA,20,NA,NA,2,11,2,2,NA,NA,NA,32,32,63,NA,NA,NA,6,34,NA,NA,NA,NA,2,3,4,NA,NA,NA,NA,NA,NA,NA,NA,NA,1,7,1,7,1,5,NA,4,NA,NA,NA,NA,1,125,1,1,1,1,NA,1,NA,1,1,NA,NA,NA,1,NA,1,NA,NA,NA,NA,NA,NA,1,NA,NA,7,4,5,2,1,NA,NA,2,NA,13,50,50,70,70,70,40,1,4,3,NA,NA,4,4,1,4,2,1,1,NA,NA,NA,NA,NA,NA,NA,NA,16,27,18,2,NA,NA,NA,4,4,3,3,7,10,0,0,5,1,NA,NA,NA,3,6,7,4,3,2,2,5,6,88839,29,31,1,NA,NA,NA,"FY930562",NA,1955,1,7,NA,2,NA,NA,NA,NA,,5,,1,5,,,2,2,1,,1,1,89085,223,225,1,NA,NA,NA,"FY970691",NA,1959,1,7,NA,2,NA,NA,NA,NA,49,14,147,2,5,67,62,2,2,1,230,1,1,89085,223,225,1,NA,NA,NA,"FY970691",NA,1959,1,7,NA,2,NA,NA,NA,NA,49,14,147,2,5,67,62,2,2,1,NA,NA,NA,NA,NA,NA,NA,NA,NA,NA,NA,NA,NA,NA,NA,NA,NA,NA,NA,NA,NA,NA,NA,NA,NA
"305",515,239529,237,1,NA,NA,,,,27,,12,NA,NA,NA,NA,,NA,1,"FY951830",NA,33,NA,NA,2,8,2,1,43,6,95,NA,NA,NA,NA,20,9,NA,NA,NA,NA,NA,NA,2,3,1,NA,NA,NA,NA,NA,NA,NA,NA,NA,3,7,1,5,1,7,NA,4,NA,1,NA,NA,NA,NA,1,NA,NA,NA,NA,NA,NA,NA,NA,NA,NA,NA,1,NA,NA,NA,1,NA,NA,NA,NA,1,NA,NA,2,3,4,1,4,NA,1,NA,NA,10,70,50,50,50,50,50,1,3,3,NA,NA,2,6,1,9,2,5,2,NA,NA,NA,NA,NA,NA,NA,NA,12,5,21,1,1,1,3,NA,NA,NA,NA,5,10,5,6,7,1,NA,NA,NA,3,6,7,4,1,6,6,5,2,91103,515,498,1,NA,NA,NA,"FY951830",NA,1943,2,7,NA,1,1,2,,,NA,NA,,4,2,,,2,2,1,,3,1,NA,NA,NA,NA,NA,NA,NA,NA,NA,NA,NA,NA,NA,NA,NA,NA,NA,NA,NA,NA,NA,NA,NA,NA,NA,NA,NA,NA,NA,NA,NA,NA,NA,NA,NA,NA,NA,NA,NA,NA,NA,NA,NA,NA,NA,NA,NA,NA,NA,NA,NA,NA,NA,NA,NA,NA,NA,NA,NA,NA,NA,NA,NA,NA,NA,NA,NA,NA,NA,NA,NA,NA,NA,NA,NA,NA,NA,NA,NA,NA,NA,NA,NA,NA
"306",500,237838,227,1,NA,NA,,,,26,,54,,NA,NA,NA,,NA,1,"FY902434",NA,128,NA,NA,1,NA,NA,1,2,11,95,NA,NA,NA,NA,NA,NA,NA,NA,2,NA,2,NA,2,5,4,NA,NA,NA,NA,NA,NA,NA,NA,NA,4,6,1,4,1,7,NA,4,NA,NA,NA,NA,1,78,1,1,NA,1,NA,1,NA,1,NA,NA,NA,NA,1,NA,1,NA,NA,NA,NA,1,NA,NA,1,10,5,3,1,3,4,NA,1,NA,NA,3,90,10,100,100,100,50,1,1,3,NA,NA,3,NA,1,8,2,2,5,NA,NA,NA,NA,NA,NA,NA,NA,16,14,5,1,3,1,3,NA,NA,NA,NA,2,10,0,1,1,3,25,5,5,2,6,4,2,4,4,4,4,4,89185,189,189,1,NA,NA,NA,"FY902434",NA,1953,2,7,NA,2,NA,NA,NA,NA,,31,,1,1,,,2,2,1,,3,1,89027,131,135,1,NA,NA,NA,"FY960161",NA,1941,1,7,NA,2,NA,NA,NA,NA,190,5,362,1,7,164,7,2,1,1,137,3,1,89027,131,135,1,NA,NA,NA,"FY960161",NA,1941,1,7,NA,2,NA,NA,NA,NA,190,5,362,1,7,164,7,2,1,1,NA,NA,NA,NA,NA,NA,NA,NA,NA,NA,NA,NA,NA,NA,NA,NA,NA,NA,NA,NA,NA,NA,NA,NA,NA
"307",501,237947,228,1,NA,NA,,,,26,,27,NA,NA,NA,NA,,NA,1,"FY997218",NA,53,NA,NA,1,NA,NA,1,81,9,8,NA,NA,NA,NA,NA,NA,NA,NA,2,NA,4,NA,2,5,4,NA,NA,NA,NA,NA,NA,NA,NA,NA,1,7,3,6,2,4,NA,6,1,1,1,NA,NA,NA,1,NA,1,1,NA,1,NA,NA,1,NA,NA,NA,1,NA,1,NA,NA,NA,NA,1,NA,1,NA,NA,5,4,3,4,1,NA,NA,2,NA,16,30,70,70,70,70,40,1,6,3,NA,NA,1,5,1,9,4,3,2,NA,NA,NA,NA,NA,NA,NA,NA,12,27,5,1,4,1,3,NA,NA,NA,NA,8,9,6,6,7,1,NA,12,3,4,5,5,3,3,3,2,2,6,92854,546,526,1,NA,NA,NA,"FY997218",NA,1956,1,7,NA,2,NA,NA,NA,NA,,9,,1,5,NA,NA,2,2,1,,3,1,NA,NA,NA,NA,NA,NA,NA,NA,NA,NA,NA,NA,NA,NA,NA,NA,NA,NA,NA,NA,NA,NA,NA,NA,NA,NA,NA,NA,NA,NA,NA,NA,NA,NA,NA,NA,NA,NA,NA,NA,NA,NA,NA,NA,NA,NA,NA,NA,NA,NA,NA,NA,NA,NA,NA,NA,NA,NA,NA,NA,NA,NA,NA,NA,NA,NA,NA,NA,NA,NA,NA,NA,NA,NA,NA,NA,NA,NA,NA,NA,NA,NA,NA,NA
"308",502,237955,229,1,NA,NA,,,,26,,27,NA,NA,NA,NA,,NA,1,"FY932456",NA,27,NA,NA,1,NA,NA,2,NA,NA,NA,62,64,46,NA,NA,NA,54,56,NA,NA,NA,NA,2,5,4,NA,NA,NA,NA,NA,NA,NA,NA,NA,1,7,2,7,2,5,NA,3,NA,1,NA,NA,1,111,NA,NA,1,NA,NA,NA,NA,NA,NA,NA,1,1,NA,35,1,NA,NA,NA,NA,NA,NA,NA,NA,NA,5,3,2,6,1,NA,NA,2,NA,13,40,60,70,70,70,70,2,NA,NA,26,45,1,4,2,5,1,3,4,NA,NA,NA,NA,NA,NA,NA,NA,7,19,20,2,NA,NA,NA,3,1,3,4,7,10,10,10,7,2,NA,10,2,5,2,4,2,2,3,2,3,5,88880,27,24,1,NA,NA,NA,"FY932456",NA,1943,1,7,NA,2,NA,NA,NA,NA,,5,,1,7,,,2,1,2,,2,1,88860,14,13,1,NA,NA,NA,"FY958244",NA,1960,1,4,NA,2,NA,NA,NA,NA,53,33,246,3,1,309,NA,2,2,1,72,2,1,88860,14,13,1,NA,NA,NA,"FY958244",NA,1960,1,4,NA,2,NA,NA,NA,NA,53,33,246,3,1,309,NA,2,2,1,NA,NA,NA,NA,NA,NA,NA,NA,NA,NA,NA,NA,NA,NA,NA,NA,NA,NA,NA,NA,NA,NA,NA,NA,NA
"309",503,237956,230,1,NA,NA,,,,26,,59,NA,NA,NA,NA,,NA,1,"FY947949",NA,25,NA,NA,1,NA,NA,1,70,10,101,NA,NA,NA,NA,NA,15,NA,NA,2,NA,NA,NA,2,3,4,NA,NA,NA,NA,NA,NA,NA,NA,NA,7,3,1,6,4,4,NA,6,NA,NA,NA,NA,1,153,NA,NA,NA,NA,NA,NA,NA,NA,NA,NA,NA,1,NA,17,NA,NA,NA,NA,NA,NA,NA,NA,NA,NA,3,3,1,3,1,NA,NA,1,NA,11,20,60,70,40,80,30,2,NA,NA,8,15,1,7,2,5,4,3,4,NA,NA,NA,NA,NA,NA,NA,NA,27,27,29,2,NA,NA,NA,3,1,3,3,4,0,0,0,7,1,NA,11,2,2,6,6,4,5,5,6,5,3,88964,84,84,1,NA,NA,NA,"FY947949",NA,1976,1,3,NA,1,1,31,,,NA,NA,,1,5,,,2,NA,2,,3,1,NA,NA,NA,NA,NA,NA,NA,NA,NA,NA,NA,NA,NA,NA,NA,NA,NA,NA,NA,NA,NA,NA,NA,NA,NA,NA,NA,NA,NA,NA,NA,NA,NA,NA,NA,NA,NA,NA,NA,NA,NA,NA,NA,NA,NA,NA,NA,NA,NA,NA,NA,NA,NA,NA,NA,NA,NA,NA,NA,NA,NA,NA,NA,NA,NA,NA,NA,NA,NA,NA,NA,NA,NA,NA,NA,NA,NA,NA,NA,NA,NA,NA,NA,NA
"310",504,238122,231,1,NA,NA,,,,26,,27,,NA,NA,NA,,NA,1,"FY963289",NA,18,NA,NA,1,NA,NA,1,18,12,6,NA,NA,NA,NA,18,66,NA,NA,NA,NA,NA,NA,2,5,3,NA,NA,NA,NA,NA,NA,NA,NA,NA,1,7,3,7,2,5,NA,3,NA,NA,NA,NA,NA,NA,NA,NA,1,1,NA,1,NA,NA,1,NA,1,NA,NA,NA,1,NA,NA,NA,NA,NA,NA,1,NA,NA,1,2,3,5,2,NA,NA,NA,1,13,0,60,70,85,100,85,1,1,1,NA,NA,4,3,1,5,1,1,5,NA,NA,NA,NA,NA,NA,NA,NA,30,20,30,2,NA,NA,NA,3,1,3,4,9,0,0,3,9,1,NA,10,3,5,5,5,5,6,2,1,5,5,89030,133,137,1,NA,NA,NA,"FY963289",NA,1972,2,1,,1,1,15,NA,,NA,NA,,1,5,,NA,2,2,1,,2,1,NA,NA,NA,NA,NA,NA,NA,NA,NA,NA,NA,NA,NA,NA,NA,NA,NA,NA,NA,NA,NA,NA,NA,NA,NA,NA,NA,NA,NA,NA,NA,NA,NA,NA,NA,NA,NA,NA,NA,NA,NA,NA,NA,NA,NA,NA,NA,NA,NA,NA,NA,NA,NA,NA,NA,NA,NA,NA,NA,NA,NA,NA,NA,NA,NA,NA,NA,NA,NA,NA,NA,NA,NA,NA,NA,NA,NA,NA,NA,NA,NA,NA,NA,NA
"311",505,238149,232,1,NA,NA,,,,26,,67,,NA,NA,NA,,NA,1,"FY943781",NA,13,NA,NA,1,NA,NA,2,NA,NA,NA,28,44,24,NA,NA,NA,NA,NA,NA,1,NA,1,1,NA,NA,0,0,0,0,NA,0,0,0,0,2,7,2,6,1,4,NA,4,NA,1,NA,NA,NA,NA,NA,NA,NA,NA,1,NA,13,NA,NA,NA,NA,1,NA,25,1,NA,NA,NA,NA,NA,NA,1,NA,NA,0,4,0,5,1,NA,NA,1,NA,10,50,50,50,50,50,50,2,NA,NA,22,6,3,NA,1,5,2,NA,NA,NA,NA,NA,NA,NA,NA,NA,NA,12,13,18,2,NA,NA,NA,3,1,3,3,5,10,5,5,5,1,NA,11,2,4,3,4,4,4,3,2,2,6,NA,NA,NA,NA,NA,NA,NA,NA,NA,NA,NA,NA,NA,NA,NA,NA,NA,NA,NA,NA,NA,NA,NA,NA,NA,NA,NA,NA,NA,NA,NA,88834,4,38,1,NA,NA,NA,"FY946593",NA,1968,2,7,NA,1,1,17,63,22,NA,NA,290,2,5,178,390,2,1,1,11,2,2,88834,4,38,1,NA,NA,NA,"FY946593",NA,1968,2,7,NA,1,1,17,63,22,NA,NA,290,2,5,178,390,2,1,1,NA,NA,NA,NA,NA,NA,NA,NA,NA,NA,NA,NA,NA,NA,NA,NA,NA,NA,NA,NA,NA,NA,NA,NA,NA
"312",507,238341,239,1,NA,NA,,,,25,NA,NA,NA,NA,NA,NA,,NA,1,"FY988496",NA,11,NA,NA,2,1,2,1,NA,31,NA,NA,NA,NA,NA,9,NA,NA,NA,NA,NA,2,NA,1,NA,NA,0,0,0,0,NA,0,0,0,0,1,7,2,6,1,5,NA,3,NA,NA,NA,NA,1,41,NA,NA,NA,NA,1,NA,29,NA,NA,NA,1,NA,NA,NA,NA,NA,NA,1,5,NA,NA,1,1,4,5,3,5,3,1,NA,NA,1,NA,10,0,60,50,50,85,85,2,NA,NA,23,2,2,1,1,1,2,NA,NA,NA,NA,NA,NA,NA,NA,NA,NA,16,10,18,2,NA,NA,NA,3,1,3,3,8,0,0,5,5,2,NA,NA,NA,4,4,5,3,2,3,4,2,6,89174,181,183,1,NA,NA,NA,"FY988496",NA,1961,1,7,NA,1,1,4,,,NA,NA,,3,7,,NA,1,2,1,,3,1,NA,NA,NA,NA,NA,NA,NA,NA,NA,NA,NA,NA,NA,NA,NA,NA,NA,NA,NA,NA,NA,NA,NA,NA,NA,NA,NA,NA,NA,NA,NA,NA,NA,NA,NA,NA,NA,NA,NA,NA,NA,NA,NA,NA,NA,NA,NA,NA,NA,NA,NA,NA,NA,NA,NA,NA,NA,NA,NA,NA,NA,NA,NA,NA,NA,NA,NA,NA,NA,NA,NA,NA,NA,NA,NA,NA,NA,NA,NA,NA,NA,NA,NA,NA
"313",508,238480,240,1,NA,NA,,,,26,,33,NA,NA,NA,NA,,NA,1,"FY900891",NA,50,NA,NA,1,NA,NA,2,NA,NA,NA,NA,NA,47,NA,NA,NA,NA,52,NA,NA,NA,1,2,3,4,NA,NA,NA,NA,NA,NA,NA,NA,NA,2,5,2,6,2,6,NA,3,NA,NA,NA,1,1,22,NA,NA,NA,NA,NA,NA,NA,NA,NA,NA,NA,NA,1,NA,1,NA,NA,NA,NA,NA,NA,NA,1,13,0,NA,2,4,1,NA,NA,1,NA,13,40,80,70,70,90,50,1,3,3,NA,NA,3,NA,2,7,2,3,2,NA,NA,NA,NA,NA,NA,NA,NA,16,19,27,1,3,1,3,NA,NA,NA,NA,7,7,1,1,7,1,NA,10,6,2,4,5,5,5,3,5,3,5,89330,283,286,1,NA,NA,NA,"FY900891",NA,1967,2,7,NA,2,NA,NA,NA,NA,NA,31,,1,5,,,2,2,2,,2,1,NA,NA,NA,NA,NA,NA,NA,NA,NA,NA,NA,NA,NA,NA,NA,NA,NA,NA,NA,NA,NA,NA,NA,NA,NA,NA,NA,NA,NA,NA,NA,NA,NA,NA,NA,NA,NA,NA,NA,NA,NA,NA,NA,NA,NA,NA,NA,NA,NA,NA,NA,NA,NA,NA,NA,NA,NA,NA,NA,NA,NA,NA,NA,NA,NA,NA,NA,NA,NA,NA,NA,NA,NA,NA,NA,NA,NA,NA,NA,NA,NA,NA,NA,NA
"314",510,238656,233,1,NA,NA,,,,26,NA,NA,NA,NA,NA,NA,,NA,1,"FY982343",NA,11,NA,NA,1,NA,NA,NA,NA,NA,NA,NA,NA,NA,NA,47,66,44,46,NA,NA,NA,NA,1,NA,NA,8,5,5,0,NA,5,5,5,5,1,6,5,5,4,4,NA,4,NA,1,1,1,NA,NA,NA,NA,NA,NA,NA,NA,NA,1,1,NA,1,NA,1,NA,1,NA,NA,NA,NA,1,1,1,NA,NA,0,4,1,9,2,NA,NA,NA,1,10,15,15,50,50,60,40,1,1,3,NA,NA,1,6,2,4,5,NA,NA,1,2,5,3,3,0,1,3,16,19,20,1,3,1,3,NA,NA,NA,NA,7,9,1,2,7,3,18,5,6,5,3,6,5,4,2,1,2,6,92914,571,548,1,NA,NA,NA,"FY982343",NA,1968,2,7,NA,2,NA,NA,NA,NA,,5,,2,3,,,2,2,1,,1,1,NA,NA,NA,NA,NA,NA,NA,NA,NA,NA,NA,NA,NA,NA,NA,NA,NA,NA,NA,NA,NA,NA,NA,NA,NA,NA,NA,NA,NA,NA,NA,NA,NA,NA,NA,NA,NA,NA,NA,NA,NA,NA,NA,NA,NA,NA,NA,NA,NA,NA,NA,NA,NA,NA,NA,NA,NA,NA,NA,NA,NA,NA,NA,NA,NA,NA,NA,NA,NA,NA,NA,NA,NA,NA,NA,NA,NA,NA,NA,NA,NA,NA,NA,NA
"315",511,238668,234,1,NA,NA,,,,22,,14,NA,NA,NA,NA,,NA,1,"FY903374",NA,39,NA,NA,2,11,1,1,NA,29,NA,NA,NA,NA,NA,54,NA,NA,NA,NA,NA,2,NA,2,3,1,NA,NA,NA,NA,NA,NA,NA,NA,NA,2,7,2,1,1,5,NA,6,NA,NA,NA,NA,1,50,NA,NA,NA,NA,1,NA,36,NA,NA,NA,NA,1,NA,NA,NA,NA,NA,1,41,NA,NA,1,NA,NA,3,4,1,7,2,NA,NA,NA,3,8,40,40,40,40,40,40,1,2,2,NA,NA,3,NA,4,NA,2,1,2,NA,NA,NA,NA,NA,NA,NA,NA,12,5,21,1,2,2,3,NA,NA,NA,NA,3,10,0,2,2,2,NA,NA,NA,3,3,6,4,5,2,2,3,3,89014,122,125,1,NA,NA,NA,"FY903374",NA,1967,2,7,NA,1,1,11,,,NA,NA,NA,3,1,,,1,1,1,,3,1,88992,103,108,1,NA,NA,NA,"FY959579",NA,1958,2,7,NA,1,1,NA,86,18,NA,NA,414,3,4,308,NA,2,1,1,58,3,1,88992,103,108,1,NA,NA,NA,"FY959579",NA,1958,2,7,NA,1,1,NA,86,18,NA,NA,414,3,4,308,NA,2,1,1,NA,NA,NA,NA,NA,NA,NA,NA,NA,NA,NA,NA,NA,NA,NA,NA,NA,NA,NA,NA,NA,NA,NA,NA,NA
"316",512,238669,235,1,NA,NA,,,,26,,37,,NA,NA,NA,,NA,1,"FY991569",NA,17,NA,NA,1,NA,NA,2,NA,NA,NA,46,57,10,NA,NA,NA,9,29,NA,NA,NA,NA,1,NA,NA,10,NA,NA,NA,NA,NA,10,NA,NA,3,5,4,6,2,5,NA,4,NA,1,1,1,NA,NA,1,NA,NA,1,NA,NA,NA,NA,1,NA,NA,NA,1,NA,NA,NA,NA,NA,NA,NA,NA,NA,NA,NA,5,3,1,6,1,NA,NA,1,NA,14,70,70,75,75,90,60,2,NA,NA,38,6,1,5,2,7,2,NA,NA,3,7,7,7,3,3,7,6,20,9,NA,2,NA,NA,NA,3,1,3,3,7,10,0,2,2,2,NA,8,2,5,4,6,4,4,3,3,5,5,91378,521,502,1,NA,NA,NA,"FY991569",NA,1958,1,5,NA,2,NA,NA,NA,NA,,23,,1,3,,,2,2,2,,1,1,NA,NA,NA,NA,NA,NA,NA,NA,NA,NA,NA,NA,NA,NA,NA,NA,NA,NA,NA,NA,NA,NA,NA,NA,NA,NA,NA,NA,NA,NA,NA,NA,NA,NA,NA,NA,NA,NA,NA,NA,NA,NA,NA,NA,NA,NA,NA,NA,NA,NA,NA,NA,NA,NA,NA,NA,NA,NA,NA,NA,NA,NA,NA,NA,NA,NA,NA,NA,NA,NA,NA,NA,NA,NA,NA,NA,NA,NA,NA,NA,NA,NA,NA,NA
"317",513,238967,236,1,NA,NA,,,,26,,27,NA,NA,NA,NA,,NA,1,"FY994777",NA,38,NA,NA,2,11,2,1,9,30,12,NA,NA,NA,NA,39,66,NA,NA,NA,NA,NA,NA,2,5,4,NA,NA,NA,NA,NA,NA,NA,NA,NA,1,7,3,6,2,5,NA,3,NA,NA,NA,NA,1,66,NA,NA,1,NA,NA,NA,NA,NA,NA,NA,NA,1,NA,30,1,NA,NA,NA,NA,NA,NA,NA,1,36,1,1,7,8,1,NA,NA,1,NA,3,20,60,100,100,100,90,1,1,3,NA,NA,1,7,1,5,4,3,3,NA,NA,NA,NA,NA,NA,NA,NA,7,3,5,1,3,1,3,NA,NA,NA,NA,7,10,9,10,8,1,NA,NA,NA,2,5,4,5,4,3,2,3,5,89526,329,330,1,NA,NA,NA,"FY994777",NA,1944,1,7,NA,2,NA,NA,NA,NA,,45,,1,7,,,2,2,2,,2,1,88946,70,69,1,NA,NA,NA,"FY946501",NA,1988,1,7,NA,2,NA,NA,NA,NA,NA,5,8,2,4,224,181,2,1,2,13,1,1,88946,70,69,1,NA,NA,NA,"FY946501",NA,1988,1,7,NA,2,NA,NA,NA,NA,NA,5,8,2,4,224,181,2,1,2,NA,NA,NA,NA,NA,NA,NA,NA,NA,NA,NA,NA,NA,NA,NA,NA,NA,NA,NA,NA,NA,NA,NA,NA,NA
"318",517,240683,241,1,NA,NA,,,,26,,30,,NA,NA,NA,,NA,1,"FY919744",NA,14,NA,NA,1,NA,NA,1,54,32,80,NA,NA,NA,NA,56,57,NA,NA,NA,NA,NA,NA,1,NA,NA,5,5,5,2,NA,0,8,2,2,3,5,2,6,2,4,NA,6,NA,NA,1,NA,NA,NA,NA,NA,NA,NA,NA,NA,NA,NA,NA,NA,NA,NA,NA,NA,1,NA,NA,NA,NA,NA,NA,NA,1,60,0,NA,1,2,2,NA,NA,NA,1,10,32,65,50,50,75,60,1,1,2,NA,NA,3,NA,1,3,2,NA,NA,0,0,8,0,2,0,8,2,22,23,29,1,3,1,3,NA,NA,NA,NA,7,10,10,9,6,2,NA,11,2,2,NA,7,3,3,3,2,3,5,89082,216,218,1,NA,NA,NA,"FY919744",NA,1957,2,7,NA,2,NA,NA,NA,NA,,23,,1,3,,,1,2,1,,3,1,88917,48,46,1,NA,NA,NA,"FY962397",NA,1955,2,7,NA,2,NA,NA,NA,NA,80,5,237,1,7,165,171,2,1,2,155,2,2,88917,48,46,1,NA,NA,NA,"FY962397",NA,1955,2,7,NA,2,NA,NA,NA,NA,80,5,237,1,7,165,171,2,1,2,NA,NA,NA,NA,NA,NA,NA,NA,NA,NA,NA,NA,NA,NA,NA,NA,NA,NA,NA,NA,NA,NA,NA,NA,NA
"319",518,240867,242,1,NA,NA,,,,26,NA,NA,NA,NA,NA,NA,,NA,1,"FY952062",NA,21,NA,NA,1,NA,NA,1,57,14,23,NA,NA,NA,NA,33,70,NA,NA,NA,NA,NA,NA,2,5,4,NA,NA,NA,NA,NA,NA,NA,NA,NA,2,7,1,5,1,7,NA,6,NA,NA,NA,NA,1,122,NA,NA,NA,1,NA,NA,NA,NA,1,NA,NA,NA,1,NA,NA,NA,NA,NA,NA,NA,NA,1,NA,NA,7,4,1,2,1,NA,NA,2,NA,10,40,50,50,50,50,40,1,2,3,NA,NA,3,NA,1,5,1,1,2,NA,NA,NA,NA,NA,NA,NA,NA,16,5,5,2,NA,NA,NA,2,1,3,3,6,9,10,5,10,2,NA,10,2,2,6,4,3,2,4,3,5,5,88905,44,43,1,NA,NA,NA,"FY952062",NA,1976,1,7,NA,2,NA,NA,NA,NA,,5,,1,5,,,2,2,2,,1,1,89078,212,214,1,NA,NA,NA,"FY913535",NA,1978,1,7,NA,2,NA,NA,NA,NA,47,29,418,1,7,5,22,2,1,1,172,3,1,89078,212,214,1,NA,NA,NA,"FY913535",NA,1978,1,7,NA,2,NA,NA,NA,NA,47,29,418,1,7,5,22,2,1,1,NA,NA,NA,NA,NA,NA,NA,NA,NA,NA,NA,NA,NA,NA,NA,NA,NA,NA,NA,NA,NA,NA,NA,NA,NA
"320",519,241357,243,1,NA,NA,,,,26,NA,NA,NA,NA,NA,NA,,NA,1,"FY911860",NA,50,NA,NA,1,NA,NA,1,51,29,34,NA,NA,NA,NA,5,29,NA,NA,NA,NA,NA,NA,1,NA,NA,10,0,0,0,NA,0,10,0,0,7,4,1,1,3,7,NA,4,1,1,1,NA,1,35,NA,1,NA,NA,NA,NA,NA,1,NA,NA,NA,NA,NA,NA,NA,1,NA,NA,NA,NA,1,1,1,48,3,1,7,5,3,24,NA,NA,NA,3,75,10,100,100,100,60,1,1,3,NA,NA,2,5,2,5,3,NA,NA,10,0,10,10,0,0,10,0,22,13,5,2,NA,NA,NA,NA,1,3,3,5,10,10,5,10,4,NA,2,4,4,2,NA,4,4,4,4,4,7,89719,359,355,1,NA,NA,NA,"FY911860",NA,1956,2,7,NA,2,NA,NA,NA,NA,,36,,4,6,,,2,1,1,,3,1,NA,NA,NA,NA,NA,NA,NA,NA,NA,NA,NA,NA,NA,NA,NA,NA,NA,NA,NA,NA,NA,NA,NA,NA,NA,NA,NA,NA,NA,NA,NA,NA,NA,NA,NA,NA,NA,NA,NA,NA,NA,NA,NA,NA,NA,NA,NA,NA,NA,NA,NA,NA,NA,NA,NA,NA,NA,NA,NA,NA,NA,NA,NA,NA,NA,NA,NA,NA,NA,NA,NA,NA,NA,NA,NA,NA,NA,NA,NA,NA,NA,NA,NA,NA
"321",520,241709,244,1,NA,NA,,,,26,,27,NA,NA,NA,NA,,NA,1,"FY997316",NA,36,NA,NA,2,10,2,1,10,31,36,NA,NA,NA,NA,51,33,NA,NA,NA,NA,NA,NA,2,5,4,NA,NA,NA,NA,NA,NA,NA,NA,NA,2,7,4,7,2,6,NA,6,NA,1,NA,NA,1,104,NA,NA,1,NA,NA,1,NA,NA,1,NA,1,NA,1,NA,1,NA,NA,NA,NA,NA,NA,1,1,45,3,1,4,7,1,NA,NA,2,NA,16,40,70,85,90,90,70,1,1,3,NA,NA,1,3,1,9,1,2,4,NA,NA,NA,NA,NA,NA,NA,NA,27,10,27,1,3,1,3,NA,NA,NA,NA,8,10,2,5,3,4,NA,NA,NA,3,5,5,5,3,4,3,4,6,88871,20,16,1,NA,NA,NA,"FY997316",NA,1947,1,7,NA,2,NA,NA,NA,NA,,5,,1,5,,,2,1,2,,1,2,89071,210,211,1,NA,NA,NA,"FY975569",NA,1948,1,7,NA,2,NA,NA,NA,NA,108,26,85,1,7,91,135,1,1,1,135,3,2,89071,210,211,1,NA,NA,NA,"FY975569",NA,1948,1,7,NA,2,NA,NA,NA,NA,108,26,85,1,7,91,135,1,1,1,NA,NA,NA,NA,NA,NA,NA,NA,NA,NA,NA,NA,NA,NA,NA,NA,NA,NA,NA,NA,NA,NA,NA,NA,NA
"322",521,241927,245,1,NA,NA,,,,26,,62,NA,NA,NA,NA,,NA,1,"FY995007",NA,30,NA,NA,2,12,5,1,85,13,37,NA,NA,NA,NA,32,55,NA,NA,NA,NA,NA,NA,2,5,1,NA,NA,NA,NA,NA,NA,NA,NA,NA,1,7,2,6,1,6,NA,6,NA,NA,NA,NA,1,103,NA,NA,1,NA,NA,NA,NA,NA,NA,NA,NA,NA,NA,NA,1,NA,NA,NA,NA,NA,NA,NA,NA,NA,5,3,5,8,1,NA,NA,2,NA,12,30,75,70,70,70,65,1,1,3,NA,NA,1,5,1,8,2,3,4,NA,NA,NA,NA,NA,NA,NA,NA,12,13,29,2,NA,NA,NA,3,1,3,3,8,10,0,1,7,1,NA,NA,NA,2,6,4,2,2,4,3,4,4,89903,437,NA,1,NA,NA,NA,"FY995007",NA,1946,2,7,NA,1,2,63,,,NA,NA,,1,5,,,2,NA,NA,NA,NA,NA,NA,NA,NA,NA,NA,NA,NA,NA,NA,NA,NA,NA,NA,NA,NA,NA,NA,NA,NA,NA,NA,NA,NA,NA,NA,NA,NA,NA,NA,NA,NA,NA,NA,NA,NA,NA,NA,NA,NA,NA,NA,NA,NA,NA,NA,NA,NA,NA,NA,NA,NA,NA,NA,NA,NA,NA,NA,NA,NA,NA,NA,NA,NA,NA,NA,NA,NA,NA,NA,NA,NA,NA,NA,NA,NA,NA,NA,NA,NA,NA,NA,NA,NA,NA
"323",525,244300,250,1,NA,NA,,,,26,,27,NA,NA,NA,NA,,NA,1,"FY941287",NA,324,NA,NA,2,10,6,2,NA,NA,NA,17,38,NA,NA,NA,NA,18,66,NA,NA,NA,NA,1,NA,NA,10,NA,NA,NA,NA,NA,10,NA,NA,3,7,1,5,1,7,NA,4,NA,NA,NA,NA,1,111,1,NA,1,1,NA,1,NA,NA,NA,NA,NA,NA,NA,NA,NA,NA,NA,NA,NA,NA,NA,1,NA,NA,7,4,5,8,2,NA,NA,NA,1,14,40,65,85,45,55,45,1,3,3,NA,NA,1,3,1,8,4,NA,NA,2,1,9,0,0,0,10,5,10,14,37,2,NA,NA,NA,3,1,3,3,9,10,0,7,5,1,NA,NA,NA,7,3,7,6,5,4,2,3,5,90775,507,490,1,NA,NA,NA,"FY941287",NA,1945,1,7,NA,2,NA,NA,NA,NA,,36,,2,3,,,2,2,2,,2,2,89013,120,127,1,NA,NA,NA,"FY943970",NA,1934,1,7,NA,2,NA,NA,NA,NA,111,5,122,1,5,21,NA,1,1,1,15,1,1,89013,120,127,1,NA,NA,NA,"FY943970",NA,1934,1,7,NA,2,NA,NA,NA,NA,111,5,122,1,5,21,NA,1,1,1,NA,NA,NA,NA,NA,NA,NA,NA,NA,NA,NA,NA,NA,NA,NA,NA,NA,NA,NA,NA,NA,NA,NA,NA,NA
"324",522,242413,248,1,NA,NA,,,,20,,1,NA,NA,NA,NA,,NA,1,"FY947737",NA,10,NA,NA,1,NA,NA,2,NA,NA,NA,45,15,47,NA,NA,NA,38,12,NA,NA,NA,NA,1,NA,NA,100,0,0,0,NA,0,100,0,0,2,7,1,4,1,4,NA,4,NA,NA,NA,NA,1,18,NA,NA,NA,NA,NA,1,NA,NA,NA,NA,NA,NA,1,NA,NA,NA,NA,1,47,NA,NA,1,NA,NA,7,1,7,5,1,NA,NA,2,NA,10,10,90,50,50,50,50,1,1,3,NA,NA,1,8,1,8,4,NA,NA,0,10,0,0,10,0,10,0,7,5,18,2,NA,NA,NA,3,1,3,4,10,0,5,9,9,1,NA,4,8,4,6,4,2,2,4,4,3,4,92859,555,533,1,NA,NA,NA,"FY947737",NA,1946,2,5,NA,2,NA,NA,NA,NA,,37,,1,1,,,2,1,1,,1,1,89086,228,228,1,NA,NA,NA,"FY932177",NA,1987,1,7,NA,1,2,20,84,48,NA,NA,40,1,5,365,309,1,2,2,97,1,1,89086,228,228,1,NA,NA,NA,"FY932177",NA,1987,1,7,NA,1,2,20,84,48,NA,NA,40,1,5,365,309,1,2,2,NA,NA,NA,NA,NA,NA,NA,NA,NA,NA,NA,NA,NA,NA,NA,NA,NA,NA,NA,NA,NA,NA,NA,NA,NA
"325",523,243444,246,1,NA,NA,,,,26,,27,,NA,NA,NA,,NA,1,"FY969214",NA,85,NA,NA,1,NA,NA,2,NA,NA,NA,14,65,16,NA,NA,NA,19,18,NA,NA,NA,NA,2,5,4,NA,NA,NA,NA,NA,NA,NA,NA,NA,3,7,2,4,3,5,NA,3,NA,NA,NA,1,1,131,NA,NA,NA,1,NA,NA,NA,NA,1,NA,NA,NA,1,NA,NA,NA,NA,NA,NA,NA,NA,NA,NA,NA,4,2,1,7,1,NA,NA,1,NA,14,67,89,68,68,68,50,1,3,3,NA,NA,1,1,1,2,1,3,4,NA,NA,NA,NA,NA,NA,NA,NA,19,32,15,2,NA,NA,NA,4,1,3,3,1,6,5,6,6,1,NA,10,8,6,3,6,4,3,2,2,3,6,90110,482,469,1,NA,NA,NA,"FY969214",NA,1960,1,7,NA,2,NA,NA,NA,NA,,5,,1,5,,,2,2,2,,2,2,NA,NA,NA,NA,NA,NA,NA,NA,NA,NA,NA,NA,NA,NA,NA,NA,NA,NA,NA,NA,NA,NA,NA,NA,NA,NA,NA,NA,NA,NA,NA,NA,NA,NA,NA,NA,NA,NA,NA,NA,NA,NA,NA,NA,NA,NA,NA,NA,NA,NA,NA,NA,NA,NA,NA,NA,NA,NA,NA,NA,NA,NA,NA,NA,NA,NA,NA,NA,NA,NA,NA,NA,NA,NA,NA,NA,NA,NA,NA,NA,NA,NA,NA,NA
"326",524,243780,247,1,NA,NA,,,,26,,27,NA,NA,NA,NA,,NA,1,"FY937079",NA,168,NA,NA,2,7,1,2,NA,NA,NA,NA,NA,NA,NA,NA,NA,NA,NA,NA,1,NA,1,1,NA,NA,NA,NA,NA,NA,NA,NA,5,NA,NA,3,7,2,2,2,7,NA,4,NA,NA,NA,NA,1,60,NA,NA,NA,NA,NA,NA,NA,NA,NA,NA,NA,NA,NA,NA,1,NA,NA,NA,NA,NA,NA,1,NA,NA,1,4,2,7,2,NA,NA,NA,3,11,50,50,60,60,60,40,1,4,3,NA,NA,3,NA,2,NA,2,NA,NA,5,3,5,5,5,NA,NA,NA,12,NA,NA,2,NA,NA,NA,NA,1,3,2,7,3,1,3,7,4,NA,NA,NA,6,3,5,6,2,1,2,2,2,NA,NA,NA,NA,NA,NA,NA,NA,NA,NA,NA,NA,NA,NA,NA,NA,NA,NA,NA,NA,NA,NA,NA,NA,NA,NA,NA,NA,NA,NA,NA,NA,NA,NA,NA,NA,NA,NA,NA,NA,NA,NA,NA,NA,NA,NA,NA,NA,NA,NA,NA,NA,NA,NA,NA,NA,NA,NA,NA,NA,NA,NA,NA,NA,NA,NA,NA,NA,NA,NA,NA,NA,NA,NA,NA,NA,NA,NA,NA,NA,NA,NA,NA,NA,NA,NA,NA,NA,NA,NA,NA,NA,NA,NA,NA,NA,NA,NA,NA,NA,NA,NA,NA,NA,NA,NA,NA,NA,NA,NA,NA,NA,NA,NA,NA
"327",526,244400,251,1,NA,NA,,,,7,,26,NA,NA,NA,NA,,NA,1,"FY989322",NA,36,NA,NA,2,10,1,1,NA,11,NA,NA,NA,NA,NA,32,NA,NA,NA,NA,NA,2,NA,1,NA,NA,0,0,0,0,NA,0,0,0,0,2,6,2,2,2,5,NA,4,NA,NA,NA,1,1,47,NA,NA,NA,NA,1,NA,18,NA,NA,NA,NA,1,NA,29,NA,NA,NA,1,20,NA,NA,NA,1,22,2,3,2,5,2,NA,NA,NA,1,8,60,70,90,45,65,20,2,NA,NA,23,13,4,1,4,NA,5,NA,NA,0,0,4,0,0,0,4,0,16,21,21,1,3,3,3,NA,NA,NA,NA,8,0,3,5,6,2,NA,10,1,3,5,5,3,3,4,3,5,5,89608,383,376,1,NA,NA,NA,"FY989322",NA,1950,2,7,NA,1,1,1,,,NA,NA,,2,2,,NA,2,1,1,,2,1,89046,147,150,1,NA,NA,NA,"FY922157",NA,1985,1,7,NA,2,NA,NA,NA,NA,111,5,266,1,5,155,52,2,2,2,149,1,1,89046,147,150,1,NA,NA,NA,"FY922157",NA,1985,1,7,NA,2,NA,NA,NA,NA,111,5,266,1,5,155,52,2,2,2,NA,NA,NA,NA,NA,NA,NA,NA,NA,NA,NA,NA,NA,NA,NA,NA,NA,NA,NA,NA,NA,NA,NA,NA,NA
"328",527,244423,252,1,NA,NA,,,,26,,27,,NA,NA,NA,,NA,1,"FY980492",NA,158,NA,NA,2,4,10,1,54,33,24,NA,NA,NA,NA,10,57,NA,NA,NA,NA,NA,NA,2,5,4,NA,NA,NA,NA,NA,NA,NA,NA,NA,1,7,3,3,1,4,NA,3,NA,NA,NA,NA,1,105,NA,NA,NA,NA,NA,NA,NA,NA,NA,NA,NA,NA,NA,NA,1,NA,NA,NA,NA,NA,NA,NA,1,20,0,NA,5,5,1,NA,NA,2,NA,13,40,60,60,85,90,60,1,1,3,NA,NA,4,8,2,9,1,2,3,NA,NA,NA,NA,NA,NA,NA,NA,24,4,5,1,3,1,3,NA,NA,NA,NA,8,9,5,2,5,2,NA,NA,NA,4,6,6,5,5,2,1,4,6,89237,252,254,1,NA,NA,NA,"FY980492",NA,1953,2,7,NA,2,NA,NA,NA,NA,,5,,1,5,,,2,2,2,,3,1,89080,213,216,1,NA,NA,NA,"FY921735",NA,1969,1,7,NA,1,2,36,9,58,NA,NA,59,2,3,254,121,2,1,1,115,3,1,89080,213,216,1,NA,NA,NA,"FY921735",NA,1969,1,7,NA,1,2,36,9,58,NA,NA,59,2,3,254,121,2,1,1,NA,NA,NA,NA,NA,NA,NA,NA,NA,NA,NA,NA,NA,NA,NA,NA,NA,NA,NA,NA,NA,NA,NA,NA,NA
"329",528,246248,249,1,NA,NA,,,,6,,7,NA,NA,NA,NA,,NA,1,"FY908452",NA,55,NA,NA,1,NA,NA,2,NA,NA,NA,47,58,47,NA,NA,NA,NA,55,NA,NA,NA,1,1,NA,NA,10,NA,NA,NA,NA,NA,NA,NA,NA,1,7,4,2,2,5,NA,4,NA,NA,NA,NA,1,33,NA,NA,NA,1,1,NA,NA,NA,NA,NA,NA,NA,1,NA,NA,NA,NA,NA,NA,NA,NA,NA,NA,NA,3,3,7,9,2,NA,NA,NA,1,16,30,70,50,50,85,30,2,NA,NA,19,29,4,8,2,10,2,NA,NA,5,0,5,0,5,0,5,5,7,10,21,1,3,1,3,NA,NA,NA,NA,8,0,5,0,5,2,NA,11,11,4,7,4,6,4,2,2,6,4,89812,449,437,1,NA,NA,NA,"FY908452",NA,1939,1,7,NA,2,NA,NA,NA,NA,,5,,1,1,,,2,1,1,,1,1,NA,NA,NA,NA,NA,NA,NA,NA,NA,NA,NA,NA,NA,NA,NA,NA,NA,NA,NA,NA,NA,NA,NA,NA,NA,NA,NA,NA,NA,NA,NA,NA,NA,NA,NA,NA,NA,NA,NA,NA,NA,NA,NA,NA,NA,NA,NA,NA,NA,NA,NA,NA,NA,NA,NA,NA,NA,NA,NA,NA,NA,NA,NA,NA,NA,NA,NA,NA,NA,NA,NA,NA,NA,NA,NA,NA,NA,NA,NA,NA,NA,NA,NA,NA
"330",529,249019,253,1,NA,NA,,,,18,,21,NA,NA,NA,NA,,NA,1,"FY950313",NA,47,NA,NA,2,4,2,1,NA,37,64,NA,NA,NA,NA,7,NA,NA,NA,NA,NA,2,NA,2,3,1,NA,NA,NA,NA,NA,NA,NA,NA,NA,1,7,1,7,1,5,NA,3,NA,1,NA,NA,NA,NA,NA,NA,NA,NA,NA,NA,NA,NA,NA,NA,NA,NA,NA,NA,NA,NA,NA,NA,NA,NA,NA,NA,NA,NA,0,5,3,4,1,NA,NA,2,NA,17,50,90,60,80,70,90,2,NA,NA,2,6,4,5,5,9,2,1,2,NA,NA,NA,NA,NA,NA,NA,NA,16,30,10,2,NA,NA,NA,3,1,3,3,9,8,8,8,8,1,NA,NA,NA,6,2,4,4,3,1,1,1,7,89253,258,261,1,NA,NA,NA,"FY950313",NA,1959,2,5,NA,1,1,8,,,NA,NA,,1,7,,,2,1,2,,1,1,NA,NA,NA,NA,NA,NA,NA,NA,NA,NA,NA,NA,NA,NA,NA,NA,NA,NA,NA,NA,NA,NA,NA,NA,NA,NA,NA,NA,NA,NA,NA,NA,NA,NA,NA,NA,NA,NA,NA,NA,NA,NA,NA,NA,NA,NA,NA,NA,NA,NA,NA,NA,NA,NA,NA,NA,NA,NA,NA,NA,NA,NA,NA,NA,NA,NA,NA,NA,NA,NA,NA,NA,NA,NA,NA,NA,NA,NA,NA,NA,NA,NA,NA,NA
"331",530,249424,254,1,NA,NA,,,,26,,45,,NA,NA,NA,,NA,1,"FY992215",NA,9,NA,NA,1,NA,NA,2,NA,NA,NA,42,62,47,NA,NA,NA,41,56,NA,NA,NA,NA,2,5,4,NA,NA,NA,NA,NA,NA,NA,NA,NA,3,7,5,6,3,4,NA,3,NA,1,1,NA,NA,NA,NA,NA,1,NA,NA,NA,NA,NA,1,NA,NA,NA,NA,NA,1,NA,NA,NA,NA,NA,NA,NA,NA,NA,3,2,5,3,1,NA,NA,2,NA,10,0,70,50,50,50,50,1,1,3,NA,NA,4,4,1,7,1,3,4,NA,NA,NA,NA,NA,NA,NA,NA,16,30,15,1,3,1,3,NA,NA,NA,NA,7,10,6,2,0,1,NA,11,2,5,7,3,4,5,2,2,3,6,88829,2,3,1,NA,NA,NA,"FY992215",NA,1972,1,3,NA,1,2,34,,,NA,NA,,1,7,,,1,1,2,,2,1,NA,NA,NA,NA,NA,NA,NA,NA,NA,NA,NA,NA,NA,NA,NA,NA,NA,NA,NA,NA,NA,NA,NA,NA,NA,NA,NA,NA,NA,NA,NA,NA,NA,NA,NA,NA,NA,NA,NA,NA,NA,NA,NA,NA,NA,NA,NA,NA,NA,NA,NA,NA,NA,NA,NA,NA,NA,NA,NA,NA,NA,NA,NA,NA,NA,NA,NA,NA,NA,NA,NA,NA,NA,NA,NA,NA,NA,NA,NA,NA,NA,NA,NA,NA
"332",531,249994,255,1,NA,NA,,,,26,,49,,NA,NA,NA,,NA,1,"FY958621",NA,10,NA,NA,1,NA,NA,1,20,31,77,NA,NA,NA,NA,9,78,NA,NA,NA,NA,NA,NA,2,4,4,NA,NA,NA,NA,NA,NA,NA,NA,NA,2,5,1,4,2,5,NA,6,NA,NA,NA,NA,1,112,NA,NA,NA,1,NA,NA,NA,NA,NA,NA,NA,NA,1,NA,1,NA,NA,NA,NA,NA,NA,1,NA,NA,4,4,2,5,1,NA,NA,2,NA,16,40,85,85,80,85,40,2,NA,NA,32,11,1,2,1,3,6,1,2,NA,NA,NA,NA,NA,NA,NA,NA,22,5,15,2,NA,NA,NA,3,3,3,3,6,9,8,5,3,2,NA,11,5,2,6,5,5,4,4,3,4,5,89209,247,249,1,NA,NA,NA,"FY958621",NA,1962,1,7,NA,2,NA,NA,NA,NA,,34,,1,5,,,2,1,2,,3,2,NA,NA,NA,NA,NA,NA,NA,NA,NA,NA,NA,NA,NA,NA,NA,NA,NA,NA,NA,NA,NA,NA,NA,NA,NA,NA,NA,NA,NA,NA,NA,NA,NA,NA,NA,NA,NA,NA,NA,NA,NA,NA,NA,NA,NA,NA,NA,NA,NA,NA,NA,NA,NA,NA,NA,NA,NA,NA,NA,NA,NA,NA,NA,NA,NA,NA,NA,NA,NA,NA,NA,NA,NA,NA,NA,NA,NA,NA,NA,NA,NA,NA,NA,NA
"333",532,250729,256,1,NA,NA,,,,26,NA,NA,NA,NA,NA,NA,,NA,1,"FY938899",NA,51,NA,NA,2,11,2,2,NA,NA,NA,20,72,28,NA,NA,NA,21,31,NA,NA,NA,NA,1,NA,NA,NA,NA,NA,NA,NA,NA,NA,NA,NA,1,6,2,5,1,5,NA,6,NA,1,NA,NA,1,85,NA,NA,1,NA,NA,NA,NA,NA,1,NA,NA,NA,1,NA,1,NA,NA,NA,NA,NA,NA,NA,NA,NA,5,1,7,2,1,NA,NA,NA,NA,NA,NA,NA,NA,NA,NA,NA,1,1,3,NA,NA,1,NA,1,NA,2,NA,NA,0,0,5,0,0,0,5,10,21,12,14,2,NA,NA,NA,3,NA,NA,NA,10,10,10,5,6,1,NA,NA,NA,3,4,3,3,2,1,1,3,6,89187,190,190,1,NA,NA,NA,"FY938899",NA,1928,1,7,NA,2,NA,NA,NA,NA,,31,,1,5,,,2,1,1,,2,1,NA,NA,NA,NA,NA,NA,NA,NA,NA,NA,NA,NA,NA,NA,NA,NA,NA,NA,NA,NA,NA,NA,NA,NA,NA,NA,NA,NA,NA,NA,NA,NA,NA,NA,NA,NA,NA,NA,NA,NA,NA,NA,NA,NA,NA,NA,NA,NA,NA,NA,NA,NA,NA,NA,NA,NA,NA,NA,NA,NA,NA,NA,NA,NA,NA,NA,NA,NA,NA,NA,NA,NA,NA,NA,NA,NA,NA,NA,NA,NA,NA,NA,NA,NA
"334",533,250845,257,1,NA,NA,,,,22,,14,NA,NA,NA,NA,,NA,1,"FY918256",NA,30,NA,NA,2,12,8,1,NA,10,NA,NA,NA,NA,NA,25,NA,NA,NA,NA,NA,2,NA,1,NA,NA,9,NA,NA,NA,NA,NA,NA,NA,2,4,7,2,3,2,4,NA,4,NA,NA,NA,NA,1,93,1,NA,NA,NA,NA,NA,NA,NA,NA,NA,NA,NA,1,NA,NA,NA,NA,NA,NA,NA,NA,NA,NA,NA,2,4,4,4,2,NA,NA,NA,3,10,50,50,50,50,50,40,1,1,1,NA,NA,3,NA,1,3,6,NA,NA,5,7,4,3,2,0,7,0,7,14,6,2,NA,NA,NA,3,4,3,4,5,0,0,0,5,2,NA,NA,NA,5,2,6,3,5,3,2,4,5,NA,NA,NA,NA,NA,NA,NA,NA,NA,NA,NA,NA,NA,NA,NA,NA,NA,NA,NA,NA,NA,NA,NA,NA,NA,NA,NA,NA,NA,NA,NA,NA,NA,NA,NA,NA,NA,NA,NA,NA,NA,NA,NA,NA,NA,NA,NA,NA,NA,NA,NA,NA,NA,NA,NA,NA,NA,NA,NA,NA,NA,NA,NA,NA,NA,NA,NA,NA,NA,NA,NA,NA,NA,NA,NA,NA,NA,NA,NA,NA,NA,NA,NA,NA,NA,NA,NA,NA,NA,NA,NA,NA,NA,NA,NA,NA,NA,NA,NA,NA,NA,NA,NA,NA,NA,NA,NA,NA,NA,NA,NA,NA,NA,NA,NA
"335",534,250879,258,1,NA,NA,,,,26,,65,NA,NA,NA,NA,,NA,1,"FY973615",NA,15,NA,NA,1,NA,NA,2,NA,NA,NA,NA,NA,NA,NA,NA,NA,NA,NA,NA,2,NA,1,2,3,1,NA,NA,NA,NA,NA,NA,NA,NA,NA,6,6,1,4,2,6,NA,5,NA,1,1,NA,1,128,NA,NA,NA,NA,NA,NA,NA,NA,NA,NA,NA,NA,NA,NA,NA,NA,NA,NA,NA,NA,NA,1,NA,NA,0,NA,1,8,2,NA,NA,NA,2,10,40,30,50,50,50,35,1,2,5,NA,NA,3,NA,2,7,2,3,4,NA,NA,NA,NA,NA,NA,NA,NA,13,4,5,1,2,2,3,NA,NA,NA,NA,3,5,3,5,6,2,NA,5,8,3,4,3,3,4,5,2,4,5,89293,267,269,1,NA,NA,NA,"FY973615",NA,1982,1,7,NA,2,NA,NA,NA,NA,,9,,4,2,,,2,2,2,,1,1,NA,NA,NA,NA,NA,NA,NA,NA,NA,NA,NA,NA,NA,NA,NA,NA,NA,NA,NA,NA,NA,NA,NA,NA,NA,NA,NA,NA,NA,NA,NA,NA,NA,NA,NA,NA,NA,NA,NA,NA,NA,NA,NA,NA,NA,NA,NA,NA,NA,NA,NA,NA,NA,NA,NA,NA,NA,NA,NA,NA,NA,NA,NA,NA,NA,NA,NA,NA,NA,NA,NA,NA,NA,NA,NA,NA,NA,NA,NA,NA,NA,NA,NA,NA
"336",535,253513,259,1,NA,NA,,,,26,,29,,NA,NA,NA,,NA,1,"FY948320",NA,28,NA,NA,1,NA,NA,1,11,45,22,NA,NA,NA,NA,NA,64,NA,NA,1,NA,NA,NA,2,3,1,NA,NA,NA,NA,NA,NA,NA,NA,NA,5,4,1,5,3,7,NA,6,1,NA,NA,NA,NA,NA,NA,1,NA,1,NA,NA,NA,1,NA,NA,NA,NA,1,NA,NA,NA,NA,NA,NA,NA,NA,1,NA,NA,7,4,5,6,1,NA,NA,1,NA,16,70,40,85,85,85,40,1,2,3,NA,NA,2,6,2,10,3,4,2,NA,NA,NA,NA,NA,NA,NA,NA,22,17,17,2,NA,NA,NA,1,2,3,3,7,10,0,6,8,4,NA,3,10,4,4,5,3,4,5,2,4,5,92881,565,542,1,NA,NA,NA,"FY948320",NA,1952,1,7,NA,2,NA,NA,NA,NA,,36,,2,3,NA,NA,2,2,1,,3,1,NA,NA,NA,NA,NA,NA,NA,NA,NA,NA,NA,NA,NA,NA,NA,NA,NA,NA,NA,NA,NA,NA,NA,NA,NA,NA,NA,NA,NA,NA,NA,NA,NA,NA,NA,NA,NA,NA,NA,NA,NA,NA,NA,NA,NA,NA,NA,NA,NA,NA,NA,NA,NA,NA,NA,NA,NA,NA,NA,NA,NA,NA,NA,NA,NA,NA,NA,NA,NA,NA,NA,NA,NA,NA,NA,NA,NA,NA,NA,NA,NA,NA,NA,NA
"337",536,254104,260,1,NA,NA,,,,26,,33,,NA,NA,NA,,NA,1,"FY977383",NA,21,NA,NA,1,NA,NA,2,NA,NA,NA,42,68,NA,NA,NA,NA,NA,22,NA,NA,NA,1,2,5,4,NA,NA,NA,NA,NA,NA,NA,NA,NA,5,5,2,4,3,6,NA,5,1,NA,NA,NA,1,66,NA,NA,NA,NA,NA,NA,NA,NA,NA,NA,NA,NA,NA,NA,NA,NA,NA,NA,NA,NA,NA,NA,NA,NA,0,5,2,3,4,NA,1,NA,NA,10,60,30,50,50,60,50,1,1,3,NA,NA,3,NA,1,7,6,2,3,NA,NA,NA,NA,NA,NA,NA,NA,31,19,10,2,NA,NA,NA,1,1,3,3,6,10,7,5,5,4,NA,3,9,2,5,5,3,3,4,3,4,5,88988,101,105,1,NA,NA,NA,"FY977383",NA,1960,2,7,NA,2,NA,NA,NA,NA,,3,,4,4,,,2,2,1,,3,1,89057,199,200,1,NA,NA,NA,"FY962110",NA,1967,1,5,42,1,1,9,65,1,NA,NA,444,2,5,181,314,2,2,2,99,3,1,89057,199,200,1,NA,NA,NA,"FY962110",NA,1967,1,5,42,1,1,9,65,1,NA,NA,444,2,5,181,314,2,2,2,NA,NA,NA,NA,NA,NA,NA,NA,NA,NA,NA,NA,NA,NA,NA,NA,NA,NA,NA,NA,NA,NA,NA,NA,NA
"338",537,255039,261,1,NA,NA,,,,26,,56,,NA,NA,NA,,NA,1,"FY904420",NA,51,NA,NA,2,4,8,1,6,21,90,NA,NA,NA,NA,27,62,NA,NA,NA,NA,NA,NA,2,5,4,NA,NA,NA,NA,NA,NA,NA,NA,NA,1,7,4,4,1,4,NA,3,NA,1,NA,NA,1,145,NA,NA,NA,NA,1,NA,26,NA,1,1,1,NA,1,NA,1,NA,NA,NA,NA,NA,NA,NA,NA,NA,5,3,4,3,1,NA,NA,2,NA,16,40,80,85,85,85,60,1,1,3,NA,NA,1,5,2,7,1,1,2,NA,NA,NA,NA,NA,NA,NA,NA,22,13,10,2,NA,NA,NA,3,1,3,3,9,10,10,2,5,1,NA,NA,NA,NA,3,5,4,3,1,1,1,2,89946,466,453,1,NA,NA,NA,"FY904420",NA,1931,1,7,NA,1,2,73,,,NA,NA,,1,5,,NA,1,2,1,,2,1,88971,89,90,1,NA,NA,NA,"FY966397",NA,1973,1,1,22,2,NA,NA,NA,NA,NA,5,3,1,5,150,NA,2,2,2,149,2,1,88971,89,90,1,NA,NA,NA,"FY966397",NA,1973,1,1,22,2,NA,NA,NA,NA,NA,5,3,1,5,150,NA,2,2,2,NA,NA,NA,NA,NA,NA,NA,NA,NA,NA,NA,NA,NA,NA,NA,NA,NA,NA,NA,NA,NA,NA,NA,NA,NA
"339",538,258886,1,1,NA,NA,,,,26,,45,NA,NA,NA,NA,,NA,1,"FY946581",NA,21,NA,NA,2,11,2,2,NA,NA,NA,42,28,47,NA,NA,NA,41,12,NA,NA,NA,NA,1,NA,NA,10,NA,NA,NA,NA,NA,10,NA,NA,2,4,2,5,3,6,NA,3,1,1,1,NA,NA,NA,NA,NA,NA,1,NA,1,NA,NA,NA,NA,NA,NA,NA,NA,1,NA,NA,NA,NA,NA,NA,NA,NA,NA,7,3,7,3,1,NA,NA,2,NA,18,40,80,80,80,100,70,2,NA,NA,23,37,4,7,2,5,4,NA,NA,5,0,5,0,0,0,0,0,12,13,38,2,NA,NA,NA,3,1,3,3,9,10,10,10,5,1,NA,NA,NA,2,6,5,4,4,4,4,5,4,89822,455,444,1,NA,NA,NA,"FY946581",NA,1968,1,4,NA,1,2,29,,,NA,NA,,1,5,,,1,2,2,,3,1,NA,NA,NA,NA,NA,NA,NA,NA,NA,NA,NA,NA,NA,NA,NA,NA,NA,NA,NA,NA,NA,NA,NA,NA,NA,NA,NA,NA,NA,NA,NA,NA,NA,NA,NA,NA,NA,NA,NA,NA,NA,NA,NA,NA,NA,NA,NA,NA,NA,NA,NA,NA,NA,NA,NA,NA,NA,NA,NA,NA,NA,NA,NA,NA,NA,NA,NA,NA,NA,NA,NA,NA,NA,NA,NA,NA,NA,NA,NA,NA,NA,NA,NA,NA
"340",539,263469,2,1,NA,NA,,,,26,,27,NA,NA,NA,NA,,NA,1,"FY970179",NA,11,NA,NA,2,11,2,2,NA,NA,NA,31,49,34,NA,NA,NA,29,45,NA,NA,NA,NA,1,NA,NA,3,0,3,0,NA,0,7,3,3,1,7,2,4,2,6,NA,3,NA,NA,NA,NA,NA,NA,NA,NA,NA,NA,NA,NA,NA,NA,NA,NA,NA,NA,NA,NA,1,NA,NA,NA,NA,NA,NA,1,NA,NA,0,NA,6,3,1,NA,NA,2,NA,3,30,70,100,100,100,70,2,NA,NA,23,30,1,3,1,9,4,NA,NA,0,0,8,2,0,0,8,5,31,27,34,1,3,1,3,NA,NA,NA,NA,9,10,5,10,9,1,NA,NA,NA,2,6,4,4,4,2,1,2,6,90441,504,488,1,NA,NA,NA,"FY970179",NA,1977,1,7,NA,1,1,12,,,NA,NA,,1,7,,,1,2,1,,3,2,NA,NA,NA,NA,NA,NA,NA,NA,NA,NA,NA,NA,NA,NA,NA,NA,NA,NA,NA,NA,NA,NA,NA,NA,NA,NA,NA,NA,NA,NA,NA,NA,NA,NA,NA,NA,NA,NA,NA,NA,NA,NA,NA,NA,NA,NA,NA,NA,NA,NA,NA,NA,NA,NA,NA,NA,NA,NA,NA,NA,NA,NA,NA,NA,NA,NA,NA,NA,NA,NA,NA,NA,NA,NA,NA,NA,NA,NA,NA,NA,NA,NA,NA,NA
"341",540,263680,3,1,NA,NA,,,,2,,4,NA,NA,NA,NA,,NA,1,"FY970130",NA,18,NA,NA,1,NA,NA,2,NA,NA,NA,NA,NA,47,NA,NA,NA,NA,27,NA,NA,NA,1,2,3,1,NA,NA,NA,NA,NA,NA,NA,NA,NA,1,7,1,7,1,7,NA,6,NA,1,NA,NA,1,43,1,NA,1,NA,1,NA,3,NA,NA,NA,1,NA,1,NA,1,NA,NA,NA,NA,NA,NA,1,1,68,3,3,0,3,1,NA,NA,2,NA,11,60,85,70,70,85,70,2,NA,NA,5,7,1,2,1,7,2,5,2,NA,NA,NA,NA,NA,NA,NA,NA,31,14,32,2,NA,NA,NA,3,1,3,4,4,0,0,3,8,4,NA,11,2,3,6,6,3,3,2,2,2,4,89908,465,452,1,NA,NA,NA,"FY970130",NA,1968,1,5,NA,1,2,13,,,NA,NA,,1,5,,,2,2,1,,3,1,NA,NA,NA,NA,NA,NA,NA,NA,NA,NA,NA,NA,NA,NA,NA,NA,NA,NA,NA,NA,NA,NA,NA,NA,NA,NA,NA,NA,NA,NA,NA,NA,NA,NA,NA,NA,NA,NA,NA,NA,NA,NA,NA,NA,NA,NA,NA,NA,NA,NA,NA,NA,NA,NA,NA,NA,NA,NA,NA,NA,NA,NA,NA,NA,NA,NA,NA,NA,NA,NA,NA,NA,NA,NA,NA,NA,NA,NA,NA,NA,NA,NA,NA,NA
"342",74,252701,133,2,NA,NA,,,,1,,1,NA,,NA,NA,NA,NA,1,"srep8526",NA,35,NA,NA,1,NA,NA,2,NA,NA,NA,NA,NA,NA,NA,NA,NA,NA,NA,NA,NA,NA,NA,NA,NA,NA,NA,NA,NA,NA,NA,NA,NA,NA,NA,NA,NA,NA,NA,NA,NA,NA,NA,NA,NA,NA,NA,NA,NA,NA,NA,NA,NA,NA,NA,NA,NA,NA,NA,NA,NA,NA,NA,NA,NA,NA,NA,NA,NA,NA,NA,NA,NA,NA,NA,NA,NA,NA,NA,NA,NA,NA,NA,NA,NA,NA,NA,NA,NA,NA,NA,NA,NA,NA,NA,NA,NA,NA,NA,NA,NA,NA,NA,NA,NA,NA,NA,NA,NA,NA,NA,NA,NA,NA,NA,NA,NA,NA,NA,NA,NA,NA,NA,NA,NA,NA,NA,NA,NA,NA,NA,NA,NA,NA,NA,NA,NA,NA,NA,NA,NA,NA,NA,NA,NA,NA,NA,NA,NA,NA,NA,NA,NA,NA,NA,NA,NA,NA,NA,NA,NA,NA,NA,NA,NA,NA,NA,NA,NA,NA,NA,NA,NA,NA,NA,NA,NA,NA,NA,NA,NA,NA,NA,NA,NA,NA,NA,NA,NA,NA,NA,NA,NA,NA,NA,NA,NA,NA,NA,NA,NA,NA,NA,NA,NA,NA,NA,NA,NA,NA,NA,NA,NA,NA,NA,NA,NA,NA,NA,NA,NA,NA,NA,NA,NA,NA,NA,NA,NA,NA,NA,NA,NA,NA,NA,NA,NA,NA,NA,NA,NA,NA,NA,NA,NA,NA,NA,NA,NA,NA,NA,NA,NA
"343",73,252700,134,2,NA,NA,,,,1,,1,NA,,NA,NA,NA,NA,1,"srep6517",NA,86,NA,NA,2,11,2,1,24,8,NA,NA,NA,NA,NA,NA,35,NA,NA,1,NA,NA,NA,2,5,4,NA,NA,NA,NA,NA,NA,NA,NA,NA,2,5,1,5,1,7,NA,4,NA,1,NA,NA,NA,NA,NA,NA,NA,NA,NA,NA,NA,NA,NA,NA,NA,NA,NA,NA,1,NA,NA,NA,NA,NA,NA,NA,NA,NA,0,5,4,5,1,NA,NA,1,NA,70,30,60,70,70,70,70,1,4,3,NA,NA,4,NA,1,5,3,4,5,NA,NA,NA,NA,NA,NA,NA,NA,NA,NA,NA,NA,NA,NA,NA,NA,NA,NA,NA,NA,NA,NA,NA,NA,NA,NA,NA,NA,NA,NA,NA,NA,NA,NA,NA,NA,NA,NA,33,NA,1,NA,NA,NA,NA,NA,1964,1,3,NA,1,2,30,NA,NA,NA,NA,NA,1,1,NA,NA,2,2,1,,6,NA,NA,NA,NA,NA,NA,NA,NA,NA,NA,NA,NA,NA,NA,NA,NA,NA,NA,NA,NA,NA,NA,NA,NA,NA,NA,NA,NA,NA,NA,NA,NA,NA,NA,NA,NA,NA,NA,NA,NA,NA,NA,NA,NA,NA,NA,NA,NA,NA,NA,NA,NA,NA,NA,NA,NA,NA,NA,NA,NA,NA,NA,NA,NA,NA,NA,NA,NA,NA,NA,NA,NA,NA,NA,NA,NA,32,"srep6517",1,1,0,0,0,NA,NA
"344",124,253978,177,2,NA,NA,,,,1,,1,,,NA,NA,NA,NA,1,"srep9398",NA,32,NA,NA,1,NA,NA,1,33,26,11,NA,NA,NA,NA,20,25,NA,NA,NA,NA,NA,NA,2,3,1,NA,NA,NA,NA,NA,NA,NA,NA,NA,2,5,2,7,1,5,NA,3,NA,NA,NA,NA,1,42,NA,NA,NA,NA,1,NA,3,NA,NA,NA,1,NA,NA,NA,1,NA,NA,NA,NA,NA,NA,NA,NA,NA,0,1,1,5,1,NA,NA,2,NA,85,40,60,85,85,85,60,1,1,3,NA,NA,2,NA,1,5,6,1,2,NA,NA,NA,NA,NA,NA,NA,NA,31,11,10,2,NA,NA,NA,3,1,3,3,1,10,0,5,5,2,NA,8,2,5,5,6,5,5,2,2,2,4,NA,47,NA,1,NA,NA,NA,NA,NA,1956,1,6,NA,2,NA,NA,,,NA,NA,NA,NA,NA,NA,NA,NA,NA,NA,NA,NA,NA,NA,NA,NA,NA,NA,NA,NA,NA,NA,NA,NA,NA,NA,NA,NA,NA,NA,NA,NA,NA,NA,NA,NA,NA,NA,NA,NA,NA,NA,NA,NA,NA,NA,NA,NA,NA,NA,NA,NA,NA,NA,NA,NA,NA,NA,NA,NA,NA,NA,NA,NA,NA,NA,NA,NA,NA,NA,NA,NA,NA,1,1956,2,9,NA,NA,NA,NA,NA,NA,NA,NA,NA,NA,NA,NA,"srep9398",1,0,0,0,0,NA,NA
"345",16,252435,83,2,NA,NA,,,,1,,1,,,NA,NA,NA,NA,1,"srep6058",NA,67,NA,NA,1,NA,NA,2,NA,NA,NA,12,28,NA,NA,NA,NA,20,24,NA,NA,NA,NA,1,NA,NA,17,8,10,9,NA,0,0,0,0,1,4,6,NA,NA,NA,NA,NA,NA,NA,NA,NA,NA,NA,NA,NA,NA,NA,NA,NA,NA,NA,NA,NA,NA,NA,NA,NA,NA,NA,NA,NA,NA,NA,NA,NA,NA,NA,NA,NA,NA,NA,NA,NA,NA,NA,NA,NA,NA,NA,NA,NA,NA,NA,NA,NA,NA,NA,NA,NA,NA,NA,NA,NA,NA,NA,NA,NA,NA,NA,NA,NA,NA,NA,NA,NA,NA,NA,NA,NA,NA,NA,NA,NA,NA,NA,NA,NA,NA,NA,NA,NA,NA,NA,NA,NA,NA,NA,NA,NA,NA,NA,NA,NA,21,NA,1,NA,NA,NA,NA,NA,1957,1,6,NA,2,NA,NA,,,NA,NA,NA,1,7,,,1,2,2,,5,NA,NA,NA,NA,NA,NA,NA,NA,NA,NA,NA,NA,NA,NA,NA,NA,NA,NA,NA,NA,NA,NA,NA,NA,NA,NA,NA,NA,NA,NA,NA,NA,NA,NA,NA,NA,NA,NA,NA,NA,NA,NA,NA,NA,NA,NA,NA,NA,NA,NA,NA,NA,NA,NA,NA,NA,NA,NA,NA,NA,NA,NA,NA,NA,NA,NA,NA,NA,NA,NA,NA,NA,NA,NA,NA,NA,21,"srep6058",1,0,0,0,0,NA,2
"346",17,252436,87,2,NA,NA,,,,1,,1,,,NA,NA,NA,NA,1,"srep5882",NA,102,NA,NA,1,NA,NA,1,40,26,8,NA,NA,NA,NA,8,15,NA,NA,NA,NA,NA,NA,1,NA,NA,10,1,9,1,NA,0,100,0,0,1,5,1,6,1,5,NA,3,1,1,1,NA,NA,NA,NA,NA,NA,NA,NA,NA,NA,NA,1,NA,NA,NA,1,NA,1,NA,NA,NA,NA,NA,NA,1,NA,NA,3,4,4,5,1,NA,NA,2,NA,100,75,75,100,100,100,95,2,NA,NA,19,17,1,NA,2,8,3,NA,NA,0,0,5,0,5,0,5,5,12,4,24,2,NA,NA,NA,3,1,3,3,6,5,5,3,3,1,NA,10,2,2,5,2,3,4,5,3,3,5,NA,92,NA,1,NA,NA,NA,NA,NA,1981,1,6,NA,2,NA,NA,,,NA,NA,NA,1,5,NA,NA,2,2,2,,4,NA,NA,NA,NA,NA,NA,NA,NA,NA,NA,NA,NA,NA,NA,NA,NA,NA,NA,NA,NA,NA,NA,NA,NA,NA,NA,NA,NA,NA,NA,NA,NA,NA,NA,NA,NA,NA,NA,NA,NA,NA,NA,NA,NA,NA,NA,NA,NA,NA,NA,NA,NA,NA,NA,NA,NA,NA,NA,NA,NA,NA,1,1981,4,94,NA,NA,NA,NA,NA,NA,NA,NA,NA,NA,NA,92,"srep5882",1,0,0,0,0,NA,NA
"347",19,252439,84,2,NA,NA,,,,1,,1,,,NA,NA,NA,NA,1,"srep6672",NA,11,NA,NA,1,NA,NA,2,NA,NA,NA,3,6,4,NA,NA,NA,21,25,NA,NA,NA,NA,2,3,1,NA,NA,NA,NA,NA,NA,NA,NA,NA,1,6,8,5,8,8,NA,8,NA,1,NA,NA,NA,NA,NA,NA,NA,NA,NA,1,NA,NA,NA,NA,NA,NA,1,NA,NA,NA,NA,NA,NA,NA,NA,NA,NA,NA,7,4,NA,4,1,NA,NA,2,NA,NA,NA,NA,NA,NA,NA,NA,2,NA,NA,NA,4,2,NA,1,7,2,NA,NA,NA,NA,NA,NA,NA,NA,NA,NA,NA,NA,NA,NA,NA,NA,NA,NA,NA,NA,NA,NA,NA,NA,NA,NA,NA,NA,NA,NA,NA,NA,NA,NA,NA,NA,NA,NA,NA,NA,NA,NA,NA,NA,NA,NA,NA,NA,NA,NA,NA,NA,NA,NA,NA,NA,NA,NA,NA,NA,NA,NA,NA,NA,NA,NA,NA,NA,NA,NA,NA,NA,NA,NA,NA,NA,NA,NA,NA,NA,NA,NA,NA,NA,NA,NA,NA,NA,NA,NA,NA,NA,NA,NA,NA,NA,NA,NA,NA,NA,NA,NA,NA,NA,NA,NA,NA,NA,NA,NA,NA,NA,NA,NA,NA,NA,NA,NA,NA,NA,NA,NA,NA,NA,NA,NA,NA,NA,NA,NA,NA,NA,NA,NA,NA,NA,NA,NA,NA,NA,NA,NA,NA,NA,NA,NA,NA,NA,NA,NA,NA,NA,NA,NA
"348",20,252440,80,2,NA,NA,,,,1,,1,,,NA,NA,NA,NA,1,"srep8644",NA,13,NA,NA,1,NA,NA,NA,NA,NA,NA,NA,NA,NA,NA,NA,NA,NA,NA,NA,NA,NA,NA,NA,NA,NA,NA,NA,NA,NA,NA,NA,NA,NA,NA,NA,NA,NA,NA,NA,NA,NA,NA,NA,NA,NA,NA,NA,NA,NA,NA,NA,NA,NA,NA,NA,NA,NA,NA,NA,NA,NA,NA,NA,NA,NA,NA,NA,NA,NA,NA,NA,NA,NA,NA,NA,NA,NA,NA,NA,NA,NA,NA,NA,NA,NA,NA,NA,NA,NA,NA,NA,NA,NA,NA,NA,NA,NA,NA,NA,NA,NA,NA,NA,NA,NA,NA,NA,NA,NA,NA,NA,NA,NA,NA,NA,NA,NA,NA,NA,NA,NA,NA,NA,NA,NA,NA,NA,NA,NA,NA,NA,NA,NA,NA,NA,NA,NA,NA,8,NA,1,NA,NA,NA,NA,NA,1939,1,6,NA,2,NA,NA,,,NA,NA,NA,2,4,,,2,1,1,NA,3,NA,NA,NA,NA,NA,NA,NA,NA,NA,NA,NA,NA,NA,NA,NA,NA,NA,NA,NA,NA,NA,NA,NA,NA,NA,NA,NA,NA,NA,NA,NA,NA,NA,NA,NA,NA,NA,NA,NA,NA,NA,NA,NA,NA,NA,NA,NA,NA,NA,NA,NA,NA,NA,NA,NA,NA,NA,NA,NA,NA,NA,NA,NA,NA,NA,NA,NA,NA,NA,NA,NA,NA,NA,NA,NA,NA,6,"srep8644",1,0,0,0,0,NA,NA
"349",23,252443,81,2,NA,NA,,,,1,,1,,,NA,NA,NA,NA,1,"srep9703",NA,19,NA,NA,NA,NA,NA,NA,NA,NA,NA,NA,NA,NA,NA,NA,NA,NA,NA,NA,NA,NA,NA,NA,NA,NA,NA,NA,NA,NA,NA,NA,NA,NA,NA,NA,NA,NA,NA,NA,NA,NA,NA,NA,NA,NA,NA,NA,NA,NA,NA,NA,NA,NA,NA,NA,NA,NA,NA,NA,NA,NA,NA,NA,NA,NA,NA,NA,NA,NA,NA,NA,NA,NA,NA,NA,NA,NA,NA,NA,NA,NA,NA,NA,NA,NA,NA,NA,NA,NA,NA,NA,NA,NA,NA,NA,NA,NA,NA,NA,NA,NA,NA,NA,NA,NA,NA,NA,NA,NA,NA,NA,NA,NA,NA,NA,NA,NA,NA,NA,NA,NA,NA,NA,NA,NA,NA,NA,NA,NA,NA,NA,NA,NA,NA,NA,NA,NA,NA,106,NA,1,NA,NA,NA,NA,NA,1972,1,3,NA,2,NA,NA,,,NA,NA,NA,1,5,NA,,2,2,1,,2,NA,NA,NA,NA,NA,NA,NA,NA,NA,NA,NA,NA,NA,NA,NA,NA,NA,NA,NA,NA,NA,NA,NA,NA,NA,NA,NA,NA,NA,NA,NA,NA,NA,NA,NA,NA,NA,NA,NA,NA,NA,NA,NA,NA,NA,NA,NA,NA,NA,NA,NA,NA,NA,NA,NA,NA,NA,NA,NA,NA,NA,NA,NA,NA,NA,NA,NA,NA,NA,NA,NA,NA,NA,NA,NA,NA,104,"srep9703",1,0,0,0,0,NA,NA
"350",28,252448,86,2,NA,NA,,,,1,,1,,,NA,NA,NA,NA,1,"srep5280",NA,7,NA,NA,1,NA,NA,2,NA,NA,NA,NA,NA,NA,NA,NA,NA,NA,18,NA,NA,NA,2,1,NA,NA,12,1,1,1,NA,2,2,3,2,2,5,1,6,2,6,NA,3,NA,1,NA,NA,1,4,NA,NA,NA,1,NA,1,NA,NA,NA,NA,NA,NA,1,NA,1,NA,NA,NA,NA,1,NA,NA,NA,NA,1,4,1,3,1,NA,NA,2,NA,90,50,90,90,90,90,90,1,3,3,NA,NA,4,NA,2,0,2,NA,NA,NA,NA,NA,NA,NA,NA,NA,NA,NA,NA,NA,NA,NA,NA,NA,NA,NA,NA,NA,NA,NA,NA,NA,NA,NA,NA,NA,NA,NA,NA,NA,NA,NA,NA,NA,NA,NA,NA,102,NA,1,NA,NA,NA,NA,NA,1981,1,6,NA,2,NA,NA,,,NA,NA,NA,1,7,,,1,2,2,,4,NA,NA,NA,NA,NA,NA,NA,NA,NA,NA,NA,NA,NA,NA,NA,NA,NA,NA,NA,NA,NA,NA,NA,NA,NA,NA,NA,NA,NA,NA,NA,NA,NA,NA,NA,NA,NA,NA,NA,NA,NA,NA,NA,NA,NA,NA,NA,NA,NA,NA,NA,NA,NA,NA,NA,NA,NA,NA,NA,NA,NA,NA,NA,NA,NA,NA,NA,NA,NA,NA,NA,NA,NA,NA,NA,NA,102,"srep5280",1,0,0,0,0,NA,NA
"351",29,252449,82,2,NA,NA,,,,1,,1,,,NA,NA,NA,NA,1,"srep7205",NA,12,NA,NA,1,NA,NA,NA,NA,NA,NA,NA,NA,NA,NA,NA,NA,NA,NA,NA,NA,NA,NA,NA,NA,NA,NA,NA,NA,NA,NA,NA,NA,NA,NA,NA,NA,NA,NA,NA,NA,NA,NA,NA,NA,NA,NA,NA,NA,NA,NA,NA,NA,NA,NA,NA,NA,NA,NA,NA,NA,NA,NA,NA,NA,NA,NA,NA,NA,NA,NA,NA,NA,NA,NA,NA,NA,NA,NA,NA,NA,NA,NA,NA,NA,NA,NA,NA,NA,NA,NA,NA,NA,NA,NA,NA,NA,NA,NA,NA,NA,NA,NA,NA,NA,NA,NA,NA,NA,NA,NA,NA,NA,NA,NA,NA,NA,NA,NA,NA,NA,NA,NA,NA,NA,NA,NA,NA,NA,NA,NA,NA,NA,NA,NA,NA,NA,NA,NA,114,NA,1,NA,NA,NA,NA,NA,1979,2,6,NA,2,NA,NA,,,NA,NA,NA,1,5,,,2,2,2,,2,NA,NA,NA,NA,NA,NA,NA,NA,NA,NA,NA,NA,NA,NA,NA,NA,NA,NA,NA,NA,NA,NA,NA,NA,NA,NA,NA,NA,NA,NA,NA,NA,NA,NA,NA,NA,NA,NA,NA,NA,NA,NA,NA,NA,NA,NA,NA,NA,NA,NA,NA,NA,NA,NA,NA,NA,NA,NA,NA,NA,NA,NA,NA,NA,NA,NA,NA,NA,NA,NA,NA,NA,NA,NA,NA,NA,111,"srep7205",1,0,0,0,0,NA,NA
"352",30,252450,82,2,NA,NA,,,,1,,1,,,NA,NA,NA,NA,1,"srep8789",NA,30,NA,NA,1,NA,NA,NA,NA,NA,NA,NA,NA,NA,NA,NA,NA,NA,NA,NA,NA,NA,NA,NA,NA,NA,NA,NA,NA,NA,NA,NA,NA,NA,NA,NA,NA,NA,NA,NA,NA,NA,NA,NA,NA,NA,NA,NA,NA,NA,NA,NA,NA,NA,NA,NA,NA,NA,NA,NA,NA,NA,NA,NA,NA,NA,NA,NA,NA,NA,NA,NA,NA,NA,NA,NA,NA,NA,NA,NA,NA,NA,NA,NA,NA,NA,NA,NA,NA,NA,NA,NA,NA,NA,NA,NA,NA,NA,NA,NA,NA,NA,NA,NA,NA,NA,NA,NA,NA,NA,NA,NA,NA,NA,NA,NA,NA,NA,NA,NA,NA,NA,NA,NA,NA,NA,NA,NA,NA,NA,NA,NA,NA,NA,NA,NA,NA,NA,NA,24,NA,1,NA,NA,NA,NA,NA,1967,1,6,NA,2,NA,NA,,,NA,NA,NA,1,5,,,2,2,2,,2,NA,NA,NA,NA,NA,NA,NA,NA,NA,NA,NA,NA,NA,NA,NA,NA,NA,NA,NA,NA,NA,NA,NA,NA,NA,NA,NA,NA,NA,NA,NA,NA,NA,NA,NA,NA,NA,NA,NA,NA,NA,NA,NA,NA,NA,NA,NA,NA,NA,NA,NA,NA,NA,NA,NA,NA,NA,NA,NA,NA,NA,NA,NA,NA,NA,NA,NA,NA,NA,NA,NA,NA,NA,NA,NA,NA,23,"srep8789",1,0,0,0,0,NA,NA
"353",32,252452,121,2,NA,NA,,,,1,,1,,,NA,NA,NA,NA,1,"srep8511",NA,14,NA,NA,2,10,6,2,NA,NA,NA,NA,NA,NA,NA,NA,NA,NA,NA,NA,1,NA,2,1,NA,NA,1,1,1,1,NA,0,1,0,0,2,5,2,5,5,2,NA,6,NA,NA,NA,NA,NA,NA,NA,NA,NA,NA,NA,NA,NA,NA,NA,NA,NA,NA,NA,NA,1,NA,NA,NA,NA,NA,NA,NA,1,6,0,4,1,4,3,6,NA,NA,NA,50,40,60,50,45,70,40,2,NA,NA,19,16,4,NA,2,7,2,NA,NA,NA,NA,NA,NA,NA,NA,NA,NA,NA,NA,NA,NA,NA,NA,NA,NA,NA,NA,NA,NA,NA,NA,NA,NA,NA,NA,NA,NA,NA,NA,NA,NA,NA,NA,NA,NA,NA,NA,NA,NA,NA,NA,NA,NA,NA,NA,NA,NA,NA,NA,NA,NA,NA,NA,NA,NA,NA,NA,NA,NA,NA,NA,NA,NA,NA,NA,NA,NA,NA,NA,NA,NA,NA,NA,NA,NA,NA,NA,NA,NA,NA,NA,NA,NA,NA,NA,NA,NA,NA,NA,NA,NA,NA,NA,NA,NA,NA,NA,NA,NA,NA,NA,NA,NA,NA,NA,NA,NA,NA,NA,NA,NA,NA,NA,NA,NA,NA,NA,NA,NA,NA,NA,NA,NA,NA,NA,NA,NA,NA,NA,NA,NA,NA,NA,NA,NA,NA,NA,NA,NA,NA,NA,NA,NA,NA,NA,NA,NA,NA,NA,NA,NA
"354",33,252453,85,2,NA,NA,,,,1,,1,,,NA,NA,NA,NA,1,"srep7050",NA,68,NA,NA,2,11,2,NA,NA,NA,NA,NA,NA,NA,NA,NA,NA,NA,NA,NA,NA,NA,NA,NA,NA,NA,NA,NA,NA,NA,NA,NA,NA,NA,NA,NA,NA,NA,NA,NA,NA,NA,NA,NA,NA,NA,NA,NA,NA,NA,NA,NA,NA,NA,NA,NA,NA,NA,NA,NA,NA,NA,NA,NA,NA,NA,NA,NA,NA,NA,NA,NA,NA,NA,NA,NA,NA,NA,NA,NA,NA,NA,NA,NA,NA,NA,NA,NA,NA,NA,NA,NA,NA,NA,NA,NA,NA,NA,NA,NA,NA,NA,NA,NA,NA,NA,NA,NA,NA,NA,NA,NA,NA,NA,NA,NA,NA,NA,NA,NA,NA,NA,NA,NA,NA,NA,NA,NA,NA,NA,NA,NA,NA,NA,NA,NA,NA,NA,NA,16,NA,1,NA,NA,NA,NA,NA,1958,1,3,NA,2,NA,NA,,,NA,NA,NA,1,5,,,1,1,1,,2,NA,NA,NA,NA,NA,NA,NA,NA,NA,NA,NA,NA,NA,NA,NA,NA,NA,NA,NA,NA,NA,NA,NA,NA,NA,NA,NA,NA,NA,NA,NA,NA,NA,NA,NA,NA,NA,NA,NA,NA,NA,NA,NA,NA,NA,NA,NA,NA,NA,NA,NA,NA,NA,NA,NA,NA,NA,NA,NA,NA,NA,NA,NA,NA,NA,NA,NA,NA,NA,NA,NA,NA,NA,NA,NA,NA,16,"srep7050",1,0,0,0,0,NA,NA
"355",35,252457,98,2,NA,NA,,,,1,,1,,,NA,NA,NA,NA,1,"srep7397",NA,21,NA,NA,1,NA,NA,1,33,26,53,NA,NA,NA,NA,2,41,NA,NA,NA,NA,NA,NA,1,NA,NA,13,NA,NA,NA,NA,6,NA,NA,NA,1,5,1,7,1,5,NA,8,NA,1,NA,NA,1,62,NA,NA,NA,NA,NA,NA,NA,NA,NA,NA,NA,NA,NA,NA,1,NA,NA,NA,NA,NA,NA,NA,1,15,0,NA,2,1,1,NA,NA,2,NA,100,15,70,75,100,100,100,1,4,3,NA,NA,4,NA,1,10,2,NA,NA,0,0,0,0,0,0,0,0,17,25,24,1,3,1,3,NA,NA,NA,NA,6,10,10,10,5,1,NA,3,2,NA,NA,NA,NA,NA,NA,NA,NA,NA,NA,9,NA,1,NA,NA,NA,NA,NA,1972,1,6,NA,2,NA,NA,,,NA,NA,NA,1,7,,,2,1,2,,2,NA,NA,NA,NA,NA,NA,NA,NA,NA,NA,NA,NA,NA,NA,NA,NA,NA,NA,NA,NA,NA,NA,NA,NA,NA,NA,NA,NA,NA,NA,NA,NA,NA,NA,NA,NA,NA,NA,NA,NA,NA,NA,NA,NA,NA,NA,NA,NA,NA,NA,NA,NA,NA,NA,NA,NA,NA,NA,NA,NA,3,NA,NA,NA,NA,NA,NA,NA,NA,NA,NA,NA,NA,NA,NA,NA,9,"srep7397",1,0,0,0,0,NA,NA
"356",36,252458,85,2,NA,NA,,,,1,,1,,,NA,NA,NA,NA,1,"srep6385",NA,18,NA,NA,2,10,11,NA,NA,NA,NA,NA,NA,NA,NA,NA,NA,NA,NA,NA,NA,NA,NA,NA,NA,NA,NA,NA,NA,NA,NA,NA,NA,NA,NA,NA,NA,NA,NA,NA,NA,NA,NA,NA,NA,NA,NA,NA,NA,NA,NA,NA,NA,NA,NA,NA,NA,NA,NA,NA,NA,NA,NA,NA,NA,NA,NA,NA,NA,NA,NA,NA,NA,NA,NA,NA,NA,NA,NA,NA,NA,NA,NA,NA,NA,NA,NA,NA,NA,NA,NA,NA,NA,NA,NA,NA,NA,NA,NA,NA,NA,NA,NA,NA,NA,NA,NA,NA,NA,NA,NA,NA,NA,NA,NA,NA,NA,NA,NA,NA,NA,NA,NA,NA,NA,NA,NA,NA,NA,NA,NA,NA,NA,NA,NA,NA,NA,NA,NA,NA,NA,NA,NA,NA,NA,NA,NA,NA,NA,NA,NA,NA,NA,NA,NA,NA,NA,NA,NA,NA,NA,NA,NA,NA,NA,NA,NA,NA,NA,NA,NA,NA,NA,NA,NA,NA,NA,NA,NA,NA,NA,NA,NA,NA,NA,NA,NA,NA,NA,NA,NA,NA,NA,NA,NA,NA,NA,NA,NA,NA,NA,NA,NA,NA,NA,NA,NA,NA,NA,NA,NA,NA,NA,NA,NA,NA,NA,NA,NA,NA,NA,NA,NA,NA,NA,NA,NA,NA,NA,NA,NA,NA,NA,NA,NA,NA,NA,NA,NA,NA,NA,NA,NA,NA,NA,NA,NA,NA,NA,NA,NA,NA,NA
"357",37,252459,96,2,NA,NA,,,,1,,1,,,NA,NA,NA,NA,1,"srep6221",NA,16,NA,NA,1,NA,NA,2,NA,NA,NA,NA,26,12,NA,NA,NA,13,33,NA,NA,NA,NA,1,NA,NA,1,1,1,1,NA,0,0,0,0,1,5,2,6,1,6,NA,4,NA,1,NA,NA,NA,NA,NA,1,NA,1,NA,1,NA,NA,NA,NA,NA,NA,NA,NA,1,NA,NA,NA,NA,NA,NA,1,NA,NA,0,4,0,1,1,NA,NA,1,NA,100,50,100,100,100,100,80,1,5,3,NA,NA,1,NA,1,3,2,NA,NA,1,8,3,2,0,5,6,3,17,6,15,1,3,1,3,NA,NA,NA,NA,2,9,0,0,0,1,NA,7,5,2,6,5,4,3,NA,NA,NA,NA,NA,81,NA,1,NA,NA,NA,NA,NA,1979,1,6,NA,2,NA,NA,NA,,NA,NA,NA,1,1,,,2,2,2,NA,2,NA,NA,NA,NA,NA,NA,NA,NA,NA,NA,NA,NA,NA,NA,NA,NA,NA,NA,NA,NA,NA,NA,NA,NA,NA,NA,NA,NA,NA,NA,NA,NA,NA,NA,NA,NA,NA,NA,NA,NA,NA,NA,NA,NA,NA,NA,NA,NA,NA,NA,NA,NA,NA,NA,NA,NA,NA,NA,NA,NA,4,NA,NA,NA,NA,NA,NA,NA,NA,NA,NA,NA,NA,NA,NA,NA,82,"srep6221",1,0,0,0,0,NA,NA
"358",38,252460,95,2,NA,NA,,,,1,,1,,,NA,NA,NA,NA,1,"srep9783",NA,25,NA,NA,1,NA,NA,1,30,26,48,NA,NA,NA,NA,13,20,NA,NA,NA,NA,NA,NA,2,5,4,NA,NA,NA,NA,NA,NA,NA,NA,NA,1,5,3,7,3,6,NA,8,NA,1,NA,NA,1,9,NA,NA,NA,1,NA,NA,NA,NA,NA,NA,NA,NA,NA,NA,1,NA,NA,NA,NA,NA,NA,NA,NA,NA,2,4,1,1,1,NA,NA,2,NA,100,50,65,50,100,100,100,1,2,3,NA,NA,4,NA,2,10,6,1,2,NA,NA,NA,NA,NA,NA,NA,NA,25,8,12,1,2,4,3,NA,NA,NA,NA,6,10,5,5,6,2,NA,10,2,2,3,2,2,2,4,4,4,6,NA,7,NA,1,NA,NA,NA,NA,NA,1980,1,6,NA,2,NA,NA,,,NA,NA,NA,1,7,,,1,1,2,,4,NA,NA,NA,NA,NA,NA,NA,NA,NA,NA,NA,NA,NA,NA,NA,NA,NA,NA,NA,NA,NA,NA,NA,NA,NA,NA,NA,NA,NA,NA,NA,NA,NA,NA,NA,NA,NA,NA,NA,NA,NA,NA,NA,NA,NA,NA,NA,NA,NA,NA,NA,NA,NA,NA,NA,NA,NA,NA,NA,NA,3,1,1980,4,65,NA,NA,NA,NA,NA,NA,NA,NA,NA,NA,NA,5,"srep9783",1,0,0,0,0,NA,NA
"359",55,252495,106,2,NA,NA,,,,1,,1,,,NA,NA,NA,NA,1,"srep8075",NA,36,NA,NA,1,NA,NA,1,30,26,7,NA,NA,NA,NA,8,13,NA,NA,NA,NA,NA,NA,NA,NA,NA,NA,NA,NA,NA,NA,NA,NA,NA,NA,NA,NA,NA,NA,NA,NA,NA,NA,NA,NA,NA,NA,NA,NA,NA,NA,NA,NA,NA,NA,NA,NA,NA,NA,NA,NA,NA,NA,NA,NA,NA,NA,NA,NA,NA,NA,NA,NA,NA,NA,NA,NA,NA,NA,NA,NA,NA,NA,NA,NA,NA,NA,NA,NA,NA,NA,NA,NA,NA,NA,NA,NA,NA,NA,NA,NA,NA,NA,NA,NA,NA,NA,NA,NA,NA,NA,NA,NA,NA,NA,NA,NA,NA,NA,NA,NA,NA,NA,NA,NA,NA,NA,NA,NA,NA,NA,NA,NA,NA,NA,NA,NA,NA,NA,44,NA,1,NA,NA,NA,NA,NA,1945,1,6,NA,1,2,64,NA,NA,NA,NA,NA,1,5,,,2,2,2,,2,NA,NA,NA,NA,NA,NA,NA,NA,NA,NA,NA,NA,NA,NA,NA,NA,NA,NA,NA,NA,NA,NA,NA,NA,NA,NA,NA,NA,NA,NA,NA,NA,NA,NA,NA,NA,NA,NA,NA,NA,NA,NA,NA,NA,NA,NA,NA,NA,NA,NA,NA,NA,NA,NA,NA,NA,NA,NA,NA,NA,NA,NA,NA,NA,NA,NA,NA,NA,NA,NA,NA,NA,NA,NA,NA,NA,45,"srep8075",1,0,0,0,0,NA,NA
"360",66,252589,125,2,NA,NA,,,,1,,1,NA,,NA,NA,NA,NA,1,"srep8002",NA,127,NA,NA,2,9,12,1,37,26,5,NA,NA,NA,NA,32,36,NA,NA,NA,NA,NA,NA,2,3,1,NA,NA,NA,NA,NA,NA,NA,NA,NA,3,5,1,6,1,7,NA,6,1,1,NA,NA,NA,NA,NA,NA,NA,NA,NA,NA,NA,NA,NA,NA,NA,NA,NA,NA,1,NA,NA,NA,NA,1,NA,1,NA,NA,0,NA,1,8,1,NA,NA,1,NA,NA,NA,NA,NA,NA,NA,NA,NA,NA,NA,NA,NA,NA,NA,NA,NA,NA,NA,NA,NA,NA,NA,NA,NA,NA,NA,NA,NA,NA,NA,NA,NA,NA,NA,NA,NA,NA,NA,NA,NA,NA,NA,NA,NA,NA,NA,NA,NA,NA,NA,NA,NA,NA,NA,NA,NA,NA,45,NA,1,NA,NA,NA,NA,NA,1962,1,6,NA,2,NA,NA,,,NA,NA,NA,1,3,,,2,1,1,,2,NA,NA,NA,NA,NA,NA,NA,NA,NA,NA,NA,NA,NA,NA,NA,NA,NA,NA,NA,NA,NA,NA,NA,NA,NA,NA,NA,NA,NA,NA,NA,NA,NA,NA,NA,NA,NA,NA,NA,NA,NA,NA,NA,NA,NA,NA,NA,NA,NA,NA,NA,NA,NA,NA,NA,NA,NA,NA,NA,NA,NA,NA,NA,NA,NA,NA,NA,NA,NA,NA,NA,NA,NA,NA,NA,NA,46,"srep8002",1,0,0,0,0,NA,NA
"361",89,253311,143,2,NA,NA,,,,1,,1,,,NA,NA,NA,NA,1,"srep7825",NA,22,NA,NA,1,NA,NA,1,48,4,41,NA,NA,NA,NA,13,18,NA,NA,NA,NA,NA,NA,NA,NA,NA,NA,NA,NA,NA,NA,NA,NA,NA,NA,NA,NA,NA,NA,NA,NA,NA,NA,NA,NA,NA,NA,NA,NA,NA,NA,NA,NA,NA,NA,NA,NA,NA,NA,NA,NA,NA,NA,NA,NA,NA,NA,NA,NA,NA,NA,NA,NA,NA,NA,NA,NA,NA,NA,NA,NA,NA,NA,NA,NA,NA,NA,NA,NA,NA,NA,NA,NA,NA,NA,NA,NA,NA,NA,NA,NA,NA,NA,NA,NA,NA,NA,NA,NA,NA,NA,NA,NA,NA,NA,NA,NA,NA,NA,NA,NA,NA,NA,NA,NA,NA,NA,NA,NA,NA,NA,NA,NA,NA,NA,NA,NA,NA,NA,107,NA,1,NA,NA,NA,NA,NA,1952,1,3,NA,2,NA,NA,,,NA,NA,NA,1,5,,,2,1,1,NA,5,NA,NA,NA,NA,NA,NA,NA,NA,NA,NA,NA,NA,NA,NA,NA,NA,NA,NA,NA,NA,NA,NA,NA,NA,NA,NA,NA,NA,NA,NA,NA,NA,NA,NA,NA,NA,NA,NA,NA,NA,NA,NA,NA,NA,NA,NA,NA,NA,NA,NA,NA,NA,NA,NA,NA,NA,NA,NA,NA,NA,NA,NA,NA,NA,NA,NA,NA,NA,NA,NA,NA,NA,NA,NA,NA,NA,105,"srep7825",1,0,0,0,0,NA,1
"362",93,253324,145,2,NA,NA,,,,1,,1,,,NA,NA,NA,NA,1,"srep6072",NA,15,NA,NA,2,10,9,NA,NA,NA,NA,NA,NA,NA,NA,NA,NA,NA,NA,NA,NA,NA,NA,NA,NA,NA,NA,NA,NA,NA,NA,NA,NA,NA,NA,NA,NA,NA,NA,NA,NA,NA,NA,NA,NA,NA,NA,NA,NA,NA,NA,NA,NA,NA,NA,NA,NA,NA,NA,NA,NA,NA,NA,NA,NA,NA,NA,NA,NA,NA,NA,NA,NA,NA,NA,NA,NA,NA,NA,NA,NA,NA,NA,NA,NA,NA,NA,NA,NA,NA,NA,NA,NA,NA,NA,NA,NA,NA,NA,NA,NA,NA,NA,NA,NA,NA,NA,NA,NA,NA,NA,NA,NA,NA,NA,NA,NA,NA,NA,NA,NA,NA,NA,NA,NA,NA,NA,NA,NA,NA,NA,NA,NA,NA,NA,NA,NA,NA,NA,37,NA,1,NA,NA,NA,NA,NA,1951,1,6,NA,2,NA,NA,,,NA,NA,NA,1,5,,,2,2,2,,2,NA,NA,NA,NA,NA,NA,NA,NA,NA,NA,NA,NA,NA,NA,NA,NA,NA,NA,NA,NA,NA,NA,NA,NA,NA,NA,NA,NA,NA,NA,NA,NA,NA,NA,NA,NA,NA,NA,NA,NA,NA,NA,NA,NA,NA,NA,NA,NA,NA,NA,NA,NA,NA,NA,NA,NA,NA,NA,NA,NA,NA,NA,NA,NA,NA,NA,NA,NA,NA,NA,NA,NA,NA,NA,NA,NA,37,"srep6072",1,0,0,0,0,NA,NA
"363",97,253351,149,2,NA,NA,,,,1,,1,,,NA,NA,NA,NA,1,"srep8000",NA,14,NA,NA,2,NA,NA,2,NA,NA,NA,NA,NA,NA,NA,NA,NA,NA,NA,NA,NA,NA,NA,2,NA,NA,NA,NA,NA,NA,NA,NA,NA,NA,NA,NA,NA,NA,NA,NA,NA,NA,NA,NA,NA,NA,NA,NA,NA,NA,NA,NA,NA,NA,NA,NA,NA,NA,NA,NA,NA,NA,NA,NA,NA,NA,NA,NA,NA,NA,NA,NA,NA,NA,NA,NA,NA,NA,NA,NA,NA,NA,NA,NA,NA,NA,NA,NA,NA,1,NA,NA,NA,NA,NA,NA,NA,NA,NA,NA,NA,NA,NA,NA,NA,NA,NA,NA,NA,NA,NA,NA,NA,NA,NA,NA,NA,NA,NA,NA,NA,NA,NA,NA,NA,NA,NA,NA,NA,NA,NA,NA,NA,NA,NA,NA,NA,NA,NA,7,NA,1,NA,NA,NA,NA,NA,1956,1,6,NA,2,NA,NA,,,NA,NA,NA,4,6,,,2,2,1,,2,NA,NA,NA,NA,NA,NA,NA,NA,NA,NA,NA,NA,NA,NA,NA,NA,NA,NA,NA,NA,NA,NA,NA,NA,NA,NA,NA,NA,NA,NA,NA,NA,NA,NA,NA,NA,NA,NA,NA,NA,NA,NA,NA,NA,NA,NA,NA,NA,NA,NA,NA,NA,NA,NA,NA,NA,NA,NA,NA,NA,NA,NA,NA,NA,NA,NA,NA,NA,NA,NA,NA,NA,NA,NA,NA,NA,6,"srep8000",1,0,0,0,0,NA,NA
"364",125,254093,176,2,NA,NA,,,,1,,1,,,NA,NA,NA,NA,1,"srep7832",NA,13,NA,NA,1,NA,NA,1,NA,26,NA,NA,NA,NA,NA,NA,NA,NA,NA,NA,NA,NA,NA,NA,NA,NA,NA,NA,NA,NA,NA,NA,NA,NA,NA,NA,NA,NA,NA,NA,NA,NA,NA,NA,NA,NA,NA,NA,NA,NA,NA,NA,NA,NA,NA,NA,NA,NA,NA,NA,NA,NA,NA,NA,NA,NA,NA,NA,NA,NA,NA,NA,NA,NA,NA,NA,NA,NA,NA,NA,NA,NA,NA,NA,NA,NA,NA,NA,NA,NA,NA,NA,NA,NA,NA,NA,NA,NA,NA,NA,NA,NA,NA,NA,NA,NA,NA,NA,NA,NA,NA,NA,NA,NA,NA,NA,NA,NA,NA,NA,NA,NA,NA,NA,NA,NA,NA,NA,NA,NA,NA,NA,NA,NA,NA,NA,NA,NA,NA,139,NA,1,NA,NA,NA,NA,NA,1980,1,6,NA,2,NA,NA,,,NA,NA,NA,1,5,,,1,2,2,,2,NA,NA,NA,NA,NA,NA,NA,NA,NA,NA,NA,NA,NA,NA,NA,NA,NA,NA,NA,NA,NA,NA,NA,NA,NA,NA,NA,NA,NA,NA,NA,NA,NA,NA,NA,NA,NA,NA,NA,NA,NA,NA,NA,NA,NA,NA,NA,NA,NA,NA,NA,NA,NA,NA,NA,NA,NA,NA,NA,NA,NA,NA,NA,NA,NA,NA,NA,NA,NA,NA,NA,NA,NA,NA,NA,NA,135,"srep7832",1,0,0,0,0,NA,NA
"365",140,257027,2,2,NA,NA,,,,1,,1,NA,,NA,NA,NA,NA,1,"srep9180",NA,10,NA,NA,2,11,9,NA,NA,NA,NA,NA,NA,NA,NA,NA,NA,NA,NA,NA,NA,NA,NA,NA,NA,NA,NA,NA,NA,NA,NA,NA,NA,NA,NA,NA,NA,NA,NA,NA,NA,NA,NA,NA,NA,NA,NA,NA,NA,NA,NA,NA,NA,NA,NA,NA,NA,NA,NA,NA,NA,NA,NA,NA,NA,NA,NA,NA,NA,NA,NA,NA,NA,NA,NA,NA,NA,NA,NA,NA,NA,NA,NA,NA,NA,NA,NA,NA,NA,NA,NA,NA,NA,NA,NA,NA,NA,NA,NA,NA,NA,NA,NA,NA,NA,NA,NA,NA,NA,NA,NA,NA,NA,NA,NA,NA,NA,NA,NA,NA,NA,NA,NA,NA,NA,NA,NA,NA,NA,NA,NA,NA,NA,NA,NA,NA,NA,NA,NA,5,NA,1,NA,NA,NA,NA,NA,1961,1,6,NA,2,NA,NA,,,NA,NA,NA,1,3,,,2,2,1,,5,NA,NA,NA,NA,NA,NA,NA,NA,NA,NA,NA,NA,NA,NA,NA,NA,NA,NA,NA,NA,NA,NA,NA,NA,NA,NA,NA,NA,NA,NA,NA,NA,NA,NA,NA,NA,NA,NA,NA,NA,NA,NA,NA,NA,NA,NA,NA,NA,NA,NA,NA,NA,NA,NA,NA,NA,NA,NA,NA,NA,NA,NA,NA,NA,NA,NA,NA,NA,NA,NA,NA,NA,NA,NA,NA,NA,4,"srep9180",1,0,0,0,0,NA,6
"366",155,259836,27,2,NA,NA,,,,1,,1,,,NA,NA,NA,NA,1,"srep7125",NA,24,NA,NA,1,NA,NA,NA,NA,NA,NA,NA,NA,NA,NA,NA,NA,NA,NA,NA,NA,NA,NA,NA,NA,NA,NA,NA,NA,NA,NA,NA,NA,NA,NA,NA,NA,NA,NA,NA,NA,NA,NA,NA,NA,NA,NA,NA,NA,NA,NA,NA,NA,NA,NA,NA,NA,NA,NA,NA,NA,NA,NA,NA,NA,NA,NA,NA,NA,NA,NA,NA,NA,NA,NA,NA,NA,NA,NA,NA,NA,NA,NA,NA,NA,NA,NA,NA,NA,NA,NA,NA,NA,NA,NA,NA,NA,NA,NA,NA,NA,NA,NA,NA,NA,NA,NA,NA,NA,NA,NA,NA,NA,NA,NA,NA,NA,NA,NA,NA,NA,NA,NA,NA,NA,NA,NA,NA,NA,NA,NA,NA,NA,NA,NA,NA,NA,NA,NA,41,NA,1,NA,NA,NA,NA,NA,1980,1,4,NA,2,NA,NA,,,NA,NA,NA,1,5,,,2,2,1,,6,NA,NA,NA,NA,NA,NA,NA,NA,NA,NA,NA,NA,NA,NA,NA,NA,NA,NA,NA,NA,NA,NA,NA,NA,NA,NA,NA,NA,NA,NA,NA,NA,NA,NA,NA,NA,NA,NA,NA,NA,NA,NA,NA,NA,NA,NA,NA,NA,NA,NA,NA,NA,NA,NA,NA,NA,NA,NA,NA,NA,NA,NA,NA,NA,NA,NA,NA,NA,NA,NA,NA,NA,NA,NA,NA,NA,40,"srep7125",1,0,0,0,0,NA,NA
"367",175,260645,33,2,NA,NA,,,,1,,1,,,NA,NA,NA,NA,1,"srep6703",NA,60,NA,NA,1,NA,NA,NA,NA,NA,NA,NA,NA,NA,NA,NA,NA,NA,NA,NA,NA,NA,NA,NA,NA,NA,NA,NA,NA,NA,NA,NA,NA,NA,NA,NA,NA,NA,NA,NA,NA,NA,NA,NA,NA,NA,NA,NA,NA,NA,NA,NA,NA,NA,NA,NA,NA,NA,NA,NA,NA,NA,NA,NA,NA,NA,NA,NA,NA,NA,NA,NA,NA,NA,NA,NA,NA,NA,NA,NA,NA,NA,NA,NA,NA,NA,NA,NA,NA,NA,NA,NA,NA,NA,NA,NA,NA,NA,NA,NA,NA,NA,NA,NA,NA,NA,NA,NA,NA,NA,NA,NA,NA,NA,NA,NA,NA,NA,NA,NA,NA,NA,NA,NA,NA,NA,NA,NA,NA,NA,NA,NA,NA,NA,NA,NA,NA,NA,NA,65,NA,1,NA,NA,NA,NA,NA,1961,1,6,NA,2,NA,NA,,,NA,NA,NA,4,3,,,2,1,1,NA,3,NA,NA,NA,NA,NA,NA,NA,NA,NA,NA,NA,NA,NA,NA,NA,NA,NA,NA,NA,NA,NA,NA,NA,NA,NA,NA,NA,NA,NA,NA,NA,NA,NA,NA,NA,NA,NA,NA,NA,NA,NA,NA,NA,NA,NA,NA,NA,NA,NA,NA,NA,NA,NA,NA,NA,NA,NA,NA,NA,NA,NA,NA,NA,NA,NA,NA,NA,NA,NA,NA,NA,NA,NA,NA,NA,NA,66,"srep6703",1,0,0,0,0,NA,NA
"368",177,260659,45,2,NA,NA,,,,1,,1,,,NA,NA,NA,NA,1,"srep6804",NA,26,NA,NA,2,7,8,NA,NA,NA,NA,NA,NA,NA,NA,NA,NA,NA,NA,NA,NA,NA,NA,NA,NA,NA,NA,NA,NA,NA,NA,NA,NA,NA,NA,NA,NA,NA,NA,NA,NA,NA,NA,NA,NA,NA,NA,NA,NA,NA,NA,NA,NA,NA,NA,NA,NA,NA,NA,NA,NA,NA,NA,NA,NA,NA,NA,NA,NA,NA,NA,NA,NA,NA,NA,NA,NA,NA,NA,NA,NA,NA,NA,NA,NA,NA,NA,NA,NA,NA,NA,NA,NA,NA,NA,NA,NA,NA,NA,NA,NA,NA,NA,NA,NA,NA,NA,NA,NA,NA,NA,NA,NA,NA,NA,NA,NA,NA,NA,NA,NA,NA,NA,NA,NA,NA,NA,NA,NA,NA,NA,NA,NA,NA,NA,NA,NA,NA,NA,NA,NA,NA,NA,NA,NA,NA,NA,NA,NA,NA,NA,NA,NA,NA,NA,NA,NA,NA,NA,NA,NA,NA,NA,NA,NA,NA,NA,NA,NA,NA,NA,NA,NA,NA,NA,NA,NA,NA,NA,NA,NA,NA,NA,NA,NA,NA,NA,NA,NA,NA,NA,NA,NA,NA,NA,NA,NA,NA,NA,NA,NA,NA,NA,NA,NA,NA,NA,NA,NA,NA,NA,NA,NA,NA,NA,NA,NA,NA,NA,NA,NA,NA,NA,NA,NA,NA,NA,NA,NA,NA,NA,NA,NA,NA,NA,NA,NA,NA,NA,NA,NA,NA,NA,NA,NA,NA,NA,NA,NA,NA,NA,NA,NA
"369",178,260664,42,2,NA,NA,,,,1,,1,,,NA,NA,NA,NA,1,"srep7755",NA,9,NA,NA,2,NA,NA,NA,NA,NA,NA,NA,NA,NA,NA,NA,NA,NA,NA,NA,NA,NA,NA,NA,NA,NA,NA,NA,NA,NA,NA,NA,NA,NA,NA,NA,NA,NA,NA,NA,NA,NA,NA,NA,NA,NA,NA,NA,NA,NA,NA,NA,NA,NA,NA,NA,NA,NA,NA,NA,NA,NA,NA,NA,NA,NA,NA,NA,NA,NA,NA,NA,NA,NA,NA,NA,NA,NA,NA,NA,NA,NA,NA,NA,NA,NA,NA,NA,NA,NA,NA,NA,NA,NA,NA,NA,NA,NA,NA,NA,NA,NA,NA,NA,NA,NA,NA,NA,NA,NA,NA,NA,NA,NA,NA,NA,NA,NA,NA,NA,NA,NA,NA,NA,NA,NA,NA,NA,NA,NA,NA,NA,NA,NA,NA,NA,NA,NA,NA,NA,NA,NA,NA,NA,NA,NA,NA,NA,NA,NA,NA,NA,NA,NA,NA,NA,NA,NA,NA,NA,NA,NA,NA,NA,NA,NA,NA,NA,NA,NA,NA,NA,NA,NA,NA,NA,NA,NA,NA,NA,NA,NA,NA,NA,NA,NA,NA,NA,NA,NA,NA,NA,NA,NA,NA,NA,NA,NA,NA,NA,NA,NA,NA,NA,NA,NA,NA,NA,NA,NA,NA,NA,NA,NA,NA,NA,NA,NA,NA,NA,NA,NA,NA,NA,NA,NA,NA,NA,NA,NA,NA,NA,NA,NA,NA,NA,NA,NA,NA,NA,NA,NA,NA,NA,NA,NA,NA,NA,NA,NA,NA,NA,NA
"370",190,260903,57,2,NA,NA,,,,1,,1,,,NA,NA,NA,NA,1,"srep5081",NA,10,NA,NA,1,NA,NA,NA,NA,NA,NA,NA,NA,NA,NA,NA,NA,NA,NA,NA,NA,NA,NA,NA,NA,NA,NA,NA,NA,NA,NA,NA,NA,NA,NA,NA,NA,NA,NA,NA,NA,NA,NA,NA,NA,NA,NA,NA,NA,NA,NA,NA,NA,NA,NA,NA,NA,NA,NA,NA,NA,NA,NA,NA,NA,NA,NA,NA,NA,NA,NA,NA,NA,NA,NA,NA,NA,NA,NA,NA,NA,NA,NA,NA,NA,NA,NA,NA,NA,NA,NA,NA,NA,NA,NA,NA,NA,NA,NA,NA,NA,NA,NA,NA,NA,NA,NA,NA,NA,NA,NA,NA,NA,NA,NA,NA,NA,NA,NA,NA,NA,NA,NA,NA,NA,NA,NA,NA,NA,NA,NA,NA,NA,NA,NA,NA,NA,NA,NA,70,NA,1,NA,NA,NA,NA,NA,1949,1,6,NA,1,1,15,NA,NA,NA,NA,NA,1,7,,,2,2,1,,2,NA,NA,NA,NA,NA,NA,NA,NA,NA,NA,NA,NA,NA,NA,NA,NA,NA,NA,NA,NA,NA,NA,NA,NA,NA,NA,NA,NA,NA,NA,NA,NA,NA,NA,NA,NA,NA,NA,NA,NA,NA,NA,NA,NA,NA,NA,NA,NA,NA,NA,NA,NA,NA,NA,NA,NA,NA,NA,NA,NA,NA,NA,NA,NA,NA,NA,NA,NA,NA,NA,NA,NA,NA,NA,NA,NA,69,"srep5081",0,0,0,0,1,,NA
"371",207,263505,73,2,NA,NA,,,,1,,1,NA,,NA,NA,NA,NA,1,"srep9862",NA,9,NA,NA,1,NA,NA,NA,NA,NA,NA,NA,NA,NA,NA,NA,NA,NA,NA,NA,NA,NA,NA,NA,NA,NA,NA,NA,NA,NA,NA,NA,NA,NA,NA,NA,NA,NA,NA,NA,NA,NA,NA,NA,NA,NA,NA,NA,NA,NA,NA,NA,NA,NA,NA,NA,NA,NA,NA,NA,NA,NA,NA,NA,NA,NA,NA,NA,NA,NA,NA,NA,NA,NA,NA,NA,NA,NA,NA,NA,NA,NA,NA,NA,NA,NA,NA,NA,NA,NA,NA,NA,NA,NA,NA,NA,NA,NA,NA,NA,NA,NA,NA,NA,NA,NA,NA,NA,NA,NA,NA,NA,NA,NA,NA,NA,NA,NA,NA,NA,NA,NA,NA,NA,NA,NA,NA,NA,NA,NA,NA,NA,NA,NA,NA,NA,NA,NA,NA,NA,NA,NA,NA,NA,NA,NA,NA,NA,NA,NA,NA,NA,NA,NA,NA,NA,NA,NA,NA,NA,NA,NA,NA,NA,NA,NA,NA,NA,NA,NA,NA,NA,NA,NA,NA,NA,NA,NA,NA,NA,NA,NA,NA,NA,NA,NA,NA,NA,NA,NA,NA,NA,NA,NA,NA,NA,NA,NA,NA,NA,NA,NA,NA,NA,NA,NA,NA,NA,NA,NA,NA,NA,NA,NA,NA,NA,NA,NA,NA,NA,NA,NA,NA,NA,NA,NA,NA,NA,NA,NA,NA,NA,NA,NA,NA,NA,NA,NA,NA,NA,NA,NA,NA,NA,NA,NA,NA,NA,NA,NA,NA,NA,NA
"372",212,266861,8,2,NA,NA,,,,1,,1,,,NA,NA,NA,NA,1,"srep6282",NA,72,NA,NA,1,NA,NA,1,21,26,NA,NA,NA,NA,NA,8,54,NA,NA,NA,NA,NA,NA,2,3,4,NA,NA,NA,NA,NA,NA,NA,NA,NA,2,4,2,5,2,6,NA,3,NA,NA,NA,NA,1,68,NA,NA,NA,NA,NA,NA,NA,NA,NA,NA,NA,NA,NA,NA,NA,NA,NA,NA,NA,NA,NA,NA,NA,NA,0,4,1,2,1,NA,NA,2,NA,50,50,50,50,50,50,40,2,NA,NA,30,19,2,NA,2,7,6,3,4,NA,NA,NA,NA,NA,NA,NA,NA,19,11,19,2,NA,NA,NA,3,1,3,3,4,10,2,2,2,2,NA,8,7,5,5,4,5,5,5,3,3,6,NA,11,NA,1,NA,NA,NA,NA,NA,1967,2,6,NA,2,NA,NA,,,NA,NA,NA,1,5,,,2,2,1,,2,NA,NA,NA,NA,NA,NA,NA,NA,NA,NA,NA,NA,NA,NA,NA,NA,NA,NA,NA,NA,NA,NA,NA,NA,NA,NA,NA,NA,NA,NA,NA,NA,NA,NA,NA,NA,NA,NA,NA,NA,NA,NA,NA,NA,NA,NA,NA,NA,NA,NA,NA,NA,NA,NA,NA,NA,NA,NA,NA,NA,NA,2,1967,2,99,NA,NA,NA,NA,NA,NA,NA,NA,NA,NA,NA,11,"srep6282",1,0,1,0,0,NA,NA
"373",218,271527,14,2,NA,NA,,,,1,,1,,,NA,NA,NA,NA,1,"srep5402",NA,9,NA,NA,2,6,2,1,NA,NA,NA,NA,NA,NA,NA,NA,NA,NA,NA,2,NA,2,NA,2,3,1,NA,NA,NA,NA,NA,NA,NA,NA,NA,1,2,4,5,2,6,NA,8,NA,1,NA,NA,NA,NA,NA,NA,NA,NA,NA,NA,NA,NA,NA,NA,NA,NA,NA,NA,1,NA,NA,NA,NA,1,NA,1,NA,NA,0,5,0,6,1,NA,NA,2,NA,100,40,70,100,100,100,100,2,NA,NA,NA,NA,2,NA,1,5,2,1,2,NA,NA,NA,NA,NA,NA,NA,NA,9,NA,NA,NA,NA,NA,NA,NA,NA,NA,NA,NA,NA,NA,NA,NA,NA,NA,NA,NA,NA,NA,NA,NA,NA,NA,NA,NA,NA,NA,137,NA,1,NA,NA,NA,NA,NA,1977,1,6,NA,2,NA,NA,,,NA,NA,NA,1,7,,,2,2,1,,2,NA,NA,NA,NA,NA,NA,NA,NA,NA,NA,NA,NA,NA,NA,NA,NA,NA,NA,NA,NA,NA,NA,NA,NA,NA,NA,NA,NA,NA,NA,NA,NA,NA,NA,NA,NA,NA,NA,NA,NA,NA,NA,NA,NA,NA,NA,NA,NA,NA,NA,NA,NA,NA,NA,NA,NA,NA,NA,NA,NA,NA,NA,NA,NA,NA,NA,NA,NA,NA,NA,NA,NA,NA,NA,NA,NA,133,"srep5402",1,0,0,0,0,NA,NA
"374",72,252651,131,1,NA,NA,,,,1,,1,,,NA,NA,NA,NA,1,"srep5644",NA,74,NA,NA,2,8,5,1,30,26,48,NA,NA,NA,NA,NA,48,NA,NA,1,NA,NA,NA,1,NA,NA,1,1,1,1,NA,0,0,0,0,4,5,2,5,2,7,NA,6,NA,NA,NA,NA,1,19,1,NA,NA,1,NA,1,NA,NA,1,NA,NA,1,1,6,NA,NA,NA,NA,NA,NA,NA,1,1,30,7,3,1,7,1,NA,NA,1,NA,60,40,60,70,60,70,40,2,NA,NA,30,16,2,NA,2,9,3,NA,NA,0,0,6,3,2,0,7,6,9,4,3,1,3,3,3,NA,NA,NA,NA,3,9,0,1,2,4,NA,NA,NA,4,5,5,3,2,3,4,3,5,NA,76,NA,1,NA,NA,NA,NA,NA,1975,2,6,NA,2,NA,NA,NA,,NA,NA,NA,1,5,,,1,2,2,,2,NA,NA,NA,NA,NA,NA,NA,NA,NA,NA,NA,NA,NA,NA,NA,NA,NA,NA,NA,NA,NA,NA,NA,NA,NA,NA,NA,NA,NA,NA,NA,NA,NA,NA,NA,NA,NA,NA,NA,NA,NA,NA,NA,NA,NA,NA,NA,NA,NA,NA,NA,NA,NA,NA,NA,NA,NA,NA,NA,NA,3,2,NA,2,NA,3,NA,2,1,1,NA,NA,NA,NA,NA,NA,75,"srep5644",1,0,0,0,0,NA,NA
"375",71,252626,129,1,NA,NA,,,,1,,1,,,NA,NA,NA,NA,1,"srep9770",NA,36,NA,NA,2,10,5,2,NA,NA,NA,NA,11,NA,NA,NA,NA,NA,22,NA,NA,NA,5,1,NA,NA,1,1,1,1,NA,NA,10,NA,NA,1,4,3,5,2,3,NA,3,NA,1,NA,NA,1,31,NA,NA,NA,NA,1,NA,12,NA,NA,NA,NA,1,NA,10,1,NA,NA,1,15,NA,NA,NA,NA,NA,0,5,5,3,1,NA,NA,2,NA,70,60,70,70,70,70,70,2,NA,NA,19,16,4,NA,2,8,1,NA,NA,0,0,0,0,0,0,5,0,21,31,3,2,NA,NA,NA,4,1,3,3,5,9,10,10,10,1,NA,NA,NA,4,3,3,3,3,3,3,3,5,NA,67,NA,1,NA,NA,NA,NA,NA,1942,1,6,NA,1,2,63,NA,NA,NA,NA,NA,NA,NA,NA,NA,NA,NA,NA,NA,NA,NA,NA,NA,NA,NA,NA,NA,NA,NA,NA,NA,NA,NA,NA,NA,NA,NA,NA,NA,NA,NA,NA,NA,NA,NA,NA,NA,NA,NA,NA,NA,NA,NA,NA,NA,NA,NA,NA,NA,NA,NA,NA,NA,NA,NA,NA,NA,NA,NA,NA,NA,NA,NA,NA,NA,NA,NA,NA,NA,NA,NA,1,1942,5,56,3,NA,6,1,1,NA,NA,NA,NA,NA,NA,NA,"srep9770",0,1,0,0,0,NA,NA
"376",70,252623,128,1,NA,NA,,,,1,,1,NA,,NA,NA,NA,NA,1,"srep6219",NA,1112,NA,NA,1,NA,NA,1,8,32,36,NA,NA,NA,NA,31,27,NA,NA,NA,NA,NA,NA,2,3,4,NA,NA,NA,NA,NA,NA,NA,NA,NA,1,5,1,4,1,4,NA,3,NA,NA,NA,NA,1,46,NA,NA,NA,NA,NA,1,NA,NA,NA,NA,NA,NA,NA,NA,NA,NA,NA,NA,NA,NA,NA,NA,NA,NA,7,4,1,4,1,NA,NA,2,NA,100,40,70,100,100,100,100,2,NA,NA,15,18,1,NA,2,1,4,3,4,NA,NA,NA,NA,NA,NA,NA,NA,19,19,16,1,1,4,3,NA,NA,NA,NA,6,6,6,1,5,2,NA,11,3,3,5,6,5,4,4,4,4,4,NA,7,NA,1,NA,NA,NA,NA,NA,1976,1,6,NA,2,NA,NA,,,NA,NA,NA,1,7,,NA,2,1,1,,6,NA,NA,NA,NA,NA,NA,NA,NA,NA,NA,NA,NA,NA,NA,NA,NA,NA,NA,NA,NA,NA,NA,NA,NA,NA,NA,NA,NA,NA,NA,NA,NA,NA,NA,NA,NA,NA,NA,NA,NA,NA,NA,NA,NA,NA,NA,NA,NA,NA,NA,NA,NA,NA,NA,NA,NA,NA,NA,NA,NA,4,1,1976,3,NA,2,NA,2,1,1,NA,NA,NA,NA,NA,NA,6,"srep6219",1,0,1,0,0,NA,NA
"377",69,252621,130,1,NA,NA,,,,1,,1,,,NA,NA,NA,NA,1,"srep9560",NA,15,NA,NA,1,NA,NA,2,NA,NA,NA,29,NA,NA,NA,NA,NA,NA,NA,NA,2,NA,2,2,3,1,NA,NA,NA,NA,NA,NA,NA,NA,NA,4,5,2,4,1,6,NA,6,NA,NA,NA,NA,NA,NA,NA,NA,NA,NA,NA,NA,NA,NA,NA,NA,NA,NA,NA,NA,NA,NA,NA,NA,NA,NA,NA,1,NA,NA,0,4,0,3,1,NA,NA,1,NA,50,0,50,50,30,50,40,2,NA,NA,19,2,2,NA,1,3,2,1,2,NA,NA,NA,NA,NA,NA,NA,NA,25,26,12,1,3,1,3,NA,NA,NA,NA,5,8,0,1,1,2,NA,7,7,3,6,4,4,4,3,5,4,4,NA,NA,NA,NA,NA,NA,NA,NA,NA,NA,NA,NA,NA,NA,NA,NA,NA,NA,NA,NA,NA,NA,NA,NA,NA,NA,NA,NA,NA,NA,NA,NA,NA,NA,NA,NA,NA,NA,NA,NA,NA,NA,NA,NA,NA,NA,NA,NA,NA,NA,NA,NA,NA,NA,NA,NA,NA,NA,NA,NA,NA,NA,NA,NA,NA,NA,NA,NA,NA,NA,NA,NA,NA,NA,NA,NA,NA,NA,NA,NA,NA,NA,NA,NA,NA,NA,NA,NA,NA,NA,3,2,1980,2,87,2,NA,4,1,1,NA,NA,1,NA,NA,NA,NA,NA,NA,NA,NA,NA,NA,NA,NA
"378",68,252617,127,1,NA,NA,,,,1,,1,NA,,NA,NA,NA,NA,1,"srep8298",NA,87,NA,NA,1,NA,NA,2,NA,NA,NA,NA,NA,NA,NA,NA,NA,NA,31,NA,NA,NA,2,2,3,1,NA,NA,NA,NA,NA,NA,NA,NA,NA,1,5,1,7,1,7,NA,4,NA,NA,NA,NA,1,17,1,NA,1,1,NA,1,NA,NA,NA,NA,NA,NA,NA,NA,NA,NA,NA,NA,NA,NA,NA,1,NA,NA,2,4,2,5,1,NA,NA,1,NA,50,40,60,50,50,60,40,2,NA,NA,9,18,2,NA,5,NA,2,1,2,NA,NA,NA,NA,NA,NA,NA,NA,13,22,2,2,NA,NA,NA,3,1,3,4,0,5,0,0,5,1,NA,3,2,2,7,4,4,4,6,1,7,3,NA,34,NA,1,NA,NA,NA,NA,NA,1958,1,6,NA,2,NA,NA,,,NA,NA,NA,1,5,,,1,2,2,,2,NA,NA,NA,NA,NA,NA,NA,NA,NA,NA,NA,NA,NA,NA,NA,NA,NA,NA,NA,NA,NA,NA,NA,NA,NA,NA,NA,NA,NA,NA,NA,NA,NA,NA,NA,NA,NA,NA,NA,NA,NA,NA,NA,NA,NA,NA,NA,NA,NA,NA,NA,NA,NA,NA,NA,NA,NA,NA,NA,NA,NA,1,1958,2,3,1,NA,6,1,1,NA,NA,NA,NA,NA,NA,43,"srep8298",1,0,0,0,0,NA,NA
"379",145,258079,17,1,NA,NA,,,,1,,1,NA,,NA,NA,NA,NA,1,"srep8778",NA,15,NA,NA,1,NA,NA,2,NA,NA,NA,NA,NA,NA,NA,NA,NA,NA,NA,NA,1,NA,4,1,NA,NA,11,3,4,8,NA,0,10,0,0,1,5,5,7,3,6,NA,3,NA,1,NA,NA,NA,NA,1,NA,1,1,NA,1,NA,NA,NA,NA,1,NA,1,NA,1,NA,NA,NA,NA,NA,NA,NA,NA,NA,6,4,3,9,1,NA,NA,2,NA,80,50,70,80,80,80,80,1,1,3,NA,NA,2,NA,1,7,2,NA,NA,0,0,9,2,1,0,5,1,9,6,24,2,NA,NA,NA,3,1,3,3,7,10,1,1,1,2,NA,10,2,5,3,3,5,5,1,2,2,6,NA,13,NA,1,NA,NA,NA,NA,NA,1935,2,6,NA,2,NA,NA,,,NA,NA,NA,1,7,,NA,1,2,1,,2,NA,NA,NA,NA,NA,NA,NA,NA,NA,NA,NA,NA,NA,NA,NA,NA,NA,NA,NA,NA,NA,NA,NA,NA,NA,NA,NA,NA,NA,NA,NA,NA,NA,NA,NA,NA,NA,NA,NA,NA,NA,NA,NA,NA,NA,NA,NA,NA,NA,NA,NA,NA,NA,NA,NA,NA,NA,NA,NA,NA,NA,2,1935,2,75,2,NA,4,1,1,NA,NA,NA,NA,NA,NA,12,"srep8778",1,0,0,0,1,,NA
"380",144,258026,16,1,NA,NA,,,,1,,1,NA,,NA,NA,NA,NA,1,"srep8171",NA,45,NA,NA,2,2,12,2,NA,NA,NA,NA,NA,NA,NA,NA,NA,NA,NA,NA,2,NA,2,1,NA,NA,1,1,1,1,NA,0,0,0,0,7,4,2,3,3,6,NA,5,NA,NA,NA,NA,NA,NA,1,1,1,NA,NA,NA,NA,1,NA,1,NA,NA,1,NA,NA,NA,NA,NA,NA,NA,NA,1,NA,NA,3,4,2,7,4,NA,1,NA,NA,NA,NA,NA,NA,NA,NA,15,1,2,3,NA,NA,4,NA,1,8,2,NA,NA,8,0,0,0,3,0,6,0,17,6,27,1,4,4,3,NA,NA,NA,NA,6,10,7,6,10,2,NA,NA,NA,3,5,NA,4,5,3,3,6,4,NA,50,NA,1,NA,NA,NA,NA,NA,1960,1,6,NA,2,NA,NA,,,NA,NA,NA,4,4,,,2,2,1,,2,NA,NA,NA,NA,NA,NA,NA,NA,NA,NA,NA,NA,NA,NA,NA,NA,NA,NA,NA,NA,NA,NA,NA,NA,NA,NA,NA,NA,NA,NA,NA,NA,NA,NA,NA,NA,NA,NA,NA,NA,NA,NA,NA,NA,NA,NA,NA,NA,NA,NA,NA,NA,NA,NA,NA,NA,NA,NA,NA,NA,3,1,1960,2,32,2,NA,2,1,1,NA,NA,NA,NA,NA,NA,49,"srep8171",1,0,0,0,0,NA,NA
"381",107,253408,162,1,NA,NA,,,,1,,1,,,NA,NA,NA,NA,1,"srep6079",NA,17,NA,NA,1,NA,NA,2,NA,NA,NA,NA,NA,21,NA,NA,NA,NA,NA,NA,2,NA,2,1,NA,NA,1,1,1,1,NA,0,0,0,0,6,5,1,4,2,6,NA,4,NA,NA,NA,NA,NA,NA,NA,NA,NA,NA,NA,NA,NA,NA,NA,NA,NA,NA,1,NA,NA,NA,NA,NA,NA,1,NA,NA,NA,NA,0,5,0,8,3,5,NA,NA,NA,50,40,40,50,50,50,35,1,1,2,NA,NA,2,NA,2,5,2,NA,NA,5,4,5,3,5,1,8,5,25,8,29,1,2,2,2,NA,NA,NA,NA,1,7,5,5,1,2,NA,7,7,3,5,6,4,4,1,1,1,7,NA,103,NA,1,NA,NA,NA,NA,NA,1972,1,6,NA,2,NA,NA,,,NA,NA,NA,3,1,,,2,2,2,,2,NA,NA,NA,NA,NA,NA,NA,NA,NA,NA,NA,NA,NA,NA,NA,NA,NA,NA,NA,NA,NA,NA,NA,NA,NA,NA,NA,NA,NA,NA,NA,NA,NA,NA,NA,NA,NA,NA,NA,NA,NA,NA,NA,NA,NA,NA,NA,NA,NA,NA,NA,NA,NA,NA,NA,NA,NA,NA,NA,NA,2,1,1972,2,51,2,NA,4,1,1,NA,NA,NA,NA,NA,NA,100,"srep6079",1,0,0,0,0,NA,NA
"382",106,253399,161,1,NA,NA,,,,1,,1,,,NA,NA,NA,NA,1,"srep5690",NA,23,NA,NA,2,3,2,1,23,26,1,NA,NA,NA,NA,1,1,NA,NA,NA,NA,NA,NA,1,NA,NA,6,NA,NA,NA,NA,NA,NA,NA,2,1,5,1,6,1,5,NA,3,NA,1,NA,NA,NA,NA,NA,NA,1,1,NA,NA,NA,NA,NA,NA,NA,NA,NA,NA,NA,NA,NA,NA,NA,1,NA,1,NA,NA,4,4,2,3,1,NA,NA,1,NA,85,15,90,70,95,50,50,1,6,3,NA,NA,3,NA,1,7,2,NA,NA,0,0,5,0,0,5,0,0,5,28,9,2,NA,NA,NA,3,2,3,3,7,6,3,1,6,1,NA,NA,NA,4,6,6,2,3,3,4,5,5,NA,NA,NA,NA,NA,NA,NA,NA,NA,NA,NA,NA,NA,NA,NA,NA,NA,NA,NA,NA,NA,NA,NA,NA,NA,NA,NA,NA,NA,NA,NA,NA,NA,NA,NA,NA,NA,NA,NA,NA,NA,NA,NA,NA,NA,NA,NA,NA,NA,NA,NA,NA,NA,NA,NA,NA,NA,NA,NA,NA,NA,NA,NA,NA,NA,NA,NA,NA,NA,NA,NA,NA,NA,NA,NA,NA,NA,NA,NA,NA,NA,NA,NA,NA,NA,NA,NA,NA,NA,NA,NA,1,1978,2,7,2,NA,4,1,NA,NA,NA,NA,NA,1,,NA,NA,NA,NA,NA,NA,NA,NA,NA
"383",105,253395,160,1,NA,NA,,,,1,,1,,,NA,NA,NA,NA,1,"srep6873",NA,17,NA,NA,2,3,2,1,18,23,12,NA,NA,NA,NA,13,6,NA,NA,NA,NA,NA,NA,1,NA,NA,1,2,8,6,NA,10,5,0,0,1,5,4,4,1,4,NA,6,NA,1,NA,NA,1,55,NA,NA,NA,NA,NA,NA,NA,NA,NA,NA,NA,NA,NA,NA,1,NA,NA,NA,NA,NA,NA,NA,NA,NA,0,NA,7,1,1,NA,NA,1,NA,50,0,60,50,50,50,50,2,NA,NA,9,8,2,NA,1,8,6,NA,NA,0,0,5,0,0,0,5,0,15,11,20,1,3,1,3,NA,NA,NA,NA,10,10,10,10,10,1,NA,NA,NA,1,6,5,5,2,3,2,1,7,NA,63,NA,1,NA,NA,NA,NA,NA,1964,1,6,NA,2,NA,NA,,,NA,NA,NA,1,5,,NA,2,1,1,,2,NA,NA,NA,NA,NA,NA,NA,NA,NA,NA,NA,NA,NA,NA,NA,NA,NA,NA,NA,NA,NA,NA,NA,NA,NA,NA,NA,NA,NA,NA,NA,NA,NA,NA,NA,NA,NA,NA,NA,NA,NA,NA,NA,NA,NA,NA,NA,NA,NA,NA,NA,NA,NA,NA,NA,NA,NA,NA,NA,NA,4,1,1964,2,50,3,NA,1,1,1,NA,NA,NA,NA,NA,NA,64,"srep6873",1,0,0,0,0,NA,NA
"384",3,252049,79,1,NA,NA,,,,1,,1,,,NA,NA,NA,NA,1,"srep7621",NA,19,NA,NA,2,4,12,2,NA,NA,NA,2,26,16,NA,NA,NA,9,27,NA,NA,NA,NA,2,2,2,NA,NA,NA,NA,NA,NA,NA,NA,NA,4,6,8,1,1,1,NA,5,NA,NA,NA,1,NA,NA,NA,NA,NA,NA,NA,1,NA,NA,NA,NA,1,NA,NA,NA,NA,1,NA,NA,NA,1,NA,NA,NA,NA,3,3,5,1,4,NA,2,NA,NA,2,4,2,7,77,88,99,2,NA,NA,1,16,1,NA,4,4,6,2,5,NA,NA,NA,NA,NA,NA,NA,NA,33,32,32,1,3,4,1,NA,NA,NA,NA,6,6,0,1,5,2,NA,NA,NA,1,5,7,2,3,3,4,5,4,NA,1,NA,1,NA,NA,NA,NA,NA,NA,NA,NA,NA,NA,NA,NA,NA,NA,NA,NA,NA,NA,NA,NA,NA,NA,NA,NA,NA,NA,NA,NA,NA,NA,NA,NA,NA,NA,NA,NA,NA,NA,NA,NA,NA,NA,NA,NA,NA,NA,NA,NA,NA,NA,NA,NA,NA,NA,NA,NA,NA,NA,NA,NA,NA,NA,NA,NA,NA,NA,NA,NA,NA,NA,NA,NA,NA,NA,NA,NA,NA,NA,NA,NA,NA,NA,NA,NA,NA,NA,2,1,1978,2,85,5,NA,5,1,NA,NA,NA,1,NA,NA,NA,NA,"srep7621",0,0,0,0,0,NA,NA
"385",123,253849,175,1,NA,NA,,,,1,,1,,,NA,NA,NA,NA,1,"srep6004",NA,30,NA,NA,1,NA,NA,2,NA,NA,NA,NA,NA,NA,NA,NA,NA,NA,7,NA,NA,NA,2,2,3,1,NA,NA,NA,NA,NA,NA,NA,NA,NA,1,4,2,4,2,5,NA,6,NA,NA,NA,NA,1,46,NA,NA,1,NA,NA,NA,NA,NA,NA,NA,NA,NA,1,NA,1,NA,NA,NA,NA,NA,NA,1,NA,NA,0,4,0,2,1,NA,NA,2,NA,NA,15,85,NA,NA,70,30,2,NA,NA,9,16,2,NA,2,8,2,3,2,NA,NA,NA,NA,NA,NA,NA,NA,17,22,3,1,3,1,3,NA,NA,NA,NA,1,10,1,0,0,1,NA,3,2,2,7,6,2,1,7,4,7,1,NA,NA,NA,NA,NA,NA,NA,NA,NA,NA,NA,NA,NA,NA,NA,NA,NA,NA,NA,NA,NA,NA,NA,NA,NA,NA,NA,NA,NA,NA,NA,NA,NA,NA,NA,NA,NA,NA,NA,NA,NA,NA,NA,NA,NA,NA,NA,NA,NA,NA,NA,NA,NA,NA,NA,NA,NA,NA,NA,NA,NA,NA,NA,NA,NA,NA,NA,NA,NA,NA,NA,NA,NA,NA,NA,NA,NA,NA,NA,NA,NA,NA,NA,NA,NA,NA,NA,NA,NA,NA,3,1,1968,2,81,5,NA,5,1,1,NA,NA,NA,NA,NA,NA,NA,NA,NA,NA,NA,NA,NA,NA,NA
"386",122,253828,174,1,NA,NA,,,,1,,1,,,NA,NA,NA,NA,1,"srep5185",NA,62,NA,NA,2,8,9,1,NA,NA,NA,NA,NA,NA,NA,NA,NA,NA,NA,2,NA,2,NA,1,NA,NA,NA,NA,NA,NA,NA,NA,NA,NA,NA,4,5,1,3,8,6,NA,2,NA,NA,NA,NA,NA,NA,NA,NA,NA,NA,NA,1,NA,NA,1,NA,NA,NA,1,NA,NA,NA,NA,NA,NA,NA,NA,NA,NA,NA,0,3,1,5,1,NA,NA,NA,NA,50,45,50,50,50,50,40,1,2,3,NA,NA,2,NA,5,NA,6,NA,NA,2,2,NA,4,NA,0,NA,0,19,14,NA,1,2,1,3,NA,NA,NA,NA,5,10,0,6,6,3,14,NA,NA,3,4,3,5,3,4,3,3,4,NA,79,NA,1,NA,NA,NA,NA,NA,NA,1,NA,NA,2,NA,NA,,,NA,NA,NA,1,2,NA,,2,2,2,,2,NA,NA,NA,NA,NA,NA,NA,NA,NA,NA,NA,NA,NA,NA,NA,NA,NA,NA,NA,NA,NA,NA,NA,NA,NA,NA,NA,NA,NA,NA,NA,NA,NA,NA,NA,NA,NA,NA,NA,NA,NA,NA,NA,NA,NA,NA,NA,NA,NA,NA,NA,NA,NA,NA,NA,NA,NA,NA,NA,NA,3,1,NA,2,NA,NA,NA,5,1,NA,NA,NA,NA,NA,NA,NA,80,"srep5185",1,0,0,0,0,NA,NA
"387",4,252423,89,1,NA,NA,,,,1,,1,,,NA,NA,NA,NA,1,"srep7752",NA,17,NA,NA,2,6,5,1,7,26,16,NA,NA,NA,NA,28,41,NA,NA,NA,NA,NA,NA,2,3,1,NA,NA,NA,NA,NA,NA,NA,NA,NA,2,5,3,6,2,4,NA,3,NA,1,NA,NA,NA,NA,NA,NA,NA,NA,NA,NA,NA,NA,NA,NA,NA,NA,NA,NA,1,NA,NA,NA,NA,NA,NA,NA,1,10,0,4,4,3,3,11,NA,NA,NA,40,10,60,70,50,50,50,2,NA,NA,15,18,1,NA,1,8,3,1,2,NA,NA,NA,NA,NA,NA,NA,NA,19,11,9,1,4,1,3,NA,NA,NA,NA,9,10,6,10,3,3,10,NA,NA,5,6,7,4,5,2,2,2,6,NA,NA,NA,NA,NA,NA,NA,NA,NA,NA,NA,NA,NA,NA,NA,NA,NA,NA,NA,NA,NA,NA,NA,NA,NA,NA,NA,NA,NA,NA,NA,NA,NA,NA,NA,NA,NA,NA,NA,NA,NA,NA,NA,NA,NA,NA,NA,NA,NA,NA,NA,NA,NA,NA,NA,NA,NA,NA,NA,NA,NA,NA,NA,NA,NA,NA,NA,NA,NA,NA,NA,NA,NA,NA,NA,NA,NA,NA,NA,NA,NA,NA,NA,NA,NA,NA,NA,NA,NA,NA,3,1,1987,2,69,4,4,4,1,1,NA,NA,NA,NA,NA,NA,NA,NA,NA,NA,NA,NA,NA,NA,NA
"388",5,252424,90,1,NA,NA,,,,1,,1,NA,,NA,NA,NA,NA,1,"srep8580",NA,103,NA,NA,2,9,11,1,NA,NA,56,NA,NA,NA,NA,22,NA,NA,NA,NA,NA,2,NA,2,3,1,NA,NA,NA,NA,NA,NA,NA,NA,NA,2,5,1,1,2,7,NA,6,1,NA,NA,1,NA,NA,1,1,1,1,NA,1,NA,NA,1,NA,NA,NA,1,NA,NA,NA,NA,NA,NA,NA,NA,1,NA,NA,2,4,2,8,4,NA,1,NA,NA,10,60,20,30,20,70,10,1,3,1,NA,NA,4,NA,1,9,1,3,4,NA,NA,NA,NA,NA,NA,NA,NA,25,18,27,2,NA,NA,NA,3,1,3,3,2,10,0,1,2,4,NA,NA,NA,3,3,3,4,3,3,2,3,4,NA,6,NA,1,NA,NA,NA,NA,NA,1953,2,3,NA,1,2,25,NA,NA,NA,NA,NA,4,2,,,2,1,1,,2,NA,NA,NA,NA,NA,NA,NA,NA,NA,NA,NA,NA,NA,NA,NA,NA,NA,NA,NA,NA,NA,NA,NA,NA,NA,NA,NA,NA,NA,NA,NA,NA,NA,NA,NA,NA,NA,NA,NA,NA,NA,NA,NA,NA,NA,NA,NA,NA,NA,NA,NA,NA,NA,NA,NA,NA,NA,NA,NA,NA,NA,2,1953,2,67,5,NA,1,1,NA,NA,NA,1,NA,NA,NA,6,"srep8580",1,0,0,0,0,NA,NA
"389",6,252425,85,1,NA,NA,,,,1,,1,,,NA,NA,NA,NA,1,"srep9238",NA,32,NA,NA,1,NA,NA,1,17,28,49,NA,NA,NA,NA,9,24,NA,NA,NA,NA,NA,NA,1,NA,NA,14,NA,NA,NA,NA,NA,10,NA,NA,3,5,1,3,1,7,NA,6,NA,1,NA,NA,1,49,NA,NA,NA,NA,NA,NA,NA,NA,NA,NA,NA,NA,NA,NA,1,NA,NA,NA,NA,NA,NA,NA,NA,NA,0,4,3,2,2,NA,NA,NA,1,85,20,70,85,85,100,20,2,NA,NA,26,16,4,NA,2,6,6,NA,NA,0,0,2,0,0,0,0,0,21,4,9,2,NA,NA,NA,3,1,3,3,3,9,0,3,2,2,NA,10,8,4,5,4,3,3,5,3,3,4,NA,5,NA,1,NA,NA,NA,NA,NA,1969,1,3,NA,2,NA,NA,,,NA,NA,NA,2,5,,,2,1,1,,6,NA,NA,NA,NA,NA,NA,NA,NA,NA,NA,NA,NA,NA,NA,NA,NA,NA,NA,NA,NA,NA,NA,NA,NA,NA,NA,NA,NA,NA,NA,NA,NA,NA,NA,NA,NA,NA,NA,NA,NA,NA,NA,NA,NA,NA,NA,NA,NA,NA,NA,NA,NA,NA,NA,NA,NA,NA,NA,NA,NA,NA,1,1969,4,62,4,9,2,1,NA,NA,NA,NA,NA,1,,4,"srep9238",1,0,0,0,0,NA,NA
"390",7,252426,92,1,NA,NA,,,,1,,1,,,NA,NA,NA,NA,1,"srep7975",NA,11,NA,NA,2,9,2,2,NA,NA,NA,9,5,13,NA,NA,NA,6,2,NA,NA,NA,NA,2,5,4,NA,NA,NA,NA,NA,NA,NA,NA,NA,1,3,3,7,3,5,NA,4,NA,NA,NA,NA,1,2,NA,NA,NA,NA,1,NA,6,NA,NA,NA,NA,1,NA,7,1,NA,NA,1,7,NA,NA,NA,1,26,0,5,0,9,3,14,NA,NA,NA,NA,NA,NA,NA,NA,NA,NA,1,1,3,NA,NA,2,NA,2,10,1,3,4,NA,NA,NA,NA,NA,NA,NA,NA,15,17,18,2,NA,NA,NA,3,1,3,2,8,10,0,2,5,2,NA,NA,NA,3,4,7,4,3,5,6,3,6,NA,7,NA,1,NA,NA,NA,NA,NA,1974,1,6,NA,2,NA,NA,,,NA,NA,NA,3,1,,,1,1,2,,2,NA,NA,NA,NA,NA,NA,NA,NA,NA,NA,NA,NA,NA,NA,NA,NA,NA,NA,NA,NA,NA,NA,NA,NA,NA,NA,NA,NA,NA,NA,NA,NA,NA,NA,NA,NA,NA,NA,NA,NA,NA,NA,NA,NA,NA,NA,NA,NA,NA,NA,NA,NA,NA,NA,NA,NA,NA,NA,NA,NA,NA,1,1974,2,106,2,NA,4,1,1,NA,NA,NA,NA,NA,NA,6,"srep7975",1,0,0,0,0,NA,NA
"391",9,252428,88,1,NA,NA,,,,1,,1,,,NA,NA,NA,NA,1,"srep8049",NA,29,NA,NA,1,NA,NA,2,NA,NA,NA,23,14,NA,NA,NA,NA,18,NA,NA,1,NA,NA,1,NA,NA,14,NA,NA,NA,NA,NA,7,NA,NA,7,4,1,2,3,7,NA,5,1,NA,1,NA,NA,NA,1,1,NA,NA,NA,1,NA,1,NA,1,NA,NA,1,NA,1,1,1,NA,NA,1,NA,1,NA,NA,7,1,3,9,4,NA,2,NA,NA,70,70,70,70,70,70,20,2,NA,NA,14,16,3,NA,2,10,2,NA,NA,2,0,9,9,9,3,9,9,14,14,12,1,3,1,3,NA,NA,NA,NA,9,10,10,10,9,4,NA,2,12,2,5,4,5,2,4,4,4,4,NA,113,NA,1,NA,NA,NA,NA,NA,1959,1,6,NA,2,NA,NA,,,NA,NA,NA,4,4,,,1,2,1,,2,NA,NA,NA,NA,NA,NA,NA,NA,NA,NA,NA,NA,NA,NA,NA,NA,NA,NA,NA,NA,NA,NA,NA,NA,NA,NA,NA,NA,NA,NA,NA,NA,NA,NA,NA,NA,NA,NA,NA,NA,NA,NA,NA,NA,NA,NA,NA,NA,NA,NA,NA,NA,NA,NA,NA,NA,NA,NA,NA,NA,3,1,1959,2,46,1,NA,1,1,1,NA,NA,NA,NA,NA,NA,110,"srep8049",1,0,0,0,0,NA,NA
"392",10,252429,87,1,NA,NA,,,,1,,1,,,NA,NA,NA,NA,1,"srep8345",NA,50,NA,NA,1,NA,NA,2,NA,NA,NA,22,3,NA,NA,NA,NA,27,9,NA,NA,NA,NA,1,NA,NA,1,1,1,1,NA,0,0,0,0,6,5,1,1,1,7,NA,6,NA,NA,NA,NA,NA,NA,NA,NA,NA,NA,NA,NA,NA,NA,NA,NA,NA,NA,NA,NA,NA,NA,NA,NA,NA,NA,NA,1,NA,NA,0,5,0,1,2,NA,NA,NA,1,15,30,80,100,30,40,0,1,2,3,NA,NA,2,NA,2,1,2,NA,NA,5,0,5,5,10,5,10,0,12,8,20,1,2,4,3,NA,NA,NA,NA,0,10,0,0,0,4,NA,2,8,2,7,7,6,7,4,7,5,5,NA,149,NA,1,NA,NA,NA,NA,NA,1969,1,6,NA,2,NA,NA,,,NA,NA,NA,3,5,,,2,2,1,,4,NA,NA,NA,NA,NA,NA,NA,NA,NA,NA,NA,NA,NA,NA,NA,NA,NA,NA,NA,NA,NA,NA,NA,NA,NA,NA,NA,NA,NA,NA,NA,NA,NA,NA,NA,NA,NA,NA,NA,NA,NA,NA,NA,NA,NA,NA,NA,NA,NA,NA,NA,NA,NA,NA,NA,NA,NA,NA,NA,NA,3,1,1969,4,34,5,NA,2,1,1,NA,NA,NA,NA,NA,NA,143,"srep8345",1,0,0,0,0,NA,NA
"393",11,252430,85,1,NA,NA,,,,1,,1,,,NA,NA,NA,NA,1,"srep8404",NA,11,NA,NA,1,NA,NA,2,NA,NA,NA,28,4,NA,NA,NA,NA,29,33,NA,NA,NA,NA,1,NA,NA,1,1,1,1,NA,NA,10,NA,NA,2,5,1,6,1,7,NA,3,1,1,NA,NA,1,72,NA,NA,NA,NA,1,NA,13,NA,NA,NA,NA,1,NA,1,1,NA,NA,NA,NA,1,NA,NA,NA,NA,0,NA,7,2,2,NA,NA,NA,1,NA,15,60,NA,NA,NA,NA,1,2,3,NA,NA,4,NA,2,8,2,NA,NA,0,0,5,0,0,0,5,0,17,11,3,1,3,1,3,NA,NA,NA,NA,7,10,0,6,6,2,NA,9,2,5,3,6,4,3,3,3,2,6,NA,NA,NA,NA,NA,NA,NA,NA,NA,NA,NA,NA,NA,NA,NA,NA,NA,NA,NA,NA,NA,NA,NA,NA,NA,NA,NA,NA,NA,NA,NA,NA,NA,NA,NA,NA,NA,NA,NA,NA,NA,NA,NA,NA,NA,NA,NA,NA,NA,NA,NA,NA,NA,NA,NA,NA,NA,NA,NA,NA,NA,NA,NA,NA,NA,NA,NA,NA,NA,NA,NA,NA,NA,NA,NA,NA,NA,NA,NA,NA,NA,NA,NA,NA,NA,NA,NA,NA,NA,NA,3,1,1963,3,NA,2,NA,4,1,1,NA,NA,NA,NA,NA,NA,NA,NA,NA,NA,NA,NA,NA,NA,NA
"394",12,252431,88,1,NA,NA,,,,1,,1,,,NA,NA,NA,NA,1,"srep7982",NA,15,NA,NA,1,NA,NA,2,NA,NA,NA,NA,NA,NA,NA,NA,NA,15,15,NA,NA,NA,NA,1,NA,NA,1,1,1,1,NA,0,0,0,0,7,6,8,1,8,8,NA,2,NA,NA,NA,1,NA,NA,NA,NA,NA,NA,NA,1,NA,1,NA,NA,NA,NA,NA,NA,NA,NA,NA,NA,NA,NA,NA,NA,NA,NA,0,2,1,5,1,NA,NA,1,NA,50,50,50,50,50,40,0,1,2,3,NA,NA,1,NA,2,10,2,NA,NA,5,0,0,10,0,0,10,0,9,23,20,2,NA,NA,NA,1,1,3,3,0,5,0,5,9,2,NA,7,12,4,6,6,1,2,4,4,6,6,NA,NA,NA,NA,NA,NA,NA,NA,NA,NA,NA,NA,NA,NA,NA,NA,NA,NA,NA,NA,NA,NA,NA,NA,NA,NA,NA,NA,NA,NA,NA,NA,NA,NA,NA,NA,NA,NA,NA,NA,NA,NA,NA,NA,NA,NA,NA,NA,NA,NA,NA,NA,NA,NA,NA,NA,NA,NA,NA,NA,NA,NA,NA,NA,NA,NA,NA,NA,NA,NA,NA,NA,NA,NA,NA,NA,NA,NA,NA,NA,NA,NA,NA,NA,NA,NA,NA,NA,NA,NA,NA,1,1964,6,36,3,NA,1,1,1,NA,NA,NA,NA,NA,NA,NA,NA,NA,NA,NA,NA,NA,NA,NA
"395",13,252432,86,1,NA,NA,,,,1,,1,,,NA,NA,NA,NA,1,"srep6844",NA,6,NA,NA,1,NA,NA,1,3,31,50,NA,NA,NA,NA,23,46,NA,NA,NA,NA,NA,NA,1,NA,NA,1,1,1,7,NA,0,0,0,0,3,5,1,7,2,6,NA,6,NA,1,NA,1,NA,NA,NA,NA,NA,NA,NA,NA,NA,NA,NA,NA,NA,NA,1,NA,NA,NA,NA,NA,NA,NA,NA,1,NA,NA,1,4,1,6,1,NA,NA,2,NA,85,70,89,85,85,85,70,2,NA,NA,14,11,2,NA,1,4,6,NA,NA,0,5,5,4,0,6,7,0,9,6,5,2,NA,NA,NA,4,1,3,3,5,8,0,8,0,1,NA,9,2,3,6,5,6,3,2,6,3,6,NA,46,NA,1,NA,NA,NA,NA,NA,1987,2,6,NA,2,NA,NA,,,NA,NA,NA,1,5,,,2,2,2,,2,NA,NA,NA,NA,NA,NA,NA,NA,NA,NA,NA,NA,NA,NA,NA,NA,NA,NA,NA,NA,NA,NA,NA,NA,NA,NA,NA,NA,NA,NA,NA,NA,NA,NA,NA,NA,NA,NA,NA,NA,NA,NA,NA,NA,NA,NA,NA,NA,NA,NA,NA,NA,NA,NA,NA,NA,NA,NA,NA,NA,NA,2,1987,2,25,1,NA,2,1,1,NA,NA,NA,NA,NA,NA,46,"srep6844",1,0,0,0,0,NA,NA
"396",14,252433,88,1,NA,NA,,,,1,,1,,,NA,NA,NA,NA,1,"srep6208",NA,10,NA,NA,1,NA,NA,2,NA,NA,NA,NA,NA,NA,NA,NA,NA,NA,NA,NA,2,NA,2,1,NA,NA,1,1,1,1,NA,0,0,0,0,5,5,1,6,5,2,NA,5,NA,NA,NA,NA,1,71,NA,NA,NA,NA,NA,NA,NA,NA,NA,NA,NA,NA,NA,NA,1,NA,NA,1,25,NA,NA,1,NA,NA,0,2,2,5,1,NA,NA,2,NA,20,30,90,90,90,90,20,1,4,3,NA,NA,3,NA,3,2,2,NA,NA,10,5,5,3,2,0,5,8,12,13,9,2,NA,NA,NA,3,1,3,1,2,10,0,0,8,1,NA,7,8,2,7,7,5,6,1,1,5,7,NA,72,NA,1,NA,NA,NA,NA,NA,1962,1,6,NA,2,NA,NA,,,NA,NA,NA,1,1,,,2,2,2,,2,NA,NA,NA,NA,NA,NA,NA,NA,NA,NA,NA,NA,NA,NA,NA,NA,NA,NA,NA,NA,NA,NA,NA,NA,NA,NA,NA,NA,NA,NA,NA,NA,NA,NA,NA,NA,NA,NA,NA,NA,NA,NA,NA,NA,NA,NA,NA,NA,NA,NA,NA,NA,NA,NA,NA,NA,NA,NA,NA,NA,NA,1,1962,2,54,1,NA,6,1,1,NA,NA,NA,NA,NA,NA,71,"srep6208",1,0,0,0,0,NA,NA
"397",15,252434,104,1,NA,NA,,,,1,,1,,,NA,NA,NA,NA,1,"srep9719",NA,47,NA,NA,1,NA,NA,1,33,NA,15,NA,NA,NA,NA,NA,41,NA,NA,3,NA,NA,NA,1,NA,NA,13,5,6,5,NA,3,3,0,8,2,5,1,3,2,6,NA,6,NA,NA,NA,NA,1,69,NA,1,NA,NA,NA,NA,NA,1,NA,NA,NA,NA,NA,NA,NA,NA,NA,1,18,NA,NA,1,NA,NA,4,4,3,5,1,NA,NA,2,NA,100,50,75,100,100,100,35,1,3,3,NA,NA,4,NA,2,8,1,NA,NA,0,0,0,0,0,0,5,5,12,6,7,2,NA,NA,NA,3,1,3,4,7,10,7,10,5,1,NA,10,11,3,7,5,3,2,3,3,4,5,NA,NA,NA,NA,NA,NA,NA,NA,NA,NA,NA,NA,NA,NA,NA,NA,NA,NA,NA,NA,NA,NA,NA,NA,NA,NA,NA,NA,NA,NA,NA,NA,NA,NA,NA,NA,NA,NA,NA,NA,NA,NA,NA,NA,NA,NA,NA,NA,NA,NA,NA,NA,NA,NA,NA,NA,NA,NA,NA,NA,NA,NA,NA,NA,NA,NA,NA,NA,NA,NA,NA,NA,NA,NA,NA,NA,NA,NA,NA,NA,NA,NA,NA,NA,NA,NA,NA,NA,NA,NA,NA,1,1958,2,8,1,NA,1,1,1,NA,NA,NA,NA,NA,NA,NA,NA,NA,NA,NA,NA,NA,NA,NA
"398",18,252437,94,1,NA,NA,,,,1,,1,,,NA,NA,NA,NA,1,"srep7421",NA,14,NA,NA,1,NA,NA,1,44,3,31,NA,NA,NA,NA,21,49,NA,NA,NA,NA,NA,NA,1,NA,NA,14,NA,NA,NA,NA,NA,10,NA,NA,2,5,1,5,1,6,NA,3,NA,1,NA,NA,1,62,NA,1,NA,1,NA,NA,NA,NA,1,NA,NA,NA,1,NA,NA,NA,NA,NA,NA,NA,NA,1,1,31,3,3,4,1,1,NA,NA,2,NA,75,40,85,80,75,75,25,1,3,3,NA,NA,4,NA,1,7,6,NA,NA,2,1,10,8,2,0,7,4,3,12,9,2,NA,NA,NA,4,1,3,3,4,9,1,3,5,2,NA,6,2,3,5,5,3,5,6,2,4,6,NA,17,NA,1,NA,NA,NA,NA,NA,1957,1,1,,2,NA,NA,,,NA,NA,NA,1,7,,,2,2,1,,4,NA,NA,NA,NA,NA,NA,NA,NA,NA,NA,NA,NA,NA,NA,NA,NA,NA,NA,NA,NA,NA,NA,NA,NA,NA,NA,NA,NA,NA,NA,NA,NA,NA,NA,NA,NA,NA,NA,NA,NA,NA,NA,NA,NA,NA,NA,NA,NA,NA,NA,NA,NA,NA,NA,NA,NA,NA,NA,NA,NA,NA,1,1957,4,6,2,NA,4,1,1,NA,NA,NA,NA,NA,NA,15,"srep7421",1,0,0,0,0,NA,NA
"399",21,252441,101,1,NA,NA,,,,1,,1,,,NA,NA,NA,NA,1,"srep9125",NA,19,NA,NA,2,10,8,1,31,8,29,NA,NA,NA,NA,33,39,NA,NA,NA,NA,NA,NA,2,3,1,NA,NA,NA,NA,NA,NA,NA,NA,NA,1,4,1,5,2,5,NA,6,1,1,1,NA,1,67,NA,NA,NA,NA,1,NA,NA,NA,NA,NA,NA,NA,NA,NA,1,NA,NA,NA,NA,1,NA,1,NA,NA,0,NA,3,6,2,NA,NA,NA,1,60,40,70,60,60,50,60,1,1,3,NA,NA,3,NA,2,4,2,2,4,NA,NA,NA,NA,NA,NA,NA,NA,17,4,24,2,NA,NA,NA,3,2,3,3,6,9,10,10,10,1,NA,NA,NA,5,5,6,3,6,1,1,3,6,NA,26,NA,1,NA,NA,NA,NA,NA,1974,1,6,NA,2,NA,NA,,,NA,NA,NA,2,5,,,2,2,1,,2,NA,NA,NA,NA,NA,NA,NA,NA,NA,NA,NA,NA,NA,NA,NA,NA,NA,NA,NA,NA,NA,NA,NA,NA,NA,NA,NA,NA,NA,NA,NA,NA,NA,NA,NA,NA,NA,NA,NA,NA,NA,NA,NA,NA,NA,NA,NA,NA,NA,NA,NA,NA,NA,NA,NA,NA,NA,NA,NA,NA,NA,1,1974,2,88,2,NA,4,1,1,NA,NA,NA,NA,NA,NA,25,"srep9125",1,0,0,0,0,NA,NA
"400",22,252442,90,1,NA,NA,,,,1,,1,,,NA,NA,NA,NA,1,"srep8084",NA,13,NA,NA,2,10,5,1,30,8,29,NA,NA,NA,NA,19,41,NA,NA,NA,NA,NA,NA,2,5,1,NA,NA,NA,NA,NA,NA,NA,NA,NA,3,4,2,5,3,6,NA,5,NA,NA,NA,1,NA,NA,NA,NA,NA,NA,NA,NA,NA,NA,NA,NA,NA,NA,1,NA,NA,NA,NA,NA,NA,1,NA,1,NA,NA,0,2,1,5,2,NA,NA,NA,3,70,60,70,75,70,100,60,2,NA,NA,19,5,2,NA,1,9,4,3,2,NA,NA,NA,NA,NA,NA,NA,NA,21,25,31,2,NA,NA,NA,3,1,3,3,7,10,2,2,1,2,NA,NA,NA,5,6,6,4,5,6,6,6,5,NA,6,NA,1,NA,NA,NA,NA,NA,1982,2,3,NA,1,2,19,NA,NA,NA,NA,NA,1,2,,,1,2,2,,4,NA,NA,NA,NA,NA,NA,NA,NA,NA,NA,NA,NA,NA,NA,NA,NA,NA,NA,NA,NA,NA,NA,NA,NA,NA,NA,NA,NA,NA,NA,NA,NA,NA,NA,NA,NA,NA,NA,NA,NA,NA,NA,NA,NA,NA,NA,NA,NA,NA,NA,NA,NA,NA,NA,NA,NA,NA,NA,NA,NA,NA,2,1982,4,71,5,NA,5,1,NA,NA,NA,1,NA,NA,NA,5,"srep8084",1,0,0,0,0,NA,NA
"401",24,252444,99,1,NA,NA,,,,1,,1,,,NA,NA,NA,NA,1,"srep5058",NA,31,NA,NA,1,NA,NA,2,NA,NA,NA,15,19,25,NA,NA,NA,5,19,NA,NA,NA,NA,1,NA,NA,13,3,1,1,NA,0,8,0,0,2,3,3,6,2,5,NA,6,NA,1,NA,NA,1,3,NA,NA,1,NA,1,NA,8,NA,NA,1,1,NA,NA,NA,1,NA,NA,NA,NA,NA,NA,1,NA,NA,5,4,4,4,1,NA,NA,2,NA,85,40,85,85,85,85,40,2,NA,NA,30,16,4,NA,1,5,4,NA,NA,0,0,5,0,5,0,0,0,5,8,15,1,3,1,3,NA,NA,NA,NA,8,10,7,9,9,1,NA,10,2,5,3,4,2,2,4,4,3,6,NA,55,NA,1,NA,NA,NA,NA,NA,1952,1,6,NA,2,NA,NA,,,NA,NA,NA,1,5,,,2,2,1,,6,NA,NA,NA,NA,NA,NA,NA,NA,NA,NA,NA,NA,NA,NA,NA,NA,NA,NA,NA,NA,NA,NA,NA,NA,NA,NA,NA,NA,NA,NA,NA,NA,NA,NA,NA,NA,NA,NA,NA,NA,NA,NA,NA,NA,NA,NA,NA,NA,NA,NA,NA,NA,NA,NA,NA,NA,NA,NA,NA,NA,3,1,1952,4,23,3,NA,2,1,1,NA,NA,NA,NA,NA,NA,57,"srep5058",1,0,0,0,0,NA,NA
"402",25,252445,91,1,NA,NA,,,,1,,1,,,NA,NA,NA,NA,1,"srep7613",NA,19,NA,NA,2,11,8,1,NA,26,46,NA,NA,NA,NA,38,41,NA,NA,NA,NA,NA,NA,2,1,4,NA,NA,NA,NA,NA,NA,NA,NA,NA,1,5,3,7,1,5,NA,3,NA,1,NA,NA,NA,NA,NA,NA,NA,NA,1,NA,11,NA,NA,NA,NA,1,NA,9,NA,NA,NA,1,20,NA,NA,1,NA,NA,0,5,3,9,1,NA,NA,1,NA,80,20,70,50,80,80,80,1,3,3,NA,NA,1,NA,1,8,4,3,5,NA,NA,NA,NA,NA,NA,NA,NA,5,6,24,1,3,1,3,NA,NA,NA,NA,4,0,0,0,0,1,NA,NA,NA,1,4,6,3,4,3,3,3,6,NA,NA,NA,NA,NA,NA,NA,NA,NA,NA,NA,NA,NA,NA,NA,NA,NA,NA,NA,NA,NA,NA,NA,NA,NA,NA,NA,NA,NA,NA,NA,NA,NA,NA,NA,NA,NA,NA,NA,NA,NA,NA,NA,NA,NA,NA,NA,NA,NA,NA,NA,NA,NA,NA,NA,NA,NA,NA,NA,NA,NA,NA,NA,NA,NA,NA,NA,NA,NA,NA,NA,NA,NA,NA,NA,NA,NA,NA,NA,NA,NA,NA,NA,NA,NA,NA,NA,NA,NA,NA,4,1,1951,2,13,2,NA,4,1,1,NA,NA,NA,NA,NA,NA,NA,NA,NA,NA,NA,NA,NA,NA,NA
"403",26,252446,91,1,NA,NA,,,,1,,1,,,NA,NA,NA,NA,1,"srep5759",NA,15,NA,NA,2,3,2,2,NA,NA,NA,NA,NA,NA,NA,NA,NA,NA,NA,NA,1,NA,2,2,3,4,NA,NA,NA,NA,NA,NA,NA,NA,NA,2,5,1,7,1,6,NA,8,NA,NA,NA,NA,1,52,NA,NA,NA,NA,NA,NA,NA,NA,NA,NA,NA,NA,NA,NA,1,NA,NA,NA,NA,NA,NA,NA,NA,NA,0,2,1,1,1,NA,NA,2,NA,60,30,85,85,85,85,85,2,NA,NA,9,1,2,NA,1,3,1,2,2,NA,NA,NA,NA,NA,NA,NA,NA,9,6,9,1,4,1,3,NA,NA,NA,NA,3,10,4,6,0,2,NA,NA,NA,4,3,5,4,7,4,1,6,7,NA,4,NA,1,NA,NA,NA,NA,NA,1955,1,3,NA,2,NA,NA,,,NA,NA,NA,1,7,,,1,2,2,,2,NA,NA,NA,NA,NA,NA,NA,NA,NA,NA,NA,NA,NA,NA,NA,NA,NA,NA,NA,NA,NA,NA,NA,NA,NA,NA,NA,NA,NA,NA,NA,NA,NA,NA,NA,NA,NA,NA,NA,NA,NA,NA,NA,NA,NA,NA,NA,NA,NA,NA,NA,NA,NA,NA,NA,NA,NA,NA,NA,NA,4,1,1955,2,89,5,NA,2,1,NA,NA,NA,1,NA,NA,NA,3,"srep5759",1,0,0,0,0,NA,NA
"404",27,252447,93,1,NA,NA,,,,1,,1,,,NA,NA,NA,NA,1,"srep8438",NA,10,NA,NA,1,NA,NA,2,NA,NA,NA,26,16,19,NA,NA,NA,16,29,NA,NA,NA,NA,2,5,4,NA,NA,NA,NA,NA,NA,NA,NA,NA,1,5,3,7,3,5,NA,6,NA,1,NA,NA,1,15,1,NA,NA,1,NA,NA,NA,NA,NA,NA,NA,NA,1,NA,1,NA,NA,1,4,1,NA,1,1,21,5,3,7,4,1,NA,NA,2,NA,NA,30,60,NA,NA,NA,NA,1,1,5,NA,NA,4,NA,1,7,1,1,2,NA,NA,NA,NA,NA,NA,NA,NA,9,25,24,1,3,1,3,NA,NA,NA,NA,9,10,10,5,10,1,NA,10,2,2,6,5,4,4,3,3,3,7,NA,NA,NA,NA,NA,NA,NA,NA,NA,NA,NA,NA,NA,NA,NA,NA,NA,NA,NA,NA,NA,NA,NA,NA,NA,NA,NA,NA,NA,NA,NA,NA,NA,NA,NA,NA,NA,NA,NA,NA,NA,NA,NA,NA,NA,NA,NA,NA,NA,NA,NA,NA,NA,NA,NA,NA,NA,NA,NA,NA,NA,NA,NA,NA,NA,NA,NA,NA,NA,NA,NA,NA,NA,NA,NA,NA,NA,NA,NA,NA,NA,NA,NA,NA,NA,NA,NA,NA,NA,NA,3,1,1957,4,49,1,NA,1,1,1,NA,NA,NA,NA,NA,NA,NA,NA,NA,NA,NA,NA,NA,NA,NA
"405",31,252451,94,1,NA,NA,,,,1,,1,NA,,NA,NA,NA,NA,1,"srep7244",NA,19,NA,NA,1,NA,NA,2,NA,NA,NA,NA,NA,NA,NA,NA,NA,NA,NA,NA,2,NA,2,1,NA,NA,10,NA,NA,NA,NA,NA,NA,NA,25,7,5,1,1,1,7,NA,4,NA,NA,NA,NA,1,30,NA,1,NA,NA,NA,1,NA,NA,NA,NA,NA,NA,NA,NA,1,NA,NA,NA,NA,NA,NA,NA,1,16,4,4,1,1,3,10,NA,NA,NA,50,0,0,50,25,0,0,1,3,1,NA,NA,2,NA,2,8,1,NA,NA,5,0,5,5,0,0,7,0,9,6,24,2,NA,NA,NA,3,1,3,3,5,10,5,10,7,3,17,7,4,4,7,4,4,4,4,7,3,5,NA,35,NA,1,NA,NA,NA,NA,NA,1947,1,6,NA,2,NA,NA,,,NA,NA,NA,3,5,,,2,2,1,,4,NA,NA,NA,NA,NA,NA,NA,NA,NA,NA,NA,NA,NA,NA,NA,NA,NA,NA,NA,NA,NA,NA,NA,NA,NA,NA,NA,NA,NA,NA,NA,NA,NA,NA,NA,NA,NA,NA,NA,NA,NA,NA,NA,NA,NA,NA,NA,NA,NA,NA,NA,NA,NA,NA,NA,NA,NA,NA,NA,NA,NA,1,1947,4,39,5,NA,4,1,1,NA,1,NA,NA,NA,NA,35,"srep7244",1,0,0,0,0,NA,NA
"406",34,252455,98,1,NA,NA,,,,1,,1,,,NA,NA,NA,NA,1,"srep5570",NA,18,NA,NA,1,NA,NA,2,NA,NA,NA,NA,NA,NA,NA,NA,NA,NA,NA,NA,2,NA,2,2,3,1,NA,NA,NA,NA,NA,NA,NA,NA,NA,4,4,2,7,2,6,NA,3,NA,NA,NA,NA,NA,NA,NA,NA,NA,NA,NA,NA,NA,NA,NA,NA,NA,1,NA,11,NA,NA,NA,NA,NA,NA,NA,NA,NA,NA,2,1,2,3,2,NA,NA,NA,1,35,35,35,35,35,35,35,2,NA,NA,19,17,2,NA,1,9,2,2,4,NA,NA,NA,NA,NA,NA,NA,NA,21,25,3,2,NA,NA,NA,2,1,3,4,2,10,8,10,8,3,23,3,2,2,2,6,6,4,2,2,5,5,NA,22,NA,1,NA,NA,NA,NA,NA,1986,2,5,NA,2,NA,NA,,,NA,NA,NA,2,5,,,1,1,1,,2,NA,NA,NA,NA,NA,NA,NA,NA,NA,NA,NA,NA,NA,NA,NA,NA,NA,NA,NA,NA,NA,NA,NA,NA,NA,NA,NA,NA,NA,NA,NA,NA,NA,NA,NA,NA,NA,NA,NA,NA,NA,NA,NA,NA,NA,NA,NA,NA,NA,NA,NA,NA,NA,NA,NA,NA,NA,NA,NA,NA,NA,2,1986,2,66,4,5,4,2,NA,NA,NA,NA,NA,1,,21,"srep5570",1,0,0,0,0,NA,NA
"407",39,252462,98,1,NA,NA,,,,1,,1,,,NA,NA,NA,NA,1,"srep5848",NA,14,NA,NA,1,NA,NA,1,30,26,48,NA,NA,NA,NA,8,39,NA,NA,NA,NA,NA,NA,2,5,1,NA,NA,NA,NA,NA,NA,NA,NA,NA,7,5,1,7,2,7,NA,4,1,1,1,NA,NA,NA,NA,NA,NA,NA,NA,NA,NA,NA,NA,NA,NA,1,NA,4,NA,NA,NA,NA,NA,NA,NA,1,NA,NA,0,NA,7,4,4,NA,1,NA,NA,100,30,30,100,100,100,100,1,1,3,NA,NA,4,NA,2,6,3,3,4,NA,NA,NA,NA,NA,NA,NA,NA,21,25,12,1,3,1,3,NA,NA,NA,NA,9,10,9,10,10,3,21,4,2,2,6,5,3,2,3,1,2,6,NA,68,NA,1,NA,NA,NA,NA,NA,1978,1,6,NA,2,NA,NA,,,NA,NA,NA,4,2,,,2,1,1,,2,NA,NA,NA,NA,NA,NA,NA,NA,NA,NA,NA,NA,NA,NA,NA,NA,NA,NA,NA,NA,NA,NA,NA,NA,NA,NA,NA,NA,NA,NA,NA,NA,NA,NA,NA,NA,NA,NA,NA,NA,NA,NA,NA,NA,NA,NA,NA,NA,NA,NA,NA,NA,NA,NA,NA,NA,NA,NA,NA,NA,3,1,1978,2,31,5,NA,6,1,1,NA,NA,NA,NA,NA,NA,67,"srep5848",1,0,0,0,0,NA,NA
"408",40,252466,100,1,NA,NA,,,,1,,1,,,NA,NA,NA,NA,1,"srep5998",NA,104,NA,NA,1,NA,NA,1,30,26,48,NA,NA,NA,NA,36,39,NA,NA,NA,NA,NA,NA,2,3,1,NA,NA,NA,NA,NA,NA,NA,NA,NA,7,5,3,1,4,6,NA,1,NA,NA,NA,NA,NA,NA,NA,NA,NA,NA,NA,NA,NA,NA,NA,NA,NA,NA,NA,NA,NA,NA,NA,1,5,NA,NA,NA,1,18,0,4,7,8,3,1,NA,NA,NA,50,50,40,50,50,100,0,1,1,1,NA,NA,4,NA,2,10,1,1,2,NA,NA,NA,NA,NA,NA,NA,NA,25,12,15,2,NA,NA,NA,3,1,3,3,9,10,1,7,6,3,9,2,4,5,3,5,2,2,3,3,3,5,NA,94,NA,1,NA,NA,NA,NA,NA,1959,2,6,NA,2,NA,NA,,,NA,NA,NA,2,4,,,2,2,2,,3,NA,NA,NA,NA,NA,NA,NA,NA,NA,NA,NA,NA,NA,NA,NA,NA,NA,NA,NA,NA,NA,NA,NA,NA,NA,NA,NA,NA,NA,NA,NA,NA,NA,NA,NA,NA,NA,NA,NA,NA,NA,NA,NA,NA,NA,NA,NA,NA,NA,NA,NA,NA,NA,NA,NA,NA,NA,NA,NA,NA,NA,2,1959,6,38,4,11,5,1,1,NA,NA,NA,NA,NA,NA,94,"srep5998",1,0,0,0,0,NA,NA
"409",41,252467,110,1,NA,NA,,,,1,,1,NA,,NA,NA,NA,NA,1,"srep6349",NA,25,NA,NA,2,10,5,1,30,8,48,NA,NA,NA,NA,13,39,NA,NA,NA,NA,NA,NA,1,NA,NA,9,1,8,1,NA,5,5,0,5,4,4,2,6,1,6,NA,6,NA,1,NA,NA,1,44,NA,NA,NA,NA,NA,NA,NA,NA,NA,NA,NA,1,NA,3,1,NA,NA,NA,NA,NA,NA,1,NA,NA,0,NA,4,6,1,NA,NA,1,NA,50,40,60,50,50,50,40,2,NA,NA,23,17,1,NA,2,8,2,NA,NA,7,3,6,4,5,1,6,4,12,25,9,1,3,1,3,NA,NA,NA,NA,6,10,1,3,5,3,11,NA,NA,2,5,7,4,4,3,3,3,6,NA,40,NA,1,NA,NA,NA,NA,NA,1979,1,6,NA,2,NA,NA,,,NA,NA,NA,1,5,,,2,2,2,,6,NA,NA,NA,NA,NA,NA,NA,NA,NA,NA,NA,NA,NA,NA,NA,NA,NA,NA,NA,NA,NA,NA,NA,NA,NA,NA,NA,NA,NA,NA,NA,NA,NA,NA,NA,NA,NA,NA,NA,NA,NA,NA,NA,NA,NA,NA,NA,NA,NA,NA,NA,NA,NA,NA,NA,NA,NA,NA,NA,NA,4,1,1979,3,27,2,NA,4,1,1,NA,NA,NA,NA,NA,NA,40,"srep6349",1,0,0,0,0,NA,NA
"410",42,252471,102,1,NA,NA,,,,1,,1,,,NA,NA,NA,NA,1,"srep6716",NA,26,NA,NA,2,4,5,2,NA,NA,NA,21,31,3,NA,NA,NA,30,10,NA,NA,NA,NA,2,5,4,NA,NA,NA,NA,NA,NA,NA,NA,NA,5,5,1,4,2,7,NA,5,1,1,NA,1,1,68,1,NA,NA,NA,NA,NA,NA,NA,NA,NA,NA,NA,1,NA,1,NA,NA,1,15,NA,NA,1,NA,NA,1,4,2,8,4,NA,1,NA,NA,90,80,70,90,90,90,90,1,1,3,NA,NA,3,NA,1,9,6,3,4,NA,NA,NA,NA,NA,NA,NA,NA,9,28,9,2,NA,NA,NA,3,1,3,3,7,10,1,5,7,3,12,NA,NA,6,6,7,3,2,2,2,3,3,NA,48,NA,1,NA,NA,NA,NA,NA,1958,1,6,NA,2,NA,NA,,,NA,NA,NA,4,2,,,1,2,1,,2,NA,NA,NA,NA,NA,NA,NA,NA,NA,NA,NA,NA,NA,NA,NA,NA,NA,NA,NA,NA,NA,NA,NA,NA,NA,NA,NA,NA,NA,NA,NA,NA,NA,NA,NA,NA,NA,NA,NA,NA,NA,NA,NA,NA,NA,NA,NA,NA,NA,NA,NA,NA,NA,NA,NA,NA,NA,NA,NA,NA,NA,1,1958,2,100,5,NA,5,1,NA,NA,NA,NA,NA,1,,47,"srep6716",1,0,0,0,0,NA,NA
"411",43,252473,108,1,NA,NA,,,,1,,1,,,NA,NA,NA,NA,1,"srep5476",NA,14,NA,NA,1,NA,NA,2,NA,NA,NA,29,31,29,NA,NA,NA,24,28,NA,NA,NA,NA,2,3,1,NA,NA,NA,NA,NA,NA,NA,NA,NA,2,5,2,7,2,6,NA,3,NA,NA,NA,NA,NA,NA,NA,NA,NA,1,NA,1,NA,NA,NA,NA,NA,NA,NA,NA,1,NA,NA,NA,NA,NA,NA,NA,NA,NA,1,2,1,2,1,NA,NA,2,NA,60,15,85,85,50,70,70,2,NA,NA,19,13,4,NA,2,7,2,1,2,NA,NA,NA,NA,NA,NA,NA,NA,17,4,14,1,3,1,3,NA,NA,NA,NA,7,10,1,1,2,1,NA,9,3,2,6,5,3,5,3,2,2,6,NA,18,NA,1,NA,NA,NA,NA,NA,1985,1,6,NA,2,NA,NA,,,NA,NA,NA,1,7,,,1,2,2,,2,NA,NA,NA,NA,NA,NA,NA,NA,NA,NA,NA,NA,NA,NA,NA,NA,NA,NA,NA,NA,NA,NA,NA,NA,NA,NA,NA,NA,NA,NA,NA,NA,NA,NA,NA,NA,NA,NA,NA,NA,NA,NA,NA,NA,NA,NA,NA,NA,NA,NA,NA,NA,NA,NA,NA,NA,NA,NA,NA,NA,4,1,1985,2,75,2,NA,2,1,1,NA,NA,NA,NA,NA,NA,16,"srep5476",1,0,0,0,0,NA,NA
"412",44,252474,107,1,NA,NA,,,,1,,1,,,NA,NA,NA,NA,1,"srep8104",NA,22,NA,NA,2,10,6,1,29,26,48,NA,NA,NA,NA,NA,39,NA,NA,1,NA,NA,NA,1,NA,NA,12,1,6,1,NA,5,5,0,0,1,5,2,4,2,5,NA,6,1,1,1,NA,NA,NA,NA,NA,1,NA,NA,NA,NA,NA,NA,NA,1,NA,1,NA,1,NA,NA,NA,NA,1,1,1,NA,NA,2,4,3,2,2,NA,NA,NA,1,90,40,60,90,90,90,80,1,1,3,NA,NA,3,NA,1,6,2,NA,NA,0,5,0,0,0,0,8,0,17,11,2,2,NA,NA,NA,3,1,3,3,3,8,0,0,0,2,NA,NA,NA,4,3,6,3,5,3,3,1,6,NA,7,NA,1,NA,NA,NA,NA,NA,1974,1,1,,2,NA,NA,,,NA,NA,NA,1,7,,,2,1,1,,2,NA,NA,NA,NA,NA,NA,NA,NA,NA,NA,NA,NA,NA,NA,NA,NA,NA,NA,NA,NA,NA,NA,NA,NA,NA,NA,NA,NA,NA,NA,NA,NA,NA,NA,NA,NA,NA,NA,NA,NA,NA,NA,NA,NA,NA,NA,NA,NA,NA,NA,NA,NA,NA,NA,NA,NA,NA,NA,NA,NA,NA,1,1974,2,40,2,NA,4,2,1,NA,NA,NA,1,1,,6,"srep8104",1,0,0,0,0,NA,NA
"413",45,252476,105,1,NA,NA,,,,1,,1,NA,,NA,NA,NA,NA,1,"srep6712",NA,12,NA,NA,1,NA,NA,1,NA,14,2,NA,NA,NA,NA,NA,NA,NA,NA,2,NA,2,NA,1,NA,NA,1,1,1,1,NA,0,0,0,0,2,5,2,1,1,7,NA,5,NA,NA,NA,NA,1,54,1,NA,NA,1,NA,NA,NA,NA,NA,NA,NA,NA,NA,NA,1,NA,NA,NA,NA,NA,NA,NA,NA,NA,2,4,1,7,1,NA,NA,1,NA,80,0,80,70,80,80,0,2,NA,NA,27,16,2,NA,2,8,2,NA,NA,0,5,5,5,0,0,5,0,27,12,20,1,3,1,3,NA,NA,NA,NA,3,10,1,8,6,1,NA,3,4,2,6,4,3,2,3,2,6,6,NA,109,NA,1,NA,NA,NA,NA,NA,1960,1,6,NA,2,NA,NA,,,NA,NA,NA,1,5,,,2,2,1,,4,NA,NA,NA,NA,NA,NA,NA,NA,NA,NA,NA,NA,NA,NA,NA,NA,NA,NA,NA,NA,NA,NA,NA,NA,NA,NA,NA,NA,NA,NA,NA,NA,NA,NA,NA,NA,NA,NA,NA,NA,NA,NA,NA,NA,NA,NA,NA,NA,NA,NA,NA,NA,NA,NA,NA,NA,NA,NA,NA,NA,3,1,1960,4,34,1,NA,4,1,1,NA,NA,NA,NA,NA,NA,107,"srep6712",1,0,0,0,0,NA,NA
"414",46,252477,111,1,NA,NA,,,,1,,1,,,NA,NA,NA,NA,1,"srep5957",NA,29,NA,NA,1,NA,NA,1,33,26,NA,NA,NA,NA,NA,19,41,NA,NA,NA,NA,NA,NA,1,NA,NA,16,1,1,1,NA,100,0,0,0,1,4,2,7,1,4,NA,3,NA,1,NA,NA,1,46,1,NA,1,1,NA,1,NA,NA,NA,NA,NA,NA,NA,NA,1,NA,NA,NA,NA,NA,NA,1,NA,NA,2,2,0,8,2,NA,NA,NA,1,100,15,70,100,100,100,85,1,4,3,NA,NA,4,NA,2,5,2,NA,NA,0,0,5,0,5,0,2,9,21,25,24,2,NA,NA,NA,3,3,3,4,8,10,0,5,8,1,NA,7,2,5,3,2,3,1,1,1,2,7,NA,NA,NA,NA,NA,NA,NA,NA,NA,NA,NA,NA,NA,NA,NA,NA,NA,NA,NA,NA,NA,NA,NA,NA,NA,NA,NA,NA,NA,NA,NA,NA,NA,NA,NA,NA,NA,NA,NA,NA,NA,NA,NA,NA,NA,NA,NA,NA,NA,NA,NA,NA,NA,NA,NA,NA,NA,NA,NA,NA,NA,NA,NA,NA,NA,NA,NA,NA,NA,NA,NA,NA,NA,NA,NA,NA,NA,NA,NA,NA,NA,NA,NA,NA,NA,NA,NA,NA,NA,NA,NA,1,1956,6,84,2,NA,4,1,1,NA,NA,NA,NA,NA,NA,NA,NA,NA,NA,NA,NA,NA,NA,NA
"415",49,252484,132,1,NA,NA,,,,1,,1,,,NA,NA,NA,NA,1,"srep7019",NA,24,NA,NA,2,1,10,2,NA,NA,NA,29,NA,NA,NA,NA,NA,NA,NA,NA,2,NA,2,2,3,1,NA,NA,NA,NA,NA,NA,NA,NA,NA,3,4,1,2,2,6,NA,5,NA,NA,NA,NA,NA,NA,NA,NA,NA,1,NA,NA,NA,NA,NA,NA,NA,NA,NA,NA,NA,NA,NA,NA,NA,NA,NA,NA,NA,NA,4,4,2,7,4,NA,1,NA,NA,NA,NA,NA,NA,NA,NA,NA,2,NA,NA,9,17,2,NA,2,7,2,2,2,NA,NA,NA,NA,NA,NA,NA,NA,21,23,3,1,1,3,3,NA,NA,NA,NA,2,8,6,7,7,2,NA,NA,NA,2,5,4,5,4,5,4,4,4,NA,122,NA,1,NA,NA,NA,NA,NA,1979,1,6,NA,2,NA,NA,,,NA,NA,NA,4,1,,,2,2,2,,4,NA,NA,NA,NA,NA,NA,NA,NA,NA,NA,NA,NA,NA,NA,NA,NA,NA,NA,NA,NA,NA,NA,NA,NA,NA,NA,NA,NA,NA,NA,NA,NA,NA,NA,NA,NA,NA,NA,NA,NA,NA,NA,NA,NA,NA,NA,NA,NA,NA,NA,NA,NA,NA,NA,NA,NA,NA,NA,NA,NA,3,1,1979,4,25,5,NA,6,1,1,NA,NA,NA,NA,NA,NA,119,"srep7019",1,0,0,0,0,NA,NA
"416",50,252486,112,1,NA,NA,,,,1,,1,,,NA,NA,NA,NA,1,"srep7800",NA,24,NA,NA,1,NA,NA,2,NA,NA,NA,28,34,15,NA,NA,NA,25,16,NA,NA,NA,NA,1,NA,NA,3,1,1,1,NA,10,0,0,0,2,4,3,6,2,5,NA,8,1,1,1,NA,1,18,1,NA,1,1,NA,1,NA,NA,1,NA,NA,NA,NA,NA,1,NA,NA,NA,NA,NA,NA,NA,NA,NA,2,4,5,7,2,NA,NA,NA,1,85,35,75,85,85,85,85,1,1,3,NA,NA,4,NA,1,9,1,NA,NA,0,0,5,2,7,0,5,0,5,31,14,1,3,3,3,NA,NA,NA,NA,7,10,9,10,10,3,22,7,2,5,1,7,4,1,3,2,3,5,NA,3,NA,1,NA,NA,NA,NA,NA,1957,1,6,NA,2,NA,NA,,,NA,NA,NA,3,7,,,2,2,2,,4,NA,NA,NA,NA,NA,NA,NA,NA,NA,NA,NA,NA,NA,NA,NA,NA,NA,NA,NA,NA,NA,NA,NA,NA,NA,NA,NA,NA,NA,NA,NA,NA,NA,NA,NA,NA,NA,NA,NA,NA,NA,NA,NA,NA,NA,NA,NA,NA,NA,NA,NA,NA,NA,NA,NA,NA,NA,NA,NA,NA,4,1,1960,4,102,1,NA,5,1,1,NA,NA,NA,NA,NA,NA,14,"srep7800",1,0,0,0,0,NA,NA
"417",51,252487,108,1,NA,NA,,,,1,,1,,,NA,NA,NA,NA,1,"srep6531",NA,13,NA,NA,2,10,3,2,NA,NA,NA,20,1,6,NA,NA,NA,30,34,NA,NA,NA,NA,1,NA,NA,1,1,1,1,NA,0,5,0,0,1,1,7,6,2,6,NA,3,NA,NA,NA,NA,1,35,NA,NA,NA,NA,NA,NA,NA,NA,NA,NA,NA,1,NA,1,1,NA,NA,NA,NA,NA,NA,1,NA,NA,0,5,3,3,3,12,NA,NA,NA,85,30,70,50,85,100,85,2,NA,NA,30,15,3,NA,1,8,1,NA,NA,0,0,0,0,0,0,0,0,7,4,12,1,3,1,3,NA,NA,NA,NA,3,10,2,2,6,1,NA,NA,NA,5,3,6,4,4,1,3,3,4,NA,2,NA,1,NA,NA,NA,NA,NA,1972,2,NA,NA,2,NA,NA,,,NA,NA,NA,3,7,,,1,2,2,,4,NA,NA,NA,NA,NA,NA,NA,NA,NA,NA,NA,NA,NA,NA,NA,NA,NA,NA,NA,NA,NA,NA,NA,NA,NA,NA,NA,NA,NA,NA,NA,NA,NA,NA,NA,NA,NA,NA,NA,NA,NA,NA,NA,NA,NA,NA,NA,NA,NA,NA,NA,NA,NA,NA,NA,NA,NA,NA,NA,NA,3,2,1972,4,68,2,NA,2,1,NA,NA,NA,NA,NA,NA,NA,1,"srep6531",1,0,0,0,0,NA,NA
"418",52,252490,111,1,NA,NA,,,,1,,1,,,NA,NA,NA,NA,1,"srep5543",NA,12,NA,NA,2,10,2,1,27,18,27,NA,NA,NA,NA,11,44,NA,NA,NA,NA,NA,NA,2,5,4,NA,NA,NA,NA,NA,NA,NA,NA,NA,1,5,2,7,2,4,NA,6,NA,1,1,NA,NA,NA,NA,NA,NA,NA,NA,NA,NA,NA,NA,NA,NA,NA,NA,NA,NA,NA,NA,NA,NA,NA,NA,NA,NA,NA,0,5,7,5,3,13,NA,NA,NA,90,40,50,40,90,90,90,1,4,4,NA,NA,3,NA,5,NA,2,2,4,NA,NA,NA,NA,NA,NA,NA,NA,21,11,17,2,NA,NA,NA,3,1,3,3,7,10,7,7,9,2,NA,NA,NA,2,4,4,4,2,4,2,4,4,NA,NA,NA,NA,NA,NA,NA,NA,NA,NA,NA,NA,NA,NA,NA,NA,NA,NA,NA,NA,NA,NA,NA,NA,NA,NA,NA,NA,NA,NA,NA,NA,NA,NA,NA,NA,NA,NA,NA,NA,NA,NA,NA,NA,NA,NA,NA,NA,NA,NA,NA,NA,NA,NA,NA,NA,NA,NA,NA,NA,NA,NA,NA,NA,NA,NA,NA,NA,NA,NA,NA,NA,NA,NA,NA,NA,NA,NA,NA,NA,NA,NA,NA,NA,NA,NA,NA,NA,NA,NA,NA,1,1956,3,48,1,NA,3,1,NA,1,NA,NA,NA,NA,NA,NA,NA,NA,NA,NA,NA,NA,NA,NA
"419",53,252491,109,1,NA,NA,,,,1,,1,,,NA,NA,NA,NA,1,"srep6659",NA,24,NA,NA,2,10,2,2,NA,NA,NA,NA,NA,NA,NA,NA,NA,NA,13,NA,NA,NA,2,1,NA,NA,9,1,8,1,NA,0,0,0,0,1,5,2,5,1,7,NA,8,NA,1,NA,NA,NA,NA,NA,NA,NA,NA,NA,NA,NA,NA,NA,NA,NA,NA,NA,NA,1,NA,NA,NA,NA,NA,NA,NA,NA,NA,0,NA,2,1,1,NA,NA,2,NA,85,30,85,85,85,100,30,2,NA,NA,27,16,2,NA,2,5,1,NA,NA,0,0,7,2,7,0,7,7,12,11,12,2,NA,NA,NA,3,1,3,3,1,10,5,1,1,2,NA,NA,NA,2,6,2,2,2,5,4,5,2,NA,15,NA,1,NA,NA,NA,NA,NA,1959,1,6,NA,2,NA,NA,,,NA,NA,NA,1,7,,,2,2,2,,2,NA,NA,NA,NA,NA,NA,NA,NA,NA,NA,NA,NA,NA,NA,NA,NA,NA,NA,NA,NA,NA,NA,NA,NA,NA,NA,NA,NA,NA,NA,NA,NA,NA,NA,NA,NA,NA,NA,NA,NA,NA,NA,NA,NA,NA,NA,NA,NA,NA,NA,NA,NA,NA,NA,NA,NA,NA,NA,NA,NA,NA,1,1959,2,5,4,1,4,1,1,NA,NA,NA,NA,NA,NA,14,"srep6659",1,0,0,0,0,NA,NA
"420",54,252492,113,1,NA,NA,,,,1,,1,,,NA,NA,NA,NA,1,"srep8868",NA,1907,NA,NA,1,NA,NA,1,32,26,33,NA,NA,NA,NA,NA,NA,NA,NA,2,NA,3,NA,2,3,1,NA,NA,NA,NA,NA,NA,NA,NA,NA,1,5,2,5,2,4,NA,3,NA,1,NA,NA,1,16,NA,NA,NA,NA,1,NA,4,NA,NA,NA,1,NA,NA,NA,1,NA,NA,NA,NA,NA,NA,1,NA,NA,1,4,2,6,1,NA,NA,1,NA,75,35,75,75,70,70,50,1,1,3,NA,NA,4,NA,1,3,4,3,4,NA,NA,NA,NA,NA,NA,NA,NA,21,11,31,1,3,1,3,NA,NA,NA,NA,5,6,2,4,7,3,1,9,3,5,5,6,4,4,4,3,5,5,NA,126,NA,1,NA,NA,NA,NA,NA,1960,1,6,NA,2,NA,NA,,,NA,NA,NA,1,5,,,2,1,1,,2,NA,NA,NA,NA,NA,NA,NA,NA,NA,NA,NA,NA,NA,NA,NA,NA,NA,NA,NA,NA,NA,NA,NA,NA,NA,NA,NA,NA,NA,NA,NA,NA,NA,NA,NA,NA,NA,NA,NA,NA,NA,NA,NA,NA,NA,NA,NA,NA,NA,NA,NA,NA,NA,NA,NA,NA,NA,NA,NA,NA,4,1,1960,2,NA,4,16,2,1,1,NA,1,NA,NA,NA,NA,123,"srep8868",1,0,0,0,0,NA,NA
"421",56,252503,114,1,NA,NA,,,,1,,1,,,NA,NA,NA,NA,1,"srep6448",NA,15,NA,NA,2,10,2,1,34,26,13,NA,NA,NA,NA,36,43,NA,NA,NA,NA,NA,NA,1,NA,NA,4,NA,NA,NA,NA,NA,85,NA,NA,3,4,2,5,2,5,NA,6,NA,NA,NA,NA,1,50,1,NA,NA,1,NA,NA,NA,NA,NA,NA,NA,NA,1,NA,NA,NA,NA,1,12,NA,NA,NA,1,12,0,4,3,2,2,NA,NA,NA,1,50,30,40,50,50,50,50,2,NA,NA,19,5,2,NA,1,6,2,NA,NA,0,0,10,0,0,0,50,30,11,25,5,2,NA,NA,NA,3,1,2,4,7,10,0,5,6,2,NA,NA,NA,3,5,6,3,4,5,3,4,5,NA,74,NA,1,NA,NA,NA,NA,NA,1965,2,6,NA,2,NA,NA,,,NA,NA,NA,2,3,,,2,1,1,,2,NA,NA,NA,NA,NA,NA,NA,NA,NA,NA,NA,NA,NA,NA,NA,NA,NA,NA,NA,NA,NA,NA,NA,NA,NA,NA,NA,NA,NA,NA,NA,NA,NA,NA,NA,NA,NA,NA,NA,NA,NA,NA,NA,NA,NA,NA,NA,NA,NA,NA,NA,NA,NA,NA,NA,NA,NA,NA,NA,NA,NA,2,1965,2,NA,1,NA,2,1,1,NA,NA,NA,NA,NA,NA,73,"srep6448",1,0,1,0,0,NA,NA
"422",57,252510,118,1,NA,NA,,,,1,,1,,,NA,NA,NA,NA,1,"srep5228",NA,19,NA,NA,1,NA,NA,2,NA,NA,NA,25,25,20,NA,NA,NA,28,29,NA,NA,NA,NA,1,NA,NA,3,1,1,1,NA,0,10,0,0,1,5,1,4,1,5,NA,3,NA,1,1,NA,1,61,NA,NA,NA,1,NA,1,NA,NA,1,NA,NA,NA,1,NA,1,NA,NA,1,17,NA,NA,NA,1,19,7,1,7,2,1,NA,NA,2,NA,80,15,80,80,80,80,50,2,NA,NA,19,17,4,NA,2,NA,6,NA,NA,0,0,10,0,0,0,10,10,17,6,31,1,3,1,3,NA,NA,NA,NA,9,10,5,10,8,2,NA,3,2,3,6,3,2,2,3,3,3,5,NA,NA,NA,NA,NA,NA,NA,NA,NA,NA,NA,NA,NA,NA,NA,NA,NA,NA,NA,NA,NA,NA,NA,NA,NA,NA,NA,NA,NA,NA,NA,NA,NA,NA,NA,NA,NA,NA,NA,NA,NA,NA,NA,NA,NA,NA,NA,NA,NA,NA,NA,NA,NA,NA,NA,NA,NA,NA,NA,NA,NA,NA,NA,NA,NA,NA,NA,NA,NA,NA,NA,NA,NA,NA,NA,NA,NA,NA,NA,NA,NA,NA,NA,NA,NA,NA,NA,NA,NA,NA,3,1,1955,4,NA,4,15,1,1,1,NA,NA,NA,NA,NA,NA,NA,NA,NA,NA,NA,NA,NA,NA,NA
"423",58,252512,117,1,NA,NA,,,,1,,1,NA,,NA,NA,NA,NA,1,"srep8205",NA,77,NA,NA,2,1,1,1,33,26,23,NA,NA,NA,NA,15,29,NA,NA,NA,NA,NA,NA,2,3,1,NA,NA,NA,NA,NA,NA,NA,NA,NA,3,5,1,2,1,7,NA,5,NA,NA,NA,NA,NA,NA,NA,NA,NA,NA,NA,NA,NA,NA,NA,NA,1,NA,NA,NA,NA,NA,NA,NA,NA,NA,NA,NA,NA,NA,0,4,0,NA,4,NA,1,NA,NA,NA,NA,NA,NA,NA,NA,NA,2,NA,NA,30,17,2,NA,1,4,2,1,2,NA,NA,NA,NA,NA,NA,NA,NA,NA,NA,NA,1,2,1,3,NA,NA,NA,NA,4,10,0,2,5,4,NA,NA,NA,2,6,4,4,2,4,2,4,4,NA,30,NA,1,NA,NA,NA,NA,NA,1963,1,6,NA,2,NA,NA,,,NA,NA,NA,2,2,,,2,2,2,,2,NA,NA,NA,NA,NA,NA,NA,NA,NA,NA,NA,NA,NA,NA,NA,NA,NA,NA,NA,NA,NA,NA,NA,NA,NA,NA,NA,NA,NA,NA,NA,NA,NA,NA,NA,NA,NA,NA,NA,NA,NA,NA,NA,NA,NA,NA,NA,NA,NA,NA,NA,NA,NA,NA,NA,NA,NA,NA,NA,NA,4,1,1963,6,NA,2,NA,4,1,1,NA,NA,NA,NA,NA,NA,30,"srep8205",1,0,0,0,0,NA,NA
"424",59,252513,116,1,NA,NA,,,,1,,1,,,NA,NA,NA,NA,1,"srep8739",NA,12,NA,NA,1,NA,NA,2,NA,NA,NA,29,NA,NA,NA,NA,NA,30,6,NA,NA,NA,NA,1,NA,NA,15,NA,NA,NA,NA,NA,90,NA,NA,1,5,5,6,2,5,NA,8,NA,1,NA,NA,NA,NA,NA,NA,NA,NA,NA,NA,NA,NA,NA,NA,NA,1,NA,1,1,NA,NA,NA,NA,1,NA,1,NA,NA,0,NA,6,4,1,NA,NA,1,NA,100,15,40,100,100,85,85,1,1,3,NA,NA,4,NA,2,9,1,NA,NA,0,0,5,4,0,0,5,8,17,25,15,2,NA,NA,NA,3,1,3,3,6,10,10,10,7,1,NA,9,2,NA,6,5,3,3,3,2,2,6,NA,71,NA,1,NA,NA,NA,NA,NA,1966,1,6,NA,2,NA,NA,,,NA,NA,NA,1,7,,,2,2,1,,6,NA,NA,NA,NA,NA,NA,NA,NA,NA,NA,NA,NA,NA,NA,NA,NA,NA,NA,NA,NA,NA,NA,NA,NA,NA,NA,NA,NA,NA,NA,NA,NA,NA,NA,NA,NA,NA,NA,NA,NA,NA,NA,NA,NA,NA,NA,NA,NA,NA,NA,NA,NA,NA,NA,NA,NA,NA,NA,NA,NA,NA,1,1966,3,41,5,NA,5,1,1,NA,NA,NA,NA,NA,NA,70,"srep8739",1,0,0,0,0,NA,NA
"425",60,252517,115,1,NA,NA,,,,1,,1,,,NA,NA,NA,NA,1,"srep6244",NA,9,NA,NA,2,8,3,1,29,26,45,NA,NA,NA,NA,34,NA,NA,NA,NA,NA,2,NA,1,NA,NA,11,3,4,1,NA,2,2,2,4,2,5,2,4,2,7,NA,6,1,NA,NA,NA,1,6,NA,NA,NA,NA,NA,NA,NA,NA,NA,NA,NA,NA,NA,NA,1,NA,NA,NA,NA,1,NA,1,NA,NA,0,5,2,6,1,NA,NA,1,NA,50,35,50,50,50,50,40,1,1,3,NA,NA,2,NA,2,7,2,NA,NA,0,6,5,3,2,0,5,6,27,25,31,2,NA,NA,NA,3,1,3,4,3,8,0,2,3,1,NA,NA,NA,NA,5,5,5,5,4,4,4,7,NA,56,NA,1,NA,NA,NA,NA,NA,1986,1,3,NA,1,2,20,NA,NA,NA,NA,NA,1,3,,,1,1,2,,4,NA,NA,NA,NA,NA,NA,NA,NA,NA,NA,NA,NA,NA,NA,NA,NA,NA,NA,NA,NA,NA,NA,NA,NA,NA,NA,NA,NA,NA,NA,NA,NA,NA,NA,NA,NA,NA,NA,NA,NA,NA,NA,NA,NA,NA,NA,NA,NA,NA,NA,NA,NA,NA,NA,NA,NA,NA,NA,NA,NA,NA,1,1986,4,NA,2,NA,1,1,NA,NA,NA,1,NA,NA,NA,55,"srep6244",1,0,0,0,0,NA,NA
"426",61,252519,119,1,NA,NA,,,,1,NA,NA,NA,,NA,NA,NA,NA,1,"srep9336",NA,27,NA,NA,1,NA,NA,2,NA,NA,NA,NA,NA,NA,NA,NA,NA,NA,NA,NA,1,NA,2,2,3,1,NA,NA,NA,NA,NA,NA,NA,NA,NA,7,5,2,1,3,6,NA,4,1,NA,NA,NA,NA,NA,NA,NA,NA,NA,NA,NA,NA,NA,NA,NA,NA,NA,NA,NA,1,NA,NA,NA,NA,NA,NA,NA,NA,NA,0,5,1,8,3,10,NA,NA,NA,80,10,5,80,80,100,0,2,NA,NA,9,5,3,NA,1,7,2,2,3,NA,NA,NA,NA,NA,NA,NA,NA,5,12,15,2,NA,NA,NA,3,3,3,3,5,9,0,5,5,3,9,2,10,2,6,5,4,4,3,6,3,6,NA,51,NA,1,NA,NA,NA,NA,NA,1966,2,6,NA,2,NA,NA,,,NA,NA,NA,2,1,NA,NA,2,2,1,,6,NA,NA,NA,NA,NA,NA,NA,NA,NA,NA,NA,NA,NA,NA,NA,NA,NA,NA,NA,NA,NA,NA,NA,NA,NA,NA,NA,NA,NA,NA,NA,NA,NA,NA,NA,NA,NA,NA,NA,NA,NA,NA,NA,NA,NA,NA,NA,NA,NA,NA,NA,NA,NA,NA,NA,NA,NA,NA,NA,NA,NA,2,1966,3,21,4,3,4,1,1,NA,NA,NA,NA,NA,NA,50,"srep9336",1,0,0,0,0,NA,NA
"427",62,252539,122,1,NA,NA,,,,1,,1,,,NA,NA,NA,NA,1,"srep7745",NA,46,NA,NA,2,1,2,2,NA,NA,NA,23,6,18,NA,NA,NA,7,20,NA,NA,NA,NA,1,NA,NA,3,NA,NA,NA,NA,NA,10,NA,NA,1,4,3,6,3,3,NA,5,1,1,NA,NA,1,2,NA,NA,NA,NA,NA,NA,NA,NA,NA,NA,NA,NA,NA,NA,NA,NA,NA,NA,NA,NA,NA,NA,NA,NA,0,5,6,9,2,NA,NA,NA,NA,NA,NA,NA,NA,NA,NA,NA,2,NA,NA,3,24,4,NA,1,6,2,NA,NA,NA,NA,NA,NA,NA,NA,NA,NA,29,6,25,2,NA,NA,NA,2,2,3,3,7,10,0,0,0,3,14,NA,NA,2,6,7,2,2,4,4,4,4,NA,59,NA,1,NA,NA,NA,NA,NA,NA,1,3,NA,1,2,42,NA,NA,NA,NA,NA,2,2,,,2,1,1,,6,NA,NA,NA,NA,NA,NA,NA,NA,NA,NA,NA,NA,NA,NA,NA,NA,NA,NA,NA,NA,NA,NA,NA,NA,NA,NA,NA,NA,NA,NA,NA,NA,NA,NA,NA,NA,NA,NA,NA,NA,NA,NA,NA,NA,NA,NA,NA,NA,NA,NA,NA,NA,NA,NA,NA,NA,NA,NA,NA,NA,NA,1,1946,3,NA,2,NA,2,1,NA,NA,NA,1,NA,NA,NA,61,"srep7745",0,1,0,0,0,NA,NA
"428",64,252559,124,1,NA,NA,,,,1,,1,,,NA,NA,NA,NA,1,"srep9261",NA,9,NA,NA,2,8,6,1,41,22,NA,NA,NA,NA,NA,NA,NA,NA,NA,3,NA,4,NA,1,NA,NA,1,1,1,1,NA,0,0,0,0,1,5,2,6,2,4,NA,6,NA,NA,NA,NA,1,NA,NA,NA,NA,NA,NA,NA,NA,NA,NA,NA,NA,NA,NA,NA,1,NA,NA,NA,NA,1,NA,1,NA,NA,0,2,0,7,2,NA,NA,NA,1,85,30,60,85,85,100,60,2,NA,NA,22,4,2,NA,2,9,2,NA,NA,0,0,5,0,0,0,5,5,16,11,19,2,NA,NA,NA,1,1,3,3,4,10,1,4,6,3,8,NA,NA,3,5,7,7,7,3,4,4,6,NA,5,NA,1,NA,NA,NA,NA,NA,1982,1,3,NA,2,NA,NA,,,NA,NA,NA,2,5,,,2,2,2,,2,NA,NA,NA,NA,NA,NA,NA,NA,NA,NA,NA,NA,NA,NA,NA,NA,NA,NA,NA,NA,NA,NA,NA,NA,NA,NA,NA,NA,NA,NA,NA,NA,NA,NA,NA,NA,NA,NA,NA,NA,NA,NA,NA,NA,NA,NA,NA,NA,NA,NA,NA,NA,NA,NA,NA,NA,NA,NA,NA,NA,NA,1,1981,2,18,2,NA,2,1,NA,NA,NA,1,NA,NA,NA,4,"srep9261",1,0,0,0,0,NA,NA
"429",76,252717,180,1,NA,NA,,,,1,,1,NA,,NA,NA,NA,NA,1,"srep9148",NA,19,NA,NA,1,NA,NA,1,35,26,23,NA,NA,NA,NA,36,10,NA,NA,NA,NA,NA,NA,1,NA,NA,9,1,1,1,NA,0,10,0,0,1,5,3,7,2,6,NA,3,NA,1,NA,NA,1,NA,NA,NA,1,NA,NA,NA,NA,NA,NA,NA,NA,NA,NA,NA,1,NA,NA,NA,NA,1,NA,NA,1,NA,2,1,7,6,1,NA,NA,2,NA,90,40,90,90,80,90,80,1,2,3,NA,NA,4,NA,2,6,1,NA,NA,0,0,5,0,0,0,5,10,5,4,23,1,3,1,3,NA,NA,NA,NA,9,10,9,5,3,2,NA,10,2,3,3,3,3,3,1,1,3,6,NA,NA,NA,NA,NA,NA,NA,NA,NA,NA,NA,NA,NA,NA,NA,NA,NA,NA,NA,NA,NA,NA,NA,NA,NA,NA,NA,NA,NA,NA,NA,NA,NA,NA,NA,NA,NA,NA,NA,NA,NA,NA,NA,NA,NA,NA,NA,NA,NA,NA,NA,NA,NA,NA,NA,NA,NA,NA,NA,NA,NA,NA,NA,NA,NA,NA,NA,NA,NA,NA,NA,NA,NA,NA,NA,NA,NA,NA,NA,NA,NA,NA,NA,NA,NA,NA,NA,NA,NA,NA,3,1,1951,4,98,5,NA,2,1,1,NA,NA,NA,NA,NA,NA,NA,NA,NA,NA,NA,NA,NA,NA,NA
"430",77,253164,182,1,NA,NA,,,,1,,1,,,NA,NA,NA,NA,1,"srep5417",NA,12,NA,NA,1,NA,NA,1,20,17,39,NA,NA,NA,NA,32,28,NA,NA,NA,NA,NA,NA,1,NA,NA,1,1,1,1,NA,0,0,0,0,7,5,1,4,3,5,NA,6,NA,NA,NA,NA,1,43,NA,NA,NA,NA,1,NA,11,NA,NA,NA,NA,NA,NA,NA,NA,NA,NA,1,12,NA,NA,NA,NA,NA,0,NA,1,5,4,NA,1,NA,NA,100,80,80,100,100,80,80,2,NA,NA,27,5,1,NA,5,NA,2,NA,NA,0,0,10,10,8,0,10,8,17,17,24,2,NA,NA,NA,3,NA,3,3,2,5,0,9,5,4,NA,1,1,3,6,4,5,5,4,2,5,5,NA,69,NA,1,NA,NA,NA,NA,NA,1953,1,6,NA,2,NA,NA,,,NA,NA,NA,1,5,,,2,1,1,,2,NA,NA,NA,NA,NA,NA,NA,NA,NA,NA,NA,NA,NA,NA,NA,NA,NA,NA,NA,NA,NA,NA,NA,NA,NA,NA,NA,NA,NA,NA,NA,NA,NA,NA,NA,NA,NA,NA,NA,NA,NA,NA,NA,NA,NA,NA,NA,NA,NA,NA,NA,NA,NA,NA,NA,NA,NA,NA,NA,NA,NA,1,1953,2,36,3,NA,2,1,1,NA,NA,NA,NA,NA,NA,68,"srep5417",1,0,0,0,0,NA,NA
"431",78,253167,183,1,NA,NA,,,,1,,1,,,NA,NA,NA,NA,1,"srep5931",NA,21,NA,NA,2,3,2,2,NA,NA,NA,NA,NA,NA,NA,NA,NA,NA,NA,NA,1,NA,2,1,NA,NA,1,1,1,1,NA,0,0,4,0,1,5,2,6,1,5,NA,3,NA,1,NA,NA,1,66,NA,NA,NA,NA,NA,NA,NA,NA,NA,NA,NA,NA,NA,NA,1,NA,NA,1,7,NA,NA,NA,NA,NA,0,NA,1,7,1,NA,NA,NA,NA,85,40,85,85,85,85,85,2,NA,NA,2,16,4,NA,1,NA,4,NA,NA,0,5,8,0,8,3,0,8,1,3,13,1,3,1,3,NA,NA,NA,NA,7,10,5,8,10,1,NA,NA,NA,5,2,6,4,2,5,3,6,3,NA,NA,NA,NA,NA,NA,NA,NA,NA,NA,NA,NA,NA,NA,NA,NA,NA,NA,NA,NA,NA,NA,NA,NA,NA,NA,NA,NA,NA,NA,NA,NA,NA,NA,NA,NA,NA,NA,NA,NA,NA,NA,NA,NA,NA,NA,NA,NA,NA,NA,NA,NA,NA,NA,NA,NA,NA,NA,NA,NA,NA,NA,NA,NA,NA,NA,NA,NA,NA,NA,NA,NA,NA,NA,NA,NA,NA,NA,NA,NA,NA,NA,NA,NA,NA,NA,NA,NA,NA,NA,3,1,1967,3,65,2,NA,2,1,1,NA,NA,NA,NA,NA,NA,NA,NA,NA,NA,NA,NA,NA,NA,NA
"432",79,253199,135,1,NA,NA,,,,1,,1,NA,,NA,NA,NA,NA,1,"srep8046",NA,49,NA,NA,1,NA,NA,1,30,26,13,NA,NA,NA,NA,36,39,NA,NA,NA,NA,NA,NA,1,NA,NA,8,4,5,4,NA,0,40,30,30,1,5,3,6,1,4,NA,8,NA,NA,NA,NA,1,46,NA,NA,NA,NA,NA,NA,NA,NA,NA,NA,NA,NA,NA,NA,NA,NA,NA,NA,NA,NA,NA,1,NA,NA,0,5,NA,6,1,NA,NA,2,NA,60,30,85,60,60,70,65,2,NA,NA,30,18,4,NA,2,9,1,NA,NA,0,0,5,2,0,0,5,5,17,11,12,2,NA,NA,NA,3,1,3,3,8,10,5,5,8,1,NA,10,2,5,3,5,3,6,4,4,4,4,NA,28,NA,1,NA,NA,NA,NA,NA,1963,2,6,NA,2,NA,NA,,,NA,NA,NA,1,7,,,2,1,1,,4,NA,NA,NA,NA,NA,NA,NA,NA,NA,NA,NA,NA,NA,NA,NA,NA,NA,NA,NA,NA,NA,NA,NA,NA,NA,NA,NA,NA,NA,NA,NA,NA,NA,NA,NA,NA,NA,NA,NA,NA,NA,NA,NA,NA,NA,NA,NA,NA,NA,NA,NA,NA,NA,NA,NA,NA,NA,NA,NA,NA,NA,2,1963,4,46,2,NA,4,1,1,NA,NA,NA,NA,NA,NA,27,"srep8046",1,0,0,0,0,NA,NA
"433",80,253213,136,1,NA,NA,,,,1,,1,,,NA,NA,NA,NA,1,"srep7482",NA,16,NA,NA,1,NA,NA,2,NA,NA,NA,NA,NA,NA,NA,NA,NA,NA,NA,NA,2,NA,2,1,NA,NA,2,1,1,1,NA,0,0,1,0,4,6,8,1,1,7,NA,4,NA,NA,NA,1,NA,NA,NA,NA,NA,1,NA,NA,NA,NA,NA,NA,NA,NA,1,NA,1,NA,NA,NA,NA,NA,NA,1,NA,NA,7,4,1,4,1,NA,NA,1,NA,50,50,50,70,70,85,70,1,4,1,NA,NA,2,NA,2,9,2,NA,NA,5,5,5,5,5,5,5,5,9,18,27,1,1,1,3,NA,NA,NA,NA,5,6,0,0,5,4,NA,7,9,2,5,6,4,4,7,4,4,4,NA,NA,NA,NA,NA,NA,NA,NA,NA,NA,NA,NA,NA,NA,NA,NA,NA,NA,NA,NA,NA,NA,NA,NA,NA,NA,NA,NA,NA,NA,NA,NA,NA,NA,NA,NA,NA,NA,NA,NA,NA,NA,NA,NA,NA,NA,NA,NA,NA,NA,NA,NA,NA,NA,NA,NA,NA,NA,NA,NA,NA,NA,NA,NA,NA,NA,NA,NA,NA,NA,NA,NA,NA,NA,NA,NA,NA,NA,NA,NA,NA,NA,NA,NA,NA,NA,NA,NA,NA,NA,3,1,1976,2,89,1,NA,5,1,NA,NA,NA,1,NA,NA,NA,NA,NA,NA,NA,NA,NA,NA,NA,NA
"434",82,253279,151,1,NA,NA,,,,1,,1,,,NA,NA,NA,NA,1,"srep8039",NA,16,NA,NA,2,10,2,1,33,20,28,NA,NA,NA,NA,22,31,NA,NA,NA,NA,NA,NA,2,3,4,NA,NA,NA,NA,NA,NA,NA,NA,NA,3,5,2,6,2,5,NA,6,NA,1,NA,NA,1,20,NA,NA,NA,NA,NA,NA,NA,NA,1,NA,NA,NA,NA,NA,1,NA,NA,1,6,NA,NA,NA,NA,NA,0,4,4,8,1,NA,NA,2,NA,90,40,85,90,90,90,75,1,1,3,NA,NA,2,NA,4,5,2,3,4,NA,NA,NA,NA,NA,NA,NA,NA,6,7,12,1,3,1,3,NA,NA,NA,NA,8,10,2,6,4,1,NA,NA,NA,3,4,3,3,3,3,2,4,5,NA,4,NA,1,NA,NA,NA,NA,NA,1951,1,6,NA,2,NA,NA,,,NA,NA,NA,2,5,,,1,2,2,,4,NA,NA,NA,NA,NA,NA,NA,NA,NA,NA,NA,NA,NA,NA,NA,NA,NA,NA,NA,NA,NA,NA,NA,NA,NA,NA,NA,NA,NA,NA,NA,NA,NA,NA,NA,NA,NA,NA,NA,NA,NA,NA,NA,NA,NA,NA,NA,NA,NA,NA,NA,NA,NA,NA,NA,NA,NA,NA,NA,NA,1,1,1951,4,NA,3,NA,1,1,1,NA,NA,NA,NA,NA,NA,2,"srep8039",1,0,0,0,0,NA,NA
"435",83,253283,141,1,NA,NA,,,,1,,1,,,NA,NA,NA,NA,1,"srep8225",NA,32,NA,NA,2,4,11,1,13,24,21,NA,NA,NA,NA,11,5,NA,NA,NA,NA,NA,NA,2,5,1,NA,NA,NA,NA,NA,NA,NA,NA,NA,4,3,1,1,2,7,NA,5,NA,1,NA,NA,1,54,NA,NA,NA,NA,NA,NA,NA,1,NA,NA,NA,NA,1,NA,NA,NA,NA,1,13,1,1,1,1,4,0,4,2,8,3,7,NA,NA,NA,100,100,100,100,100,100,100,2,NA,NA,29,9,2,NA,2,8,2,1,5,NA,NA,NA,NA,NA,NA,NA,NA,25,23,25,1,1,1,3,NA,NA,NA,NA,5,10,0,5,8,3,20,NA,NA,2,6,5,2,2,4,4,4,4,NA,NA,NA,NA,NA,NA,NA,NA,NA,NA,NA,NA,NA,NA,NA,NA,NA,NA,NA,NA,NA,NA,NA,NA,NA,NA,NA,NA,NA,NA,NA,NA,NA,NA,NA,NA,NA,NA,NA,NA,NA,NA,NA,NA,NA,NA,NA,NA,NA,NA,NA,NA,NA,NA,NA,NA,NA,NA,NA,NA,NA,NA,NA,NA,NA,NA,NA,NA,NA,NA,NA,NA,NA,NA,NA,NA,NA,NA,NA,NA,NA,NA,NA,NA,NA,NA,NA,NA,NA,NA,3,1,1962,1,83,4,2,3,1,NA,1,NA,NA,NA,NA,NA,NA,NA,NA,NA,NA,NA,NA,NA,NA
"436",85,253287,139,1,NA,NA,,,,1,,1,,,NA,NA,NA,NA,1,"srep8482",NA,18,NA,NA,2,9,5,2,NA,NA,NA,NA,NA,NA,NA,NA,NA,NA,NA,NA,1,NA,2,1,NA,NA,1,1,1,1,NA,0,9,0,0,1,5,2,7,1,6,NA,3,NA,NA,NA,NA,NA,NA,NA,NA,NA,NA,NA,NA,NA,NA,NA,NA,NA,NA,NA,NA,1,NA,NA,NA,NA,NA,NA,1,NA,NA,0,5,3,1,1,NA,NA,2,NA,100,60,75,75,85,85,85,2,NA,NA,8,17,2,NA,1,9,2,NA,NA,0,0,5,5,0,0,5,5,9,25,11,2,NA,NA,NA,1,1,3,3,1,10,1,1,1,4,NA,NA,NA,1,7,3,3,4,5,3,4,5,NA,NA,NA,NA,NA,NA,NA,NA,NA,NA,NA,NA,NA,NA,NA,NA,NA,NA,NA,NA,NA,NA,NA,NA,NA,NA,NA,NA,NA,NA,NA,NA,NA,NA,NA,NA,NA,NA,NA,NA,NA,NA,NA,NA,NA,NA,NA,NA,NA,NA,NA,NA,NA,NA,NA,NA,NA,NA,NA,NA,NA,NA,NA,NA,NA,NA,NA,NA,NA,NA,NA,NA,NA,NA,NA,NA,NA,NA,NA,NA,NA,NA,NA,NA,NA,NA,NA,NA,NA,NA,NA,1,1962,2,15,1,NA,5,1,1,NA,NA,NA,NA,NA,NA,NA,NA,NA,NA,NA,NA,NA,NA,NA
"437",86,253290,140,1,NA,NA,,,,1,,1,,,NA,NA,NA,NA,1,"srep5924",NA,19,NA,NA,1,NA,NA,2,NA,NA,NA,18,27,NA,NA,NA,NA,22,26,NA,NA,NA,NA,2,3,1,NA,NA,NA,NA,NA,NA,NA,NA,NA,1,5,1,6,1,6,NA,3,NA,NA,NA,NA,1,62,1,NA,NA,NA,NA,1,NA,NA,NA,NA,NA,NA,1,NA,NA,NA,NA,NA,NA,NA,NA,1,NA,NA,0,4,2,4,1,NA,NA,2,NA,50,30,85,50,50,50,50,2,NA,NA,9,6,4,NA,2,1,4,3,4,NA,NA,NA,NA,NA,NA,NA,NA,17,12,3,1,1,1,3,NA,NA,NA,NA,2,10,1,4,4,3,3,10,2,2,6,5,5,3,3,2,3,5,NA,138,NA,1,NA,NA,NA,NA,NA,1962,1,6,NA,2,NA,NA,,,NA,NA,NA,1,5,,,2,2,2,,2,NA,NA,NA,NA,NA,NA,NA,NA,NA,NA,NA,NA,NA,NA,NA,NA,NA,NA,NA,NA,NA,NA,NA,NA,NA,NA,NA,NA,NA,NA,NA,NA,NA,NA,NA,NA,NA,NA,NA,NA,NA,NA,NA,NA,NA,NA,NA,NA,NA,NA,NA,NA,NA,NA,NA,NA,NA,NA,NA,NA,4,1,1962,2,38,2,NA,2,1,1,NA,NA,NA,NA,NA,NA,134,"srep5924",1,0,0,0,0,NA,NA
"438",87,253299,142,1,NA,NA,,,,1,,1,,,NA,NA,NA,NA,1,"srep7068",NA,23,NA,NA,2,3,2,1,29,26,17,NA,NA,NA,NA,8,14,NA,NA,NA,NA,NA,NA,2,5,1,NA,NA,NA,NA,NA,NA,NA,NA,NA,1,5,4,5,2,4,NA,6,NA,1,NA,NA,NA,NA,NA,NA,1,1,NA,NA,NA,NA,NA,NA,1,1,NA,8,1,NA,NA,1,14,NA,NA,1,1,14,4,3,5,4,1,NA,NA,1,NA,70,15,70,70,70,85,60,2,NA,NA,30,16,3,NA,2,7,1,3,2,NA,NA,NA,NA,NA,NA,NA,NA,4,11,5,1,3,3,3,NA,NA,NA,NA,5,0,0,0,5,2,NA,NA,NA,5,4,5,4,4,3,1,3,5,NA,NA,NA,NA,NA,NA,NA,NA,NA,NA,NA,NA,NA,NA,NA,NA,NA,NA,NA,NA,NA,NA,NA,NA,NA,NA,NA,NA,NA,NA,NA,NA,NA,NA,NA,NA,NA,NA,NA,NA,NA,NA,NA,NA,NA,NA,NA,NA,NA,NA,NA,NA,NA,NA,NA,NA,NA,NA,NA,NA,NA,NA,NA,NA,NA,NA,NA,NA,NA,NA,NA,NA,NA,NA,NA,NA,NA,NA,NA,NA,NA,NA,NA,NA,NA,NA,NA,NA,NA,NA,NA,1,1962,4,42,2,NA,4,1,1,NA,NA,NA,NA,NA,NA,NA,NA,NA,NA,NA,NA,NA,NA,NA
"439",88,253306,144,1,NA,NA,,,,1,,1,,,NA,NA,NA,NA,1,"srep8975",NA,12,NA,NA,2,8,6,1,15,26,51,NA,NA,NA,NA,27,4,NA,NA,NA,NA,NA,NA,1,NA,NA,1,3,1,3,NA,0,0,0,0,2,5,1,3,1,7,NA,6,NA,1,NA,NA,NA,NA,NA,NA,NA,NA,NA,NA,NA,NA,NA,NA,NA,NA,NA,NA,1,NA,NA,NA,NA,NA,NA,NA,NA,NA,0,NA,2,6,2,NA,NA,NA,1,85,30,70,55,60,75,30,2,NA,NA,9,5,4,NA,2,10,2,NA,NA,0,1,8,2,4,5,6,2,17,25,7,2,NA,NA,NA,4,1,3,2,6,7,0,0,1,1,NA,NA,NA,3,5,4,5,3,NA,NA,NA,NA,NA,3,NA,1,NA,NA,NA,NA,NA,1987,1,1,,2,NA,NA,,,NA,NA,NA,2,3,,,1,2,2,,2,NA,NA,NA,NA,NA,NA,NA,NA,NA,NA,NA,NA,NA,NA,NA,NA,NA,NA,NA,NA,NA,NA,NA,NA,NA,NA,NA,NA,NA,NA,NA,NA,NA,NA,NA,NA,NA,NA,NA,NA,NA,NA,NA,NA,NA,NA,NA,NA,NA,NA,NA,NA,NA,NA,NA,NA,NA,NA,NA,NA,NA,1,1987,2,64,2,NA,4,1,NA,NA,NA,NA,1,NA,NA,1,"srep8975",1,0,0,0,0,NA,NA
"440",90,253315,153,1,NA,NA,,,,1,,1,NA,,NA,NA,NA,NA,1,"srep6481",NA,38,NA,NA,2,10,9,1,NA,NA,NA,NA,NA,NA,NA,NA,NA,NA,NA,2,NA,2,NA,2,3,1,NA,NA,NA,NA,NA,NA,NA,NA,NA,1,5,1,2,1,7,NA,5,NA,NA,NA,NA,NA,NA,NA,NA,NA,NA,NA,1,NA,NA,NA,NA,NA,NA,NA,NA,NA,NA,NA,NA,NA,NA,NA,1,NA,NA,1,1,1,8,4,NA,1,NA,NA,70,85,40,100,100,85,15,1,2,4,NA,NA,1,NA,2,2,2,1,4,NA,NA,NA,NA,NA,NA,NA,NA,17,14,15,2,NA,NA,NA,3,2,3,3,2,10,0,3,1,2,NA,NA,NA,5,7,4,2,1,7,4,6,6,NA,98,NA,1,NA,NA,NA,NA,NA,1965,1,6,,2,NA,NA,,,NA,NA,NA,4,6,,,2,2,1,,2,NA,NA,NA,NA,NA,NA,NA,NA,NA,NA,NA,NA,NA,NA,NA,NA,NA,NA,NA,NA,NA,NA,NA,NA,NA,NA,NA,NA,NA,NA,NA,NA,NA,NA,NA,NA,NA,NA,NA,NA,NA,NA,NA,NA,NA,NA,NA,NA,NA,NA,NA,NA,NA,NA,NA,NA,NA,NA,NA,NA,NA,1,1965,2,45,4,8,5,2,1,NA,NA,NA,NA,NA,NA,97,"srep6481",1,0,0,0,0,NA,NA
"441",91,253318,147,1,NA,NA,,,,1,,1,,,NA,NA,NA,NA,1,"srep9275",NA,12,NA,NA,1,NA,NA,2,NA,NA,NA,32,35,28,NA,NA,NA,35,37,NA,NA,NA,NA,2,3,1,NA,NA,NA,NA,NA,NA,NA,NA,NA,2,5,2,7,1,5,NA,3,NA,NA,NA,NA,1,60,NA,NA,NA,NA,1,NA,11,NA,NA,NA,NA,1,NA,9,1,NA,NA,NA,NA,NA,NA,1,NA,NA,0,4,1,4,1,NA,NA,2,NA,85,60,85,70,85,85,70,2,NA,NA,28,4,4,NA,1,8,4,1,2,NA,NA,NA,NA,NA,NA,NA,NA,17,12,12,1,3,1,3,NA,NA,NA,NA,3,10,1,5,4,2,NA,11,2,3,4,4,4,4,4,4,4,4,NA,30,NA,1,NA,NA,NA,NA,NA,1965,1,3,NA,2,NA,NA,,,NA,NA,NA,1,3,,,2,1,1,,3,NA,NA,NA,NA,NA,NA,NA,NA,NA,NA,NA,NA,NA,NA,NA,NA,NA,NA,NA,NA,NA,NA,NA,NA,NA,NA,NA,NA,NA,NA,NA,NA,NA,NA,NA,NA,NA,NA,NA,NA,NA,NA,NA,NA,NA,NA,NA,NA,NA,NA,NA,NA,NA,NA,NA,NA,NA,NA,NA,NA,4,1,1965,6,28,4,6,2,1,NA,NA,NA,1,NA,NA,NA,29,"srep9275",1,0,0,0,0,NA,NA
"442",94,253332,150,1,NA,NA,,,,1,,1,,,NA,NA,NA,NA,1,"srep7693",NA,12,NA,NA,2,9,7,1,27,6,NA,NA,NA,NA,NA,14,NA,NA,NA,NA,NA,4,NA,1,NA,NA,6,NA,NA,NA,NA,NA,8,NA,NA,4,5,1,2,1,7,NA,6,NA,NA,NA,NA,NA,NA,NA,NA,NA,NA,NA,NA,NA,NA,NA,NA,NA,NA,1,NA,1,NA,NA,NA,NA,NA,NA,NA,NA,NA,0,2,1,5,1,NA,NA,2,NA,NA,NA,NA,NA,NA,NA,NA,1,2,3,NA,NA,2,NA,1,8,2,NA,NA,5,5,5,5,5,5,5,5,21,23,5,2,NA,NA,NA,1,2,3,3,5,8,0,0,0,2,NA,NA,NA,3,4,NA,4,4,4,4,4,4,NA,4,NA,1,NA,NA,NA,NA,NA,1977,2,6,NA,2,NA,NA,,,NA,NA,NA,1,3,,,2,2,1,,2,NA,NA,NA,NA,NA,NA,NA,NA,NA,NA,NA,NA,NA,NA,NA,NA,NA,NA,NA,NA,NA,NA,NA,NA,NA,NA,NA,NA,NA,NA,NA,NA,NA,NA,NA,NA,NA,NA,NA,NA,NA,NA,NA,NA,NA,NA,NA,NA,NA,NA,NA,NA,NA,NA,NA,NA,NA,NA,NA,NA,NA,2,1977,2,85,2,NA,4,1,1,NA,NA,NA,NA,NA,NA,3,"srep7693",1,0,0,0,0,NA,NA
"443",95,253333,148,1,NA,NA,,,,1,,1,,,NA,NA,NA,NA,1,"srep5978",NA,95,NA,NA,2,10,1,1,NA,NA,NA,NA,NA,NA,NA,NA,NA,NA,NA,NA,NA,NA,NA,1,NA,NA,1,1,1,1,NA,0,0,0,0,4,4,1,6,1,5,NA,3,1,NA,NA,NA,NA,NA,NA,NA,NA,NA,NA,NA,NA,NA,NA,NA,NA,NA,NA,NA,1,NA,NA,NA,NA,NA,NA,NA,NA,NA,0,4,1,4,1,NA,NA,1,NA,60,50,85,75,55,90,70,2,NA,NA,14,4,4,NA,5,NA,2,NA,NA,0,0,9,2,9,8,6,5,26,31,5,1,3,4,3,NA,NA,NA,NA,5,6,0,0,2,1,NA,NA,NA,5,3,5,5,6,3,3,6,6,NA,83,NA,1,NA,NA,NA,NA,NA,1984,1,3,NA,2,NA,NA,,,NA,NA,NA,1,5,,,1,1,2,,2,NA,NA,NA,NA,NA,NA,NA,NA,NA,NA,NA,NA,NA,NA,NA,NA,NA,NA,NA,NA,NA,NA,NA,NA,NA,NA,NA,NA,NA,NA,NA,NA,NA,NA,NA,NA,NA,NA,NA,NA,NA,NA,NA,NA,NA,NA,NA,NA,NA,NA,NA,NA,NA,NA,NA,NA,NA,NA,NA,NA,4,1,1984,2,63,1,NA,2,1,NA,NA,NA,1,NA,NA,NA,84,"srep5978",1,0,0,0,0,NA,NA
"444",96,253348,152,1,NA,NA,,,,1,,1,,,NA,NA,NA,NA,1,"srep8401",NA,20,NA,NA,1,NA,NA,2,NA,NA,NA,34,29,NA,NA,NA,NA,NA,NA,NA,1,NA,4,1,NA,NA,1,NA,NA,NA,NA,NA,NA,NA,NA,2,4,3,5,3,4,NA,6,NA,1,NA,NA,NA,NA,NA,NA,NA,NA,NA,NA,NA,NA,NA,NA,NA,NA,NA,NA,1,NA,NA,1,2,NA,NA,1,NA,NA,0,2,4,5,1,NA,NA,1,NA,90,50,70,90,90,90,70,2,NA,NA,15,12,4,NA,1,8,1,NA,NA,0,5,8,8,2,0,7,7,8,17,9,2,NA,NA,NA,3,1,3,3,6,10,0,2,2,2,NA,9,2,3,5,6,4,3,2,2,3,3,NA,43,NA,1,NA,NA,NA,NA,NA,1948,1,6,NA,2,NA,NA,,,NA,NA,NA,NA,NA,NA,NA,NA,NA,NA,NA,NA,NA,NA,NA,NA,NA,NA,NA,NA,NA,NA,NA,NA,NA,NA,NA,NA,NA,NA,NA,NA,NA,NA,NA,NA,NA,NA,NA,NA,NA,NA,NA,NA,NA,NA,NA,NA,NA,NA,NA,NA,NA,NA,NA,NA,NA,NA,NA,NA,NA,NA,NA,NA,NA,NA,NA,NA,NA,NA,NA,NA,NA,1,1948,2,92,2,NA,4,1,1,NA,NA,NA,NA,NA,NA,NA,"srep8401",1,0,0,0,0,NA,NA
"445",98,253355,158,1,NA,NA,,,,1,,1,,,NA,NA,NA,NA,1,"srep8313",NA,14,NA,NA,1,NA,NA,2,NA,NA,NA,35,2,22,NA,NA,NA,26,32,NA,NA,NA,NA,2,3,1,NA,NA,NA,NA,NA,NA,NA,NA,NA,1,5,1,6,2,6,NA,3,NA,1,NA,NA,1,68,NA,NA,NA,NA,1,NA,5,NA,NA,NA,1,1,1,5,NA,NA,NA,1,11,NA,NA,1,NA,NA,3,4,4,5,1,NA,NA,2,NA,100,70,100,50,100,100,95,1,4,3,NA,NA,1,NA,1,5,6,1,2,NA,NA,NA,NA,NA,NA,NA,NA,22,6,3,1,3,1,3,NA,NA,NA,NA,5,10,0,8,8,1,NA,1,2,2,4,4,4,4,4,4,4,5,NA,95,NA,1,NA,NA,NA,NA,NA,1957,1,6,NA,2,NA,NA,,,NA,NA,NA,1,7,,,2,1,1,,1,NA,NA,NA,NA,NA,NA,NA,NA,NA,NA,NA,NA,NA,NA,NA,NA,NA,NA,NA,NA,NA,NA,NA,NA,NA,NA,NA,NA,NA,NA,NA,NA,NA,NA,NA,NA,NA,NA,NA,NA,NA,NA,NA,NA,NA,NA,NA,NA,NA,NA,NA,NA,NA,NA,NA,NA,NA,NA,NA,NA,1,1,1957,2,96,2,NA,1,1,1,NA,NA,NA,NA,NA,NA,95,"srep8313",1,0,0,0,0,NA,NA
"446",99,253372,156,1,NA,NA,,,,1,,1,,,NA,NA,NA,NA,1,"srep6596",NA,40,NA,NA,1,NA,NA,2,NA,NA,NA,NA,NA,18,NA,NA,NA,NA,NA,NA,1,NA,2,1,NA,NA,NA,NA,8,NA,NA,NA,NA,NA,5,2,4,3,3,2,3,NA,3,NA,NA,NA,NA,1,7,NA,NA,1,NA,NA,NA,NA,NA,NA,NA,1,1,NA,12,1,NA,NA,NA,NA,NA,NA,NA,NA,NA,0,4,2,2,1,NA,NA,2,NA,60,30,70,60,60,60,50,2,NA,NA,19,4,2,NA,1,10,1,NA,NA,0,0,5,2,0,0,5,2,21,18,15,2,NA,NA,NA,1,3,3,4,5,8,5,5,6,2,NA,9,6,4,3,5,4,3,1,1,3,7,NA,5,NA,1,NA,NA,NA,NA,NA,1965,1,5,NA,2,NA,NA,,,NA,NA,NA,1,5,,,2,2,1,,4,NA,NA,NA,NA,NA,NA,NA,NA,NA,NA,NA,NA,NA,NA,NA,NA,NA,NA,NA,NA,NA,NA,NA,NA,NA,NA,NA,NA,NA,NA,NA,NA,NA,NA,NA,NA,NA,NA,NA,NA,NA,NA,NA,NA,NA,NA,NA,NA,NA,NA,NA,NA,NA,NA,NA,NA,NA,NA,NA,NA,NA,1,1965,4,84,2,NA,4,2,NA,NA,NA,NA,NA,1,,4,"srep6596",1,0,0,0,0,NA,NA
"447",100,253377,154,1,NA,NA,,,,1,,1,,,NA,NA,NA,NA,1,"srep7799",NA,29,NA,NA,1,NA,NA,2,NA,NA,NA,NA,NA,19,NA,NA,NA,NA,8,NA,NA,NA,2,2,3,1,NA,NA,NA,NA,NA,NA,NA,NA,NA,1,4,2,4,2,6,NA,3,NA,NA,NA,NA,1,33,NA,NA,NA,NA,NA,NA,NA,NA,NA,NA,NA,NA,NA,NA,NA,NA,NA,1,15,NA,NA,NA,NA,NA,0,3,2,3,1,NA,NA,2,NA,30,20,70,70,40,80,30,1,1,3,NA,NA,2,NA,1,9,1,1,2,NA,NA,NA,NA,NA,NA,NA,NA,9,6,9,2,NA,NA,NA,3,1,3,3,5,0,0,0,0,1,NA,3,2,2,7,5,3,3,4,2,2,5,NA,10,NA,1,NA,NA,NA,NA,NA,1964,1,6,NA,1,1,19,NA,NA,NA,NA,NA,1,7,,,1,1,2,,2,NA,NA,NA,NA,NA,NA,NA,NA,NA,NA,NA,NA,NA,NA,NA,NA,NA,NA,NA,NA,NA,NA,NA,NA,NA,NA,NA,NA,NA,NA,NA,NA,NA,NA,NA,NA,NA,NA,NA,NA,NA,NA,NA,NA,NA,NA,NA,NA,NA,NA,NA,NA,NA,NA,NA,NA,NA,NA,NA,NA,NA,1,1964,2,16,2,NA,4,1,1,NA,NA,NA,NA,NA,NA,9,"srep7799",1,0,0,0,0,NA,NA
"448",101,253378,155,1,NA,NA,,,,1,,1,,,NA,NA,NA,NA,1,"srep9938",NA,48,NA,NA,1,NA,NA,1,30,13,23,NA,NA,NA,NA,8,39,NA,NA,NA,NA,NA,NA,1,NA,NA,13,NA,NA,NA,NA,NA,8,NA,NA,2,5,1,2,1,5,NA,6,NA,NA,NA,NA,1,62,NA,NA,NA,NA,NA,NA,NA,NA,NA,NA,NA,NA,1,NA,NA,NA,NA,NA,NA,1,NA,1,NA,NA,4,4,1,2,1,NA,NA,1,NA,85,15,70,50,30,60,0,1,1,3,NA,NA,2,NA,2,10,2,NA,NA,0,0,5,5,0,0,5,0,17,8,24,2,NA,NA,NA,3,1,3,3,4,10,10,0,3,1,NA,10,11,2,4,5,3,2,5,3,5,4,NA,44,NA,1,NA,NA,NA,NA,NA,1955,1,6,NA,2,NA,NA,,,NA,NA,NA,1,5,,,2,2,2,,2,NA,NA,NA,NA,NA,NA,NA,NA,NA,NA,NA,NA,NA,NA,NA,NA,NA,NA,NA,NA,NA,NA,NA,NA,NA,NA,NA,NA,NA,NA,NA,NA,NA,NA,NA,NA,NA,NA,NA,NA,NA,NA,NA,NA,NA,NA,NA,NA,NA,NA,NA,NA,NA,NA,NA,NA,NA,NA,NA,NA,NA,1,1955,2,18,2,NA,4,1,1,NA,NA,NA,NA,NA,NA,45,"srep9938",1,0,0,0,0,NA,NA
"449",102,253380,159,1,NA,NA,,,,1,,1,,,NA,NA,NA,NA,1,"srep5241",NA,32,NA,NA,2,8,6,2,NA,NA,NA,19,8,NA,NA,NA,NA,4,35,NA,NA,NA,NA,1,NA,NA,3,NA,NA,NA,NA,NA,8,NA,NA,3,3,3,4,2,4,NA,6,1,NA,NA,NA,1,54,1,NA,1,1,NA,1,NA,NA,1,NA,1,NA,NA,NA,1,NA,NA,1,16,NA,NA,1,NA,NA,5,3,3,5,1,NA,NA,2,NA,70,50,70,85,50,50,40,2,NA,NA,15,14,4,NA,1,6,1,NA,NA,10,10,10,10,5,8,7,8,17,6,6,2,NA,NA,NA,4,2,3,3,7,10,1,5,7,2,NA,NA,NA,2,5,5,4,3,2,2,3,6,NA,104,NA,1,NA,NA,NA,NA,NA,1951,2,6,NA,2,NA,NA,,,NA,NA,NA,1,5,,,2,2,1,,2,NA,NA,NA,NA,NA,NA,NA,NA,NA,NA,NA,NA,NA,NA,NA,NA,NA,NA,NA,NA,NA,NA,NA,NA,NA,NA,NA,NA,NA,NA,NA,NA,NA,NA,NA,NA,NA,NA,NA,NA,NA,NA,NA,NA,NA,NA,NA,NA,NA,NA,NA,NA,NA,NA,NA,NA,NA,NA,NA,NA,NA,2,1951,2,11,2,NA,2,1,1,NA,NA,NA,NA,NA,NA,103,"srep5241",1,0,0,0,0,NA,NA
"450",103,253383,156,1,NA,NA,,,,1,,1,,,NA,NA,NA,NA,1,"srep8347",NA,16,NA,NA,2,3,2,2,NA,NA,NA,25,13,5,NA,NA,NA,28,12,NA,NA,NA,NA,2,5,4,NA,NA,NA,NA,NA,NA,NA,NA,NA,1,5,1,4,2,4,NA,3,NA,1,NA,NA,NA,NA,NA,NA,1,NA,NA,NA,NA,NA,1,NA,NA,NA,1,NA,1,NA,NA,NA,NA,1,NA,NA,NA,NA,7,1,5,2,1,NA,NA,2,NA,80,15,90,80,70,50,40,2,NA,NA,27,17,3,NA,1,8,2,2,4,NA,NA,NA,NA,NA,NA,NA,NA,9,6,24,1,3,1,3,NA,NA,NA,NA,8,10,8,5,5,1,NA,NA,NA,2,3,2,3,2,4,3,3,5,NA,73,NA,1,NA,NA,NA,NA,NA,1963,1,6,NA,2,NA,NA,,,NA,NA,NA,1,7,NA,NA,1,2,1,,2,NA,NA,NA,NA,NA,NA,NA,NA,NA,NA,NA,NA,NA,NA,NA,NA,NA,NA,NA,NA,NA,NA,NA,NA,NA,NA,NA,NA,NA,NA,NA,NA,NA,NA,NA,NA,NA,NA,NA,NA,NA,NA,NA,NA,NA,NA,NA,NA,NA,NA,NA,NA,NA,NA,NA,NA,NA,NA,NA,NA,3,1,1963,2,51,2,NA,4,1,1,NA,NA,NA,NA,NA,NA,72,"srep8347",1,0,0,0,0,NA,NA
"451",104,253389,157,1,NA,NA,,,,1,,1,,,NA,NA,NA,NA,1,"srep5408",NA,15,NA,NA,2,3,2,2,NA,NA,NA,14,33,2,NA,NA,NA,NA,NA,NA,2,NA,2,2,5,4,NA,NA,NA,NA,NA,NA,NA,NA,NA,1,5,2,6,2,6,NA,3,NA,1,NA,NA,1,27,NA,NA,1,NA,NA,1,NA,NA,NA,NA,NA,NA,NA,NA,1,NA,NA,NA,NA,1,NA,1,NA,NA,2,3,2,3,1,NA,NA,2,NA,80,35,80,80,70,85,85,1,1,1,NA,NA,4,NA,2,9,2,1,2,NA,NA,NA,NA,NA,NA,NA,NA,21,25,5,1,3,1,3,NA,NA,NA,NA,5,10,10,10,8,1,NA,NA,NA,4,4,3,5,2,2,2,2,7,NA,NA,NA,NA,NA,NA,NA,NA,NA,NA,NA,NA,NA,NA,NA,NA,NA,NA,NA,NA,NA,NA,NA,NA,NA,NA,NA,NA,NA,NA,NA,NA,NA,NA,NA,NA,NA,NA,NA,NA,NA,NA,NA,NA,NA,NA,NA,NA,NA,NA,NA,NA,NA,NA,NA,NA,NA,NA,NA,NA,NA,NA,NA,NA,NA,NA,NA,NA,NA,NA,NA,NA,NA,NA,NA,NA,NA,NA,NA,NA,NA,NA,NA,NA,NA,NA,NA,NA,NA,NA,3,1,1961,4,60,3,NA,4,1,1,NA,NA,NA,NA,NA,NA,NA,NA,NA,NA,NA,NA,NA,NA,NA
"452",109,253527,163,1,NA,NA,,,,1,,1,,,NA,NA,NA,NA,1,"srep9683",NA,14,NA,NA,1,NA,NA,2,NA,NA,NA,NA,NA,NA,NA,NA,NA,NA,NA,NA,2,NA,2,1,NA,NA,NA,NA,NA,NA,NA,NA,NA,NA,NA,1,5,2,5,3,4,NA,6,NA,1,NA,NA,NA,NA,NA,NA,NA,NA,NA,NA,NA,NA,1,NA,NA,NA,1,NA,1,NA,NA,NA,NA,NA,NA,NA,NA,NA,0,4,1,3,1,NA,NA,1,NA,85,30,85,85,70,70,70,1,4,3,NA,NA,2,NA,1,7,2,NA,NA,NA,0,NA,0,0,0,NA,0,NA,NA,NA,2,NA,NA,NA,2,1,3,3,5,8,3,5,5,1,NA,10,3,4,5,7,NA,NA,6,5,5,7,NA,93,NA,1,NA,NA,NA,NA,NA,1950,1,6,NA,2,NA,NA,,,NA,NA,NA,1,5,,,2,2,1,,2,NA,NA,NA,NA,NA,NA,NA,NA,NA,NA,NA,NA,NA,NA,NA,NA,NA,NA,NA,NA,NA,NA,NA,NA,NA,NA,NA,NA,NA,NA,NA,NA,NA,NA,NA,NA,NA,NA,NA,NA,NA,NA,NA,NA,NA,NA,NA,NA,NA,NA,NA,NA,NA,NA,NA,NA,NA,NA,NA,NA,NA,1,1950,2,NA,3,NA,4,1,1,NA,NA,NA,NA,NA,NA,93,"srep9683",1,0,0,0,0,NA,NA
"453",110,253529,165,1,NA,NA,,,,1,,1,,,NA,NA,NA,NA,1,"srep6302",NA,30,NA,NA,1,NA,NA,1,16,26,14,NA,NA,NA,NA,36,23,NA,NA,NA,NA,NA,NA,2,3,1,NA,NA,NA,NA,NA,NA,NA,NA,NA,1,4,1,6,1,5,NA,8,NA,NA,NA,NA,NA,NA,NA,NA,1,1,NA,1,NA,NA,1,NA,1,NA,1,NA,1,NA,NA,NA,NA,NA,NA,NA,NA,NA,5,1,0,5,1,NA,NA,2,NA,85,15,85,85,85,85,75,2,NA,NA,19,16,3,NA,1,10,6,3,4,NA,NA,NA,NA,NA,NA,NA,NA,21,28,4,2,NA,NA,NA,3,1,3,1,7,10,2,8,5,1,NA,3,2,2,4,2,4,2,4,4,4,4,NA,55,NA,1,NA,NA,NA,NA,NA,1963,1,6,NA,2,NA,NA,,,NA,NA,NA,1,7,,,2,2,2,,2,NA,NA,NA,NA,NA,NA,NA,NA,NA,NA,NA,NA,NA,NA,NA,NA,NA,NA,NA,NA,NA,NA,NA,NA,NA,NA,NA,NA,NA,NA,NA,NA,NA,NA,NA,NA,NA,NA,NA,NA,NA,NA,NA,NA,NA,NA,NA,NA,NA,NA,NA,NA,NA,NA,NA,NA,NA,NA,NA,NA,NA,1,1963,2,74,2,NA,4,1,1,NA,NA,NA,NA,NA,NA,58,"srep6302",1,0,0,0,0,NA,NA
"454",111,253646,165,1,NA,NA,,,,1,,1,,,NA,NA,NA,NA,1,"srep5446",NA,22,NA,NA,1,NA,NA,1,32,34,38,NA,NA,NA,NA,40,40,NA,NA,NA,NA,NA,NA,2,4,1,NA,NA,NA,NA,NA,NA,NA,NA,NA,3,5,2,6,2,5,NA,6,NA,NA,NA,1,1,63,NA,1,NA,1,NA,1,NA,NA,NA,NA,NA,NA,1,NA,NA,NA,NA,NA,NA,NA,NA,1,NA,NA,2,4,2,6,1,NA,NA,2,NA,100,40,80,100,100,100,90,2,NA,NA,23,5,4,NA,1,8,4,1,2,NA,NA,NA,NA,NA,NA,NA,NA,22,4,5,1,3,1,3,NA,NA,NA,NA,6,10,0,4,6,1,NA,9,2,4,5,5,3,4,5,6,6,3,NA,14,NA,1,NA,NA,NA,NA,NA,1975,1,5,NA,2,NA,NA,,,NA,NA,NA,1,3,,,2,2,2,,2,NA,NA,NA,NA,NA,NA,NA,NA,NA,NA,NA,NA,NA,NA,NA,NA,NA,NA,NA,NA,NA,NA,NA,NA,NA,NA,NA,NA,NA,NA,NA,NA,NA,NA,NA,NA,NA,NA,NA,NA,NA,NA,NA,NA,NA,NA,NA,NA,NA,NA,NA,NA,NA,NA,NA,NA,NA,NA,NA,NA,4,1,1975,2,36,1,NA,1,2,NA,NA,NA,NA,NA,1,,13,"srep5446",1,0,0,0,0,NA,NA
"455",112,253656,168,1,NA,NA,,,,1,,1,,,NA,NA,NA,NA,1,"srep8384",NA,29,NA,NA,2,4,5,1,45,5,10,NA,NA,NA,NA,13,53,NA,NA,NA,NA,NA,NA,2,5,4,NA,NA,NA,NA,NA,NA,NA,NA,NA,6,5,2,7,2,6,NA,1,1,NA,NA,NA,1,56,1,1,1,1,1,1,10,1,1,NA,1,NA,1,NA,NA,NA,NA,1,24,NA,NA,1,1,5,6,3,2,7,4,NA,2,NA,NA,NA,NA,NA,NA,NA,NA,NA,1,3,2,NA,NA,4,NA,2,9,4,3,1,NA,NA,NA,NA,NA,NA,NA,NA,12,31,3,1,4,1,4,NA,NA,NA,NA,8,10,0,2,5,2,NA,NA,NA,5,3,4,4,3,4,3,5,5,NA,3,NA,1,NA,NA,NA,NA,NA,1962,2,3,NA,1,2,35,NA,NA,NA,NA,NA,4,2,,,2,2,2,,2,NA,NA,NA,NA,NA,NA,NA,NA,NA,NA,NA,NA,NA,NA,NA,NA,NA,NA,NA,NA,NA,NA,NA,NA,NA,NA,NA,NA,NA,NA,NA,NA,NA,NA,NA,NA,NA,NA,NA,NA,NA,NA,NA,NA,NA,NA,NA,NA,NA,NA,NA,NA,NA,NA,NA,NA,NA,NA,NA,NA,3,2,NA,4,NA,1,NA,5,1,NA,NA,NA,1,NA,NA,NA,1,"srep8384",1,0,0,0,0,NA,NA
"456",113,253665,167,1,NA,NA,,,,1,,1,,,NA,NA,NA,NA,1,"srep5789",NA,33,NA,NA,1,NA,NA,2,NA,NA,NA,23,NA,23,NA,NA,NA,NA,33,NA,NA,NA,2,2,5,1,NA,NA,NA,NA,NA,NA,NA,NA,NA,1,4,2,6,2,5,NA,3,NA,1,NA,NA,NA,NA,NA,NA,1,NA,NA,NA,NA,NA,NA,NA,NA,NA,NA,NA,1,NA,NA,NA,NA,1,NA,1,NA,NA,1,4,2,3,1,NA,NA,2,NA,85,40,85,85,85,60,60,1,1,3,NA,NA,2,NA,1,7,6,3,4,NA,NA,NA,NA,NA,NA,NA,NA,21,4,24,2,NA,NA,NA,3,1,3,4,5,9,5,8,2,2,NA,3,2,3,4,5,5,3,2,2,4,6,NA,4,NA,1,NA,NA,NA,NA,NA,1977,1,6,NA,2,NA,NA,,,NA,NA,NA,1,7,,,2,1,2,,2,NA,NA,NA,NA,NA,NA,NA,NA,NA,NA,NA,NA,NA,NA,NA,NA,NA,NA,NA,NA,NA,NA,NA,NA,NA,NA,NA,NA,NA,NA,NA,NA,NA,NA,NA,NA,NA,NA,NA,NA,NA,NA,NA,NA,NA,NA,NA,NA,NA,NA,NA,NA,NA,NA,NA,NA,NA,NA,NA,NA,NA,1,1977,2,38,5,NA,1,1,1,NA,NA,NA,NA,NA,NA,4,"srep5789",1,0,0,0,0,NA,NA
"457",114,253666,166,1,NA,NA,,,,1,,1,,,NA,NA,NA,NA,1,"srep5196",NA,12,NA,NA,2,3,2,1,30,26,48,NA,NA,NA,NA,8,33,NA,NA,NA,NA,NA,NA,2,5,4,NA,NA,NA,NA,NA,NA,NA,NA,NA,2,5,2,4,1,4,NA,3,1,1,1,NA,1,46,NA,NA,1,NA,NA,NA,NA,NA,NA,NA,NA,NA,NA,NA,1,NA,NA,NA,NA,1,NA,NA,NA,NA,0,3,4,4,1,NA,NA,1,NA,100,15,40,100,100,100,100,1,1,2,NA,NA,4,NA,2,8,1,1,2,NA,NA,NA,NA,NA,NA,NA,NA,15,17,5,1,3,1,3,NA,NA,NA,NA,7,10,10,10,10,1,NA,NA,NA,2,6,4,3,5,3,4,3,6,NA,60,NA,1,NA,NA,NA,NA,NA,1958,1,6,NA,2,NA,NA,,,NA,NA,NA,NA,5,NA,,2,2,2,,6,NA,NA,NA,NA,NA,NA,NA,NA,NA,NA,NA,NA,NA,NA,NA,NA,NA,NA,NA,NA,NA,NA,NA,NA,NA,NA,NA,NA,NA,NA,NA,NA,NA,NA,NA,NA,NA,NA,NA,NA,NA,NA,NA,NA,NA,NA,NA,NA,NA,NA,NA,NA,NA,NA,NA,NA,NA,NA,NA,NA,3,1,1958,5,56,5,NA,4,1,1,NA,NA,NA,NA,NA,NA,62,"srep5196",1,0,1,0,0,NA,NA
"458",115,253670,169,1,NA,NA,,,,1,,1,,,NA,NA,NA,NA,1,"srep6957",NA,12,NA,NA,2,10,8,1,9,NA,NA,NA,NA,NA,NA,NA,NA,NA,NA,2,NA,2,NA,2,3,1,NA,NA,NA,NA,NA,NA,NA,NA,NA,1,5,1,3,1,5,NA,3,NA,NA,NA,NA,1,39,NA,NA,1,NA,NA,NA,NA,NA,NA,NA,NA,NA,1,NA,NA,NA,NA,NA,NA,1,NA,1,NA,NA,0,2,1,5,1,NA,NA,2,NA,50,30,70,50,50,70,50,2,NA,NA,15,18,2,NA,2,7,3,3,5,NA,NA,NA,NA,NA,NA,NA,NA,5,31,9,1,3,1,3,NA,NA,NA,NA,5,10,5,5,5,2,NA,NA,NA,5,4,5,3,3,2,2,2,6,NA,32,NA,1,NA,NA,NA,NA,NA,1984,1,6,NA,2,NA,NA,,,NA,NA,NA,1,5,,,2,2,2,,4,NA,NA,NA,NA,NA,NA,NA,NA,NA,NA,NA,NA,NA,NA,NA,NA,NA,NA,NA,NA,NA,NA,NA,NA,NA,NA,NA,NA,NA,NA,NA,NA,NA,NA,NA,NA,NA,NA,NA,NA,NA,NA,NA,NA,NA,NA,NA,NA,NA,NA,NA,NA,NA,NA,NA,NA,NA,NA,NA,NA,3,1,1984,4,86,2,NA,4,1,1,NA,NA,NA,NA,NA,NA,31,"srep6957",1,0,0,0,0,NA,NA
"459",116,253675,169,1,NA,NA,,,,1,,1,,,NA,NA,NA,NA,1,"srep9794",NA,21,NA,NA,1,NA,NA,2,NA,NA,NA,10,18,19,NA,NA,NA,1,1,NA,NA,NA,NA,1,NA,NA,12,7,1,1,NA,0,0,0,0,2,4,1,4,1,5,NA,3,NA,NA,NA,NA,1,34,NA,NA,NA,NA,NA,1,NA,NA,NA,NA,NA,NA,1,NA,NA,NA,NA,1,10,NA,NA,NA,1,1,4,3,4,1,1,NA,NA,2,NA,70,20,80,70,70,70,10,1,2,3,NA,NA,3,NA,2,9,2,NA,NA,2,2,5,3,2,2,5,5,20,25,31,1,4,1,3,NA,NA,NA,NA,8,10,7,0,5,1,NA,11,2,2,6,3,3,2,4,2,2,4,NA,54,NA,1,NA,NA,NA,NA,NA,1967,1,4,NA,2,NA,NA,,,NA,NA,NA,1,5,,,2,2,1,,6,NA,NA,NA,NA,NA,NA,NA,NA,NA,NA,NA,NA,NA,NA,NA,NA,NA,NA,NA,NA,NA,NA,NA,NA,NA,NA,NA,NA,NA,NA,NA,NA,NA,NA,NA,NA,NA,NA,NA,NA,NA,NA,NA,NA,NA,NA,NA,NA,NA,NA,NA,NA,NA,NA,NA,NA,NA,NA,NA,NA,4,1,1967,4,42,1,NA,6,1,NA,1,NA,NA,NA,NA,NA,54,"srep9794",1,0,0,0,0,NA,NA
"460",117,253727,170,1,NA,NA,,,,1,,1,,,NA,NA,NA,NA,1,"srep8549",NA,20,NA,NA,2,5,4,2,NA,NA,NA,31,35,28,NA,NA,NA,2,33,NA,NA,NA,NA,2,1,1,NA,NA,NA,NA,NA,NA,NA,NA,NA,7,4,1,1,3,7,NA,5,NA,NA,NA,NA,1,48,1,NA,NA,NA,NA,1,NA,NA,NA,NA,1,NA,1,NA,1,NA,NA,1,7,NA,NA,NA,1,7,1,4,5,4,2,NA,NA,NA,2,85,85,70,85,85,85,30,1,1,3,NA,NA,2,NA,2,8,4,1,2,NA,NA,NA,NA,NA,NA,NA,NA,21,6,33,2,NA,NA,NA,1,2,3,3,6,9,2,7,7,3,2,NA,NA,3,3,5,4,3,3,1,3,4,NA,NA,NA,NA,NA,NA,NA,NA,NA,NA,NA,NA,NA,NA,NA,NA,NA,NA,NA,NA,NA,NA,NA,NA,NA,NA,NA,NA,NA,NA,NA,NA,NA,NA,NA,NA,NA,NA,NA,NA,NA,NA,NA,NA,NA,NA,NA,NA,NA,NA,NA,NA,NA,NA,NA,NA,NA,NA,NA,NA,NA,NA,NA,NA,NA,NA,NA,NA,NA,NA,NA,NA,NA,NA,NA,NA,NA,NA,NA,NA,NA,NA,NA,NA,NA,NA,NA,NA,NA,NA,NA,1,1983,4,92,5,NA,6,1,1,NA,NA,NA,NA,NA,NA,NA,NA,NA,NA,NA,NA,NA,NA,NA
"461",118,253738,171,1,NA,NA,,,,1,,1,,,NA,NA,NA,NA,1,"srep9215",NA,12,NA,NA,1,NA,NA,1,30,26,4,NA,NA,NA,NA,8,34,NA,NA,NA,NA,NA,NA,1,NA,NA,7,NA,NA,NA,NA,NA,10,NA,NA,1,5,2,5,2,4,NA,8,1,1,1,NA,NA,NA,NA,NA,NA,1,NA,NA,NA,NA,NA,NA,NA,NA,NA,NA,1,NA,NA,NA,NA,NA,NA,NA,NA,NA,1,4,2,4,1,NA,NA,1,NA,75,25,60,75,75,75,75,1,1,3,NA,NA,4,NA,1,5,2,NA,NA,0,7,5,1,5,3,6,0,12,25,3,1,3,1,3,NA,NA,NA,NA,2,9,0,0,1,2,NA,10,2,2,6,5,2,1,3,3,3,5,NA,100,NA,1,NA,NA,NA,NA,NA,1973,1,3,NA,2,NA,NA,,,NA,NA,NA,1,7,,,2,1,2,,4,NA,NA,NA,NA,NA,NA,NA,NA,NA,NA,NA,NA,NA,NA,NA,NA,NA,NA,NA,NA,NA,NA,NA,NA,NA,NA,NA,NA,NA,NA,NA,NA,NA,NA,NA,NA,NA,NA,NA,NA,NA,NA,NA,NA,NA,NA,NA,NA,NA,NA,NA,NA,NA,NA,NA,NA,NA,NA,NA,NA,4,1,1973,4,94,2,NA,4,1,NA,NA,NA,1,NA,NA,NA,99,"srep9215",1,0,0,0,0,NA,NA
"462",120,253804,172,1,NA,NA,,,,1,,1,,,NA,NA,NA,NA,1,"srep8197",NA,37,NA,NA,2,8,3,1,32,24,NA,NA,NA,NA,NA,6,40,NA,NA,NA,NA,NA,NA,1,NA,NA,9,1,1,1,NA,0,0,0,0,1,5,3,6,2,3,NA,3,NA,1,1,NA,NA,NA,NA,NA,NA,NA,NA,NA,NA,NA,NA,NA,NA,NA,NA,NA,1,NA,NA,NA,NA,NA,NA,1,NA,NA,0,2,2,3,1,NA,NA,1,NA,NA,NA,NA,NA,NA,NA,NA,1,1,3,NA,NA,2,NA,1,7,6,NA,NA,0,0,5,0,0,0,5,5,21,25,17,1,3,1,3,NA,NA,NA,NA,7,10,2,5,5,1,NA,NA,NA,4,4,7,4,4,3,2,2,4,NA,NA,NA,NA,NA,NA,NA,NA,NA,NA,NA,NA,NA,NA,NA,NA,NA,NA,NA,NA,NA,NA,NA,NA,NA,NA,NA,NA,NA,NA,NA,NA,NA,NA,NA,NA,NA,NA,NA,NA,NA,NA,NA,NA,NA,NA,NA,NA,NA,NA,NA,NA,NA,NA,NA,NA,NA,NA,NA,NA,NA,NA,NA,NA,NA,NA,NA,NA,NA,NA,NA,NA,NA,NA,NA,NA,NA,NA,NA,NA,NA,NA,NA,NA,NA,NA,NA,NA,NA,NA,3,2,1970,4,51,2,NA,4,1,1,NA,NA,NA,NA,NA,NA,NA,NA,NA,NA,NA,NA,NA,NA,NA
"463",121,253811,173,1,NA,NA,,,,1,,1,,,NA,NA,NA,NA,1,"srep9651",NA,15,NA,NA,1,NA,NA,1,49,26,48,NA,NA,NA,NA,36,50,NA,NA,NA,NA,NA,NA,1,NA,NA,14,NA,NA,NA,NA,NA,10,NA,NA,2,3,3,5,2,4,NA,3,NA,NA,NA,NA,1,NA,NA,NA,1,1,NA,NA,NA,NA,NA,NA,NA,NA,1,NA,1,NA,NA,NA,NA,NA,NA,1,1,23,0,4,1,4,2,NA,NA,NA,1,100,45,65,100,100,100,45,2,NA,NA,15,16,4,NA,2,10,2,NA,NA,0,0,0,0,0,0,0,0,19,8,17,1,3,1,3,NA,NA,NA,NA,7,9,2,6,8,2,NA,11,2,3,2,6,5,3,1,1,2,7,NA,52,NA,1,NA,NA,NA,NA,NA,1972,1,3,NA,1,2,31,NA,NA,NA,NA,NA,2,5,,,2,2,2,,2,NA,NA,NA,NA,NA,NA,NA,NA,NA,NA,NA,NA,NA,NA,NA,NA,NA,NA,NA,NA,NA,NA,NA,NA,NA,NA,NA,NA,NA,NA,NA,NA,NA,NA,NA,NA,NA,NA,NA,NA,NA,NA,NA,NA,NA,NA,NA,NA,NA,NA,NA,NA,NA,NA,NA,NA,NA,NA,NA,NA,3,1,1972,2,15,2,NA,2,1,NA,NA,NA,1,NA,NA,NA,51,"srep9651",1,0,0,0,0,NA,NA
"464",137,255564,193,1,NA,NA,,,,1,,1,,,NA,NA,NA,NA,1,"srep5658",NA,37,NA,NA,2,3,2,2,NA,NA,NA,7,17,27,NA,NA,NA,19,36,NA,NA,NA,NA,2,4,3,NA,NA,NA,NA,NA,NA,NA,NA,NA,2,5,3,6,2,6,NA,3,NA,NA,NA,1,1,54,1,1,NA,1,NA,1,NA,NA,1,1,NA,NA,1,NA,1,NA,NA,1,23,1,NA,1,1,8,6,1,5,4,1,NA,NA,2,NA,90,5,85,90,90,90,90,1,3,3,NA,NA,4,NA,1,7,1,3,4,NA,NA,NA,NA,NA,NA,NA,NA,19,2,5,1,3,1,3,NA,NA,NA,NA,10,10,10,9,9,1,NA,NA,NA,3,3,4,3,2,3,3,4,5,NA,NA,NA,NA,NA,NA,NA,NA,NA,NA,NA,NA,NA,NA,NA,NA,NA,NA,NA,NA,NA,NA,NA,NA,NA,NA,NA,NA,NA,NA,NA,NA,NA,NA,NA,NA,NA,NA,NA,NA,NA,NA,NA,NA,NA,NA,NA,NA,NA,NA,NA,NA,NA,NA,NA,NA,NA,NA,NA,NA,NA,NA,NA,NA,NA,NA,NA,NA,NA,NA,NA,NA,NA,NA,NA,NA,NA,NA,NA,NA,NA,NA,NA,NA,NA,NA,NA,NA,NA,NA,3,2,1976,4,90,2,NA,4,1,1,NA,NA,NA,NA,NA,NA,NA,NA,NA,NA,NA,NA,NA,NA,NA
"465",126,254101,178,1,NA,NA,,,,1,,1,,,NA,NA,NA,NA,1,"srep9547",NA,16,NA,NA,1,NA,NA,1,33,8,23,NA,NA,NA,NA,NA,47,NA,NA,1,NA,NA,NA,2,3,1,NA,NA,NA,NA,NA,NA,NA,NA,NA,1,5,4,7,1,5,NA,8,1,1,NA,1,NA,NA,1,NA,1,1,NA,1,NA,NA,1,NA,NA,NA,1,NA,NA,NA,NA,NA,NA,NA,NA,NA,1,2,7,4,1,5,1,NA,NA,2,NA,100,75,100,100,100,100,100,1,3,3,NA,NA,4,NA,2,5,6,1,2,NA,NA,NA,NA,NA,NA,NA,NA,9,31,14,2,NA,NA,NA,4,3,1,3,8,10,5,0,5,1,NA,3,2,4,4,4,4,4,3,2,4,5,NA,NA,NA,NA,NA,NA,NA,NA,NA,NA,NA,NA,NA,NA,NA,NA,NA,NA,NA,NA,NA,NA,NA,NA,NA,NA,NA,NA,NA,NA,NA,NA,NA,NA,NA,NA,NA,NA,NA,NA,NA,NA,NA,NA,NA,NA,NA,NA,NA,NA,NA,NA,NA,NA,NA,NA,NA,NA,NA,NA,NA,NA,NA,NA,NA,NA,NA,NA,NA,NA,NA,NA,NA,NA,NA,NA,NA,NA,NA,NA,NA,NA,NA,NA,NA,NA,NA,NA,NA,NA,NA,1,1952,2,49,1,NA,6,1,1,NA,NA,NA,NA,NA,NA,NA,NA,NA,NA,NA,NA,NA,NA,NA
"466",128,254228,184,1,NA,NA,,,,1,,1,,,NA,NA,NA,NA,1,"srep6262",NA,17,NA,NA,1,NA,NA,1,27,6,34,NA,NA,NA,NA,11,22,NA,NA,NA,NA,NA,NA,1,NA,NA,3,NA,NA,NA,NA,NA,10,NA,NA,1,4,3,7,8,8,NA,3,NA,1,NA,NA,1,13,NA,NA,NA,NA,NA,NA,NA,NA,NA,NA,NA,NA,NA,NA,1,NA,NA,NA,NA,NA,NA,NA,NA,NA,1,1,1,5,1,NA,NA,1,NA,50,20,75,50,50,50,50,2,NA,NA,30,22,2,NA,1,9,1,NA,NA,0,0,7,7,0,0,3,5,17,14,9,1,3,1,3,NA,NA,NA,NA,9,10,0,5,8,2,NA,10,2,2,5,3,5,6,2,4,2,6,NA,145,NA,1,NA,NA,NA,NA,NA,1960,2,6,NA,1,2,21,NA,NA,NA,NA,NA,1,7,,,2,1,2,,6,NA,NA,NA,NA,NA,NA,NA,NA,NA,NA,NA,NA,NA,NA,NA,NA,NA,NA,NA,NA,NA,NA,NA,NA,NA,NA,NA,NA,NA,NA,NA,NA,NA,NA,NA,NA,NA,NA,NA,NA,NA,NA,NA,NA,NA,NA,NA,NA,NA,NA,NA,NA,NA,NA,NA,NA,NA,NA,NA,NA,3,2,1960,3,103,1,NA,4,1,1,NA,NA,NA,NA,NA,NA,140,"srep6262",1,0,0,0,0,NA,NA
"467",129,254248,185,1,NA,NA,,,,1,NA,NA,NA,,NA,NA,NA,NA,1,"srep9289",NA,16,NA,NA,2,1,1,2,NA,NA,NA,NA,NA,NA,NA,NA,NA,NA,NA,NA,1,NA,4,2,3,1,NA,NA,NA,NA,NA,NA,NA,NA,NA,1,4,4,7,1,4,NA,3,NA,NA,NA,NA,NA,NA,NA,NA,NA,NA,NA,NA,NA,NA,NA,NA,NA,NA,NA,NA,1,NA,NA,NA,NA,NA,NA,NA,1,25,0,1,1,5,3,8,NA,NA,NA,NA,15,65,NA,NA,100,70,2,NA,NA,19,4,2,NA,1,6,6,1,2,NA,NA,NA,NA,NA,NA,NA,NA,7,25,24,1,3,1,3,NA,NA,NA,NA,1,10,6,8,7,1,NA,NA,NA,3,2,7,6,6,2,4,2,6,NA,62,NA,1,NA,NA,NA,NA,NA,1976,2,6,NA,2,NA,NA,,,NA,NA,NA,3,3,,,2,2,2,NA,3,NA,NA,NA,NA,NA,NA,NA,NA,NA,NA,NA,NA,NA,NA,NA,NA,NA,NA,NA,NA,NA,NA,NA,NA,NA,NA,NA,NA,NA,NA,NA,NA,NA,NA,NA,NA,NA,NA,NA,NA,NA,NA,NA,NA,NA,NA,NA,NA,NA,NA,NA,NA,NA,NA,NA,NA,NA,NA,NA,NA,1,2,1976,6,95,4,3,4,1,1,NA,NA,NA,NA,NA,NA,63,"srep9289",1,0,0,0,0,NA,NA
"468",130,254758,187,1,NA,NA,,,,1,,1,,,NA,NA,NA,NA,1,"srep7607",NA,25,NA,NA,2,3,4,1,33,7,25,NA,NA,NA,NA,12,21,NA,NA,NA,NA,NA,NA,2,5,1,NA,NA,NA,NA,NA,NA,NA,NA,NA,1,5,1,4,1,7,NA,5,NA,NA,NA,NA,1,26,1,1,1,1,1,1,2,NA,NA,NA,NA,NA,NA,NA,1,NA,NA,NA,NA,NA,NA,1,NA,NA,7,1,2,3,2,NA,NA,NA,1,40,15,60,60,50,100,40,1,1,2,NA,NA,2,NA,2,9,2,1,5,NA,NA,NA,NA,NA,NA,NA,NA,27,6,15,1,2,1,3,NA,NA,NA,NA,7,10,5,0,10,2,NA,NA,NA,3,7,3,3,3,5,4,4,5,NA,147,NA,1,NA,NA,NA,NA,NA,1956,1,3,NA,1,2,35,NA,NA,NA,NA,NA,2,4,,,2,2,2,,4,NA,NA,NA,NA,NA,NA,NA,NA,NA,NA,NA,NA,NA,NA,NA,NA,NA,NA,NA,NA,NA,NA,NA,NA,NA,NA,NA,NA,NA,NA,NA,NA,NA,NA,NA,NA,NA,NA,NA,NA,NA,NA,NA,NA,NA,NA,NA,NA,NA,NA,NA,NA,NA,NA,NA,NA,NA,NA,NA,NA,3,1,1956,4,37,5,NA,3,1,NA,NA,NA,1,NA,1,NA,141,"srep7607",1,0,0,0,0,NA,NA
"469",131,254763,186,1,NA,NA,,,,1,,1,,,NA,NA,NA,NA,1,"srep6199",NA,11,NA,NA,1,NA,NA,2,NA,NA,NA,5,12,19,NA,NA,NA,10,5,NA,NA,NA,NA,2,3,4,NA,NA,NA,NA,NA,NA,NA,NA,NA,2,4,2,7,2,6,NA,3,NA,1,NA,NA,NA,NA,NA,NA,1,NA,NA,NA,NA,NA,NA,NA,NA,NA,1,NA,1,NA,NA,NA,NA,1,NA,NA,NA,NA,1,3,3,2,1,NA,NA,2,NA,100,15,85,100,100,100,85,2,NA,NA,19,16,4,NA,1,6,6,1,2,NA,NA,NA,NA,NA,NA,NA,NA,9,1,1,1,3,1,3,NA,NA,NA,NA,6,10,5,5,6,2,NA,8,2,3,5,4,2,2,3,3,3,5,NA,134,NA,1,NA,NA,NA,NA,NA,1958,1,6,NA,2,NA,NA,,,NA,NA,NA,1,7,,,2,2,1,,2,NA,NA,NA,NA,NA,NA,NA,NA,NA,NA,NA,NA,NA,NA,NA,NA,NA,NA,NA,NA,NA,NA,NA,NA,NA,NA,NA,NA,NA,NA,NA,NA,NA,NA,NA,NA,NA,NA,NA,NA,NA,NA,NA,NA,NA,NA,NA,NA,NA,NA,NA,NA,NA,NA,NA,NA,NA,NA,NA,NA,3,1,1958,2,24,3,NA,4,1,1,NA,NA,NA,NA,NA,NA,130,"srep6199",1,0,0,0,0,NA,NA
"470",132,254786,188,1,NA,NA,,,,1,,1,,,NA,NA,NA,NA,1,"srep9626",NA,22,NA,NA,2,7,4,2,NA,NA,NA,NA,NA,NA,NA,NA,NA,NA,34,NA,NA,NA,5,2,5,4,NA,NA,NA,NA,NA,NA,NA,NA,NA,1,4,3,1,8,8,NA,6,1,1,1,1,1,23,1,1,1,1,NA,1,NA,1,1,NA,1,NA,1,NA,1,1,1,NA,NA,NA,NA,1,NA,NA,7,4,3,5,1,NA,NA,1,NA,100,60,80,100,100,100,10,1,1,3,NA,NA,2,NA,1,5,2,NA,2,NA,NA,NA,NA,NA,NA,NA,NA,12,12,21,2,NA,NA,NA,4,1,3,3,5,8,5,9,9,1,NA,NA,NA,3,4,5,4,2,4,3,4,5,NA,8,NA,1,NA,NA,NA,NA,NA,1961,1,3,NA,1,2,17,NA,NA,NA,NA,NA,1,5,,,NA,1,1,,4,NA,NA,NA,NA,NA,NA,NA,NA,NA,NA,NA,NA,NA,NA,NA,NA,NA,NA,NA,NA,NA,NA,NA,NA,NA,NA,NA,NA,NA,NA,NA,NA,NA,NA,NA,NA,NA,NA,NA,NA,NA,NA,NA,NA,NA,NA,NA,NA,NA,NA,NA,NA,NA,NA,NA,NA,NA,NA,NA,NA,NA,1,1961,4,38,4,9,6,1,NA,NA,NA,1,NA,NA,NA,7,"srep9626",1,0,0,0,0,NA,NA
"471",133,254802,189,1,NA,NA,,,,1,,1,,,NA,NA,NA,NA,1,"srep6073",NA,24,NA,NA,1,NA,NA,1,NA,NA,NA,NA,NA,NA,NA,NA,NA,NA,NA,2,NA,2,NA,1,NA,NA,1,1,1,1,NA,0,0,0,0,5,6,8,1,8,8,NA,5,NA,NA,NA,NA,1,41,NA,NA,NA,NA,1,NA,7,NA,NA,NA,NA,1,NA,14,NA,NA,NA,NA,NA,NA,NA,1,NA,NA,1,4,1,1,2,NA,NA,NA,3,30,50,50,50,40,60,20,1,2,2,NA,NA,2,NA,1,4,2,NA,NA,3,2,8,0,0,0,5,0,5,6,28,2,NA,NA,NA,1,1,3,3,2,10,0,0,1,2,NA,6,10,3,5,5,5,3,5,5,5,5,NA,49,NA,1,NA,NA,NA,NA,NA,1956,1,3,NA,1,2,7,NA,NA,NA,NA,NA,3,1,,,2,2,1,,4,NA,NA,NA,NA,NA,NA,NA,NA,NA,NA,NA,NA,NA,NA,NA,NA,NA,NA,NA,NA,NA,NA,NA,NA,NA,NA,NA,NA,NA,NA,NA,NA,NA,NA,NA,NA,NA,NA,NA,NA,NA,NA,NA,NA,NA,NA,NA,NA,NA,NA,NA,NA,NA,NA,NA,NA,NA,NA,NA,NA,NA,1,1956,4,66,2,NA,4,1,NA,NA,NA,1,NA,NA,NA,48,"srep6073",1,0,0,0,0,NA,NA
"472",134,254963,190,1,NA,NA,,,,1,,1,,,NA,NA,NA,NA,1,"srep8468",NA,11,NA,NA,2,9,3,1,15,2,NA,NA,NA,NA,NA,NA,NA,NA,NA,2,NA,2,NA,2,2,3,NA,NA,NA,NA,NA,NA,NA,NA,NA,2,5,1,5,1,7,NA,3,NA,1,NA,NA,NA,NA,1,1,1,1,NA,1,NA,NA,NA,NA,1,NA,1,NA,1,NA,NA,NA,NA,1,NA,1,NA,NA,2,4,2,7,1,NA,NA,1,NA,85,30,85,70,85,85,85,1,1,3,NA,NA,4,NA,2,9,1,2,3,NA,NA,NA,NA,NA,NA,NA,NA,9,4,24,1,3,4,3,NA,NA,NA,NA,6,6,6,2,5,2,NA,NA,NA,3,4,5,3,2,5,3,3,6,NA,11,NA,1,NA,NA,NA,NA,NA,1975,1,6,NA,1,2,4,NA,NA,NA,NA,NA,1,5,,,2,1,1,,2,NA,NA,NA,NA,NA,NA,NA,NA,NA,NA,NA,NA,NA,NA,NA,NA,NA,NA,NA,NA,NA,NA,NA,NA,NA,NA,NA,NA,NA,NA,NA,NA,NA,NA,NA,NA,NA,NA,NA,NA,NA,NA,NA,NA,NA,NA,NA,NA,NA,NA,NA,NA,NA,NA,NA,NA,NA,NA,NA,NA,3,1,1975,2,28,2,NA,4,1,1,NA,NA,NA,NA,NA,NA,11,"srep8468",1,0,0,0,0,NA,NA
"473",135,255262,191,1,NA,NA,,,,1,,1,,,NA,NA,NA,NA,1,"srep7233",NA,130,NA,NA,1,NA,NA,2,NA,NA,NA,25,24,3,NA,NA,NA,7,11,NA,NA,NA,NA,1,NA,NA,5,1,6,5,NA,1,9,2,1,1,4,2,6,2,4,NA,8,NA,1,NA,NA,NA,NA,NA,NA,NA,NA,NA,NA,NA,NA,NA,NA,NA,NA,1,NA,1,NA,NA,NA,NA,1,NA,NA,NA,NA,0,2,7,3,1,NA,NA,2,NA,85,10,70,80,80,85,70,2,NA,NA,25,4,3,NA,1,8,1,NA,NA,0,0,7,0,0,0,8,6,17,11,31,1,3,1,3,NA,NA,NA,NA,9,10,9,8,7,1,NA,3,2,2,6,3,4,2,2,2,3,6,NA,29,NA,1,NA,NA,NA,NA,NA,1977,1,6,NA,2,NA,NA,,,NA,NA,NA,1,7,,,2,1,2,,6,NA,NA,NA,NA,NA,NA,NA,NA,NA,NA,NA,NA,NA,NA,NA,NA,NA,NA,NA,NA,NA,NA,NA,NA,NA,NA,NA,NA,NA,NA,NA,NA,NA,NA,NA,NA,NA,NA,NA,NA,NA,NA,NA,NA,NA,NA,NA,NA,NA,NA,NA,NA,NA,NA,NA,NA,NA,NA,NA,NA,4,1,1977,3,85,5,NA,1,1,1,NA,NA,NA,NA,NA,NA,28,"srep7233",0,1,0,0,0,NA,NA
"474",136,255367,192,1,NA,NA,,,,1,,1,,,NA,NA,NA,NA,1,"srep9543",NA,16,NA,NA,2,3,2,1,19,8,26,NA,NA,NA,NA,NA,NA,NA,NA,1,NA,4,NA,2,3,4,NA,NA,NA,NA,NA,NA,NA,NA,NA,3,4,3,5,2,5,NA,3,NA,NA,NA,NA,1,10,1,NA,NA,NA,NA,NA,NA,NA,NA,NA,NA,NA,1,NA,1,NA,NA,1,12,NA,NA,1,NA,NA,5,3,3,2,1,NA,NA,2,NA,60,15,70,70,60,70,50,2,NA,NA,19,17,2,NA,2,7,2,3,4,NA,NA,NA,NA,NA,NA,NA,NA,5,25,9,2,NA,NA,NA,3,1,3,4,5,10,7,10,5,1,NA,NA,NA,5,6,4,3,3,3,2,3,4,NA,84,NA,1,NA,NA,NA,NA,NA,1953,1,6,NA,2,NA,NA,,,NA,NA,NA,1,5,,,2,2,1,,4,NA,NA,NA,NA,NA,NA,NA,NA,NA,NA,NA,NA,NA,NA,NA,NA,NA,NA,NA,NA,NA,NA,NA,NA,NA,NA,NA,NA,NA,NA,NA,NA,NA,NA,NA,NA,NA,NA,NA,NA,NA,NA,NA,NA,NA,NA,NA,NA,NA,NA,NA,NA,NA,NA,NA,NA,NA,NA,NA,NA,NA,1,1953,4,NA,2,NA,1,1,1,NA,NA,NA,NA,NA,NA,86,"srep9543",1,0,0,0,0,NA,NA
"475",139,256511,1,1,NA,NA,,,,1,,1,,,NA,NA,NA,NA,1,"srep9226",NA,85,NA,NA,2,9,5,1,NA,NA,NA,NA,NA,NA,NA,NA,NA,NA,NA,2,NA,2,NA,2,3,1,NA,NA,NA,NA,NA,NA,NA,NA,NA,3,5,2,4,1,5,NA,6,NA,NA,NA,NA,NA,NA,NA,NA,NA,NA,NA,NA,NA,NA,NA,NA,NA,NA,NA,NA,1,NA,NA,NA,NA,NA,NA,1,NA,NA,0,NA,2,6,1,NA,NA,2,NA,100,85,85,100,100,100,85,2,NA,NA,9,16,4,NA,3,2,4,1,1,NA,NA,NA,NA,NA,NA,NA,NA,25,12,24,2,NA,NA,NA,3,1,3,3,4,10,0,2,6,1,NA,NA,NA,4,6,4,3,4,2,2,2,6,NA,117,NA,1,NA,NA,NA,NA,NA,1970,1,6,NA,2,NA,NA,,,NA,NA,NA,1,5,,,1,2,1,,2,NA,NA,NA,NA,NA,NA,NA,NA,NA,NA,NA,NA,NA,NA,NA,NA,NA,NA,NA,NA,NA,NA,NA,NA,NA,NA,NA,NA,NA,NA,NA,NA,NA,NA,NA,NA,NA,NA,NA,NA,NA,NA,NA,NA,NA,NA,NA,NA,NA,NA,NA,NA,NA,NA,NA,NA,NA,NA,NA,NA,NA,1,1970,2,NA,2,NA,2,1,1,NA,NA,NA,NA,NA,NA,114,"srep9226",1,0,0,0,0,NA,NA
"476",141,257099,3,1,NA,NA,,,,1,,1,,,NA,NA,NA,NA,1,"srep5709",NA,34,NA,NA,2,6,7,2,NA,NA,NA,NA,NA,NA,NA,NA,NA,NA,NA,NA,1,NA,2,2,3,1,NA,NA,NA,NA,NA,NA,NA,NA,NA,4,4,2,3,1,7,NA,3,NA,NA,NA,NA,NA,NA,1,1,NA,1,NA,1,NA,NA,NA,NA,NA,NA,1,NA,NA,NA,NA,NA,NA,NA,NA,1,NA,NA,5,2,1,2,1,NA,NA,2,NA,NA,NA,NA,NA,NA,NA,NA,2,NA,NA,9,17,4,NA,2,8,6,5,4,NA,NA,NA,NA,NA,NA,NA,NA,17,12,12,1,1,4,3,NA,NA,NA,NA,2,6,2,5,7,1,NA,NA,NA,2,4,4,3,2,4,2,4,6,NA,116,NA,1,NA,NA,NA,NA,NA,1977,1,6,NA,2,NA,NA,,,NA,NA,NA,1,5,,,2,2,1,,2,NA,NA,NA,NA,NA,NA,NA,NA,NA,NA,NA,NA,NA,NA,NA,NA,NA,NA,NA,NA,NA,NA,NA,NA,NA,NA,NA,NA,NA,NA,NA,NA,NA,NA,NA,NA,NA,NA,NA,NA,NA,NA,NA,NA,NA,NA,NA,NA,NA,NA,NA,NA,NA,NA,NA,NA,NA,NA,NA,NA,4,1,1977,2,4,1,NA,2,1,1,NA,NA,NA,NA,NA,NA,113,"srep5709",1,0,0,0,0,NA,NA
"477",142,257396,4,1,NA,NA,,,,1,,1,,,NA,NA,NA,NA,1,"srep5249",NA,52,NA,NA,2,11,10,2,NA,NA,NA,25,9,7,NA,NA,NA,31,14,NA,NA,NA,NA,2,5,1,NA,NA,NA,NA,NA,NA,NA,NA,NA,2,3,2,5,2,7,NA,4,NA,NA,NA,NA,1,53,NA,NA,NA,1,NA,NA,NA,NA,NA,NA,NA,NA,NA,NA,1,NA,1,1,3,1,1,1,1,33,1,4,3,4,2,NA,NA,NA,1,70,40,70,70,70,100,40,2,NA,NA,19,13,4,NA,1,8,1,3,3,NA,NA,NA,NA,NA,NA,NA,NA,17,23,12,2,NA,NA,NA,3,1,3,3,8,10,10,10,8,3,4,NA,NA,3,6,7,3,2,6,6,4,4,NA,NA,NA,NA,NA,NA,NA,NA,NA,NA,NA,NA,NA,NA,NA,NA,NA,NA,NA,NA,NA,NA,NA,NA,NA,NA,NA,NA,NA,NA,NA,NA,NA,NA,NA,NA,NA,NA,NA,NA,NA,NA,NA,NA,NA,NA,NA,NA,NA,NA,NA,NA,NA,NA,NA,NA,NA,NA,NA,NA,NA,NA,NA,NA,NA,NA,NA,NA,NA,NA,NA,NA,NA,NA,NA,NA,NA,NA,NA,NA,NA,NA,NA,NA,NA,NA,NA,NA,NA,NA,NA,2,1970,4,16,4,9,1,1,NA,NA,NA,1,NA,NA,NA,NA,NA,NA,NA,NA,NA,NA,NA,NA
"478",143,257488,5,1,NA,NA,,,,1,,1,,,NA,NA,NA,NA,1,"srep8579",NA,17,NA,NA,2,10,2,1,32,25,30,NA,NA,NA,NA,11,2,NA,NA,NA,NA,NA,NA,2,5,4,NA,NA,NA,NA,NA,NA,NA,NA,NA,1,5,2,5,3,5,NA,3,1,NA,NA,NA,1,58,NA,NA,NA,NA,NA,NA,NA,NA,NA,NA,NA,NA,NA,NA,1,NA,NA,NA,NA,NA,NA,1,NA,NA,0,1,3,6,1,NA,NA,2,NA,60,40,40,60,60,85,40,2,NA,NA,19,NA,2,NA,1,6,2,NA,NA,NA,NA,NA,NA,NA,NA,NA,NA,21,4,24,2,NA,NA,NA,3,2,3,3,5,10,0,9,10,2,NA,NA,NA,2,6,3,3,2,3,4,4,6,NA,123,NA,1,NA,NA,NA,NA,NA,1957,1,6,NA,2,NA,NA,,,NA,NA,NA,1,5,,,1,1,2,,4,NA,NA,NA,NA,NA,NA,NA,NA,NA,NA,NA,NA,NA,NA,NA,NA,NA,NA,NA,NA,NA,NA,NA,NA,NA,NA,NA,NA,NA,NA,NA,NA,NA,NA,NA,NA,NA,NA,NA,NA,NA,NA,NA,NA,NA,NA,NA,NA,NA,NA,NA,NA,NA,NA,NA,NA,NA,NA,NA,NA,NA,1,1957,4,3,1,NA,5,1,1,NA,NA,NA,NA,NA,NA,120,"srep8579",1,0,0,0,0,NA,NA
"479",146,258151,18,1,NA,NA,,,,1,,1,,,NA,NA,NA,NA,1,"srep6551",NA,54,NA,NA,1,NA,NA,2,NA,NA,NA,NA,NA,NA,NA,NA,NA,NA,NA,NA,2,NA,2,2,3,1,NA,NA,NA,NA,NA,NA,NA,NA,NA,1,5,1,6,3,7,NA,1,NA,NA,NA,NA,1,17,NA,1,NA,NA,NA,NA,NA,1,NA,NA,NA,NA,NA,NA,NA,NA,NA,NA,NA,NA,NA,NA,1,34,0,3,1,8,4,NA,NA,NA,NA,85,70,30,100,70,85,15,2,NA,NA,6,3,1,NA,4,NA,6,1,3,NA,NA,NA,NA,NA,NA,NA,NA,28,5,26,1,3,1,3,NA,NA,NA,NA,7,10,5,1,5,4,NA,7,11,2,7,6,4,5,7,4,4,5,NA,NA,NA,NA,NA,NA,NA,NA,NA,NA,NA,NA,NA,NA,NA,NA,NA,NA,NA,NA,NA,NA,NA,NA,NA,NA,NA,NA,NA,NA,NA,NA,NA,NA,NA,NA,NA,NA,NA,NA,NA,NA,NA,NA,NA,NA,NA,NA,NA,NA,NA,NA,NA,NA,NA,NA,NA,NA,NA,NA,NA,NA,NA,NA,NA,NA,NA,NA,NA,NA,NA,NA,NA,NA,NA,NA,NA,NA,NA,NA,NA,NA,NA,NA,NA,NA,NA,NA,NA,NA,3,1,1953,1,59,5,NA,1,1,1,NA,NA,NA,NA,NA,NA,NA,NA,NA,NA,NA,NA,NA,NA,NA
"480",147,258392,19,1,NA,NA,,,,1,,1,,,NA,NA,NA,NA,1,"srep7183",NA,41,NA,NA,2,7,2,2,NA,NA,NA,30,NA,17,NA,NA,NA,32,NA,NA,1,NA,NA,1,NA,NA,5,1,1,1,NA,0,0,0,0,1,5,5,4,4,4,NA,3,NA,1,NA,NA,NA,NA,NA,NA,NA,NA,NA,NA,NA,NA,NA,NA,NA,NA,NA,NA,1,NA,NA,NA,NA,NA,NA,NA,NA,NA,0,NA,0,8,3,3,NA,NA,NA,40,0,15,40,40,60,60,1,1,2,NA,NA,2,NA,1,7,1,NA,NA,0,0,5,5,5,0,5,5,14,17,3,2,NA,NA,NA,3,1,3,3,7,0,0,0,0,3,14,NA,NA,2,7,4,2,2,2,2,3,6,NA,16,NA,1,NA,NA,NA,NA,NA,1974,2,6,NA,2,NA,NA,,,NA,NA,NA,3,1,,,1,2,2,,2,NA,NA,NA,NA,NA,NA,NA,NA,NA,NA,NA,NA,NA,NA,NA,NA,NA,NA,NA,NA,NA,NA,NA,NA,NA,NA,NA,NA,NA,NA,NA,NA,NA,NA,NA,NA,NA,NA,NA,NA,NA,NA,NA,NA,NA,NA,NA,NA,NA,NA,NA,NA,NA,NA,NA,NA,NA,NA,NA,NA,NA,2,1974,2,1,2,NA,4,1,1,NA,NA,NA,NA,NA,NA,14,"srep7183",1,0,0,0,0,NA,NA
"481",148,258923,20,1,NA,NA,,,,1,,1,NA,,NA,NA,NA,NA,1,"srep9470",NA,74,NA,NA,2,2,8,2,NA,NA,NA,NA,NA,NA,NA,NA,NA,NA,NA,NA,2,NA,3,1,NA,NA,NA,NA,8,NA,NA,NA,NA,5,NA,7,5,1,1,1,7,NA,4,NA,NA,NA,NA,NA,NA,1,1,NA,1,NA,1,NA,NA,NA,NA,NA,NA,NA,NA,NA,NA,NA,NA,NA,NA,NA,NA,NA,NA,1,4,2,7,2,NA,NA,NA,2,50,50,50,50,50,50,50,1,2,1,NA,NA,1,NA,5,NA,2,NA,NA,5,5,5,10,10,5,5,5,25,14,30,1,1,1,3,NA,NA,NA,NA,5,5,5,5,5,4,NA,NA,NA,5,6,6,4,1,4,4,4,4,NA,133,NA,1,NA,NA,NA,NA,NA,1963,1,3,NA,1,2,36,NA,NA,NA,NA,NA,4,2,,,2,2,1,NA,2,NA,NA,NA,NA,NA,NA,NA,NA,NA,NA,NA,NA,NA,NA,NA,NA,NA,NA,NA,NA,NA,NA,NA,NA,NA,NA,NA,NA,NA,NA,NA,NA,NA,NA,NA,NA,NA,NA,NA,NA,NA,NA,NA,NA,NA,NA,NA,NA,NA,NA,NA,NA,NA,NA,NA,NA,NA,NA,NA,NA,3,1,NA,2,NA,2,NA,1,1,NA,NA,NA,NA,NA,NA,NA,129,"srep9470",1,0,0,0,0,NA,NA
"482",149,259239,21,1,NA,NA,,,,1,,1,,,NA,NA,NA,NA,1,"srep9412",NA,46,NA,NA,2,6,12,1,26,1,22,NA,NA,NA,NA,10,40,NA,NA,NA,NA,NA,NA,2,5,2,NA,NA,NA,NA,NA,NA,NA,NA,NA,NA,5,1,NA,2,7,NA,4,NA,NA,NA,NA,1,54,1,1,NA,1,NA,1,NA,1,NA,NA,NA,NA,1,NA,NA,NA,NA,1,19,NA,NA,NA,1,20,7,1,7,3,4,NA,1,NA,NA,100,100,100,100,85,100,15,2,NA,NA,16,16,3,NA,2,9,2,5,4,NA,NA,NA,NA,NA,NA,NA,NA,21,26,15,1,3,1,3,NA,NA,NA,NA,7,10,0,0,0,4,NA,NA,NA,3,6,5,3,3,4,2,3,6,NA,61,NA,1,NA,NA,NA,NA,NA,1960,1,6,NA,2,NA,NA,,,NA,NA,NA,4,4,,,2,2,1,,1,NA,NA,NA,NA,NA,NA,NA,NA,NA,NA,NA,NA,NA,NA,NA,NA,NA,NA,NA,NA,NA,NA,NA,NA,NA,NA,NA,NA,NA,NA,NA,NA,NA,NA,NA,NA,NA,NA,NA,NA,NA,NA,NA,NA,NA,NA,NA,NA,NA,NA,NA,NA,NA,NA,NA,NA,NA,NA,NA,NA,3,1,1960,1,NA,1,NA,1,1,1,NA,NA,NA,NA,NA,NA,60,"srep9412",1,0,0,0,0,NA,NA
"483",150,259274,23,1,NA,NA,,,,1,,1,,,NA,NA,NA,NA,1,"srep5993",NA,13,NA,NA,2,8,8,1,33,15,35,NA,NA,NA,NA,26,45,NA,NA,NA,NA,NA,NA,1,NA,NA,3,NA,NA,NA,NA,NA,10,NA,NA,1,6,1,NA,NA,NA,NA,6,NA,1,NA,1,NA,NA,1,1,NA,1,NA,1,NA,1,1,NA,1,NA,1,NA,NA,1,NA,NA,NA,NA,NA,1,NA,NA,7,4,2,4,1,NA,NA,2,NA,NA,NA,100,NA,NA,100,0,1,1,1,NA,NA,2,NA,1,5,1,NA,NA,5,5,5,5,5,5,5,5,29,30,28,2,NA,NA,NA,2,3,1,2,5,0,0,0,5,1,NA,NA,NA,5,7,4,6,2,7,7,7,1,NA,31,NA,1,NA,NA,NA,NA,NA,1982,1,3,NA,1,1,2,NA,NA,NA,NA,NA,1,7,,,2,1,2,,4,NA,NA,NA,NA,NA,NA,NA,NA,NA,NA,NA,NA,NA,NA,NA,NA,NA,NA,NA,NA,NA,NA,NA,NA,NA,NA,NA,NA,NA,NA,NA,NA,NA,NA,NA,NA,NA,NA,NA,NA,NA,NA,NA,NA,NA,NA,NA,NA,NA,NA,NA,NA,NA,NA,NA,NA,NA,NA,NA,NA,NA,1,1982,4,NA,4,9,1,1,NA,NA,NA,1,NA,NA,NA,41,"srep5993",1,0,0,0,0,NA,NA
"484",151,259280,22,1,NA,NA,,,,1,,1,,,NA,NA,NA,NA,1,"srep7901",NA,10,NA,NA,1,NA,NA,2,NA,NA,NA,NA,NA,NA,NA,NA,NA,NA,23,NA,NA,NA,2,2,3,4,NA,NA,NA,NA,NA,NA,NA,NA,NA,1,5,3,5,2,4,NA,4,NA,NA,NA,NA,NA,NA,NA,NA,NA,NA,NA,NA,NA,NA,NA,NA,1,NA,NA,NA,1,NA,NA,NA,NA,NA,NA,NA,NA,NA,0,5,2,3,1,NA,NA,1,NA,85,60,70,85,85,85,85,1,1,3,NA,NA,4,NA,2,3,5,1,5,NA,NA,NA,NA,NA,NA,NA,NA,5,8,3,2,NA,NA,NA,4,1,3,3,6,10,3,5,5,2,NA,3,2,4,6,7,5,5,5,3,5,5,NA,28,NA,1,NA,NA,NA,NA,NA,1953,1,6,NA,1,2,36,NA,NA,NA,NA,NA,1,5,,,2,1,1,NA,1,NA,NA,NA,NA,NA,NA,NA,NA,NA,NA,NA,NA,NA,NA,NA,NA,NA,NA,NA,NA,NA,NA,NA,NA,NA,NA,NA,NA,NA,NA,NA,NA,NA,NA,NA,NA,NA,NA,NA,NA,NA,NA,NA,NA,NA,NA,NA,NA,NA,NA,NA,NA,NA,NA,NA,NA,NA,NA,NA,NA,NA,1,1953,6,91,2,NA,4,1,1,NA,NA,NA,NA,NA,NA,26,"srep7901",1,0,0,0,0,NA,NA
"485",152,259398,24,1,NA,NA,,,,1,,1,,,NA,NA,NA,NA,1,"srep8562",NA,30,NA,NA,1,NA,NA,2,NA,NA,NA,25,NA,19,NA,NA,NA,11,29,NA,NA,NA,NA,1,NA,NA,13,NA,4,NA,NA,0,8,0,0,2,5,3,4,2,5,NA,3,1,1,NA,NA,NA,NA,1,NA,NA,NA,NA,1,NA,NA,NA,NA,NA,NA,NA,NA,1,NA,NA,NA,NA,NA,NA,1,1,29,0,4,7,2,1,NA,NA,2,NA,70,15,70,85,70,85,40,2,NA,NA,19,7,4,NA,1,8,1,NA,NA,0,0,8,0,0,0,0,0,5,4,3,1,3,1,3,NA,NA,NA,NA,8,10,5,10,5,1,NA,3,2,2,5,4,1,1,3,2,3,2,NA,10,NA,1,NA,NA,NA,NA,NA,1962,1,6,NA,2,NA,NA,,,NA,NA,NA,1,5,,,2,1,1,,2,NA,NA,NA,NA,NA,NA,NA,NA,NA,NA,NA,NA,NA,NA,NA,NA,NA,NA,NA,NA,NA,NA,NA,NA,NA,NA,NA,NA,NA,NA,NA,NA,NA,NA,NA,NA,NA,NA,NA,NA,NA,NA,NA,NA,NA,NA,NA,NA,NA,NA,NA,NA,NA,NA,NA,NA,NA,NA,NA,NA,3,1,1962,2,28,5,NA,5,1,1,NA,NA,NA,NA,NA,NA,9,"srep8562",1,0,0,0,0,NA,NA
"486",153,259429,25,1,NA,NA,,,,1,,1,,,NA,NA,NA,NA,1,"srep7167",NA,6,NA,NA,2,6,9,1,14,26,48,NA,NA,NA,NA,NA,NA,NA,NA,1,NA,2,NA,1,NA,NA,1,1,1,1,NA,0,0,0,0,4,4,1,4,3,5,NA,4,NA,NA,NA,NA,NA,NA,NA,NA,NA,NA,NA,1,NA,NA,NA,NA,NA,NA,1,NA,1,NA,NA,NA,NA,NA,NA,1,NA,NA,1,2,0,5,2,NA,NA,NA,1,50,50,50,50,50,50,40,1,6,3,NA,NA,2,NA,3,4,1,NA,NA,2,2,2,2,2,2,2,2,18,8,3,1,3,1,3,NA,NA,NA,NA,4,5,0,0,0,2,NA,NA,NA,4,4,6,5,4,4,4,4,4,NA,NA,NA,NA,NA,NA,NA,NA,NA,NA,NA,NA,NA,NA,NA,NA,NA,NA,NA,NA,NA,NA,NA,NA,NA,NA,NA,NA,NA,NA,NA,NA,NA,NA,NA,NA,NA,NA,NA,NA,NA,NA,NA,NA,NA,NA,NA,NA,NA,NA,NA,NA,NA,NA,NA,NA,NA,NA,NA,NA,NA,NA,NA,NA,NA,NA,NA,NA,NA,NA,NA,NA,NA,NA,NA,NA,NA,NA,NA,NA,NA,NA,NA,NA,NA,NA,NA,NA,NA,NA,3,1,1979,1,44,2,NA,2,1,1,NA,NA,NA,NA,NA,NA,NA,NA,NA,NA,NA,NA,NA,NA,NA
"487",154,259447,26,1,NA,NA,,,,1,,1,,,NA,NA,NA,NA,1,"srep8624",NA,50,NA,NA,1,NA,NA,2,NA,NA,NA,NA,NA,NA,NA,NA,NA,NA,NA,NA,2,NA,2,1,NA,NA,1,1,1,1,NA,0,0,0,0,4,5,3,3,1,5,NA,6,NA,NA,NA,NA,1,37,NA,NA,NA,NA,1,NA,12,NA,NA,NA,NA,1,NA,10,1,NA,NA,NA,NA,NA,NA,1,NA,NA,0,4,1,1,1,NA,NA,1,NA,85,30,100,85,85,85,40,2,NA,NA,19,17,1,NA,1,6,6,NA,NA,5,7,7,1,0,0,0,7,13,25,20,2,NA,NA,NA,3,1,3,3,3,0,0,1,1,1,NA,9,5,4,5,6,4,4,4,4,5,3,NA,46,NA,1,NA,NA,NA,NA,NA,1970,1,6,NA,1,1,10,NA,NA,NA,NA,NA,NA,NA,NA,NA,NA,NA,NA,NA,NA,NA,NA,NA,NA,NA,NA,NA,NA,NA,NA,NA,NA,NA,NA,NA,NA,NA,NA,NA,NA,NA,NA,NA,NA,NA,NA,NA,NA,NA,NA,NA,NA,NA,NA,NA,NA,NA,NA,NA,NA,NA,NA,NA,NA,NA,NA,NA,NA,NA,NA,NA,NA,NA,NA,NA,NA,NA,NA,NA,NA,NA,1,1970,2,88,4,17,6,1,1,NA,NA,NA,NA,NA,NA,NA,"srep8624",1,0,0,0,0,NA,NA
"488",196,261115,64,1,NA,NA,,,,1,,1,,,NA,NA,NA,NA,1,"srep6032",NA,22,NA,NA,1,NA,NA,1,27,7,37,NA,NA,NA,NA,12,42,NA,NA,NA,NA,NA,NA,1,NA,NA,5,1,2,2,NA,1,5,1,1,1,5,4,7,2,4,NA,3,NA,1,NA,NA,NA,NA,NA,NA,NA,NA,NA,NA,NA,NA,NA,NA,NA,NA,1,NA,1,NA,NA,NA,NA,1,NA,NA,NA,NA,2,3,4,3,1,NA,NA,1,NA,75,75,80,80,80,85,75,2,NA,NA,23,16,2,NA,2,6,1,NA,NA,0,0,5,0,3,0,2,5,17,4,24,2,NA,NA,NA,3,1,3,4,6,10,2,5,3,1,NA,9,2,4,3,4,4,5,1,1,7,7,NA,90,NA,1,NA,NA,NA,NA,NA,1967,2,6,NA,2,NA,NA,,,NA,NA,NA,1,7,,,2,2,2,,2,NA,NA,NA,NA,NA,NA,NA,NA,NA,NA,NA,NA,NA,NA,NA,NA,NA,NA,NA,NA,NA,NA,NA,NA,NA,NA,NA,NA,NA,NA,NA,NA,NA,NA,NA,NA,NA,NA,NA,NA,NA,NA,NA,NA,NA,NA,NA,NA,NA,NA,NA,NA,NA,NA,NA,NA,NA,NA,NA,NA,NA,2,1967,2,94,3,NA,6,1,1,NA,NA,NA,NA,NA,NA,91,"srep6032",1,0,0,0,0,NA,NA
"489",195,261099,63,1,NA,NA,,,,1,,1,,,NA,NA,NA,NA,1,"srep5604",NA,55,NA,NA,1,NA,NA,1,32,21,52,NA,NA,NA,NA,37,7,NA,NA,NA,NA,NA,NA,2,5,4,NA,NA,NA,NA,NA,NA,NA,NA,NA,1,5,2,2,6,2,NA,3,NA,1,NA,NA,1,8,1,NA,1,NA,1,NA,1,NA,NA,NA,NA,NA,NA,NA,1,NA,NA,NA,NA,NA,NA,NA,NA,NA,7,4,5,3,1,NA,NA,2,NA,100,60,90,100,100,100,80,1,1,3,NA,NA,3,NA,2,7,1,3,2,NA,NA,NA,NA,NA,NA,NA,NA,2,15,24,1,3,1,3,NA,NA,NA,NA,7,10,8,9,9,1,NA,3,2,3,6,3,3,4,1,1,2,7,NA,NA,NA,NA,NA,NA,NA,NA,NA,NA,NA,NA,NA,NA,NA,NA,NA,NA,NA,NA,NA,NA,NA,NA,NA,NA,NA,NA,NA,NA,NA,NA,NA,NA,NA,NA,NA,NA,NA,NA,NA,NA,NA,NA,NA,NA,NA,NA,NA,NA,NA,NA,NA,NA,NA,NA,NA,NA,NA,NA,NA,NA,NA,NA,NA,NA,NA,NA,NA,NA,NA,NA,NA,NA,NA,NA,NA,NA,NA,NA,NA,NA,NA,NA,NA,NA,NA,NA,NA,NA,3,1,1951,4,104,4,9,4,1,NA,NA,NA,NA,NA,1,,NA,NA,NA,NA,NA,NA,NA,NA,NA
"490",194,261066,62,1,NA,NA,,,,1,,1,,,NA,NA,NA,NA,1,"srep9085",NA,36,NA,NA,2,10,3,2,NA,NA,NA,NA,NA,NA,NA,NA,NA,NA,NA,NA,2,NA,2,1,NA,NA,1,1,1,1,NA,0,0,0,0,1,5,4,4,2,4,NA,3,NA,1,NA,NA,NA,NA,NA,NA,NA,NA,NA,NA,NA,NA,1,NA,NA,NA,NA,NA,1,NA,NA,NA,NA,NA,NA,NA,NA,NA,1,1,6,4,1,NA,NA,1,NA,70,30,65,70,70,70,70,2,NA,NA,18,4,2,NA,1,8,1,NA,NA,5,0,5,0,5,0,5,0,25,4,9,2,NA,NA,NA,2,1,3,2,5,10,5,8,7,2,NA,NA,NA,2,6,4,3,2,3,2,3,6,NA,38,NA,1,NA,NA,NA,NA,NA,1977,1,1,,2,NA,NA,NA,,NA,NA,NA,1,5,,,2,2,2,,6,NA,NA,NA,NA,NA,NA,NA,NA,NA,NA,NA,NA,NA,NA,NA,NA,NA,NA,NA,NA,NA,NA,NA,NA,NA,NA,NA,NA,NA,NA,NA,NA,NA,NA,NA,NA,NA,NA,NA,NA,NA,NA,NA,NA,NA,NA,NA,NA,NA,NA,NA,NA,NA,NA,NA,NA,NA,NA,NA,NA,NA,1,1977,3,63,2,NA,1,2,1,NA,NA,NA,NA,NA,NA,38,"srep9085",1,0,0,0,0,NA,NA
"491",193,261038,61,1,NA,NA,,,,1,,1,,,NA,NA,NA,NA,1,"srep7863",NA,8,NA,NA,1,NA,NA,1,22,33,21,NA,NA,NA,NA,NA,NA,NA,NA,4,NA,2,NA,2,5,4,NA,NA,NA,NA,NA,NA,NA,NA,NA,7,5,1,7,2,6,NA,4,1,1,NA,NA,NA,NA,NA,NA,NA,1,NA,NA,NA,NA,NA,NA,NA,NA,NA,NA,NA,NA,NA,1,15,NA,NA,1,NA,NA,1,2,3,7,1,NA,NA,1,NA,60,40,70,70,60,85,40,1,1,3,NA,NA,4,NA,2,10,3,2,4,NA,NA,NA,NA,NA,NA,NA,NA,2,8,15,1,1,1,3,NA,NA,NA,NA,6,10,0,10,5,2,NA,5,8,3,6,7,4,2,7,1,4,6,NA,136,NA,1,NA,NA,NA,NA,NA,1954,1,6,NA,2,NA,NA,,,NA,NA,NA,1,3,,,2,2,1,,4,NA,NA,NA,NA,NA,NA,NA,NA,NA,NA,NA,NA,NA,NA,NA,NA,NA,NA,NA,NA,NA,NA,NA,NA,NA,NA,NA,NA,NA,NA,NA,NA,NA,NA,NA,NA,NA,NA,NA,NA,NA,NA,NA,NA,NA,NA,NA,NA,NA,NA,NA,NA,NA,NA,NA,NA,NA,NA,NA,NA,3,1,1954,4,14,2,NA,4,1,1,NA,NA,NA,NA,NA,NA,132,"srep7863",1,0,0,0,0,NA,NA
"492",192,260980,60,1,NA,NA,,,,1,,1,,,NA,NA,NA,NA,1,"srep6626",NA,39,NA,NA,2,6,12,1,30,26,29,NA,NA,NA,NA,8,30,NA,NA,NA,NA,NA,NA,1,NA,NA,9,1,1,1,NA,0,5,0,0,5,4,1,2,2,6,NA,4,1,1,NA,NA,NA,NA,1,1,NA,1,NA,1,NA,1,1,NA,NA,NA,1,NA,NA,NA,NA,1,12,NA,NA,NA,NA,NA,2,3,1,8,3,4,NA,NA,NA,40,30,15,50,40,70,30,2,NA,NA,10,5,4,NA,2,8,1,NA,NA,8,8,8,8,8,8,8,3,20,5,NA,1,1,1,3,NA,NA,NA,NA,5,10,0,0,3,3,24,NA,NA,5,5,5,5,4,3,3,3,5,NA,12,NA,1,NA,NA,NA,NA,NA,1968,1,6,NA,2,NA,NA,,,NA,NA,NA,4,1,,,2,2,2,,2,NA,NA,NA,NA,NA,NA,NA,NA,NA,NA,NA,NA,NA,NA,NA,NA,NA,NA,NA,NA,NA,NA,NA,NA,NA,NA,NA,NA,NA,NA,NA,NA,NA,NA,NA,NA,NA,NA,NA,NA,NA,NA,NA,NA,NA,NA,NA,NA,NA,NA,NA,NA,NA,NA,NA,NA,NA,NA,NA,NA,3,1,1968,2,43,5,NA,6,1,1,NA,NA,NA,NA,NA,NA,12,"srep6626",1,0,0,0,0,NA,NA
"493",191,260959,59,1,NA,NA,,,,1,,1,,,NA,NA,NA,NA,1,"srep8745",NA,10,NA,NA,1,NA,NA,2,NA,NA,NA,NA,NA,NA,NA,NA,NA,NA,NA,NA,4,NA,3,2,3,2,NA,NA,NA,NA,NA,NA,NA,NA,NA,3,4,2,3,1,5,NA,6,NA,NA,NA,1,1,54,NA,NA,NA,1,NA,NA,NA,NA,1,NA,NA,1,1,11,NA,NA,NA,NA,NA,1,NA,1,NA,NA,4,4,1,4,1,NA,NA,1,NA,100,50,75,100,100,100,60,2,NA,NA,5,18,4,NA,1,6,3,3,4,NA,NA,NA,NA,NA,NA,NA,NA,17,28,5,2,NA,NA,NA,4,3,3,3,6,8,8,1,3,1,NA,9,5,2,7,5,2,2,3,6,6,5,NA,64,NA,1,NA,NA,NA,NA,NA,1970,1,6,NA,2,NA,NA,,,NA,NA,NA,1,5,,,2,2,1,,4,NA,NA,NA,NA,NA,NA,NA,NA,NA,NA,NA,NA,NA,NA,NA,NA,NA,NA,NA,NA,NA,NA,NA,NA,NA,NA,NA,NA,NA,NA,NA,NA,NA,NA,NA,NA,NA,NA,NA,NA,NA,NA,NA,NA,NA,NA,NA,NA,NA,NA,NA,NA,NA,NA,NA,NA,NA,NA,NA,NA,NA,1,1970,4,NA,5,NA,5,1,1,NA,NA,NA,NA,NA,NA,65,"srep8745",1,0,0,0,0,NA,NA
"494",158,260588,30,1,NA,NA,,,,1,,1,NA,,NA,NA,NA,NA,1,"srep9655",NA,15,NA,NA,2,10,2,2,NA,NA,NA,13,NA,NA,NA,NA,NA,17,31,NA,NA,NA,NA,1,NA,NA,12,6,8,1,NA,0,9,0,0,1,5,3,7,2,6,NA,3,NA,1,NA,NA,1,21,NA,NA,NA,NA,NA,NA,NA,NA,NA,NA,NA,NA,1,NA,1,NA,NA,NA,NA,1,NA,1,NA,NA,3,3,6,1,1,NA,NA,2,NA,100,30,70,100,100,100,100,2,NA,NA,19,2,4,NA,1,8,1,NA,NA,0,0,3,2,1,0,7,6,30,6,20,1,3,1,3,NA,NA,NA,NA,8,9,6,8,2,1,NA,NA,NA,5,4,2,4,5,3,1,3,7,NA,NA,NA,NA,NA,NA,NA,NA,NA,NA,NA,NA,NA,NA,NA,NA,NA,NA,NA,NA,NA,NA,NA,NA,NA,NA,NA,NA,NA,NA,NA,NA,NA,NA,NA,NA,NA,NA,NA,NA,NA,NA,NA,NA,NA,NA,NA,NA,NA,NA,NA,NA,NA,NA,NA,NA,NA,NA,NA,NA,NA,NA,NA,NA,NA,NA,NA,NA,NA,NA,NA,NA,NA,NA,NA,NA,NA,NA,NA,NA,NA,NA,NA,NA,NA,NA,NA,NA,NA,NA,1,2,1965,4,35,5,NA,5,1,1,NA,NA,NA,NA,NA,NA,NA,NA,NA,NA,NA,NA,NA,NA,NA
"495",159,260601,38,1,NA,NA,,,,1,,1,,,NA,NA,NA,NA,1,"srep9824",NA,21,NA,NA,2,10,2,1,28,26,42,NA,NA,NA,NA,30,26,NA,NA,NA,NA,NA,NA,1,NA,NA,3,NA,NA,NA,NA,NA,10,NA,NA,7,6,1,5,1,7,NA,3,NA,NA,NA,NA,1,38,NA,NA,NA,NA,NA,NA,NA,NA,NA,NA,1,NA,NA,NA,1,NA,NA,NA,NA,NA,NA,NA,NA,NA,1,4,0,5,1,NA,NA,1,NA,50,50,50,50,50,50,30,2,NA,NA,9,21,4,NA,1,6,2,NA,NA,0,0,0,0,0,0,0,10,17,18,15,2,NA,NA,NA,3,1,3,3,6,10,0,0,0,2,NA,NA,NA,1,6,4,6,5,2,1,1,7,NA,89,NA,1,NA,NA,NA,NA,NA,1966,1,3,NA,1,2,18,NA,NA,NA,NA,NA,1,5,,,2,1,1,,4,NA,NA,NA,NA,NA,NA,NA,NA,NA,NA,NA,NA,NA,NA,NA,NA,NA,NA,NA,NA,NA,NA,NA,NA,NA,NA,NA,NA,NA,NA,NA,NA,NA,NA,NA,NA,NA,NA,NA,NA,NA,NA,NA,NA,NA,NA,NA,NA,NA,NA,NA,NA,NA,NA,NA,NA,NA,NA,NA,NA,NA,1,1966,4,51,4,9,2,1,NA,NA,NA,1,NA,NA,NA,90,"srep9824",1,0,0,0,0,NA,NA
"496",160,260602,36,1,NA,NA,,,,1,,1,,,NA,NA,NA,NA,1,"srep8083",NA,65,NA,NA,2,7,2,2,NA,NA,NA,1,NA,14,NA,NA,NA,NA,3,NA,NA,NA,2,1,NA,NA,9,5,7,7,NA,4,2,2,2,1,5,1,7,1,5,NA,3,NA,1,NA,NA,NA,NA,1,NA,NA,1,NA,NA,NA,NA,1,NA,NA,NA,1,NA,1,NA,NA,NA,NA,NA,NA,1,NA,NA,2,4,3,7,1,NA,NA,2,NA,100,60,80,55,65,70,70,1,3,3,NA,NA,4,NA,2,8,2,NA,NA,0,5,10,5,5,0,10,0,5,9,15,1,4,1,3,NA,NA,NA,NA,6,10,0,7,2,3,6,NA,NA,6,4,6,3,1,2,1,1,7,NA,31,NA,1,NA,NA,NA,NA,NA,1988,1,5,NA,2,NA,NA,,,NA,NA,NA,1,5,,,1,2,1,,2,NA,NA,NA,NA,NA,NA,NA,NA,NA,NA,NA,NA,NA,NA,NA,NA,NA,NA,NA,NA,NA,NA,NA,NA,NA,NA,NA,NA,NA,NA,NA,NA,NA,NA,NA,NA,NA,NA,NA,NA,NA,NA,NA,NA,NA,NA,NA,NA,NA,NA,NA,NA,NA,NA,NA,NA,NA,NA,NA,NA,3,1,1988,2,70,4,13,3,2,NA,NA,NA,NA,NA,1,NA,33,"srep8083",1,0,0,0,0,NA,NA
"497",161,260603,31,1,NA,NA,,,,1,,1,,,NA,NA,NA,NA,1,"srep5670",NA,21,NA,NA,1,NA,NA,1,33,26,60,NA,NA,NA,NA,NA,NA,NA,NA,2,NA,2,NA,2,5,4,NA,NA,NA,NA,NA,NA,NA,NA,NA,1,NA,NA,7,NA,NA,NA,5,NA,NA,NA,NA,NA,NA,1,1,1,1,NA,1,NA,NA,NA,NA,NA,NA,1,NA,1,NA,NA,NA,NA,NA,NA,NA,NA,NA,7,3,1,4,1,NA,NA,1,NA,NA,NA,NA,NA,NA,NA,NA,1,4,3,NA,NA,2,NA,2,4,2,1,2,NA,NA,NA,NA,NA,NA,NA,NA,24,29,27,2,NA,NA,NA,2,1,3,3,5,10,0,5,10,1,NA,1,1,2,6,5,4,4,7,4,4,4,NA,NA,NA,NA,NA,NA,NA,NA,NA,NA,NA,NA,NA,NA,NA,NA,NA,NA,NA,NA,NA,NA,NA,NA,NA,NA,NA,NA,NA,NA,NA,NA,NA,NA,NA,NA,NA,NA,NA,NA,NA,NA,NA,NA,NA,NA,NA,NA,NA,NA,NA,NA,NA,NA,NA,NA,NA,NA,NA,NA,NA,NA,NA,NA,NA,NA,NA,NA,NA,NA,NA,NA,NA,NA,NA,NA,NA,NA,NA,NA,NA,NA,NA,NA,NA,NA,NA,NA,NA,NA,NA,1,1964,2,105,5,NA,2,1,1,NA,NA,NA,NA,NA,NA,NA,NA,NA,NA,NA,NA,NA,NA,NA
"498",163,260606,32,1,NA,NA,,,,1,,1,,,NA,NA,NA,NA,1,"srep9968",NA,9,NA,NA,1,NA,NA,2,NA,NA,NA,NA,NA,NA,NA,NA,NA,NA,NA,NA,2,NA,2,2,3,1,NA,NA,NA,NA,NA,NA,NA,NA,NA,7,5,1,3,3,7,NA,7,NA,NA,NA,NA,1,14,NA,1,NA,NA,NA,NA,NA,1,NA,NA,NA,NA,NA,NA,NA,1,NA,NA,NA,NA,NA,NA,NA,NA,1,2,2,2,4,NA,2,NA,NA,50,85,40,70,50,85,15,2,NA,NA,15,5,1,NA,2,NA,4,5,3,NA,NA,NA,NA,NA,NA,NA,NA,27,18,12,2,NA,NA,NA,1,1,3,3,7,10,6,1,10,4,NA,2,4,3,6,3,4,2,4,4,4,4,NA,22,NA,1,NA,NA,NA,NA,NA,1982,1,3,NA,2,NA,NA,,,NA,NA,NA,4,4,,,1,2,1,,2,NA,NA,NA,NA,NA,NA,NA,NA,NA,NA,NA,NA,NA,NA,NA,NA,NA,NA,NA,NA,NA,NA,NA,NA,NA,NA,NA,NA,NA,NA,NA,NA,NA,NA,NA,NA,NA,NA,NA,NA,NA,NA,NA,NA,NA,NA,NA,NA,NA,NA,NA,NA,NA,NA,NA,NA,NA,NA,NA,NA,NA,1,1982,2,85,2,NA,4,1,NA,NA,NA,1,NA,NA,NA,21,"srep9968",1,0,0,0,0,NA,NA
"499",164,260609,34,1,NA,NA,,,,1,,1,,,NA,NA,NA,NA,1,"srep8932",NA,14,NA,NA,2,11,2,1,49,8,48,NA,NA,NA,NA,19,41,NA,NA,NA,NA,NA,NA,2,3,1,NA,NA,NA,NA,NA,NA,NA,NA,NA,2,5,4,7,2,5,NA,3,NA,1,NA,NA,NA,NA,NA,NA,1,NA,NA,NA,NA,NA,NA,NA,NA,NA,NA,NA,1,NA,NA,NA,NA,NA,NA,1,NA,NA,1,2,3,2,1,NA,NA,2,NA,100,15,40,100,100,50,50,1,2,3,NA,NA,2,NA,1,5,2,1,2,NA,NA,NA,NA,NA,NA,NA,NA,12,8,3,1,2,1,3,NA,NA,NA,NA,5,10,0,8,5,2,NA,NA,NA,3,6,5,3,2,3,3,5,6,NA,101,NA,1,NA,NA,NA,NA,NA,1978,1,5,NA,1,2,29,NA,NA,NA,NA,NA,1,5,NA,NA,1,2,1,,2,NA,NA,NA,NA,NA,NA,NA,NA,NA,NA,NA,NA,NA,NA,NA,NA,NA,NA,NA,NA,NA,NA,NA,NA,NA,NA,NA,NA,NA,NA,NA,NA,NA,NA,NA,NA,NA,NA,NA,NA,NA,NA,NA,NA,NA,NA,NA,NA,NA,NA,NA,NA,NA,NA,NA,NA,NA,NA,NA,NA,3,1,1978,2,29,2,NA,2,2,NA,NA,NA,NA,NA,NA,NA,101,"srep8932",1,0,0,0,0,NA,NA
"500",165,260617,35,1,NA,NA,,,,1,,1,,,NA,NA,NA,NA,1,"srep9307",NA,20,NA,NA,1,NA,NA,1,46,24,57,NA,NA,NA,NA,39,41,NA,NA,NA,NA,NA,NA,1,NA,NA,1,1,1,1,NA,0,8,0,0,5,5,1,4,1,7,NA,5,1,NA,NA,NA,NA,NA,NA,NA,NA,NA,NA,NA,NA,NA,NA,NA,NA,NA,NA,NA,NA,NA,NA,NA,NA,NA,NA,NA,NA,NA,0,4,0,8,4,NA,1,NA,NA,50,40,0,85,50,50,30,2,NA,NA,19,16,4,NA,1,6,1,NA,NA,0,5,5,0,5,0,10,5,17,4,25,1,3,1,3,NA,NA,NA,NA,0,10,0,0,5,4,NA,5,6,2,7,4,2,2,7,1,1,7,NA,7,NA,1,NA,NA,NA,NA,NA,1970,1,6,NA,2,NA,NA,,,NA,NA,NA,4,4,,,2,1,2,,4,NA,NA,NA,NA,NA,NA,NA,NA,NA,NA,NA,NA,NA,NA,NA,NA,NA,NA,NA,NA,NA,NA,NA,NA,NA,NA,NA,NA,NA,NA,NA,NA,NA,NA,NA,NA,NA,NA,NA,NA,NA,NA,NA,NA,NA,NA,NA,NA,NA,NA,NA,NA,NA,NA,NA,NA,NA,NA,NA,NA,3,1,1970,4,92,5,NA,2,1,1,NA,NA,NA,NA,NA,NA,5,"srep9307",1,0,0,0,0,NA,NA
"501",166,260618,37,1,NA,NA,,,,1,,1,,,NA,NA,NA,NA,1,"srep7390",NA,13,NA,NA,2,10,4,2,NA,NA,NA,NA,NA,NA,NA,NA,NA,NA,NA,NA,2,NA,2,2,NA,1,NA,NA,NA,NA,NA,NA,NA,NA,NA,5,5,1,1,1,7,NA,4,NA,NA,NA,NA,1,29,NA,1,1,NA,NA,NA,NA,NA,NA,1,1,NA,1,NA,1,NA,NA,NA,NA,NA,NA,1,NA,NA,0,1,4,4,2,NA,NA,NA,3,85,30,30,50,70,100,15,2,NA,NA,29,16,4,NA,2,9,3,5,5,NA,NA,NA,NA,NA,NA,NA,NA,21,6,9,1,3,1,3,NA,NA,NA,NA,7,10,3,5,4,2,NA,NA,NA,1,7,5,5,4,2,2,4,7,NA,40,NA,1,NA,NA,NA,NA,NA,1956,1,6,NA,2,NA,NA,,,NA,NA,NA,3,1,,,2,2,1,,2,NA,NA,NA,NA,NA,NA,NA,NA,NA,NA,NA,NA,NA,NA,NA,NA,NA,NA,NA,NA,NA,NA,NA,NA,NA,NA,NA,NA,NA,NA,NA,NA,NA,NA,NA,NA,NA,NA,NA,NA,NA,NA,NA,NA,NA,NA,NA,NA,NA,NA,NA,NA,NA,NA,NA,NA,NA,NA,NA,NA,3,1,1956,2,30,2,NA,4,NA,NA,NA,NA,NA,NA,NA,NA,42,"srep7390",1,0,0,0,0,NA,NA
"502",167,260621,36,1,NA,NA,,,,1,,1,NA,,NA,NA,NA,NA,1,"srep7208",NA,22,NA,NA,2,8,7,1,5,9,24,NA,NA,NA,NA,17,11,NA,NA,NA,NA,NA,NA,2,5,1,NA,NA,NA,NA,NA,NA,NA,NA,NA,3,6,8,5,NA,NA,NA,4,NA,1,NA,NA,1,57,1,NA,1,1,NA,1,NA,NA,NA,NA,NA,1,NA,13,1,NA,NA,NA,NA,1,NA,1,NA,NA,7,3,6,2,2,NA,NA,NA,3,NA,NA,NA,NA,NA,NA,NA,1,1,4,NA,NA,4,NA,1,5,4,1,4,NA,NA,NA,NA,NA,NA,NA,NA,20,11,2,2,NA,NA,NA,3,1,4,1,9,10,5,6,10,2,NA,NA,NA,5,5,6,4,5,4,4,4,5,NA,NA,NA,NA,NA,NA,NA,NA,NA,NA,NA,NA,NA,NA,NA,NA,NA,NA,NA,NA,NA,NA,NA,NA,NA,NA,NA,NA,NA,NA,NA,NA,NA,NA,NA,NA,NA,NA,NA,NA,NA,NA,NA,NA,NA,NA,NA,NA,NA,NA,NA,NA,NA,NA,NA,NA,NA,NA,NA,NA,NA,NA,NA,NA,NA,NA,NA,NA,NA,NA,NA,NA,NA,NA,NA,NA,NA,NA,NA,NA,NA,NA,NA,NA,NA,NA,NA,NA,NA,NA,NA,1,1959,4,55,2,NA,4,1,1,NA,NA,1,NA,NA,NA,NA,NA,NA,NA,NA,NA,NA,NA,NA
"503",168,260628,40,1,NA,NA,,,,1,,1,,,NA,NA,NA,NA,1,"srep5337",NA,14,NA,NA,1,NA,NA,1,11,12,3,NA,NA,NA,NA,25,16,NA,NA,NA,NA,NA,NA,1,NA,NA,1,1,1,1,NA,0,0,0,0,5,5,3,2,1,7,NA,4,NA,NA,NA,1,1,25,1,NA,NA,1,NA,1,NA,NA,NA,NA,NA,NA,NA,NA,NA,NA,NA,NA,NA,NA,NA,NA,NA,NA,1,1,0,7,2,NA,NA,NA,3,60,40,70,NA,40,85,30,2,NA,NA,9,13,4,NA,1,8,2,NA,NA,8,6,4,8,8,8,9,9,23,24,21,2,NA,NA,NA,3,2,3,3,1,9,0,9,0,1,NA,8,12,6,6,6,6,6,2,1,6,6,NA,NA,NA,NA,NA,NA,NA,NA,NA,NA,NA,NA,NA,NA,NA,NA,NA,NA,NA,NA,NA,NA,NA,NA,NA,NA,NA,NA,NA,NA,NA,NA,NA,NA,NA,NA,NA,NA,NA,NA,NA,NA,NA,NA,NA,NA,NA,NA,NA,NA,NA,NA,NA,NA,NA,NA,NA,NA,NA,NA,NA,NA,NA,NA,NA,NA,NA,NA,NA,NA,NA,NA,NA,NA,NA,NA,NA,NA,NA,NA,NA,NA,NA,NA,NA,NA,NA,NA,NA,NA,NA,1,1951,4,78,1,NA,2,1,1,NA,NA,NA,NA,NA,NA,NA,NA,NA,NA,NA,NA,NA,NA,NA
"504",169,260630,39,1,NA,NA,,,,1,,1,,,NA,NA,NA,NA,1,"srep9262",NA,9,NA,NA,1,NA,NA,2,NA,NA,NA,NA,NA,NA,NA,NA,NA,NA,NA,NA,2,NA,2,2,3,1,NA,NA,NA,NA,NA,NA,NA,NA,NA,3,4,2,2,7,7,NA,6,NA,NA,NA,NA,1,45,NA,NA,NA,1,NA,NA,NA,1,NA,NA,NA,NA,NA,NA,1,NA,NA,NA,NA,NA,NA,NA,NA,NA,2,2,0,8,1,NA,NA,2,NA,99,100,100,100,95,100,50,2,NA,NA,11,4,4,NA,2,6,2,2,1,NA,NA,NA,NA,NA,NA,NA,NA,17,18,5,1,3,1,3,NA,NA,NA,NA,2,10,0,1,1,2,NA,7,10,3,6,5,4,4,2,4,3,6,NA,8,NA,1,NA,NA,NA,NA,NA,1956,1,6,NA,2,NA,NA,,,NA,NA,NA,1,3,,,2,1,2,,2,NA,NA,NA,NA,NA,NA,NA,NA,NA,NA,NA,NA,NA,NA,NA,NA,NA,NA,NA,NA,NA,NA,NA,NA,NA,NA,NA,NA,NA,NA,NA,NA,NA,NA,NA,NA,NA,NA,NA,NA,NA,NA,NA,NA,NA,NA,NA,NA,NA,NA,NA,NA,NA,NA,NA,NA,NA,NA,NA,NA,3,1,1956,2,102,2,NA,1,1,1,NA,NA,NA,NA,NA,NA,6,"srep9262",1,0,0,0,0,NA,NA
"505",170,260631,44,1,NA,NA,,,,1,,1,,,NA,NA,NA,NA,1,"srep5125",NA,44,NA,NA,2,7,8,2,NA,NA,NA,33,20,NA,NA,NA,NA,36,17,NA,NA,NA,NA,1,NA,NA,1,1,1,1,NA,0,0,0,0,4,5,6,4,4,4,NA,4,NA,NA,NA,NA,1,36,1,NA,NA,NA,NA,NA,NA,NA,NA,NA,NA,1,NA,9,NA,NA,NA,1,20,NA,NA,1,NA,NA,0,4,0,0,3,2,NA,NA,NA,100,0,0,100,100,100,99,2,NA,NA,15,23,2,NA,1,6,1,NA,NA,1,5,5,6,6,5,6,5,19,25,2,1,3,1,3,NA,NA,NA,NA,1,0,0,0,0,2,NA,NA,NA,3,6,4,5,1,5,1,7,2,NA,77,NA,1,NA,NA,NA,NA,NA,1964,1,1,,2,NA,NA,,,NA,NA,NA,NA,NA,,,1,2,2,,2,NA,NA,NA,NA,NA,NA,NA,NA,NA,NA,NA,NA,NA,NA,NA,NA,NA,NA,NA,NA,NA,NA,NA,NA,NA,NA,NA,NA,NA,NA,NA,NA,NA,NA,NA,NA,NA,NA,NA,NA,NA,NA,NA,NA,NA,NA,NA,NA,NA,NA,NA,NA,NA,NA,NA,NA,NA,NA,NA,NA,4,1,1964,2,16,4,10,3,2,1,NA,1,NA,NA,1,,78,"srep5125",1,0,0,0,0,NA,NA
"506",171,260636,43,1,NA,NA,,,,1,,1,,,NA,NA,NA,NA,1,"srep9530",NA,431,NA,NA,2,9,6,2,NA,NA,NA,NA,NA,NA,NA,NA,NA,NA,NA,NA,3,NA,5,1,NA,NA,1,1,1,1,NA,0,0,0,0,3,5,4,4,8,8,NA,5,NA,NA,NA,1,NA,NA,1,NA,NA,1,NA,1,NA,NA,NA,NA,NA,NA,1,NA,NA,NA,NA,NA,NA,NA,NA,NA,NA,NA,1,4,1,8,1,NA,NA,1,NA,85,NA,NA,85,85,85,60,2,NA,NA,17,16,2,NA,1,2,2,NA,NA,5,3,6,5,7,7,4,9,12,20,9,1,1,4,3,NA,NA,NA,NA,5,8,3,3,8,2,NA,NA,NA,4,5,6,5,5,4,4,5,5,NA,9,NA,1,NA,NA,NA,NA,NA,1972,1,6,NA,2,NA,NA,,,NA,NA,NA,1,5,,,2,2,2,,2,NA,NA,NA,NA,NA,NA,NA,NA,NA,NA,NA,NA,NA,NA,NA,NA,NA,NA,NA,NA,NA,NA,NA,NA,NA,NA,NA,NA,NA,NA,NA,NA,NA,NA,NA,NA,NA,NA,NA,NA,NA,NA,NA,NA,NA,NA,NA,NA,NA,NA,NA,NA,NA,NA,NA,NA,NA,NA,NA,NA,3,1,1972,2,36,5,NA,1,1,1,NA,NA,NA,NA,NA,NA,8,"srep9530",1,0,0,0,0,NA,NA
"507",172,260638,41,1,NA,NA,,,,1,,1,,,NA,NA,NA,NA,1,"srep8166",NA,16,NA,NA,1,NA,NA,2,NA,NA,NA,NA,NA,NA,NA,NA,NA,NA,NA,NA,1,NA,2,1,NA,NA,NA,NA,NA,NA,NA,NA,NA,NA,NA,1,5,2,3,1,7,NA,6,NA,1,NA,NA,1,24,NA,NA,1,NA,NA,NA,NA,NA,1,NA,NA,NA,1,NA,1,NA,NA,1,22,1,NA,1,NA,NA,2,4,5,2,2,NA,NA,NA,1,50,30,60,85,50,60,40,2,NA,NA,19,5,4,NA,2,7,1,NA,NA,0,0,5,5,0,0,7,0,9,6,12,2,NA,NA,NA,3,1,3,3,6,10,2,6,0,2,NA,9,1,3,6,3,NA,NA,3,3,3,5,NA,NA,NA,NA,NA,NA,NA,NA,NA,NA,NA,NA,NA,NA,NA,NA,NA,NA,NA,NA,NA,NA,NA,NA,NA,NA,NA,NA,NA,NA,NA,NA,NA,NA,NA,NA,NA,NA,NA,NA,NA,NA,NA,NA,NA,NA,NA,NA,NA,NA,NA,NA,NA,NA,NA,NA,NA,NA,NA,NA,NA,NA,NA,NA,NA,NA,NA,NA,NA,NA,NA,NA,NA,NA,NA,NA,NA,NA,NA,NA,NA,NA,NA,NA,NA,NA,NA,NA,NA,NA,NA,1,1953,4,51,5,NA,5,1,1,NA,NA,NA,NA,NA,NA,NA,NA,NA,NA,NA,NA,NA,NA,NA
"508",173,260639,43,1,NA,NA,,,,1,,1,,,NA,NA,NA,NA,1,"srep5744",NA,12,NA,NA,1,NA,NA,1,NA,8,NA,NA,NA,NA,NA,8,NA,NA,NA,NA,NA,2,NA,2,3,1,NA,NA,NA,NA,NA,NA,NA,NA,NA,2,4,3,3,2,4,NA,6,NA,NA,NA,NA,NA,NA,NA,NA,NA,NA,NA,NA,NA,NA,NA,NA,NA,NA,1,NA,1,NA,NA,NA,NA,NA,NA,NA,NA,NA,1,2,1,2,2,NA,NA,NA,1,50,50,50,50,50,50,25,1,1,3,NA,NA,2,NA,1,9,2,1,2,NA,NA,NA,NA,NA,NA,NA,NA,9,6,5,2,NA,NA,NA,3,1,3,4,2,0,0,0,1,2,NA,9,5,7,4,5,5,5,1,1,2,6,NA,NA,NA,NA,NA,NA,NA,NA,NA,NA,NA,NA,NA,NA,NA,NA,NA,NA,NA,NA,NA,NA,NA,NA,NA,NA,NA,NA,NA,NA,NA,NA,NA,NA,NA,NA,NA,NA,NA,NA,NA,NA,NA,NA,NA,NA,NA,NA,NA,NA,NA,NA,NA,NA,NA,NA,NA,NA,NA,NA,NA,NA,NA,NA,NA,NA,NA,NA,NA,NA,NA,NA,NA,NA,NA,NA,NA,NA,NA,NA,NA,NA,NA,NA,NA,NA,NA,NA,NA,NA,NA,1,1971,4,51,2,NA,4,1,1,NA,NA,NA,NA,NA,NA,NA,NA,NA,NA,NA,NA,NA,NA,NA
"509",174,260641,42,1,NA,NA,,,,1,,1,,,NA,NA,NA,NA,1,"srep8752",NA,11,NA,NA,1,NA,NA,1,NA,NA,NA,NA,NA,NA,NA,NA,NA,NA,NA,2,NA,2,NA,2,3,1,NA,NA,NA,NA,NA,NA,NA,NA,NA,2,5,1,5,1,1,NA,3,1,1,NA,NA,1,68,NA,NA,NA,NA,NA,NA,NA,NA,NA,NA,NA,NA,NA,NA,NA,NA,NA,NA,NA,NA,NA,NA,1,24,0,5,2,5,2,NA,NA,NA,1,50,15,60,50,50,50,50,1,2,3,NA,NA,2,NA,1,10,2,2,4,NA,NA,NA,NA,NA,NA,NA,NA,21,1,9,1,3,1,3,NA,NA,NA,NA,1,10,0,0,0,3,13,10,2,2,4,4,4,2,1,1,1,7,NA,15,NA,1,NA,NA,NA,NA,NA,1947,1,6,NA,2,NA,NA,,,NA,NA,NA,2,5,,,2,2,1,,5,NA,NA,NA,NA,NA,NA,NA,NA,NA,NA,NA,NA,NA,NA,NA,NA,NA,NA,NA,NA,NA,NA,NA,NA,NA,NA,NA,NA,NA,NA,NA,NA,NA,NA,NA,NA,NA,NA,NA,NA,NA,NA,NA,NA,NA,NA,NA,NA,NA,NA,NA,NA,NA,NA,NA,NA,NA,NA,NA,NA,3,1,1947,4,62,2,NA,4,1,1,NA,NA,NA,NA,NA,NA,14,"srep8752",1,0,0,0,0,NA,3
"510",176,260650,47,1,NA,NA,,,,1,,1,,,NA,NA,NA,NA,1,"srep5484",NA,42,NA,NA,2,10,3,2,NA,NA,NA,NA,30,19,NA,NA,NA,NA,4,NA,NA,NA,2,2,3,1,NA,NA,NA,NA,NA,NA,NA,NA,NA,2,4,2,4,1,4,NA,6,NA,1,NA,NA,NA,NA,NA,NA,NA,NA,NA,NA,NA,NA,NA,NA,NA,NA,1,NA,1,NA,NA,NA,NA,NA,NA,1,NA,NA,0,3,2,2,1,NA,NA,2,NA,60,15,70,60,40,70,30,2,NA,NA,9,5,4,NA,1,7,3,3,5,NA,NA,NA,NA,NA,NA,NA,NA,25,6,15,1,3,1,3,NA,NA,NA,NA,6,10,5,1,7,1,NA,NA,NA,2,2,5,5,4,3,2,2,7,NA,42,NA,1,NA,NA,NA,NA,NA,1976,1,6,NA,1,1,1,NA,NA,NA,NA,NA,1,5,,,1,1,1,,6,NA,NA,NA,NA,NA,NA,NA,NA,NA,NA,NA,NA,NA,NA,NA,NA,NA,NA,NA,NA,NA,NA,NA,NA,NA,NA,NA,NA,NA,NA,NA,NA,NA,NA,NA,NA,NA,NA,NA,NA,NA,NA,NA,NA,NA,NA,NA,NA,NA,NA,NA,NA,NA,NA,NA,NA,NA,NA,NA,NA,4,1,1976,3,34,5,NA,1,1,1,NA,NA,NA,NA,NA,NA,44,"srep5484",0,1,0,0,0,NA,NA
"511",180,260700,46,1,NA,NA,,,,1,,1,,,NA,NA,NA,NA,1,"srep8461",NA,10,NA,NA,1,NA,NA,1,36,26,8,NA,NA,NA,NA,8,37,NA,NA,NA,NA,NA,NA,2,5,4,NA,NA,NA,NA,NA,NA,NA,NA,NA,1,5,3,7,1,5,NA,3,NA,NA,NA,NA,1,48,NA,NA,NA,NA,NA,NA,NA,NA,NA,NA,NA,NA,1,NA,NA,NA,NA,1,12,NA,NA,NA,NA,NA,7,3,7,10,1,NA,NA,2,NA,80,50,80,100,80,100,60,2,NA,NA,12,13,4,NA,2,10,1,1,2,NA,NA,NA,NA,NA,NA,NA,NA,12,6,24,2,NA,NA,NA,3,1,3,3,9,10,10,10,10,1,NA,10,5,4,4,4,4,4,2,2,2,6,NA,135,NA,1,NA,NA,NA,NA,NA,1948,1,6,NA,2,NA,NA,,,NA,NA,NA,1,5,,,2,2,2,,4,NA,NA,NA,NA,NA,NA,NA,NA,NA,NA,NA,NA,NA,NA,NA,NA,NA,NA,NA,NA,NA,NA,NA,NA,NA,NA,NA,NA,NA,NA,NA,NA,NA,NA,NA,NA,NA,NA,NA,NA,NA,NA,NA,NA,NA,NA,NA,NA,NA,NA,NA,NA,NA,NA,NA,NA,NA,NA,NA,NA,NA,1,1948,4,19,2,NA,2,1,1,NA,NA,NA,NA,NA,NA,131,"srep8461",1,0,0,0,0,NA,NA
"512",181,260723,48,1,NA,NA,,,,1,,1,,,NA,NA,NA,NA,1,"srep7773",NA,15,NA,NA,1,NA,NA,1,42,11,59,NA,NA,NA,NA,24,51,NA,NA,NA,NA,NA,NA,2,3,4,NA,NA,NA,NA,NA,NA,NA,NA,NA,3,5,2,3,1,7,NA,6,NA,NA,NA,NA,NA,NA,NA,NA,NA,NA,NA,NA,NA,NA,NA,NA,NA,NA,NA,NA,1,NA,NA,NA,NA,NA,NA,NA,NA,NA,0,3,5,8,2,NA,NA,NA,1,70,40,70,70,70,85,15,1,4,3,NA,NA,4,NA,2,9,6,1,4,NA,NA,NA,NA,NA,NA,NA,NA,32,25,15,2,NA,NA,NA,3,1,3,4,6,10,2,8,8,1,NA,7,9,3,5,6,4,2,3,3,3,6,NA,NA,NA,NA,NA,NA,NA,NA,NA,NA,NA,NA,NA,NA,NA,NA,NA,NA,NA,NA,NA,NA,NA,NA,NA,NA,NA,NA,NA,NA,NA,NA,NA,NA,NA,NA,NA,NA,NA,NA,NA,NA,NA,NA,NA,NA,NA,NA,NA,NA,NA,NA,NA,NA,NA,NA,NA,NA,NA,NA,NA,NA,NA,NA,NA,NA,NA,NA,NA,NA,NA,NA,NA,NA,NA,NA,NA,NA,NA,NA,NA,NA,NA,NA,NA,NA,NA,NA,NA,NA,NA,1,1970,4,76,3,NA,6,2,NA,NA,NA,NA,NA,1,,NA,NA,NA,NA,NA,NA,NA,NA,NA
"513",182,260738,49,1,NA,NA,,,,1,,1,,,NA,NA,NA,NA,1,"srep5466",NA,24,NA,NA,2,6,9,1,32,8,20,NA,NA,NA,NA,22,40,NA,NA,NA,NA,NA,NA,2,3,1,NA,NA,NA,NA,NA,NA,NA,NA,NA,5,1,7,4,2,5,NA,4,1,NA,NA,NA,1,40,NA,NA,NA,NA,NA,1,NA,NA,NA,NA,NA,NA,1,NA,NA,NA,NA,1,1,NA,NA,1,1,27,NA,4,NA,4,1,NA,NA,1,NA,85,50,70,85,100,100,40,2,NA,NA,4,10,4,NA,1,6,2,5,1,NA,NA,NA,NA,NA,NA,NA,NA,17,18,28,1,1,1,3,NA,NA,NA,NA,5,10,0,2,1,1,NA,NA,NA,2,6,6,4,4,3,1,5,3,NA,5,NA,1,NA,NA,NA,NA,NA,1972,1,5,NA,1,2,9,NA,NA,NA,NA,NA,2,5,,,2,2,1,,4,NA,NA,NA,NA,NA,NA,NA,NA,NA,NA,NA,NA,NA,NA,NA,NA,NA,NA,NA,NA,NA,NA,NA,NA,NA,NA,NA,NA,NA,NA,NA,NA,NA,NA,NA,NA,NA,NA,NA,NA,NA,NA,NA,NA,NA,NA,NA,NA,NA,NA,NA,NA,NA,NA,NA,NA,NA,NA,NA,NA,3,1,1972,4,47,1,NA,2,2,1,NA,NA,NA,NA,NA,NA,3,"srep5466",1,0,0,0,0,NA,NA
"514",183,260742,51,1,NA,NA,,,,1,,1,,,NA,NA,NA,NA,1,"srep6730",NA,10,NA,NA,1,NA,NA,1,39,26,6,NA,NA,NA,NA,4,52,NA,NA,NA,NA,NA,NA,2,5,4,NA,NA,NA,NA,NA,NA,NA,NA,NA,1,5,1,5,1,6,NA,8,NA,NA,NA,NA,1,50,NA,NA,NA,NA,NA,1,NA,NA,1,1,1,NA,1,NA,1,NA,NA,NA,NA,1,NA,1,NA,NA,5,1,7,10,1,NA,NA,2,NA,100,15,100,100,100,100,100,1,1,3,NA,NA,4,NA,1,9,6,1,4,NA,NA,NA,NA,NA,NA,NA,NA,29,25,8,1,3,1,3,NA,NA,NA,NA,10,10,8,8,10,2,NA,3,2,2,2,7,5,4,3,1,4,6,NA,NA,NA,NA,NA,NA,NA,NA,NA,NA,NA,NA,NA,NA,NA,NA,NA,NA,NA,NA,NA,NA,NA,NA,NA,NA,NA,NA,NA,NA,NA,NA,NA,NA,NA,NA,NA,NA,NA,NA,NA,NA,NA,NA,NA,NA,NA,NA,NA,NA,NA,NA,NA,NA,NA,NA,NA,NA,NA,NA,NA,NA,NA,NA,NA,NA,NA,NA,NA,NA,NA,NA,NA,NA,NA,NA,NA,NA,NA,NA,NA,NA,NA,NA,NA,NA,NA,NA,NA,NA,3,1,1947,2,91,4,7,2,1,1,NA,NA,NA,NA,NA,NA,NA,NA,NA,NA,NA,NA,NA,NA,NA
"515",184,260764,52,1,NA,NA,,,,1,,1,,,NA,NA,NA,NA,1,"srep7270",NA,7,NA,NA,2,9,2,1,27,26,16,NA,NA,NA,NA,36,9,NA,NA,NA,NA,NA,NA,1,NA,NA,1,1,1,1,NA,0,0,0,0,1,5,2,5,1,6,NA,3,NA,NA,NA,NA,NA,NA,1,NA,1,1,1,1,1,NA,NA,NA,1,NA,NA,NA,1,NA,NA,NA,NA,NA,NA,1,NA,NA,4,3,1,7,1,NA,NA,1,NA,90,0,70,90,90,90,90,2,NA,NA,9,16,2,NA,1,5,6,NA,NA,0,5,5,3,9,1,6,1,27,16,5,1,3,1,3,NA,NA,NA,NA,3,10,0,10,5,3,19,NA,NA,3,6,6,4,4,2,1,4,6,NA,4,NA,1,NA,NA,NA,NA,NA,1964,1,6,NA,2,NA,NA,,,NA,NA,NA,1,7,,,2,2,2,,2,NA,NA,NA,NA,NA,NA,NA,NA,NA,NA,NA,NA,NA,NA,NA,NA,NA,NA,NA,NA,NA,NA,NA,NA,NA,NA,NA,NA,NA,NA,NA,NA,NA,NA,NA,NA,NA,NA,NA,NA,NA,NA,NA,NA,NA,NA,NA,NA,NA,NA,NA,NA,NA,NA,NA,NA,NA,NA,NA,NA,3,1,1964,2,79,4,5,6,1,NA,NA,NA,NA,NA,NA,NA,2,"srep7270",1,0,0,0,0,NA,NA
"516",185,260776,53,1,NA,NA,,,,1,,1,,,NA,NA,NA,NA,1,"srep5182",NA,30,NA,NA,1,NA,NA,2,NA,NA,NA,36,21,8,NA,NA,NA,34,14,NA,NA,NA,NA,2,2,1,NA,NA,NA,NA,NA,NA,NA,NA,NA,1,4,3,2,2,5,NA,6,NA,NA,NA,NA,NA,NA,NA,NA,1,NA,NA,NA,NA,NA,NA,NA,1,NA,NA,NA,NA,NA,NA,NA,NA,NA,NA,1,1,3,1,4,4,6,1,NA,NA,2,NA,100,70,70,100,90,100,5,2,NA,NA,21,18,2,NA,1,6,2,1,4,NA,NA,NA,NA,NA,NA,NA,NA,8,4,15,1,4,1,3,NA,NA,NA,NA,8,0,0,8,6,3,25,9,6,3,5,4,3,3,4,4,4,4,NA,57,NA,1,NA,NA,NA,NA,NA,1978,1,6,NA,1,1,6,NA,NA,NA,NA,NA,1,5,,,1,2,2,,2,NA,NA,NA,NA,NA,NA,NA,NA,NA,NA,NA,NA,NA,NA,NA,NA,NA,NA,NA,NA,NA,NA,NA,NA,NA,NA,NA,NA,NA,NA,NA,NA,NA,NA,NA,NA,NA,NA,NA,NA,NA,NA,NA,NA,NA,NA,NA,NA,NA,NA,NA,NA,NA,NA,NA,NA,NA,NA,NA,NA,3,1,1978,2,33,2,NA,4,1,1,NA,NA,NA,NA,NA,NA,56,"srep5182",1,0,0,0,0,NA,NA
"517",186,260801,54,1,NA,NA,,,,1,,1,,,NA,NA,NA,NA,1,"srep6518",NA,13,NA,NA,2,3,2,1,12,19,19,NA,NA,NA,NA,16,19,NA,NA,NA,NA,NA,NA,1,NA,NA,14,NA,NA,NA,NA,NA,10,NA,NA,1,5,1,4,1,7,NA,8,NA,NA,NA,NA,1,47,NA,NA,1,NA,NA,NA,NA,NA,NA,NA,1,NA,NA,NA,1,NA,NA,NA,NA,NA,NA,NA,1,22,6,4,3,0,1,NA,NA,2,NA,100,20,100,100,100,100,60,2,NA,NA,9,2,4,NA,1,8,1,NA,NA,0,0,4,0,1,4,0,0,9,6,30,1,3,1,3,NA,NA,NA,NA,9,0,5,7,9,1,NA,NA,NA,2,6,2,2,1,2,1,1,7,NA,NA,NA,NA,NA,NA,NA,NA,NA,NA,NA,NA,NA,NA,NA,NA,NA,NA,NA,NA,NA,NA,NA,NA,NA,NA,NA,NA,NA,NA,NA,NA,NA,NA,NA,NA,NA,NA,NA,NA,NA,NA,NA,NA,NA,NA,NA,NA,NA,NA,NA,NA,NA,NA,NA,NA,NA,NA,NA,NA,NA,NA,NA,NA,NA,NA,NA,NA,NA,NA,NA,NA,NA,NA,NA,NA,NA,NA,NA,NA,NA,NA,NA,NA,NA,NA,NA,NA,NA,NA,4,2,1967,3,57,2,NA,4,1,1,NA,NA,NA,NA,NA,NA,NA,NA,NA,NA,NA,NA,NA,NA,NA
"518",187,260819,56,1,NA,NA,,,,1,,1,,,NA,NA,NA,NA,1,"srep7362",NA,1694,NA,NA,2,1,1,1,NA,NA,NA,NA,NA,NA,NA,NA,NA,NA,NA,4,NA,1,NA,1,NA,NA,9,1,1,1,NA,0,5,0,0,1,5,3,4,2,5,NA,3,NA,NA,NA,NA,1,51,NA,1,NA,NA,NA,NA,NA,NA,NA,NA,NA,NA,NA,NA,NA,NA,NA,NA,NA,NA,NA,NA,NA,NA,1,2,NA,5,1,NA,NA,1,NA,75,50,75,75,75,90,40,1,3,5,NA,NA,1,NA,2,7,3,NA,NA,0,5,8,2,5,0,5,5,14,12,12,2,NA,NA,NA,3,1,3,4,5,8,0,0,5,1,NA,NA,NA,2,4,6,4,4,6,4,4,4,NA,NA,NA,NA,NA,NA,NA,NA,NA,NA,NA,NA,NA,NA,NA,NA,NA,NA,NA,NA,NA,NA,NA,NA,NA,NA,NA,NA,NA,NA,NA,NA,NA,NA,NA,NA,NA,NA,NA,NA,NA,NA,NA,NA,NA,NA,NA,NA,NA,NA,NA,NA,NA,NA,NA,NA,NA,NA,NA,NA,NA,NA,NA,NA,NA,NA,NA,NA,NA,NA,NA,NA,NA,NA,NA,NA,NA,NA,NA,NA,NA,NA,NA,NA,NA,NA,NA,NA,NA,NA,NA,1,1974,NA,75,1,NA,2,1,1,NA,NA,NA,NA,NA,NA,NA,NA,NA,NA,NA,NA,NA,NA,NA
"519",188,260821,55,1,NA,NA,,,,1,,1,,,NA,NA,NA,NA,1,"srep7829",NA,16,NA,NA,2,10,3,2,NA,NA,NA,16,NA,NA,NA,NA,NA,NA,NA,NA,2,NA,1,1,NA,NA,3,NA,NA,NA,NA,NA,8,NA,NA,1,4,2,5,2,6,NA,6,NA,NA,NA,NA,NA,NA,NA,NA,1,1,NA,NA,NA,NA,NA,NA,NA,NA,NA,NA,1,NA,NA,NA,NA,NA,NA,1,NA,NA,5,4,2,6,1,NA,NA,2,NA,50,45,50,50,65,50,50,1,5,3,NA,NA,4,NA,2,6,2,NA,NA,0,0,6,0,0,0,7,0,12,31,3,2,NA,NA,NA,3,1,3,3,6,9,0,1,6,2,NA,NA,NA,2,5,5,5,5,3,3,3,5,NA,51,NA,1,NA,NA,NA,NA,NA,1958,1,6,NA,2,NA,NA,,,NA,NA,NA,1,5,,,1,2,2,,2,NA,NA,NA,NA,NA,NA,NA,NA,NA,NA,NA,NA,NA,NA,NA,NA,NA,NA,NA,NA,NA,NA,NA,NA,NA,NA,NA,NA,NA,NA,NA,NA,NA,NA,NA,NA,NA,NA,NA,NA,NA,NA,NA,NA,NA,NA,NA,NA,NA,NA,NA,NA,NA,NA,NA,NA,NA,NA,NA,NA,NA,1,1958,2,82,1,NA,5,1,1,NA,NA,NA,NA,NA,NA,50,"srep7829",1,0,0,0,0,NA,NA
"520",189,260891,58,1,NA,NA,,,,1,,1,,,NA,NA,NA,NA,1,"srep8528",NA,14,NA,NA,2,3,2,2,NA,NA,NA,27,15,24,NA,NA,NA,14,15,NA,NA,NA,NA,1,NA,NA,3,NA,NA,NA,NA,NA,8,NA,NA,1,5,2,NA,NA,NA,NA,8,NA,NA,NA,NA,1,65,NA,NA,NA,NA,NA,NA,NA,NA,1,NA,NA,NA,NA,NA,1,NA,NA,NA,NA,1,NA,NA,1,9,5,1,6,2,1,NA,NA,2,NA,85,0,90,50,80,80,50,1,2,3,NA,NA,3,NA,2,5,1,NA,NA,0,0,5,0,0,0,5,5,15,17,9,1,3,NA,3,NA,NA,NA,NA,8,10,10,5,8,1,NA,NA,NA,2,3,2,3,2,2,2,2,6,NA,53,NA,1,NA,NA,NA,NA,NA,1951,1,6,NA,2,NA,NA,,,NA,NA,NA,1,7,,,1,2,1,,2,NA,NA,NA,NA,NA,NA,NA,NA,NA,NA,NA,NA,NA,NA,NA,NA,NA,NA,NA,NA,NA,NA,NA,NA,NA,NA,NA,NA,NA,NA,NA,NA,NA,NA,NA,NA,NA,NA,NA,NA,NA,NA,NA,NA,NA,NA,NA,NA,NA,NA,NA,NA,NA,NA,NA,NA,NA,NA,NA,NA,3,1,1951,2,12,2,NA,4,1,1,NA,NA,NA,NA,NA,NA,53,"srep8528",1,0,0,0,0,NA,NA
"521",197,261463,65,1,NA,NA,,,,1,,1,,,NA,NA,NA,NA,1,"srep8523",NA,25,NA,NA,1,NA,NA,2,NA,NA,NA,4,7,5,NA,NA,NA,8,12,NA,NA,NA,NA,1,NA,NA,11,NA,NA,NA,NA,NA,8,NA,NA,4,5,3,1,8,8,NA,6,NA,NA,NA,NA,1,50,1,1,NA,NA,NA,NA,NA,NA,NA,NA,1,NA,1,NA,1,NA,NA,NA,NA,NA,NA,NA,NA,NA,2,4,3,3,1,NA,NA,1,NA,94,70,90,95,90,90,15,2,NA,NA,9,18,4,NA,1,9,2,NA,NA,6,1,5,6,5,3,5,6,18,10,10,1,4,1,3,NA,NA,NA,NA,5,10,0,6,6,2,NA,8,7,3,4,5,4,2,4,2,5,5,NA,NA,NA,NA,NA,NA,NA,NA,NA,NA,NA,NA,NA,NA,NA,NA,NA,NA,NA,NA,NA,NA,NA,NA,NA,NA,NA,NA,NA,NA,NA,NA,NA,NA,NA,NA,NA,NA,NA,NA,NA,NA,NA,NA,NA,NA,NA,NA,NA,NA,NA,NA,NA,NA,NA,NA,NA,NA,NA,NA,NA,NA,NA,NA,NA,NA,NA,NA,NA,NA,NA,NA,NA,NA,NA,NA,NA,NA,NA,NA,NA,NA,NA,NA,NA,NA,NA,NA,NA,NA,3,1,1947,4,22,5,NA,5,1,1,NA,NA,NA,NA,NA,NA,NA,NA,NA,NA,NA,NA,NA,NA,NA
"522",204,262773,72,1,NA,NA,,,,1,,1,,,NA,NA,NA,NA,1,"srep7843",NA,16,NA,NA,2,3,2,1,38,27,43,NA,NA,NA,NA,7,12,NA,NA,NA,NA,NA,NA,1,NA,NA,3,NA,NA,NA,NA,NA,10,NA,NA,3,5,3,6,1,5,NA,8,1,1,NA,NA,NA,NA,NA,NA,1,1,NA,NA,NA,NA,NA,NA,NA,NA,NA,NA,1,NA,NA,NA,NA,1,NA,NA,NA,NA,5,4,7,2,1,NA,NA,2,NA,90,50,90,75,80,90,90,2,NA,NA,19,16,3,NA,2,6,1,NA,NA,0,0,5,9,5,0,5,5,10,25,5,2,NA,NA,NA,3,1,3,3,7,10,5,6,6,1,NA,NA,NA,5,2,4,3,2,3,3,6,5,NA,NA,NA,NA,NA,NA,NA,NA,NA,NA,NA,NA,NA,NA,NA,NA,NA,NA,NA,NA,NA,NA,NA,NA,NA,NA,NA,NA,NA,NA,NA,NA,NA,NA,NA,NA,NA,NA,NA,NA,NA,NA,NA,NA,NA,NA,NA,NA,NA,NA,NA,NA,NA,NA,NA,NA,NA,NA,NA,NA,NA,NA,NA,NA,NA,NA,NA,NA,NA,NA,NA,NA,NA,NA,NA,NA,NA,NA,NA,NA,NA,NA,NA,NA,NA,NA,NA,NA,NA,NA,NA,2,1965,4,48,2,NA,2,1,1,NA,NA,NA,NA,NA,NA,NA,NA,NA,NA,NA,NA,NA,NA,NA
"523",198,261657,66,1,NA,NA,,,,1,,1,,,NA,NA,NA,NA,1,"srep9940",NA,18,NA,NA,1,NA,NA,1,NA,NA,NA,NA,NA,NA,NA,NA,NA,NA,NA,2,NA,3,NA,2,3,1,NA,NA,NA,NA,NA,NA,NA,NA,NA,1,5,1,2,1,2,NA,4,NA,NA,NA,NA,1,46,NA,NA,NA,1,NA,NA,NA,NA,NA,NA,NA,NA,NA,NA,NA,NA,NA,NA,NA,NA,NA,NA,NA,NA,NA,NA,0,4,1,NA,NA,2,NA,70,50,70,70,70,70,60,2,NA,NA,29,5,4,NA,1,8,4,1,5,NA,NA,NA,NA,NA,NA,NA,NA,17,18,20,1,3,1,3,NA,NA,NA,NA,6,10,0,3,8,1,NA,9,9,3,6,4,5,4,2,1,4,6,NA,NA,NA,NA,NA,NA,NA,NA,NA,NA,NA,NA,NA,NA,NA,NA,NA,NA,NA,NA,NA,NA,NA,NA,NA,NA,NA,NA,NA,NA,NA,NA,NA,NA,NA,NA,NA,NA,NA,NA,NA,NA,NA,NA,NA,NA,NA,NA,NA,NA,NA,NA,NA,NA,NA,NA,NA,NA,NA,NA,NA,NA,NA,NA,NA,NA,NA,NA,NA,NA,NA,NA,NA,NA,NA,NA,NA,NA,NA,NA,NA,NA,NA,NA,NA,NA,NA,NA,NA,NA,4,2,1962,6,20,1,NA,2,1,1,NA,NA,NA,NA,NA,NA,NA,NA,NA,NA,NA,NA,NA,NA,NA
"524",199,262106,67,1,NA,NA,,,,1,,1,,,NA,NA,NA,NA,1,"srep5135",NA,44,NA,NA,1,NA,NA,2,NA,NA,NA,25,25,10,NA,NA,NA,28,21,NA,NA,NA,NA,1,NA,NA,3,1,1,1,NA,0,9,0,0,1,4,3,2,1,3,NA,3,NA,1,NA,NA,1,46,NA,NA,1,NA,NA,NA,NA,NA,NA,NA,NA,NA,NA,NA,1,NA,NA,NA,NA,NA,NA,NA,1,11,0,4,0,5,3,9,NA,NA,NA,50,0,30,50,50,50,50,1,2,2,NA,NA,3,NA,2,9,1,NA,NA,1,0,6,1,0,0,1,5,17,25,3,2,NA,NA,NA,3,1,3,3,5,7,0,5,0,1,NA,7,2,5,6,5,3,2,2,2,2,4,NA,140,NA,1,NA,NA,NA,NA,NA,1976,1,3,NA,1,2,31,NA,NA,NA,NA,NA,1,5,,,1,2,1,,4,NA,NA,NA,NA,NA,NA,NA,NA,NA,NA,NA,NA,NA,NA,NA,NA,NA,NA,NA,NA,NA,NA,NA,NA,NA,NA,NA,NA,NA,NA,NA,NA,NA,NA,NA,NA,NA,NA,NA,NA,NA,NA,NA,NA,NA,NA,NA,NA,NA,NA,NA,NA,NA,NA,NA,NA,NA,NA,NA,NA,NA,1,1976,4,66,2,NA,4,1,NA,NA,NA,1,NA,NA,NA,136,"srep5135",1,0,0,0,0,NA,NA
"525",200,262146,68,1,NA,NA,,,,1,,1,,,NA,NA,NA,NA,1,"srep8335",NA,40,NA,NA,1,NA,NA,1,NA,NA,NA,NA,NA,NA,NA,NA,NA,NA,NA,2,NA,2,NA,1,NA,NA,1,1,1,1,NA,0,0,0,0,1,5,3,5,1,4,NA,6,1,NA,NA,NA,1,5,1,NA,1,1,NA,1,NA,NA,NA,NA,1,NA,1,NA,1,NA,NA,NA,NA,NA,1,NA,NA,NA,7,4,2,5,1,NA,NA,1,NA,70,40,60,70,70,70,40,1,4,1,NA,NA,2,NA,2,9,2,NA,NA,0,5,0,0,0,0,5,10,21,25,15,2,NA,NA,NA,1,1,3,3,6,5,10,10,10,2,NA,5,6,6,1,6,5,3,4,4,2,6,NA,121,NA,1,NA,NA,NA,NA,NA,1960,1,5,,2,NA,NA,,,NA,NA,NA,1,7,,,2,2,1,,5,NA,NA,NA,NA,NA,NA,NA,NA,NA,NA,NA,NA,NA,NA,NA,NA,NA,NA,NA,NA,NA,NA,NA,NA,NA,NA,NA,NA,NA,NA,NA,NA,NA,NA,NA,NA,NA,NA,NA,NA,NA,NA,NA,NA,NA,NA,NA,NA,NA,NA,NA,NA,NA,NA,NA,NA,NA,NA,NA,NA,NA,1,1960,5,17,1,NA,1,2,1,NA,1,NA,NA,NA,NA,118,"srep8335",1,0,0,0,0,NA,4
"526",201,262205,69,1,NA,NA,,,,1,,1,,,NA,NA,NA,NA,1,"srep8637",NA,9,NA,NA,2,11,2,1,33,7,NA,NA,NA,NA,NA,NA,NA,NA,NA,2,NA,2,NA,1,NA,NA,NA,NA,NA,NA,NA,NA,NA,NA,NA,1,5,3,6,2,5,NA,3,NA,1,NA,NA,NA,NA,NA,NA,1,NA,NA,NA,NA,NA,NA,NA,1,NA,NA,NA,1,NA,NA,NA,NA,NA,NA,1,NA,NA,0,NA,2,6,2,NA,NA,NA,1,50,40,60,50,50,50,50,1,4,3,NA,NA,2,NA,2,10,6,NA,NA,5,0,5,3,5,0,5,5,25,11,3,1,3,1,3,NA,NA,NA,NA,8,10,4,8,6,1,NA,NA,NA,2,4,6,6,4,1,1,4,6,NA,87,NA,1,NA,NA,NA,NA,NA,1987,1,3,NA,1,2,20,NA,NA,NA,NA,NA,3,5,,,1,2,2,,2,NA,NA,NA,NA,NA,NA,NA,NA,NA,NA,NA,NA,NA,NA,NA,NA,NA,NA,NA,NA,NA,NA,NA,NA,NA,NA,NA,NA,NA,NA,NA,NA,NA,NA,NA,NA,NA,NA,NA,NA,NA,NA,NA,NA,NA,NA,NA,NA,NA,NA,NA,NA,NA,NA,NA,NA,NA,NA,NA,NA,1,1,1987,2,71,2,NA,2,1,NA,NA,NA,1,NA,NA,NA,85,"srep8637",1,0,0,0,0,NA,NA
"527",202,262312,70,1,NA,NA,,,,1,,1,,,NA,NA,NA,NA,1,"srep6908",NA,8,NA,NA,2,10,2,1,43,10,10,NA,NA,NA,NA,29,25,NA,NA,NA,NA,NA,NA,2,3,1,NA,NA,NA,NA,NA,NA,NA,NA,NA,1,4,2,7,2,5,NA,3,NA,1,NA,NA,NA,NA,NA,NA,NA,NA,NA,NA,NA,NA,NA,NA,NA,NA,NA,NA,NA,NA,NA,NA,NA,NA,NA,NA,NA,NA,0,NA,2,5,1,NA,NA,2,NA,100,10,80,100,100,100,100,1,3,3,NA,NA,3,NA,1,10,2,3,2,NA,NA,NA,NA,NA,NA,NA,NA,17,6,20,1,2,1,3,NA,NA,NA,NA,6,10,7,10,6,1,NA,NA,NA,2,5,3,5,4,3,3,4,5,NA,110,NA,1,NA,NA,NA,NA,NA,1987,1,6,NA,2,NA,NA,,,NA,NA,NA,1,7,,,1,2,2,,2,NA,NA,NA,NA,NA,NA,NA,NA,NA,NA,NA,NA,NA,NA,NA,NA,NA,NA,NA,NA,NA,NA,NA,NA,NA,NA,NA,NA,NA,NA,NA,NA,NA,NA,NA,NA,NA,NA,NA,NA,NA,NA,NA,NA,NA,NA,NA,NA,NA,NA,NA,NA,NA,NA,NA,NA,NA,NA,NA,NA,3,1,1987,2,52,3,NA,6,1,1,NA,NA,NA,NA,NA,NA,76,"srep6908",1,0,0,0,0,NA,NA
"528",203,262327,71,1,NA,NA,,,,1,,1,NA,,NA,NA,NA,NA,1,"srep9251",NA,19,NA,NA,1,NA,NA,2,NA,NA,NA,17,10,11,NA,NA,NA,23,NA,NA,2,NA,NA,1,NA,NA,3,NA,NA,NA,NA,0,0,0,0,7,3,1,5,5,7,NA,5,NA,NA,NA,NA,1,12,NA,NA,NA,NA,1,NA,9,NA,NA,NA,NA,1,NA,10,NA,NA,NA,1,21,NA,NA,1,NA,NA,1,1,1,7,4,NA,1,NA,NA,50,60,30,70,40,70,20,2,NA,NA,9,17,4,NA,2,6,2,NA,NA,2,2,7,6,8,3,10,5,17,25,9,2,NA,NA,NA,1,1,3,3,3,4,5,0,6,3,15,4,9,4,6,3,3,3,3,2,1,6,NA,NA,NA,NA,NA,NA,NA,NA,NA,NA,NA,NA,NA,NA,NA,NA,NA,NA,NA,NA,NA,NA,NA,NA,NA,NA,NA,NA,NA,NA,NA,NA,NA,NA,NA,NA,NA,NA,NA,NA,NA,NA,NA,NA,NA,NA,NA,NA,NA,NA,NA,NA,NA,NA,NA,NA,NA,NA,NA,NA,NA,NA,NA,NA,NA,NA,NA,NA,NA,NA,NA,NA,NA,NA,NA,NA,NA,NA,NA,NA,NA,NA,NA,NA,NA,NA,NA,NA,NA,NA,NA,2,1978,2,58,2,NA,4,1,NA,NA,NA,NA,NA,1,,NA,NA,NA,NA,NA,NA,NA,NA,NA
"529",209,264290,75,1,NA,NA,,,,1,,1,,,NA,NA,NA,NA,1,"srep5079",NA,34,NA,NA,2,3,2,2,NA,NA,NA,11,32,1,NA,NA,NA,33,11,NA,NA,NA,NA,1,NA,NA,14,NA,NA,NA,NA,NA,9,NA,NA,1,5,4,7,1,4,NA,8,NA,1,1,NA,1,NA,NA,NA,NA,NA,NA,1,NA,NA,1,NA,1,NA,1,NA,1,NA,NA,NA,NA,NA,NA,NA,1,28,5,1,7,5,2,NA,NA,NA,1,85,0,60,85,85,85,85,1,3,3,NA,NA,4,NA,1,9,6,NA,NA,0,0,5,2,0,0,5,0,17,4,24,2,NA,NA,NA,3,1,3,3,10,10,1,4,2,1,NA,NA,NA,4,6,4,4,4,3,3,4,4,NA,5,NA,1,NA,NA,NA,NA,NA,1954,1,6,NA,2,NA,NA,,,NA,NA,NA,1,7,,,1,1,1,NA,5,NA,NA,NA,NA,NA,NA,NA,NA,NA,NA,NA,NA,NA,NA,NA,NA,NA,NA,NA,NA,NA,NA,NA,NA,NA,NA,NA,NA,NA,NA,NA,NA,NA,NA,NA,NA,NA,NA,NA,NA,NA,NA,NA,NA,NA,NA,NA,NA,NA,NA,NA,NA,NA,NA,NA,NA,NA,NA,NA,NA,NA,1,1954,6,73,2,NA,4,1,1,NA,NA,NA,NA,NA,NA,6,"srep5079",1,0,0,0,0,NA,6
"530",206,263504,74,1,NA,NA,,,,1,,1,NA,,NA,NA,NA,NA,1,"srep8988",NA,292,NA,NA,1,NA,NA,1,NA,29,NA,NA,NA,NA,NA,5,NA,NA,NA,NA,NA,2,NA,1,NA,NA,1,1,1,1,NA,0,0,0,0,7,3,1,2,4,7,NA,4,1,1,1,NA,1,70,NA,NA,NA,NA,NA,NA,NA,NA,NA,NA,NA,NA,NA,NA,NA,NA,NA,NA,NA,NA,NA,1,1,17,0,5,0,10,2,NA,NA,NA,3,100,85,70,50,70,100,50,2,NA,NA,19,1,2,NA,5,NA,2,NA,NA,5,0,10,10,0,0,10,0,17,11,20,1,3,1,3,NA,NA,NA,NA,2,10,0,0,10,3,7,2,4,7,7,7,4,1,1,7,1,7,NA,75,NA,1,NA,NA,NA,NA,NA,1976,1,1,,1,2,29,NA,NA,NA,NA,NA,4,3,,,2,2,1,,6,NA,NA,NA,NA,NA,NA,NA,NA,NA,NA,NA,NA,NA,NA,NA,NA,NA,NA,NA,NA,NA,NA,NA,NA,NA,NA,NA,NA,NA,NA,NA,NA,NA,NA,NA,NA,NA,NA,NA,NA,NA,NA,NA,NA,NA,NA,NA,NA,NA,NA,NA,NA,NA,NA,NA,NA,NA,NA,NA,NA,3,1,1976,3,2,2,NA,4,1,1,NA,NA,1,NA,NA,NA,74,"srep8988",0,0,0,0,1,,NA
"531",208,263566,76,1,NA,NA,,,,1,,1,NA,,NA,NA,NA,NA,1,"srep8275",NA,8,NA,NA,2,3,5,2,NA,NA,NA,8,NA,9,NA,NA,NA,NA,NA,NA,1,NA,5,1,NA,NA,3,NA,NA,NA,NA,NA,10,NA,NA,2,5,2,4,2,6,NA,3,NA,NA,NA,NA,1,32,NA,NA,NA,1,NA,NA,NA,NA,NA,NA,NA,1,NA,2,1,NA,NA,NA,NA,1,NA,NA,1,31,2,4,3,2,1,NA,NA,2,NA,85,10,85,85,75,75,50,2,NA,NA,15,5,4,NA,1,5,2,NA,NA,0,1,5,2,5,0,8,5,10,25,12,1,1,1,3,NA,NA,NA,NA,7,9,7,5,6,4,NA,NA,NA,2,4,6,5,5,1,1,2,6,NA,6,NA,1,NA,NA,NA,NA,NA,1963,1,6,NA,2,NA,NA,,,NA,NA,NA,1,5,,,2,2,1,,6,NA,NA,NA,NA,NA,NA,NA,NA,NA,NA,NA,NA,NA,NA,NA,NA,NA,NA,NA,NA,NA,NA,NA,NA,NA,NA,NA,NA,NA,NA,NA,NA,NA,NA,NA,NA,NA,NA,NA,NA,NA,NA,NA,NA,NA,NA,NA,NA,NA,NA,NA,NA,NA,NA,NA,NA,NA,NA,NA,NA,3,1,1963,4,53,4,12,2,1,1,NA,NA,NA,NA,NA,NA,5,"srep8275",1,0,0,0,0,NA,NA
"532",210,265843,6,1,NA,NA,,,,1,,1,,,NA,NA,NA,NA,1,"srep7697",NA,30,NA,NA,2,4,10,2,NA,NA,NA,29,22,NA,NA,NA,NA,3,30,NA,NA,NA,NA,1,NA,NA,3,1,1,1,NA,NA,NA,NA,NA,2,2,1,1,1,6,NA,5,NA,NA,NA,NA,1,1,NA,NA,NA,1,NA,NA,NA,NA,NA,NA,NA,NA,1,NA,NA,NA,NA,NA,NA,NA,NA,1,NA,NA,3,3,1,7,4,NA,1,NA,NA,90,85,85,90,90,90,85,1,2,3,NA,NA,2,NA,5,NA,2,NA,NA,5,5,8,5,4,0,8,3,17,6,29,2,NA,NA,NA,1,3,3,3,6,9,0,9,6,2,NA,NA,NA,4,4,4,5,4,4,4,4,4,NA,129,NA,1,NA,NA,NA,NA,NA,1957,1,6,NA,2,NA,NA,,,NA,NA,NA,4,2,,,2,2,1,NA,3,NA,NA,NA,NA,NA,NA,NA,NA,NA,NA,NA,NA,NA,NA,NA,NA,NA,NA,NA,NA,NA,NA,NA,NA,NA,NA,NA,NA,NA,NA,NA,NA,NA,NA,NA,NA,NA,NA,NA,NA,NA,NA,NA,NA,NA,NA,NA,NA,NA,NA,NA,NA,NA,NA,NA,NA,NA,NA,NA,NA,NA,1,1957,6,77,5,NA,1,1,1,NA,NA,NA,NA,NA,NA,125,"srep7697",1,0,0,0,0,NA,NA
"533",213,267908,9,1,NA,NA,,,,1,,1,,,NA,NA,NA,NA,1,"srep6587",NA,6,NA,NA,1,NA,NA,1,33,7,23,NA,NA,NA,NA,18,1,NA,NA,NA,NA,NA,NA,2,3,1,NA,NA,NA,NA,NA,NA,NA,NA,NA,5,3,2,4,2,6,NA,1,1,1,NA,NA,NA,NA,NA,NA,NA,NA,NA,NA,NA,1,NA,NA,NA,NA,1,NA,NA,1,1,NA,NA,NA,1,NA,1,13,2,3,2,4,2,NA,NA,NA,2,100,60,15,100,100,100,60,2,NA,NA,15,20,4,NA,2,9,2,2,5,NA,NA,NA,NA,NA,NA,NA,NA,27,8,25,2,NA,NA,NA,3,2,3,3,7,10,9,9,7,4,NA,2,4,2,6,2,3,1,1,1,6,3,NA,40,NA,1,NA,NA,NA,NA,NA,1974,1,6,NA,2,NA,NA,,,NA,NA,NA,4,6,,,2,1,1,,2,NA,NA,NA,NA,NA,NA,NA,NA,NA,NA,NA,NA,NA,NA,NA,NA,NA,NA,NA,NA,NA,NA,NA,NA,NA,NA,NA,NA,NA,NA,NA,NA,NA,NA,NA,NA,NA,NA,NA,NA,NA,NA,NA,NA,NA,NA,NA,NA,NA,NA,NA,NA,NA,NA,NA,NA,NA,NA,NA,NA,NA,1,1974,2,85,1,NA,3,1,1,NA,NA,NA,NA,NA,NA,39,"srep6587",1,0,0,0,0,NA,NA
"534",214,268188,10,1,NA,NA,,,,1,,1,,,NA,NA,NA,NA,1,"srep6075",NA,25,NA,NA,2,3,2,1,6,26,58,NA,NA,NA,NA,38,NA,NA,NA,NA,NA,2,NA,1,NA,NA,13,NA,NA,NA,NA,8,NA,NA,NA,1,5,1,7,2,6,NA,3,1,1,NA,NA,NA,NA,NA,NA,1,NA,NA,NA,NA,NA,NA,NA,NA,NA,NA,NA,1,NA,NA,NA,NA,1,NA,1,NA,NA,0.2,4,4,5,2,NA,NA,NA,1,80,40,60,80,80,80,80,2,NA,NA,19,5,4,NA,1,8,1,NA,NA,0,0,10,10,0,0,10,5,17,4,9,2,NA,NA,NA,1,1,3,3,8,10,0,8,8,3,18,NA,NA,7,4,6,5,4,2,2,3,5,NA,6,NA,1,NA,NA,NA,NA,NA,1983,2,6,NA,2,NA,NA,,,NA,NA,NA,2,5,,,2,2,2,,2,NA,NA,NA,NA,NA,NA,NA,NA,NA,NA,NA,NA,NA,NA,NA,NA,NA,NA,NA,NA,NA,NA,NA,NA,NA,NA,NA,NA,NA,NA,NA,NA,NA,NA,NA,NA,NA,NA,NA,NA,NA,NA,NA,NA,NA,NA,NA,NA,NA,NA,NA,NA,NA,NA,NA,NA,NA,NA,NA,NA,NA,2,1983,2,80,2,NA,1,1,1,NA,NA,NA,NA,NA,NA,22,"srep6075",1,0,0,0,0,NA,NA
"535",215,268334,11,1,NA,NA,,,,1,,1,,,NA,NA,NA,NA,1,"srep8486",NA,13,NA,NA,1,NA,NA,1,10,26,23,NA,NA,NA,NA,8,NA,NA,NA,NA,NA,1,NA,2,3,4,NA,NA,NA,NA,NA,NA,NA,NA,NA,4,5,5,6,4,5,NA,3,NA,1,NA,NA,NA,NA,NA,NA,NA,NA,NA,NA,NA,NA,NA,NA,NA,NA,NA,NA,1,NA,NA,NA,NA,NA,NA,NA,NA,NA,0,NA,4,3,1,NA,NA,2,NA,85,45,80,95,90,95,80,2,NA,NA,7,11,2,NA,1,6,4,2,4,NA,NA,NA,NA,NA,NA,NA,NA,25,17,24,1,3,1,3,NA,NA,NA,NA,6,10,7,6,2,3,16,8,1,1,4,4,6,6,5,4,4,5,NA,22,NA,1,NA,NA,NA,NA,NA,1965,1,6,NA,2,NA,NA,,,NA,NA,NA,1,5,,,2,2,1,,4,NA,NA,NA,NA,NA,NA,NA,NA,NA,NA,NA,NA,NA,NA,NA,NA,NA,NA,NA,NA,NA,NA,NA,NA,NA,NA,NA,NA,NA,NA,NA,NA,NA,NA,NA,NA,NA,NA,NA,NA,NA,NA,NA,NA,NA,NA,NA,NA,NA,NA,NA,NA,NA,NA,NA,NA,NA,NA,NA,NA,3,1,1965,4,57,3,NA,4,1,1,NA,NA,NA,NA,NA,NA,21,"srep8486",1,0,0,0,0,NA,NA
"536",216,270251,12,1,NA,NA,,,,1,,1,,,NA,NA,NA,NA,1,"srep9382",NA,10,NA,NA,1,NA,NA,1,1,30,9,NA,NA,NA,NA,3,3,NA,NA,NA,NA,NA,NA,2,3,1,NA,NA,NA,NA,NA,NA,NA,NA,NA,5,5,1,1,1,7,NA,4,NA,NA,NA,NA,NA,NA,1,1,NA,NA,NA,NA,NA,NA,NA,NA,NA,NA,1,NA,NA,NA,NA,NA,NA,NA,NA,1,NA,NA,2,4,1,6,2,NA,NA,NA,2,85,85,85,85,85,85,15,2,NA,NA,20,18,4,NA,2,7,1,5,2,NA,NA,NA,NA,NA,NA,NA,NA,11,20,17,2,NA,NA,NA,3,1,3,4,6,10,6,6,6,4,NA,6,9,2,6,6,3,3,6,2,2,6,NA,NA,NA,NA,NA,NA,NA,NA,NA,NA,NA,NA,NA,NA,NA,NA,NA,NA,NA,NA,NA,NA,NA,NA,NA,NA,NA,NA,NA,NA,NA,NA,NA,NA,NA,NA,NA,NA,NA,NA,NA,NA,NA,NA,NA,NA,NA,NA,NA,NA,NA,NA,NA,NA,NA,NA,NA,NA,NA,NA,NA,NA,NA,NA,NA,NA,NA,NA,NA,NA,NA,NA,NA,NA,NA,NA,NA,NA,NA,NA,NA,NA,NA,NA,NA,NA,NA,NA,NA,NA,NA,1,1969,6,43,4,14,6,1,1,NA,NA,NA,NA,NA,NA,NA,NA,NA,NA,NA,NA,NA,NA,NA
"537",217,271162,13,1,NA,NA,,,,1,,1,,,NA,NA,NA,NA,1,"srep8503",NA,11,NA,NA,2,3,2,1,18,8,48,NA,NA,NA,NA,13,18,NA,NA,NA,NA,NA,NA,2,3,4,NA,NA,NA,NA,NA,NA,NA,NA,NA,1,5,2,6,1,4,NA,6,NA,NA,NA,NA,1,22,1,NA,1,1,NA,1,NA,NA,NA,NA,NA,NA,1,NA,NA,NA,NA,1,12,NA,NA,NA,1,32,NA,3,NA,3,1,NA,NA,2,NA,80,30,85,80,80,80,60,1,1,3,NA,NA,2,NA,1,10,6,1,2,NA,NA,NA,NA,NA,NA,NA,NA,17,25,24,2,NA,NA,NA,3,1,3,1,8,10,10,10,6,1,NA,NA,NA,5,5,6,3,2,4,4,4,4,NA,45,NA,1,NA,NA,NA,NA,NA,1955,1,6,NA,1,2,52,NA,NA,NA,NA,NA,1,5,,,2,1,1,,5,NA,NA,NA,NA,NA,NA,NA,NA,NA,NA,NA,NA,NA,NA,NA,NA,NA,NA,NA,NA,NA,NA,NA,NA,NA,NA,NA,NA,NA,NA,NA,NA,NA,NA,NA,NA,NA,NA,NA,NA,NA,NA,NA,NA,NA,NA,NA,NA,NA,NA,NA,NA,NA,NA,NA,NA,NA,NA,NA,NA,NA,1,1955,6,84,5,NA,2,1,1,NA,NA,NA,NA,NA,NA,20,"srep8503",1,0,0,0,0,NA,6
"538",219,272147,15,1,NA,NA,,,,1,,1,,,NA,NA,NA,NA,1,"srep9428",NA,31,NA,NA,1,NA,NA,1,47,24,18,NA,NA,NA,NA,6,38,NA,NA,NA,NA,NA,NA,2,3,1,NA,NA,NA,NA,NA,NA,NA,NA,NA,1,5,4,7,1,4,NA,8,NA,1,NA,NA,1,1,NA,NA,NA,NA,NA,NA,NA,NA,NA,NA,NA,NA,NA,NA,1,NA,NA,NA,NA,1,NA,NA,NA,NA,2,1,5,4,1,NA,NA,2,NA,85,30,70,80,85,85,75,1,1,3,NA,NA,3,NA,2,9,1,1,2,NA,NA,NA,NA,NA,NA,NA,NA,12,4,24,1,3,4,3,NA,NA,NA,NA,8,10,5,5,4,1,NA,10,2,3,3,4,2,2,3,1,3,6,NA,10,NA,1,NA,NA,NA,NA,NA,1961,1,NA,,2,NA,NA,,,NA,NA,NA,1,7,,,2,2,1,,6,NA,NA,NA,NA,NA,NA,NA,NA,NA,NA,NA,NA,NA,NA,NA,NA,NA,NA,NA,NA,NA,NA,NA,NA,NA,NA,NA,NA,NA,NA,NA,NA,NA,NA,NA,NA,NA,NA,NA,NA,NA,NA,NA,NA,NA,NA,NA,NA,NA,NA,NA,NA,NA,NA,NA,NA,NA,NA,NA,NA,3,1,1961,3,97,2,NA,2,NA,NA,NA,NA,NA,NA,1,,10,"srep9428",0,1,0,0,0,NA,NA
