rid,rkey,date,status,contact.id,comments,ip.address,long,lat,county,city,region,postal,url,url2,url3,url4,intro logic,agree,userid,user,time,page.logic1,Copy of userid,policy.placement,healthcare.law,imm.law,photo.nonphoto.pk,hr,ns,jn,hr2,jn2,ns2,page.logic,am1,mm1,mm2,am2,am11,am21,mm11,mm21,correct.or.conf,rg,sb,rg.rg,rg.ad,rg.jc,rg.ak,how.sure,sb.jb,sb.sb,sb.ks,sb.tv,health.ins.y,health.ins.r,health.ins.d,illegal.y,illegal.r,illegal.d,ideology.n,ideology,news.wsj,news.nyt,news.wp,news.usa,news.other,news.other.s,tv.cbs,tv.fox,tv.pbs,tv.nbc,tv.other,tv.abc,tv.others,cable.fox,cable.msnbc,cable.cspan,cable.bbc,cable.other,cable.cnn,cable.others,radio.npr,radio.rl,radio.ms,radio.other,radio.others,web.huff,web.drudge,web.portal,web.other,web.other.s,tv.days,attention,talk.politics,talk.other.politics,pid1,pid.other,pid2.r,pid2.d,pid2.other,therm.b,therm.r,therm.d,therm.w,therm.h,therm.l,therm.ill,open.closed,ww2.cas,fem.death,ww2.cas2,fem.death2,deport,deport.sure,imm,imm.sure,steagall,healthcare.pk1,healthbill,death.panel,medicare,future.increase,cuts.benefits,illegal,single.payer,upper.class,mammograms,tax.100k,welfare,blk.welfare,dkencouraging.dk.discouraging,reagan,clinton,wbush,reagan2,clinton2,wbush2,obama2,pol.interest,vote.2010,contribute1,contact,attend,def.party,def.other,healthcare.law2,imm.law2,structure,certain,oneside,changeview,confident,curiosity,considerate,independence,obedience
239,219237,9/9/2010 21:54,Complete,,,,,,United States,,CA,,,,,FY994766,,I agree to participate,FY994766,,27,,,start,8,2,nonphoto,Senate Majority Leader,president of France,Secy of Homeland Security,,,,,"Prime Minister, Germany",Senate Minority Leader,,,,,,,regular,Robert Gates,Stephen Breyer,,,,,,,,,,1,7,4,7,2,4,,Very liberal,,NY Times,Washington Post,,,,,,,,,,,,,,,,,,NPR,,,,,,,"Online Portal like Google News, AOL or Topix that gathers news from many different sources",,,0,,4,3,Democrat,,,Strong,,85,30,70,70,60,,,closed,[Erstwhile] Soviet Union,Heart Disease,,,Don’t Know,,Can  ask anyone they suspect of being an illegal immigrant for their papers,8,Don't Know,Couldn't say,Limits future increases in payments to Medicare providers,,,,,,,,,40%,10%,20%,Branch A,Increased,Decreased,Increased,,,,,7,10,8,8,8,Don't Know,,,,2,5,4,3,2,2,2,3,6
238,219211,9/9/2010 21:36,Complete,,,,,,United States,,CO,,,,,FY963524,,I agree to participate,FY963524,,30,,,end,,,photo,,,,Speaker of House,Supreme Court?,President's advisor?,,,,Senate?,,,Chancellor of Germany,,,percent,,,5,0,0,0,,5,0,0,0,1,7,2,7,1,3,,Liberal,,,,, Other ,"Denver Post, Boulder Daily Camera, NYTimes on line",CBS,,PBS,,,,,,,,,,,,NPR,,,,,,,"Online Portal like Google News, AOL or Topix that gathers news from many different sources",Other,Australian papers,6,A moderate amount,2,5,Democrat,,,Not very strong,,85,60,70,85,85,85,85,closed,[Erstwhile] Soviet Union,Unintentional injuries,,,"Ask for papers only if the person has been stopped for suspicion about some other transgression, and if they are suspected to be an illegal immigrant",6,Can  ask anyone they suspect of being an illegal immigrant for their papers,8,Bill Clinton,,,0,0,0,2,0,0,4,9,12%,20%,40%,Branch B,,,,Increased,Decreased,Increased,Increased,5,10,10,5,2,Democrats,,9,4,3,6,6,4,2,1,1,2,7
237,219210,9/9/2010 21:35,Complete,,,,,,United States,,NY,,,,,FY955814,,I agree to participate,FY955814,,21,,,end,,,nonphoto,Senator from Nevada and Senate Majority Leader,President of France,Head of Homeland Security,,,,,Chancellor of Germany,Senate Minority Leader,,,,,,,percent,,,10,0,,,,,,,,2,7,4,4,2,5,,Slightly liberal,Wall Street Journal,NY Times,,, Other ,Financial Times,,,,,,,,,,,,,,,,,,,,,,"Online Portal like Google News, AOL or Topix that gathers news from many different sources",Other,MSNBC,0,,3,2,Democrat,,,Strong,,60,30,40,50,40,50,30,open,,,Japan,Heart disease,"Ask for papers only if the person has been stopped for suspicion about some other transgression, and if they are suspected to be an illegal immigrant",3,Can  ask anyone they suspect of being an illegal immigrant for their papers,9,Bill Clinton,,,3,0,8,6,0,0,8,2,28%,3%,15%,Branch B,,,,Increased,Decreased,Increased,Increased,7,10,2,2,2,Other,neither party is showing the political will to do so,8,2,2,5,3,2,2,6,4,6,2
236,219208,9/9/2010 22:39,Complete,,,,,,United States,,MA,,,,,FY998569,,I agree to participate,FY998569,,66,,,end,,,photo,,,,,,,,,,,,,Don't Know,,Senate Minority Leader,percent,,,5,0,0,0,,0,5,0,0,1,5,3,4,I haven't thought much about this,3,,Moderate,,NY Times,,USA Today, Other ,"town newspaper,",CBS,Fox,PBS,NBC,,ABC,,Fox News,MSNBC,,BBC,,CNN,,NPR,,,,,,,,,,3,A moderate amount,2,7,Independent,,,,Closer to Republican Party,70,60,40,70,85,85,85,closed,Couldn't say,Heart Disease,,,Question any person whom they suspect to be an illegal immigrant for their papers,6,Can  ask anyone they suspect of being an illegal immigrant for their papers,9,Don't Know,,,1,5,6,7,1,2,2,2,25%,12%,40%,Branch A,Increased,Decreased,Increased,,,,,5,10,6,9,8,Republicans,, dk, dk,7,5,5,3,5,2,1,3,5
235,219203,9/9/2010 21:15,Complete,,,,,,United States,,AZ,,,,,FY976474,,I agree to participate,FY976474,,45,,,end,,,nonphoto,Senate leader,Pres. of France,Dir. Homeland Security,,,,,German chancellor,Minority leader,,,,,,,regular,Don't Know,Couldn't Say,,,,,,,,,,1,6,3,5,1,4,,Slightly liberal,Wall Street Journal,NY Times,,, Other ,AZ Republic,,,,,,,,,MSNBC,,,,CNN,,NPR,,,,,,,,,,4,A moderate amount,5,3,Democrat,,,Strong,,80,20,65,70,80,100,70,open,,,Russia,cancer,"Ask for papers only if the person has been stopped for suspicion about some other transgression, and if they are suspected to be an illegal immigrant",2,Can ask people they suspect of being illegal immigrants for their papers only when stopping them for other reasons.,10,Ronald Reagan,Increases the Medicare payroll tax for upper‐income Americans,Limits future increases in payments to Medicare providers,,,,,,,,,23%,6%,35%,Branch A,Decreased,Decreased,Increased,,,,,6,10,7,5,4,Democrats,,10,0,5,5,3,3,3,3,3,4,5
233,219199,9/9/2010 21:24,Complete,,,,,,United States,,CA,,,,,FY991852,,I agree to participate,FY991852,,47,,,end,,,nonphoto,"Senator, Majority Leader",Prime Minister,Secretary of Home Land Security,,,,,Prime Minister,Senator,,,,,,,regular,Anthony Kennedy,Ken Salazar,,,,,,,,,,1,7,3,6,1,5,,Very liberal,,,,, Other ,Los Angeles Times,,,,,,,,,,,,,,,NPR,,, Others ,Pacific,Huffington Post,,,,,0,,6,8,Democrat,,,Not very strong,,85,30,60,85,85,85,85,open,,,Soviet Union,Heart Attack,"Ask for papers only if the person has been stopped for suspicion about some other transgression, and if they are suspected to be an illegal immigrant",8,Can  ask anyone they suspect of being an illegal immigrant for their papers,8,Bill Clinton,Increases the Medicare payroll tax for upper‐income Americans,Limits future increases in payments to Medicare providers,,,,,,,,,25%,4%,40%,Branch A,Increased,Decreased,Increased,,,,,8,10,4,9,8,Democrats,,8,0,1,2,2,2,2,3,3,3,6
232,219194,9/9/2010 21:07,Complete,,,,,,United States,,DC,,,,,FY932177,,I agree to participate,FY932177,,38,,,end,,,nonphoto,Senate Majority Leader,President of France,,,,,,German Chancellor,,,,,,Don't Know,,percent,,,0,7,0,0,,0,5,0,5,2,7,2,6,2,5,,Liberal,Wall Street Journal,NY Times,,, Other ,"Financial Times, Bloomberg",,,,,,,,,,,,,,,NPR,,,,,,,"Online Portal like Google News, AOL or Topix that gathers news from many different sources",,,0,Not at all,5,7,Democrat,,,Strong,,85,40,70,100,90,100,95,open,,,Russia,Heart disease,"Ask for papers only if the person has been stopped for suspicion about some other transgression, and if they are suspected to be an illegal immigrant",8,Can  ask anyone they suspect of being an illegal immigrant for their papers,9,George H. Bush,,,2,0,4,0,3,0,7,4,35%,20%,30%,Branch A,Increased,Decreased,Increased,,,,,5,8,0,10,5,Other,It has more to do with the economic climate than the party in power,8,0,2,5,2,5,6,2,1,2,6
231,219189,9/9/2010 21:06,Complete,,,,,,United States,,CA,,,,,FY970178,,I agree to participate,FY970178,,39,,,end,,,photo,,,,,,,,,,,,,Chancellor of Germany,,Don't Know,percent,,,0,0,0,0,,0,0,0,0,2,5,2,5,3,6,,Slightly conservative,,NY Times,,, Other ,CS Monitor,,,,,,,,,,,,,,,,,,,,,,"Online Portal like Google News, AOL or Topix that gathers news from many different sources",,,0,A moderate amount,,5,Republican,,Not very strong,,,70,50,50,70,70,70,70,closed,[Erstwhile] Soviet Union,Heart Disease,,,"Ask for papers only if the person has been stopped for suspicion about some other transgression, and if they are suspected to be an illegal immigrant",6,Can  ask anyone they suspect of being an illegal immigrant for their papers,7,Bill Clinton,,,0,0,0,0,5,0,10,10,40%,1%,20%,Branch B,,,,Remained the Same,Decreased,Increased,Increased,2,10,6,0,8,Republicans,,4,1,2,5,6,6,5,3,2,3,6
230,219187,9/9/2010 21:05,Complete,,,,,,United States,,,,,,,FY909832,,I agree to participate,FY909832,,33,,,start,4,0,nonphoto,Senate Majority Leader,Pres. of France,Secretary of Homeland Security,,,,,President of Germany,House Minority Leader,,,,,,,percent,,,10,,,,,,10,,,4,7,2,6,1,7,,Liberal,,,,, Other ,LA Times,,,PBS,NBC,,,,,,,,,CNN,,NPR,,,,,,,,Other,not,7,A great deal,7,3,Democrat,,,Not very strong,,90,60,60,80,90,95,80,closed,[Erstwhile] Soviet Union,Heart Disease,,,Deny aid to known illegal immigrants,9,Can ask people they suspect of being illegal immigrants for their papers only when stopping them for other reasons.,9,Bill Clinton,,,0,0,0,0,0,0,0,0,30%,5%,0.03%,Branch A,Increased,Decreased,Increased,,,,,10,10,0,8,9,Don't Know,,,,2,7,6,4,2,2,1,3,6
229,219185,9/9/2010 20:53,Complete,,,,,,United States,,DC,,,,,FY990769,,I agree to participate,FY990769,,17,,,end,,,photo,,,,newcaster,politician,sales,,,,vice presidnet,senator,,,,,regular,Don't Know,Couldn't Say,,,,,,,,,,2,7,1,6,1,7,,Liberal,Wall Street Journal,,Washington Post,,,,,Fox,,NBC,,,,,,,,,,,,,,,,,,,,,4,A little,1,5,Democrat,,,Not very strong,,70,70,70,70,70,70,70,closed,Couldn't say,Breast Cancer,,,Don’t Know,,Can  ask anyone they suspect of being an illegal immigrant for their papers,7,Don't Know,Increases the Medicare payroll tax for upper‐income Americans,Limits future increases in payments to Medicare providers,,,,,,,,,25%,15%,15%,Branch A,Don't Know,Remained the Same,Increased,,,,,5,2,2,2,3,Democrats,,8,0,2,3,6,4,3,4,2,4,6
228,219178,9/9/2010 20:51,Complete,,,,,,United States,,CA,,,,,FY988813,,I agree to participate,FY988813,,38,,,end,,,nonphoto,Senator,French premier,cabinet member,,,,,German chancellor,Congressman,,,,,,,regular,Robert Gates,Stephen Breyer,,,,,,,,,,1,7,1,7,1,4,,Liberal,,NY Times,,,,,,,PBS,,,,,,,,,,CNN,,NPR,,,,,,,,,,7,A lot,5,2,Democrat,,,Strong,,70,40,70,70,70,70,60,closed,[Erstwhile] Soviet Union,Heart Disease,,,Question any person whom they suspect to be an illegal immigrant for their papers,5,Can ask people they suspect of being illegal immigrants for their papers only when stopping them for other reasons.,7,Bill Clinton,Increases the Medicare payroll tax for upper‐income Americans,Limits future increases in payments to Medicare providers,,,,,,,,,20%,5%,20%,Branch B,,,,Increased,Decreased,Increased,Increased,8,10,10,10,7,Republicans,,10,0,2,6,4,4,4,1,2,2,7
227,219166,9/9/2010 20:51,Complete,,,,,,United States,,FL,,,,,FY978718,,I agree to participate,FY978718,,11,,,end,,,nonphoto,embattled senator,president of France,legal/security position in Obama admin - forget title,,,,,German head of state,politician ,,,,,,,percent,,,6,,,,,,8,,,1,6,3,6,1,5,,Very liberal,,,,,,,,,PBS,,,,,Fox News,MSNBC,CSPAN,BBC,,CNN,,,,,,,,,"Online Portal like Google News, AOL or Topix that gathers news from many different sources",,,7,A lot,,7,Democrat,,,Strong,,75,40,80,75,75,75,60,open,,,German? do we count German jews?,heart or cancer,"Ask for papers only if the person has been stopped for suspicion about some other transgression, and if they are suspected to be an illegal immigrant",0,Can ask people they suspect of being illegal immigrants for their papers only when stopping them for other reasons.,6,Don't Know,,,0,0,7,0,0,0,5,7,15%,5%,10%,Branch A,Don't Know,Decreased,Increased,,,,,8,10,8,6,6,Democrats,,8,0,5,3,5,2,2,2,1,2,6
226,219158,9/9/2010 20:34,Complete,,,,,,United States,,,,,,,FY970694,,I agree to participate,FY970694,,7,,,end,,,photo,,,,Senate Majority Leader,Secretary of Homeland Security,,,,,,Prime Minister of Germany,,,,Don't Know,percent,,,5,,,,,,5,,,1,7,4,6,1,3,,Very liberal,,,,, Other ,San Jose Mercury News,,,,,Other,,None,,,,, Others ,,None,,,, Others ,KPFA,Huffington Post,,,Other,"Salon, Alternet",0,Not at all,6,4,Democrat,,,Strong,,100,50,60,50,85,60,50,open,,,Soviet Union,Heart attack,"Ask for papers only if the person has been stopped for suspicion about some other transgression, and if they are suspected to be an illegal immigrant",5,Can ask people they suspect of being illegal immigrants for their papers only when stopping them for other reasons.,7,Ronald Reagan,,,0,0,5,5,0,0,5,5,35%,3%,3%,Branch A,Increased,Decreased,Increased,,,,,10,10,10,10,10,Democrats,,8,0,3,5,6,5,4,4,2,4,4
225,219156,9/9/2010 20:45,Complete,,,,,,United States,,MO,,,,,FY963541,,I agree to participate,FY963541,,53,,,end,,,nonphoto,senate majority leader,,homeland security,,,,,white house social director,majority whip,,,,,,,percent,,,10,0,0,0,,5,5,5,5,7,5,1,1,2,7,,Slightly conservative,,,,USA Today,,,,Fox,,NBC,,,,,,,,,CNN,,NPR,,,,,,,"Online Portal like Google News, AOL or Topix that gathers news from many different sources",,,5,A moderate amount,4,6,Republican,,Strong,,,40,85,30,100,40,100,15,closed,Germany,Heart Disease,,,Deny aid to known illegal immigrants,8,Can ask people they suspect of being illegal immigrants for their papers only when stopping them for other reasons.,8,Don't Know,,,8,2,5,3,8,2,7,2,35%,25%,35%,Branch A,Increased,Decreased,Increased,,,,,7,10,1,3,8,Republicans,,1,10,3,6,5,5,4,3,2,4,5
223,219149,9/9/2010 20:24,Complete,,,,,,United States,,TX,,,,,FY944717,,I agree to participate,FY944717,,20,,,start,7,5,nonphoto,Senate Majority Leader,President of France,Secretary of Homeland Security,,,,,President of Germany,Senate Minority Leader,,,,,,,regular,Arne Duncan,Stephen Breyer,,,,,,,,,,2,7,1,2,1,5,,Slightly liberal,,,,,,,,,,,,,,,,,,,,,NPR,,,,,,,,Other,"Houston Chronicle, BBC, Slate.com",0,Not at all,0,7,Independent,,,,Closer to Democratic Party,50,30,40,50,50,70,15,closed,[Erstwhile] Soviet Union,Heart Disease,,,"Ask for papers only if the person has been stopped for suspicion about some other transgression, and if they are suspected to be an illegal immigrant",2,Can ask people they suspect of being illegal immigrants for their papers only when stopping them for other reasons.,8,Don't Know,Couldn't say,Couldn't say,,,,,,,,,20%,25%,15%,Branch A,Increased,Decreased,Increased,,,,,5,10,1,10,10,Other,libertarian,,,5,3,4,5,4,3,3,3,5
222,219144,9/9/2010 20:25,Complete,,,,,,United States,,HI,,,,,FY954744,,I agree to participate,FY954744,,23,,,end,,,nonphoto,,,attorney general,,,,,,,,,Don't Know,,Don't Know,,regular,Don't Know,Couldn't Say,,,,,,,,,,2,6,3,7,2,5,,Slightly liberal,,,,, Other ,"Sojourners, CNN, Google News",,,,,,,,,,,,,,,,,,,,,,"Online Portal like Google News, AOL or Topix that gathers news from many different sources",,,0,A lot,6,6,Other,issues-based,,,,80,40,40,60,90,70,65,open,,,China,heart disease,"Ask for papers only if the person has been stopped for suspicion about some other transgression, and if they are suspected to be an illegal immigrant",4,Can  ask anyone they suspect of being an illegal immigrant for their papers,4,Don't Know,Couldn't say,Couldn't say,,,,,,,,,30%,2%,5%,Branch A,Don't Know,Don't Know,Don't Know,,,,,9,10,4,10,10,Other,bipartisan efforts,6,1,3,5,6,5,3,5,3,6,3
273,219611,9/10/2010 9:41,Complete,,,,,,United States,,PA,,,,,FY915175,,I agree to participate,FY915175,,38,,,end,,,photo,,,,,,chief of staff,,,,,,,Chancellor of Germany,,Senate Minority Leader,regular,Robert Gates,Stephen Breyer,,,,,,,,,,1,7,3,5,1,6,,Liberal,,NY Times,,, Other ,local paper,,,,,,,,,,,,,,,,,,,,,,,Other,yahoo,0,A moderate amount,5,6,Democrat,,,Strong,,40,16,60,50,50,50,40,closed,[Erstwhile] Soviet Union,Heart Disease,,,"Ask for papers only if the person has been stopped for suspicion about some other transgression, and if they are suspected to be an illegal immigrant",4,Can ask people they suspect of being illegal immigrants for their papers only when stopping them for other reasons.,4,George H. Bush,Couldn't say,Limits future increases in payments to Medicare providers,,,,,,,,,33%,5%,40%,Branch B,,,,Increased,Remained the Same,Increased,Increased,8,10,9,1,9,Democrats,,7,2,3,7,6,5,5,1,1,3,6
272,219585,9/10/2010 9:18,Complete,,,,,,United States,,KS,,,,,FY904267,,I agree to participate,FY904267,,30,,,start,0,8,photo,,,,,Supreme Court,,,,,,,,Don't Know,,Don't Know,percent,,,0,0,10,0,,0,0,0,0,6,5,1,2,3,6,,Very conservative,,,Washington Post,, Other ,Local Paper,,,,,Other,,"I don't like any of these, only cable news",Fox News,MSNBC,CSPAN,,,CNN,,NPR,Rush Limbaugh,,,,,,"Online Portal like Google News, AOL or Topix that gathers news from many different sources",,,7,A moderate amount,5,4,Independent,,,,Closer to Republican Party,50,50,30,50,50,50,30,closed,Couldn't say,Don't Know,,,Question any person whom they suspect to be an illegal immigrant for their papers,8,Can  ask anyone they suspect of being an illegal immigrant for their papers,5,Don't Know,,,3,2,5,8,1,2,5,5,40%,1%,10%,Branch A,Increased,Decreased,Increased,,,,,8,10,5,5,3,Republicans,,,,4,5,3,3,2,4,4,4,4
271,219572,9/10/2010 9:13,Complete,,,,,,United Kingdom,,L1,,,,,FY936458,,I agree to participate,FY936458,,111,,,end,,,nonphoto,"Senator, Nevada","President, France","Secretary, Homeland Security",,,,,"Prime Minister, Germany",Senator?,,,,,,,percent,,,0,0,0,0,,,10,,,2,7,1,6,1,7,,Slightly liberal,Wall Street Journal,NY Times,,,,,,,PBS,,,,,,,,BBC,,CNN,,NPR,,,,,Huffington Post,,"Online Portal like Google News, AOL or Topix that gathers news from many different sources",,,0,A little,1,5,Independent,,,,Closer to Democratic Party,50,40,60,50,50,50,40,closed,Germany,Unintentional injuries,,,Question any person whom they suspect to be an illegal immigrant for their papers,8,Can  ask anyone they suspect of being an illegal immigrant for their papers,8,Bill Clinton,,,8,6,9,0,8,0,0,0,38%,2%,1%,Branch A,Increased,Decreased,Increased,,,,,8,10,0,0,0,Democrats,,10,0,2,1,5,4,2,1,1,1,7
270,219549,9/10/2010 8:54,Complete,,,,,,France,,B9,,,,,FY958154,,I agree to participate,FY958154,,25,,,start,10,0,nonphoto,,President of France,,,,,,Prime Minister of Germany,,,,,,Don't Know,,percent,,,8,0,0,0,,0,0,0,0,1,7,3,7,1,4,,Very liberal,,NY Times,Washington Post,,,,,,,,Other,,French TV,,,,,,CNN,,,,,,,,,"Online Portal like Google News, AOL or Topix that gathers news from many different sources",,,7,A great deal,7,3,Democrat,,,Not very strong,,70,40,85,70,80,70,70,open,,,Germany,Breast cancer,Don’t Know,,Can  ask anyone they suspect of being an illegal immigrant for their papers,8,George W. Bush,,,0,0,0,0,0,0,0,0,20%,5%,10%,Branch B,,,,Increased,Decreased,Increased,Remained the Same,10,0,0,0,5,Democrats,,,,2,1,7,4,5,1,1,4,5
268,219533,9/10/2010 8:23,Complete,,,,,,United States,,MA,,,,,FY925412,,I agree to participate,FY925412,,24,,,start,8,2,photo,,,,Majority Whip,Secretary of Homeland Security,Chief of Staff,,,,Senator,Supreme Court Justice,,,,,percent,,,7,2,0,0,,0,0,0,0,2,5,2,6,2,5,,Liberal,Wall Street Journal,NY Times,,,,,,,,,,,,,,,, Others ,,"the daily show, the colbert report",,,,,,,,,Other,Fark,4,A lot,1,5,Democrat,,,Not very strong,,80,41,75,80,80,75,40,open,,,Russia,traffic accidents,Don’t Know,,Can  ask anyone they suspect of being an illegal immigrant for their papers,9,Don't Know,,,0,0,2,3,5,0,5,0,35%,20%,15%,Branch B,,,,Don't Know,Decreased,Increased,Increased,7,9,0,0,5,Don't Know,,,,2,5,5,3,2,2,2,2,6
297,220796,9/10/2010 17:20,Complete,,,,,,United States,,NY,,,,,FY956131,,I agree to participate,FY956131,,40,,,end,,,photo,,,,,,,,,,,,,Don't Know,,Don't Know,percent,,,0,0,0,0,,0,0,0,0,2,6,2,6,2,6,,Slightly liberal,,NY Times,,, Other ,"Atlantic Monthly, New Yorker",,,,NBC,,,,,,,,,,,,,,,,,,"Online Portal like Google News, AOL or Topix that gathers news from many different sources",,,3,A moderate amount,6,4,Democrat,,,Strong,,50,15,70,50,50,50,40,open,,,,heart disease,"Ask for papers only if the person has been stopped for suspicion about some other transgression, and if they are suspected to be an illegal immigrant",1,Can  ask anyone they suspect of being an illegal immigrant for their papers,10,Ronald Reagan,,,0,0,5,0,0,0,5,5,25%,1%,3%,Branch B,,,,Increased,Decreased,Increased,Increased,6,10,9,10,9,Democrats,,9,0,6,6,3,5,5,2,1,3,6
296,220778,9/10/2010 17:09,Complete,,,,,,France,,A8,,,,,FY946844,,I agree to participate,FY946844,,15,,,start,7,1,nonphoto,Senate Majority Leader,President of France,Secretary of Homeland Security ,,,,,Chancellor of Germany,Senate Minority Leader,,,,,,,percent,,,2,2,2,0,,1,7,2,2,2,7,4,7,1,3,,Liberal,,NY Times,,,,,,,,,,,,,,,BBC,,CNN,,,,,,,Huffington Post,,"Online Portal like Google News, AOL or Topix that gathers news from many different sources",,,0,Not at all,5,3,Democrat,,,Strong,,40,15,70,70,50,70,40,open,,,Soviet Union,Heart disease,"Ask for papers only if the person has been stopped for suspicion about some other transgression, and if they are suspected to be an illegal immigrant",3,Can ask people they suspect of being illegal immigrants for their papers only when stopping them for other reasons.,9,Bill Clinton,,,3,0,7,4,1,0,1,5,20%,10%,10%,Branch A,Increased,Decreased,Increased,,,,,9,9,0,0,8,Democrats,,,,2,5,2,2,3,2,2,2,6
295,220748,9/10/2010 17:36,Complete,,,,,,United States,,OR,,,,,FY931086,,I agree to participate,FY931086,,29,,,end,,,nonphoto,,,,,,,,,,,,Don't Know,,Don't Know,,percent,,,0,0,0,0,,0,0,0,0,4,5,1,5,2,6,,Slightly conservative,,,,,,,,,,,,,,,,,,,,,,,,,,,,"Online Portal like Google News, AOL or Topix that gathers news from many different sources",,,0,,0,6,Republican,,Not very strong,,,85,85,85,85,85,85,70,closed,Germany,Heart Disease,,,Don’t Know,,Can ask people they suspect of being illegal immigrants for their papers only when stopping them for other reasons.,5,Don't Know,,,3,5,6,5,5,2,8,5,28%,10%,10%,Branch B,,,,Increased,Increased,Increased,Increased,3,9,0,0,1,Republicans,, dk,4,3,5,5,4,5,4,3,5,3
294,220733,9/10/2010 16:39,Complete,,,,,,Italy,,20,,,,,FY977741,,I agree to participate,FY977741,,21,,,end,,,nonphoto,,President of France,,,,,,Prime Minister of Germany,,,,,,Don't Know,,regular,Robert Gates,Couldn't Say,,,,,,,,,,1,4,2,6,1,2,,Liberal,Wall Street Journal,,,,,,,,PBS,,,,,,,,BBC,,CNN,,,,,,,,,,,,7,A moderate amount,3,6,Independent,,,,Closer to Democratic Party,90,80,90,50,90,90,70,closed,Couldn't say,Don't Know,,,"Ask for papers only if the person has been stopped for suspicion about some other transgression, and if they are suspected to be an illegal immigrant",5,Couldn’t Say,,Don't Know,Increases the Medicare payroll tax for upper‐income Americans,Couldn't say,,,,,,,,,33%,14%,22%,Branch B,,,,Increased,Decreased,Increased,Increased,9,8,8,8,8,Democrats,,9,0,5,3,3,5,6,1,1,2,3
293,220729,9/10/2010 16:34,Complete,,,,,,United Kingdom,,U2,,,,,FY972040,,I agree to participate,FY972040,,24,,,start,8,1,photo,,,,Senate Majority Leader,cabinet secretary,President of France,,,,,Chancellor of Germany,,,,Don't Know,regular,Robert Gates,Stephen Breyer,,,,,,,,,,1,5,3,4,2,4,,Slightly liberal,,,,, Other ,Financial Times,,,,,Other,,BBC,,,,BBC,,,,NPR,,,,,,,"Online Portal like Google News, AOL or Topix that gathers news from many different sources",,,0,A lot,1,8,Democrat,,,Not very strong,,90,80,90,90,90,90,90,closed,[Erstwhile] Soviet Union,Heart Disease,,,Don’t Know,,Couldn’t Say,,Bill Clinton,Increases the Medicare payroll tax for upper‐income Americans,Limits future increases in payments to Medicare providers,,,,,,,,,30%,5%,20%,Branch A,Increased,Decreased,Increased,,,,,6,0,5,5,10,Democrats,,,,4,2,6,5,5,2,2,3,5
292,220728,9/10/2010 16:35,Complete,,,,,,Austria,,6,,,,,FY912192,,I agree to participate,FY912192,,64,,,start,9, dk,photo,,,,,Supreme Court,,,,,,German prime minister,,,,Don't Know,regular,Robert Gates,Couldn't Say,,,,,,,,,,2,7,1,5,2,5,,Very liberal,,,,, Other ,Guardian,,,,,Other,,BBC,,,,,,,,,,,,,,,,,,6,A lot,3,7,Democrat,,,Strong,,75,35,65,50,50,50,50,open,,,RUssia,heart disease,Deny aid to known illegal immigrants,5,Can  ask anyone they suspect of being an illegal immigrant for their papers,5,Ronald Reagan,Couldn't say,Limits future increases in payments to Medicare providers,,,,,,,,,20%,10%,20%,Branch B,,,,Increased,Decreased,Increased,Increased,8,0,7,2,1,Republicans,,,,3,4,7,6,3,1,2,1,6
161,218963,9/9/2010 17:49,Complete,,,,,,United States,,MA,,,,,FY956139,,I agree to participate,FY956139,,15,,,end,,,photo,,,,,,,,,,,,,Don't Know,,Don't Know,regular,,Stephen Breyer,,,,,,,,,,1,7,1,4,7,1,,Moderate,Wall Street Journal,NY Times,Washington Post,USA Today, Other ,San Jose Mercury News,,,,,,,,,,,,,,,NPR,,,,,,,"Online Portal like Google News, AOL or Topix that gathers news from many different sources",,,0,Not at all,6,7,Independent,,,,Closer to Democratic Party,50,15,85,50,50,50,50,open,,,Poland,Old age,Don’t Know,,Can  ask anyone they suspect of being an illegal immigrant for their papers,7,Bill Clinton,Does not reimburse routine mammograms for women younger than 50,Couldn't say,,,,,,,,,38%,5%,1%,Branch A,Increased,Decreased,Increased,,,,,5,10,10,10,10,Don't Know,,10,0,4,4,7,4,4,4,4,4,4
162,218966,9/9/2010 17:51,Complete,,,,,,United States,,CA,,,,,FY924958,,I agree to participate,FY924958,,16,,,start,8,2,photo,,,,US Senator,,,,,,,No job or office - candidate for ca gov,,,,Don't Know,regular,Robert Gates,Stephen Breyer,,,,,,,,,,2,6,2,5,2,6,,Slightly liberal,,NY Times,,,,,,,PBS,,,,,,,,,,,,,,,,,,,"Online Portal like Google News, AOL or Topix that gathers news from many different sources",,,2,A lot,5,4,Democrat,,,Strong,,25,60,40,25,25,25,40,closed,Couldn't say,Heart Disease,,,Don’t Know,2,Can ask people they suspect of being illegal immigrants for their papers only when stopping them for other reasons.,8,Don't Know,Increases the Medicare payroll tax for upper‐income Americans,Couldn't say,,,,,,,,,15%,2%,4%,Branch B,,,,Increased,Decreased,Increased,Increased,4,,10,10,10,Democrats,,,,5,4,5,4,3,2,2,3,6
163,218967,9/9/2010 17:55,Complete,,,,,,United States,,CA,,,,,FY933838,,I agree to participate,FY933838,,27,,,start,10,0,nonphoto,Senate majority leader,French president,Homeland security director,,,,,German president,Senate minority leader,,,,,,,percent,,,10,0,0,0,,0,10,0,0,1,7,3,7,3,5,,Liberal,,NY Times,Washington Post,,,,,,,,,,,,,,BBC,,CNN,,NPR,,,,,Huffington Post,,,,,0,,1,3,Independent,,,,Closer to Democratic Party,50,15,85,50,50,50,40,closed,[Erstwhile] Soviet Union,Don't Know,,,"Ask for papers only if the person has been stopped for suspicion about some other transgression, and if they are suspected to be an illegal immigrant",2,Can ask people they suspect of being illegal immigrants for their papers only when stopping them for other reasons.,7,Bill Clinton,,,0,0,0,0,2,0,5,5,20%,30%,10%,Branch B,,,,Increased,Decreased,Increased,Increased,8,10,5,2,8,Democrats,,,,1,5,2,2,2,2,4,4,5
164,218969,9/9/2010 17:56,Complete,,,,,,United States,,DC,,,,,FY956537,,I agree to participate,FY956537,,6,,,start,9,0,photo,,,,senate majority leader,secretary of homeland security,member of congress,,,,senate minority leader,governor,,,,,regular,Robert Gates,Stephen Breyer,,,,,,,,,,2,7,3,5,2,5,,Liberal,Wall Street Journal,NY Times,Washington Post,,,,,,PBS,,,,,,MSNBC,,,,CNN,,NPR,,,,,Huffington Post,,,Other,"Politico, Congressional Quarterly, National Journal",2,A moderate amount,6,2,Democrat,,,Strong,,,15,60,,,50,50,closed,Couldn't say,Heart Disease,,,"Ask for papers only if the person has been stopped for suspicion about some other transgression, and if they are suspected to be an illegal immigrant",1,Can  ask anyone they suspect of being an illegal immigrant for their papers,2,Don't Know,Increases the Medicare payroll tax for upper‐income Americans,Limits future increases in payments to Medicare providers,,,,,,,,,32%,25%,15%,Branch A,Decreased,Decreased,Increased,,,,,8,10,10,10,10,Don't Know,,,,2,6,4,3,3,3,2,3,4
167,218972,9/9/2010 17:44,Complete,,,,,,United States,,CA,,,,,FY935576,,I agree to participate,FY935576,,37,,,end,,,nonphoto,,president of france,,,,,,,,,,Don't Know,,Don't Know,,percent,,,0,0,0,0,,0,0,0,0,3,7,1,1,1,7,,I haven’t thought much about this,,NY Times,,USA Today,,,,Fox,,,,,,,,,,,,,NPR,,,,,,,,,,0,A little,0,6,Independent,,,,Closer to Democratic Party,15,50,60,85,40,50,10,open,,,japanese,cancer,Deny aid to known illegal immigrants,1,Can  ask anyone they suspect of being an illegal immigrant for their papers,2,Don't Know,,,5,8,5,5,7,5,5,5,25%,3%,20%,Branch A,Increased,Decreased,Increased,,,,,1,8,0,5,2,Democrats,,5,5,1,7,6,5,4,3,3,3,4
168,218973,9/9/2010 17:54,Complete,,,,,,United States,,MA,,,,,FY943443,,I agree to participate,FY943443,,20,,,start,2,3,photo,,,,Secretary of Agriculture,Secretary of Commerce,Embassador,,,,Judge,Congresswoman,,,,,regular,Don't Know,Stephen Breyer,,,,,,,,,,6,7,1,1,1,7,,Slightly conservative,,NY Times,,,,,,Fox,,,,,,,,,,,CNN,,NPR,,,,,,,,Other,New York Times,1,A lot,1,6,Republican,,Not very strong,,,100,70,40,100,100,100,0,open,,,England,Hypertension,Deny aid to known illegal immigrants,6,Can escort illegal immigrants back across the border,10,Bill Clinton,Increases the Medicare payroll tax for upper‐income Americans,Limits future increases in payments to Medicare providers,,,,,,,,,20%,10%,25%,Branch B,,,,Increased,Increased,Decreased,Remained the Same,4,10,5,5,8,Republicans,,,,3,3,5,5,5,2,2,3,7
170,218979,9/9/2010 17:44,Complete,,,,,,United States,,CA,,,,,,,I agree to participate,,,5,,,start,0,0,photo,,,,a,b,c,,,,b,a,,,,,percent,,,10,1,1,1,,1,1,1,1,1,2,2,1,2,2,,Liberal,Wall Street Journal,,,,,,,,,,,,,,,,,,,,,,,,,,,,,,,A great deal,,4,Republican,,Strong,,,1,1,1,1,1,,1,closed,United Kingdom,Lung Cancer,,,Deny aid to known illegal immigrants,0,Can ask people they suspect of being illegal immigrants for their papers only when stopping them for other reasons.,0,Bill Clinton,,,1,1,1,1,1,11,1,1,,,,Branch B,,,,,,,,,,,5,,Don't Know,,,,2,4,4,7,7,7,7,7,7
171,218980,9/9/2010 17:58,Complete,,,,,,United States,,NY,,,,,FY952450,,I agree to participate,FY952450,,24,,,end,,,photo,,,,congressman,administrator,salesman,,,,reporter,governor,,,,,percent,,,5,2,6,0,,3,7,3,3,2,6,3,5,2,6,,Liberal,,NY Times,,, Other ,Bloomberg,,,,,,,,,,,, Others ,,"CNBC, NY1",,,,,,,,,,,0,,5,5,Democrat,,,Not very strong,,40,40,50,50,50,50,40,open,,,Russia,Heart problems,Deny aid to known illegal immigrants,6,Can  ask anyone they suspect of being an illegal immigrant for their papers,7,George H. Bush,,,0,1,7,2,5,0,8,2,40%,2%,10%,Branch B,,,,Increased,Decreased,Increased,Increased,7,10,1,2,3,Don't Know,,8,2,3,3,5,3,3,3,2,2,5
172,218982,9/9/2010 18:00,Complete,,,,,,Costa Rica,,8,,,,,FY952925,,I agree to participate,FY952925,,217,,,start,8,0,nonphoto,majority leader in senate,president of france,none,,,,,chancellor of germany,no idea,,,,,,,regular,Robert Gates,Couldn't Say,,,,,,,,,,1,7,1,5,1,6,,Liberal,,NY Times,,,,,,,,,,,,,,,BBC,,CNN,,,,,,,,,,,,0,A moderate amount,0,5,Democrat,,,Strong,,70,15,100,85,85,100,70,closed,[Erstwhile] Soviet Union,Breast Cancer,,,"Ask for papers only if the person has been stopped for suspicion about some other transgression, and if they are suspected to be an illegal immigrant",8,Can ask people they suspect of being illegal immigrants for their papers only when stopping them for other reasons.,8,Don't Know,Couldn't say,Replaces Medicare with a “public option”,,,,,,,,,20%,5%,70%,Branch A,Remained the Same,Decreased,Increased,,,,,9,0,0,0,0,Democrats,,,,3,5,4,4,4,3,3,3,5
173,218983,9/9/2010 17:57,Complete,,,,,,United States,,OR,,,,,FY931041,,I agree to participate,FY931041,,23,,,start,6,3,photo,,,,Senate Majority Leader,Cabinet Secretary,French President,,,,Don't know,German Chancellor,,,,,percent,,,5,,,,,,9,,,2,7,2,5,1,5,,Moderate,,NY Times,,, Other ,The Oregonian,,,,,,,,,,,,,CNN,,NPR,,,,,,,"Online Portal like Google News, AOL or Topix that gathers news from many different sources",,,1,A moderate amount,2,5,Democrat,,,Not very strong,,50,40,60,50,50,85,40,closed,[Erstwhile] Soviet Union,Don't Know,,,Don’t Know,,Can ask people they suspect of being illegal immigrants for their papers only when stopping them for other reasons.,6,Don't Know,,,1,0,6,1,5,0,8,0,25%,3%,10%,Branch B,,,,Increased,Decreased,Increased,Increased,7,10,10,8,7,Don't Know,,,,1,2,4,3,3,3,2,4,5
174,218985,9/9/2010 17:46,Complete,,,,,,United States,,CA,,,,,id924206,,I agree to participate,id924206,,4,,,end,,,nonphoto,a,b,c,,,,,b,a,,,,,,,regular,Robert Gates,Ken Salazar,,,,,,,,,,1,,1,7,7,7,,Very conservative,,,,,,,,,,,,,,,,CSPAN,,,,,,,,,,,,,,,,Not at all,,,Independent,,,,Closer to Republican Party,,,,,,,,open,,,,,Question any person whom they suspect to be an illegal immigrant for their papers,0,Can escort illegal immigrants back across the border,0,Don't Know,,,,,,,,,,,,,,Branch B,,,,,,,,,,,,,,,,,,,,,,,,,
175,218986,9/9/2010 18:01,Complete,,,,,,United States,,OR,,,,,FY902812,,I agree to participate,FY902812,,23,,,start,7,0,photo,,,,,director of homeland security,chief of staff,,,,,governor of arizona,,,,Don't Know,regular,Gary Locke,Stephen Breyer,,,,,,,,,,3,7,4,6,2,4,,Liberal,,NY Times,,,,,,,,,,,,,MSNBC,,,,CNN,,NPR,,,,,,,,,,0,Not at all,0,5,Independent,,,,Closer to Democratic Party,50,15,40,50,50,50,50,closed,[Erstwhile] Soviet Union,Heart Disease,,,Question any person whom they suspect to be an illegal immigrant for their papers,6,Can  ask anyone they suspect of being an illegal immigrant for their papers,8,Ronald Reagan,Couldn't say,Limits future increases in payments to Medicare providers,,,,,,,,,16%,3%,10%,Branch A,Increased,Increased,Increased,,,,,4,8,,10,10,Other,no one,,,1,6,3,4,4,2,1,4,6
176,218987,9/9/2010 17:57,Complete,,,,,,United States,,CA,,,,,FY955778,,I agree to participate,FY955778,,35,,,end,,,nonphoto,Senator Majority Leader (D- NV),Prime Minister of France,Head of Homeland Security,,,,,Chancellor of Germany,Republican House Leader,,,,,,,regular,Don't Know,Couldn't Say,,,,,,,,,,4,6,1,4,3,5,,Moderate,Wall Street Journal,NY Times,,,,,,,,,,,,,,,BBC, Others ,,CNBC,,,,,,,Drudge Report,"Online Portal like Google News, AOL or Topix that gathers news from many different sources",,,0,Not at all,6,5,Independent,,,,Equally close to both,50,10,10,60,50,50,20,open,,,USSR/Russia,Heart Disease,Don’t Know,,Can ask people they suspect of being illegal immigrants for their papers only when stopping them for other reasons.,7,Bill Clinton,Increases the Medicare payroll tax for upper‐income Americans,Limits future increases in payments to Medicare providers,,,,,,,,,40%,20%,25%,Branch B,,,,Increased,Decreased,Increased,Increased,8,10,0,5,3,Republicans,,1,5,2,2,7,4,3,2,2,2,4
177,218988,9/9/2010 18:04,Complete,,,,,,United States,,,,,,,FY934882,,I agree to participate,FY934882,,17,,,end,,,nonphoto,Senate Majority Leader (D-NV),President of France,Head of Homeland Security,,,,,Chancellor of Germany,Senate Minority Leader (R-KY),,,,,,,regular,Robert Gates,Stephen Breyer,,,,,,,,,,2,7,4,6,4,5,,Liberal,,NY Times,,, Other ,Boston Globe,,,,,,,,,MSNBC,,,,,,NPR,,, Others ,The Young Turks,Huffington Post,,,,,6,A lot,5,3,Democrat,,,Strong,,100,20,70,100,100,100,100,open,,,USSR,Heart Disease,Question any person whom they suspect to be an illegal immigrant for their papers,8,Can  ask anyone they suspect of being an illegal immigrant for their papers,7,Ronald Reagan,Increases the Medicare payroll tax for upper‐income Americans,Limits future increases in payments to Medicare providers,,,,,,,,,20%,7%,10%,Branch B,,,,Increased,Decreased,Increased,Increased,8,10,10,10,6,Democrats,,8,0,4,3,3,3,5,2,2,4,5
178,218989,9/9/2010 18:07,Complete,,,,,,United States,,WA,,,,,FY911262,,I agree to participate,FY911262,,32,,,end,,,nonphoto,"Senator, NV",President of France,Attorney General,,,,,Prime Minister of Germany,Senator,,,,,,,regular,Robert Gates,Stephen Breyer,,,,,,,,,,3,7,2,5,1,4,,Slightly liberal,,,,, Other ,Seattle Times,,,PBS,NBC,,,,,,,BBC,,CNN,,,,,,,,,"Online Portal like Google News, AOL or Topix that gathers news from many different sources",,,1,A moderate amount,1,3,Independent,,,,Closer to Democratic Party,,10,65,,,85,,open,,,Germany,Heart Disease,"Ask for papers only if the person has been stopped for suspicion about some other transgression, and if they are suspected to be an illegal immigrant",3,Can  ask anyone they suspect of being an illegal immigrant for their papers,8,Bill Clinton,Couldn't say,Limits future increases in payments to Medicare providers,,,,,,,,,20%,5%,5%,Branch B,,,,Increased,Decreased,Increased,Increased,4,10,2,5,4,Democrats,,7,0,3,4,5,2,3,3,1,4,6
179,218990,9/9/2010 18:02,Complete,,,,,,United States,,CA,,,,,FY908065,,I agree to participate,FY908065,,18,,,end,,,nonphoto,Majority leader,French President,Homeland Secretary,,,,,German Prime Minister,Minority leader,,,,,,,percent,,,8,10,5,10,,10,5,10,10,1,6,2,6,2,4,,Very liberal,,NY Times,,, Other ,Los Angeles Times,,,,,,,,,MSNBC,,,,CNN,,,,,,,Huffington Post,,"Online Portal like Google News, AOL or Topix that gathers news from many different sources",,,6,A lot,3,8,Democrat,,,Strong,,80,40,80,80,80,80,85,closed,[Erstwhile] Soviet Union,Heart Disease,,,"Ask for papers only if the person has been stopped for suspicion about some other transgression, and if they are suspected to be an illegal immigrant",3,Can ask people they suspect of being illegal immigrants for their papers only when stopping them for other reasons.,7,Don't Know,,,0,0,0,2,2,0,2,5,28%,0.05%,5%,Branch B,,,,Increased,Increased,Increased,Increased,7,10,7,7,7,Don't Know,,9,0,2,6,2,2,4,3,2,2,6
180,218991,9/9/2010 18:14,Complete,,,,,,United States,,,,,,,FY994781,,I agree to participate,FY994781,,70,,,start,4,0,nonphoto,Senate Democratic leader,,,,,,,President of Germany,,,,,,Senate Minority Leader,,percent,,,5,,,,,,,,,1,5,2,5,2,5,,Slightly liberal,,,,, Other ,"San Francisco Chronicle, Contra Costa Times",,,PBS,,,,,,,,,,,,,,,,,,,,,,7,A lot,7,5,Democrat,,,Not very strong,,60,30,70,70,70,70,50,closed,[Erstwhile] Soviet Union,Heart Disease,,,Deny aid to known illegal immigrants,5,Can  ask anyone they suspect of being an illegal immigrant for their papers,10,Don't Know,,,0,0,0,6,0,0,6,10,15%,5%,10%,Branch A,Decreased,Remained the Same,Increased,,,,,5,10,2,5,1,Democrats,,,,1,1,4,3,3,4,2,3,5
181,218992,9/10/2010 1:20,Complete,,,,,,United States,,CA,,,,,FY955711,,I agree to participate,FY955711,,11,,,start,8,0,nonphoto,Senate Majority Leader (D-Nevada),President of France,US Attorney General,,,,,Chancellor of Germany,"House(?) Minority Leader -- also I realized Napolitano is Secretary of Homeland Security right after I hit the ""next"" button on the last screen",,,,,,,regular,Gary Locke,Stephen Breyer,,,,,,,,,,1,7,3,7,3,5,,Liberal,,NY Times,,,,,,,,,,,,,,,,,,,NPR,,,,,,,,,,0,A lot,5,3,Democrat,,,Strong,,,0,50,50,,,,open,,,Soviet Union?,Heart disease?,"Ask for papers only if the person has been stopped for suspicion about some other transgression, and if they are suspected to be an illegal immigrant",5,Can  ask anyone they suspect of being an illegal immigrant for their papers,8,George W. Bush,Increases the Medicare payroll tax for upper‐income Americans,Limits future increases in payments to Medicare providers,,,,,,,,,26%,3%,5%,Branch A,Don't Know,Decreased,Increased,,,,,7,9,2,5,2,Democrats,,,,5,6,4,4,2,2,1,3,5
182,218993,9/9/2010 18:08,Complete,,,,,,United States,,CA,,,,,FY914314,,I agree to participate,FY914314,,19,,,end,,,nonphoto,senator?,French Pres,transportation secy?,,,,,,congressman,,,Chancellor of Germany,,,,regular,Don't Know,Couldn't Say,,,,,,,,,,3,5,1,6,5,I haven't thought much about this,,Moderate,,NY Times,Washington Post,,,,,,,,,,,,,,,,,,NPR,,,,,,,,,,0,A little,5,8,Independent,,,,Closer to Republican Party,70,70,70,70,70,70,70,open,,,Japan?,Car crashes?,"Ask for papers only if the person has been stopped for suspicion about some other transgression, and if they are suspected to be an illegal immigrant",6,Can ask people they suspect of being illegal immigrants for their papers only when stopping them for other reasons.,8,Don't Know,Couldn't say,Couldn't say,,,,,,,,,34%,18%,28%,Branch A,Increased,Increased,Increased,,,,,7,10,3,3,8,Republicans,,6,0,4,4,4,5,2,2,2,4,4
183,218994,9/9/2010 18:05,Complete,,,,,,United States,,CA,,,,,FY963040,,I agree to participate,FY963040,,8,,,end,,,nonphoto,Senate Majority Leader,,,,,,,,,,,Chancellor of Germany,,Don't Know,,percent,,,1,0,0,0,,0,1,0,0,1,7,2,5,1,5,,Very liberal,,,,, Other ,San Jose Mercury News,CBS,,,NBC,,ABC,,,,,BBC,,CNN,,NPR,,,,,,,"Online Portal like Google News, AOL or Topix that gathers news from many different sources",,,0,A little,1,1,Democrat,,,Strong,,70,0,85,85,85,85,60,open,,,China,heart disease,"Ask for papers only if the person has been stopped for suspicion about some other transgression, and if they are suspected to be an illegal immigrant",2,Can ask people they suspect of being illegal immigrants for their papers only when stopping them for other reasons.,9,Don't Know,,,1,0,5,1,5,0,5,5,25%,10%,10%,Branch B,,,,Increased,Increased,Increased,Increased,4,10,9,10,2,Don't Know,,8,0,3,6,2,1,1,5,2,4,4
184,218996,9/9/2010 17:58,Complete,,,,,,United States,,CA,,,,,FY915590,,I agree to participate,FY915590,,8,,,start,7,1,photo,,,,Congress,Congress,United Nations,,,,Politics,Politics,,,,,regular,Don't Know,Couldn't Say,,,,,,,,,,1,6,3,4,2,6,,Slightly conservative,,NY Times,,,,,,,,,,ABC,,,,,,,CNN,,,,,,,,,,,,1,A moderate amount,0,2,Democrat,,,Not very strong,,85,50,50,85,70,80,70,open,,,UK,Breast cancer,"Ask for papers only if the person has been stopped for suspicion about some other transgression, and if they are suspected to be an illegal immigrant",3,Can ask people they suspect of being illegal immigrants for their papers only when stopping them for other reasons.,8,Don't Know,"Replaces private health insurance with a ""single payer system""",Couldn't say,,,,,,,,,40%,40%,40%,Branch A,Remained the Same,Remained the Same,Remained the Same,,,,,7,5,1,1,1,Don't Know,,,,3,3,3,3,,3,3,3,3
185,218998,9/9/2010 18:03,Complete,,,,,,United States,,,,,,,FY909789,,I agree to participate,FY909789,,22,,,start,2,8,nonphoto,Senate Majority Leader,President of France,Secretary of Homeland Security,,,,,Chancellor of Germany,Senate Minority Leader,,,,,,,regular,Robert Gates,Stephen Breyer,,,,,,,,,,5,6,1,3,2,7,,Slightly liberal,Wall Street Journal,,,, Other ,"Oregonian, Time",,,,,,,,,,,,,,,NPR,,,,,,,"Online Portal like Google News, AOL or Topix that gathers news from many different sources",,,0,A lot,3,7,Independent,,,,Equally close to both,50,50,50,50,50,50,15,closed,[Erstwhile] Soviet Union,Heart Disease,,,"Ask for papers only if the person has been stopped for suspicion about some other transgression, and if they are suspected to be an illegal immigrant",3,Can ask people they suspect of being illegal immigrants for their papers only when stopping them for other reasons.,9,Bill Clinton,Does not reimburse routine mammograms for women younger than 50,Limits future increases in payments to Medicare providers,,,,,,,,,20%,15%,20%,Branch B,,,,Increased,Decreased,Increased,Increased,5,10,10,10,10,Republicans,,,,2,6,2,2,2,4,4,3,5
186,219008,9/9/2010 18:28,Complete,,,,,,United States,,NY,,,,,FY980512,,I agree to participate,FY980512,,33,,,end,,,photo,,,,Majority Leader of the US Senate,"Secretary, US Dept. of Homeland Security",President of France,,,,Minority Leader US Senate,Chancellor of Germany,,,,,percent,,,10,,,,,,10,,,2,6,4,7,2,5,,Very liberal,,NY Times,Washington Post,, Other ,"The Guardian (UK), The Economist",,,PBS,NBC,,,,,,,,,CNN,,NPR,,,,,,,"Online Portal like Google News, AOL or Topix that gathers news from many different sources",Other,"The Atlantic, TalkingPoints Memo",2,A moderate amount,4,3,Democrat,,,Strong,,50,15,65,50,50,55,45,closed,[Erstwhile] Soviet Union,Heart Disease,,,Question any person whom they suspect to be an illegal immigrant for their papers,7,Can  ask anyone they suspect of being an illegal immigrant for their papers,6,Bill Clinton,,,0,0,10,3,0,0,3,5,20%,5%,15%,Branch A,Increased,Decreased,Increased,,,,,8,10,10,10,7,Democrats,,8,0,5,5,2,3,2,2,3,3,5
187,219013,9/9/2010 18:31,Complete,,,,,,United States,,CA,,,,,FY920663,,I agree to participate,FY920663,,53,,,start,8,0,nonphoto,Senator US,Prime Minister of France ,Head of Emergency Services,,,,,Prime Minister of Germany,Don't Know,,,,,,,percent,,,0,0,0,5,,10,5,,,3,7,2,4,1,5,,Slightly liberal,,NY Times,Washington Post,, Other ,TV ,,,PBS,,,,,,,,BBC,,CNN,,NPR,,,,,Huffington Post,,,Other,,6,A great deal,2,7,Democrat,,,Strong,,85,40,70,85,75,75,30,closed,[Erstwhile] Soviet Union,Heart Disease,,,Don’t Know,,Can  ask anyone they suspect of being an illegal immigrant for their papers,5,Don't Know,,,5,0,5,5,5,0,5,5,28%,20%,25%,Branch B,,,,Increased,Decreased,Increased,Increased,9,10,10,10,10,Democrats,,,,3,4,4,5,5,1,3,2,6
188,219015,9/9/2010 18:31,Complete,,,,,,Jamaica,,8,,,,,FY910978,,I agree to participate,FY910978,,106,,,end,,,photo,,,,,Judge,Political Spin,,,,,Political Candidate,,,,Don't Know,regular,Don't Know,Couldn't Say,,,,,,,,,,1,7,1,4,1,6,,I haven’t thought much about this,,,,, Other ,"The Gleaner, Jamaica",,,,NBC,,,,,,,,,CNN,,,,, Others ,NONE,,,"Online Portal like Google News, AOL or Topix that gathers news from many different sources",,,7,A lot,1,5,Other,Overseas observer,,,,70,40,100,70,70,100,60,closed,[Erstwhile] Soviet Union,Unintentional injuries,,,"Ask for papers only if the person has been stopped for suspicion about some other transgression, and if they are suspected to be an illegal immigrant",5,Can  ask anyone they suspect of being an illegal immigrant for their papers,9,Don't Know,Couldn't say,Couldn't say,,,,,,,,,35%,2%,16%,Branch A,Increased,Decreased,Increased,,,,,6,0,0,6,10,Democrats,,9,0,3,6,6,3,3,2,2,2,7
189,219017,9/9/2010 18:24,Complete,,,,,,United States,,WA,,,,,FY918711,,I agree to participate,FY918711,,21,,,end,,,nonphoto,Senate Majority Leader,President of France,Secty Homeland Security,,,,,German Chancellor,Senate Minority leader,,,,,,,percent,,,100,0,0,0,,0,100,0,0,5,7,3,4,2,4,,Slightly liberal,,NY Times,,, Other ,Seattle Times,,,,,,,,,MSNBC,,, Others ,,Comedy Channel,NPR,,,,,,,"Online Portal like Google News, AOL or Topix that gathers news from many different sources",Other,Politifact,6,A lot,3,3,Independent,,,,Closer to Democratic Party,100,15,30,100,100,100,40,open,,,russia,Heart disease,Question any person whom they suspect to be an illegal immigrant for their papers,6,Can  ask anyone they suspect of being an illegal immigrant for their papers,7,Bill Clinton,,,0,0,7,3,0,0,5,0,25%,15%,5%,Branch B,,,,Increased,Decreased,Increased,Increased,6,10,10,10,10,Other,Neither,8,2,2,5,2,3,2,3,2,4,6
190,219020,9/9/2010 18:26,Complete,,,,,,Ecuador,,19,,,,,FY902511,,I agree to participate,FY902511,,38,,,end,,,photo,,,,senator,prime minister,president,,,,representative,chancellor,,,,,regular,Robert Gates,Stephen Breyer,,,,,,,,,,1,6,2,5,3,6,,Slightly liberal,Wall Street Journal,NY Times,,, Other ,economist magazine,,,,,,,,,,,, Others ,,"bloomberg, yahoo",,,,,,,,,,,0,,7,7,Independent,,,,Closer to Republican Party,50,60,40,60,60,70,70,open,,,Soviet Union,Cancer,Question any person whom they suspect to be an illegal immigrant for their papers,7,Can  ask anyone they suspect of being an illegal immigrant for their papers,8,Bill Clinton,Couldn't say,Allows a government panel to make decisions about end‐of‐life care for people on Medicare,,,,,,,,,35%,7%,35%,Branch B,,,,Increased,Decreased,Increased,Increased,8,10,10,10,10,Republicans,,8,3,3,3,6,5,3,2,2,7,5
191,219027,9/9/2010 18:35,Complete,,,,,,United States,,,,,,,FY912787,,I agree to participate,FY912787,,47,,,start,10,0,nonphoto,Senate President,"President, Russia","Head, Dept of Homeland Security",,,,,President of Germany,Senate Minority Leader,,,,,,,regular,Robert Gates,Stephen Breyer,,,,,,,,,,1,7,2,4,1,5,,Slightly liberal,,,,USA Today,,,CBS,,,,,,,,MSNBC,CSPAN,,,,,,,,,,,,,,,7,A lot,7,3,Democrat,,,Strong,,70,15,85,85,70,85,30,open,,,USSR,Cancer,"Ask for papers only if the person has been stopped for suspicion about some other transgression, and if they are suspected to be an illegal immigrant",5,,,Ronald Reagan,Increases the Medicare payroll tax for upper‐income Americans,Limits future increases in payments to Medicare providers,,,,,,,,,37%,5%,20%,Branch B,,,,Increased,Decreased,Increased,Increased,8,10,10,10,8,Democrats,,10,0,2,6,6,4,3,2,2,1,7
192,219029,9/9/2010 18:32,Complete,,,,,,United States,,CA,,,,,FY942829,,I agree to participate,FY942829,,43,,,end,,,photo,,,,No idea.  Probably some member of the house or senate based on the background of the photo.  No clue at all.,No idea at all.,"Looks kind of familiar, but no actual idea.  Maybe an actor?",,,,Don't know.,Don't know.,,,,,percent,,,0,5,5,2,,5,5,5,5,2,6,3,5,3,5,,Liberal,,,,,,,,,,,,,,,,,, Others ,,"Daily Show, Colbert",NPR,,, Others ,Sean Hannity (or however you spell it),,,,Other,Links from friends on facebook or email lists that seem interesting,1,A moderate amount,1,5,Independent,,,,Closer to Democratic Party,50,30,40,50,50,50,45,open,,,Russia,Heart disease/failure,"Ask for papers only if the person has been stopped for suspicion about some other transgression, and if they are suspected to be an illegal immigrant",3,Can ask people they suspect of being illegal immigrants for their papers only when stopping them for other reasons.,8,Bill Clinton,,,0,0,5,5,3,0,6,2,30%,1%,3%,Branch B,,,,Remained the Same,Decreased,Remained the Same,Increased,3,10,5,10,7,Other,"I think many other factors are more important that the party in power.  Forced to pick one, I would choose Republicans.",9,1,3,4,5,4,3,2,2,2,6
193,219033,9/9/2010 18:37,Complete,,,,,,United States,,CA,,,,,FY907469,,I agree to participate,FY907469,,35,,,end,,,nonphoto,"majority leader, senate (Nev) D",Prime Minister of France,Cabinet Secretary (HHS?),,,,,President of Germany,U S Senate whip,,,,,,,regular,Robert Gates,Stephen Breyer,,,,,,,,,,6,6,2,5,3,6,,Slightly conservative,Wall Street Journal,,Washington Post,, Other ,Sacramento Bee,,,PBS,,,,,,,,,,,,NPR,Rush Limbaugh,,,,,,,,,1,A moderate amount,6,3,Independent,,,,Closer to Republican Party,50,40,15,50,50,50,35,closed,Germany,Heart Disease,,,"Ask for papers only if the person has been stopped for suspicion about some other transgression, and if they are suspected to be an illegal immigrant",3,Can ask people they suspect of being illegal immigrants for their papers only when stopping them for other reasons.,9,Don't Know,Does not reimburse routine mammograms for women younger than 50,Limits future increases in payments to Medicare providers,,,,,,,,,25%,2%,30%,Branch B,,,,Decreased,Remained the Same,Increased,Increased,7,10,7,6,5,Republicans,,2,6,3,5,5,2,2,3,2,3,5
194,219034,9/9/2010 18:47,Complete,,,,,,Mexico,,9,,,,,FY918842,,I agree to participate,FY918842,,70,,,end,,,photo,,,,,,President of France,,,,,Chancellor of Germany,,,,Don't Know,percent,,,0,0,0,0,,0,0,0,0,1,5,2,7,2,6,,Very liberal,,,,, Other ,La Jornada (Mexico),,,PBS,,,,,,,,BBC,,CNN,,NPR,,,,,,,,,,0,A moderate amount,5,5,Independent,,,,Closer to Democratic Party,70,40,60,70,70,70,70,open,,,Soviet Union,Breast Cancer,Question any person whom they suspect to be an illegal immigrant for their papers,6,Can  ask anyone they suspect of being an illegal immigrant for their papers,6,,,,5,5,4,4,0,4,5,4,30%,8%,20%,Branch B,,,,Decreased,Increased,Decreased,Remained the Same,7,0,3,7,8,Democrats,,10,0,3,3,5,4,5,3,3,4,5
195,219043,9/9/2010 18:40,Complete,,,,,,United States,,CA,,,,,FY946593,,I agree to participate,FY946593,,47,,,end,,,nonphoto,US Senator,French President,,,,,,German Chancelor,British Prime Minister,,,,,,,percent,,,0,0,0,0,,0,0,0,0,4,7,2,4,3,5,,Slightly liberal,,NY Times,,,,,CBS,,,,,,,,,,BBC,,CNN,,,,,,,Huffington Post,,"Online Portal like Google News, AOL or Topix that gathers news from many different sources",,,0,A moderate amount,0,2,Other,,,,,50,15,60,50,50,50,40,open,,,Germany,Cancer,"Ask for papers only if the person has been stopped for suspicion about some other transgression, and if they are suspected to be an illegal immigrant",4,Can ask people they suspect of being illegal immigrants for their papers only when stopping them for other reasons.,5,Don't Know,,,5,5,5,5,0,5,5,5,35%,2%,,Branch A,Increased,Decreased,Increased,,,,,3,0,0,0,5,Don't Know,,6,0,4,5,5,5,5,4,4,4,4
196,219047,9/9/2010 18:31,Complete,,,,,,United States,,TX,,,,,FY932899,,I agree to participate,FY932899,,25,,,end,,,photo,,,,,,,,,,,,,Don't Know,,Don't Know,regular,Don't Know,Couldn't Say,,,,,,,,,,5,6,1,3,3,4,,Slightly conservative,,,,USA Today, Other ,houston chronicle,,,,,,ABC,,Fox News,,,,,CNN,,,,,,,,,"Online Portal like Google News, AOL or Topix that gathers news from many different sources",,,0,A lot,1,9,Republican,,Strong,,,,,,,,,,open,,,Japan,Heart Attack,"Ask for papers only if the person has been stopped for suspicion about some other transgression, and if they are suspected to be an illegal immigrant",5,Can ask people they suspect of being illegal immigrants for their papers only when stopping them for other reasons.,10,Don't Know,Provides coverage for people who are currently in the country illegally,Limits future increases in payments to Medicare providers,,,,,,,,,18%,25%,25%,Branch B,,,,Decreased,Decreased,Increased,Increased,7,10,8,10,10,Republicans,,0,5,3,5,4,3,1,5,2,7,
197,219049,9/9/2010 18:38,Complete,,,,,,Mexico,,7,,,,,FY973419,,I agree to participate,FY973419,,31,,,end,,,photo,,,,senate leader,secretary of homeland security,president of france,,,,no idea,chancellor of germany,,,,,regular,Don't Know,Couldn't Say,,,,,,,,,,5,7,1,6,1,5,,Slightly liberal,Wall Street Journal,NY Times,,, Other ,The Economist,,,,,,,,,,,,,CNN,,NPR,,, Others ,CNN (on Sirius),,,,Other,"Salon.com, Slate.com, Yahoo!",0,A lot,0,3,Democrat,,,Not very strong,,85,60,70,100,100,100,100,closed,[Erstwhile] Soviet Union,Heart Disease,,,Deny aid to known illegal immigrants,3,Can ask people they suspect of being illegal immigrants for their papers only when stopping them for other reasons.,10,George W. Bush,Increases the Medicare payroll tax for upper‐income Americans,Couldn't say,,,,,,,,,25%,5%,30%,Branch B,,,,Increased,Decreased,Increased,Increased,5,9,0,0,2,Democrats,,7,0,3,4,6,4,3,2,2,4,6
198,219052,9/9/2010 18:33,Complete,,,,,,United Kingdom,,H9,,,,,FY909304,,I agree to participate,FY909304,,47,,,end,,,photo,,,,,,President of France,,,,,President of Germany,,,,Don't Know,regular,Robert Gates,Stephen Breyer,,,,,,,,,,1,7,2,5,2,6,,Liberal,,NY Times,,,,,,,PBS,,,,,,,,BBC,,,,NPR,,,,,,,"Online Portal like Google News, AOL or Topix that gathers news from many different sources",,,0,A moderate amount,2,5,Democrat,,,Strong,,70,30,80,60,60,80,60,open,,,Germany,Breast Cancer,Don’t Know,,Can escort illegal immigrants back across the border,3,Ronald Reagan,Couldn't say,Couldn't say,,,,,,,,,40%,5%,5%,Branch A,Increased,,Increased,,,,,4,8,0,0,0,Democrats,,8,1,2,6,4,2,3,3,4,2,4
199,219055,9/9/2010 18:45,Complete,,,,,,Mexico,,9,,,,,FY984450,,I agree to participate,FY984450,,100,,,start,8,2,nonphoto,,President of France,,,,,,Prime Minister of Germany,,,,,,Don't Know,,regular,Robert Gates,Couldn't Say,,,,,,,,,,1,7,1,5,2,6,,Liberal,,NY Times,,,,,,,PBS,NBC,,,,,,,BBC,,,,,,,,,,,"Online Portal like Google News, AOL or Topix that gathers news from many different sources",,,3,A moderate amount,7,5,Democrat,,,Not very strong,,70,40,70,80,80,70,80,closed,[Erstwhile] Soviet Union,Don't Know,,,Deny aid to known illegal immigrants,8,Can  ask anyone they suspect of being an illegal immigrant for their papers,9,Don't Know,Couldn't say,Couldn't say,,,,,,,,,30%,20%,25%,Branch A,Increased,Decreased,Increased,,,,,8,10,0,5,8,Don't Know,,,,1,7,5,2,2,1,1,1,7
200,219059,9/9/2010 18:54,Complete,,,,,,United States,,NH,,,,,FY931146,,I agree to participate,FY931146,,38,,,start,0,10,nonphoto,Senate Majority Leader,President of France,"Secretary, Homeland Security",,,,,Chancellor of Germany,Senate Minority Leader,,,,,,,regular,Robert Gates,Stephen Breyer,,,,,,,,,,7,7,1,3,2,7,,Slightly conservative,Wall Street Journal,,,, Other ,Arizona Republic,,Fox,,,,,,Fox News,,CSPAN,,,,,,,,,,,,,,,7,A great deal,5,3,Republican,,Not very strong,,,90,70,40,90,90,90,40,open,,,USSR,Cancer,"Ask for papers only if the person has been stopped for suspicion about some other transgression, and if they are suspected to be an illegal immigrant",7,Can ask people they suspect of being illegal immigrants for their papers only when stopping them for other reasons.,10,Jimmy Carter,Increases the Medicare payroll tax for upper‐income Americans,Cuts benefits to existing Medicare patients,,,,,,,,,40%,15%,20%,Branch B,,,,Increased,Decreased,Increased,Increased,10,10,2,8,1,Republicans,,,,2,4,3,2,1,4,4,4,5
201,219061,9/9/2010 19:27,Complete,,,,,,United States,,CA,,,,,FY928643,,I agree to participate,FY928643,,178,,,start,8,0,photo,,,,Senate Majority Leader,,Chief of Staff,,,,Semate Minority Leader,Sec. of Homeland Security,,,,,percent,,,10,,,,,,,,5,4,7,2,5,2,6,,Slightly liberal,Wall Street Journal,NY Times,,, Other ,Christian Science Monitor,CBS,,PBS,,,,,,MSNBC,CSPAN,BBC, Others ,CNN,"CNBC, Headline News",NPR,,,,,,,"Online Portal like Google News, AOL or Topix that gathers news from many different sources",,,5,A great deal,3,6,Independent,,,,Closer to Democratic Party,50,10,60,50,50,90,40,closed,[Erstwhile] Soviet Union,Heart Disease,,,Question any person whom they suspect to be an illegal immigrant for their papers,7,Can ask people they suspect of being illegal immigrants for their papers only when stopping them for other reasons.,10,Bill Clinton,,,5,0,7,10,5,0,0,5,20%,2%,10%,Branch B,,,,Increased,Decreased,Increased,Increased,9,10,10,10,10,Democrats,,,,5,5,6,4,2,4,1,4,4
202,219067,9/9/2010 18:50,Complete,,,,,,United States,,CA,,,,,FY966081,,I agree to participate,FY966081,,11,,,end,,,nonphoto,House Speaker,DNK,DA,,,,,No idea,Republican,,,,,,,percent,,,0,0,0,0,,,10,,,1,7,,6,1,5,,Liberal,,,Washington Post,,,,,,,,,,,,,,,,,,NPR,,,,,Huffington Post,,"Online Portal like Google News, AOL or Topix that gathers news from many different sources",,,0,,5,2,Democrat,,,Strong,,70,15,60,70,70,70,60,closed,Poland,Heart Disease,,,Question any person whom they suspect to be an illegal immigrant for their papers,4,Can ask people they suspect of being illegal immigrants for their papers only when stopping them for other reasons.,7,Ronald Reagan,,,0,0,5,5,5,0,5,0,28%,1%,5%,Branch B,,,,Increased,Remained the Same,Increased,Increased,8,8,0,7,6,Don't Know,,7,0,5,3,4,3,2,3,1,4,5
203,219072,9/9/2010 19:03,Complete,,,,,,United States,,CA,,,,,FY903514,,I agree to participate,FY903514,,34,,,end,,,nonphoto,Nevada senator,,Cabinet Secretary,,,,,PM of Germany,Senate minority leader,,,,,,,percent,,,10,,,,,,6,,,1,5,3,7,3,5,,Liberal,,NY Times,,, Other ,SF Chronicle,CBS,,PBS,,,,,,,,,,,,NPR,,,,,,,,,,6,A lot,2,6,Democrat,,,Strong,,70,70,80,75,70,75,75,closed,[Erstwhile] Soviet Union,Don't Know,,,Question any person whom they suspect to be an illegal immigrant for their papers,5,Couldn’t Say,,Don't Know,,,0,0,0,0,0,0,0,50,20%,15%,25%,Branch A,Increased,Decreased,Increased,,,,,7,10,10,10,5,Don't Know,,10,3,5,3,3,4,5,2,2,2,5
204,219076,9/9/2010 19:01,Complete,,,,,,United States,,CA,,,,,FY955628,,I agree to participate,FY955628,,35,,,start,7,8,photo,,,,,,,,,,,,,Don't Know,,Don't Know,regular,Don't Know,John Boehner,,,,,,,,,,1,7,4,3,1,5,,Moderate,,,,USA Today,,,,,PBS,,,,,,,,,,CNN,,NPR,,,,,,,"Online Portal like Google News, AOL or Topix that gathers news from many different sources",,,3,A little,1,2,Democrat,,,Not very strong,,40,50,70,75,70,75,40,open,,,germany,heart disease,Don’t Know,,Can  ask anyone they suspect of being an illegal immigrant for their papers,8,Ronald Reagan,Does not reimburse routine mammograms for women younger than 50,Limits future increases in payments to Medicare providers,,,,,,,,,28%,10%,60%,Branch A,Increased,Decreased,Increased,,,,,4,7,1,1,5,Don't Know,,,,5,6,7,3,3,4,3,5,5
205,219077,9/9/2010 19:02,Complete,,,,,,United States,,WA,,,,,FY963913,,I agree to participate,FY963913,,18,,,end,,,nonphoto,Senate Majority leader,Prez of France,Elefino,,,,,Chancellor of Germany,Supreme Idiot,,,,,,,regular,Robert Gates,,,,,,,,,,,1,6,2,6,1,5,,Liberal,,NY Times,,,,,,,PBS,,,,,,,,,,,,NPR,,, Others ,BBC,,,"Online Portal like Google News, AOL or Topix that gathers news from many different sources",,,0,A lot,6,3,Democrat,,,Not very strong,,60,20,80,70,60,60,60,open,,,Russians,Cancer,Question any person whom they suspect to be an illegal immigrant for their papers,5,Can ask people they suspect of being illegal immigrants for their papers only when stopping them for other reasons.,9,Ronald Reagan,Does not reimburse routine mammograms for women younger than 50,,,,,,,,,,20%,1%,15%,Branch A,Increased,Decreased,Increased,,,,,7,10,10,10,7,Democrats,,8,0,5,5,2,5,4,2,2,2,6
206,219081,9/9/2010 19:16,Complete,,,,,,United States,,PA,,,,,FY919777,,I agree to participate,FY919777,,18,,,end,,,photo,,,,US  Senator,Sect of Homeland Security,President's Chief of Staff,,,,US Senator ???,??? German Chancellor ???,,,,,percent,,,8,,,,,,9,,,7,6,1,2,2,7,,Conservative,,,,USA Today, Other ,Pittsburgh Post-Gazette,,,,,,,,Fox News,,,,,,,NPR,Rush Limbaugh,Michael Savage,,,,,,,,6,A lot,2,4,Republican,,Not very strong,,,40,70,15,85,40,85,0,open,,,Japan,Heart Disease,Don’t Know,,Can ask people they suspect of being illegal immigrants for their papers only when stopping them for other reasons.,8,Don't Know,,,8,0,0,0,10,0,0,0,30%,50%,60%,Branch A,Remained the Same,Decreased,Increased,,,,,6,10,5,1,6,Republicans,,0,10,2,7,3,3,2,5,5,3,6
207,219095,9/9/2010 19:21,Complete,,,,,,United States,,VT,,,,,FY933075,,I agree to participate,FY933075,,27,,,start,9,0,nonphoto,Senator from Idaho,President of France,Secretary of Dept of Homeland Security,,,,,German Chancellor,Republican Senator Minority leader,,,,,,,regular,Robert Gates,Stephen Breyer,,,,,,,,,,2,7,1,6,3,5,,Slightly liberal,,NY Times,,,,,,,,,,,,,,,,,,,NPR,,,,,,,,,,0,A little,3,2,Democrat,,,Strong,,60,30,70,50,50,60,40,closed,[Erstwhile] Soviet Union,Heart Disease,,,"Ask for papers only if the person has been stopped for suspicion about some other transgression, and if they are suspected to be an illegal immigrant",5,Can ask people they suspect of being illegal immigrants for their papers only when stopping them for other reasons.,5,Ronald Reagan,Increases the Medicare payroll tax for upper‐income Americans,Couldn't say,,,,,,,,,35%,5%,5%,Branch A,Increased,Decreased,Increased,,,,,5,10,10,8,10,Democrats,,,,2,6,4,4,5,2,4,2,6
208,219097,9/9/2010 20:00,Complete,,,,,,United States,,CA,,,,,FY911185,,I agree to participate,FY911185,,43,,,end,,,photo,,,,news person,FDA hed,Budget Director,,,,Secretary of Defense,,,Don't Know,,,percent,,,7,0,0,0,,0,0,0,0,1,7,3,6,3,5,,Liberal,,NY Times,,, Other ,SF Chronicle,,,PBS,,,,,,,,,,,,NPR,,,,,,,,,,0,,4,4,Democrat,,,Strong,,70,15,85,70,70,70,70,open,,,Japan,heart disease,"Ask for papers only if the person has been stopped for suspicion about some other transgression, and if they are suspected to be an illegal immigrant",6,Can  ask anyone they suspect of being an illegal immigrant for their papers,9,George W. Bush,,,0,0,,0,,0,6,2,10%,10%,35%,Branch B,,,,Increased,Decreased,Increased,Increased,8,10,10,10,4,Democrats,,9,0,3,4,3,3,2,1,1,3,6
209,219098,9/9/2010 19:32,Complete,,,,,,United States,,WA,,,,,FY953285,,I agree to participate,FY953285,,57,,,start,0,6,nonphoto,"Senator, Majority Leader","President, France",U.S. Secretary of Homeland Security,,,,,German Chancellor,U.S. Senate Minority Leader,,,,,,,percent,,,10,,,,,,10,,,6,6,1,4,4,7,,Slightly conservative,Wall Street Journal,NY Times,,, Other ,Columbian,CBS,,,NBC,,,,Fox News,MSNBC,,, Others ,,NW News Channel,NPR,,,,,,,,,,7,A great deal,7,3,Republican,,Strong,,,70,85,30,85,85,85,40,open,,,Japan,cancer,Deny aid to known illegal immigrants,5,Can ask people they suspect of being illegal immigrants for their papers only when stopping them for other reasons.,8,Jimmy Carter,,,0,0,10,10,10,0,10,10,20%,20%,20%,Branch A,Decreased,Increased,Increased,,,,,9,10,10,10,10,Republicans,,,,3,4,4,4,2,4,4,4,4
210,219103,9/9/2010 19:37,Complete,,,,,,United States,,IL,,,,,FY980349,,I agree to participate,FY980349,,18,,,start,8,1,nonphoto,majority leader,,,,,,,,,,,Chancellor of Germany,,Don't Know,,percent,,,8,,,,,0,0,0,0,1,7,4,4,2,6,,Liberal,Wall Street Journal,NY Times,Washington Post,, Other ,Whatever Google News shows,,,,,Other,,They Daily Show,,,,,,,,NPR,,,,,,,"Online Portal like Google News, AOL or Topix that gathers news from many different sources",,,0,A moderate amount,1,2,Democrat,,,Strong,,,0,60,,,100,30,open,,,Poland??,Heart disease,Don’t Know,,Can ask people they suspect of being illegal immigrants for their papers only when stopping them for other reasons.,3,Don't Know,,,0,0,5,0,0,5,5,5,27%,1%,10%,Branch A,Don't Know,Decreased,Increased,,,,,8,9,3,7,1,Democrats,,,,3,4,5,2,1,2,2,2,6
211,219105,9/9/2010 19:37,Complete,,,,,,United States,,CA,,,,,FY958244,,I agree to participate,FY958244,,13,,,end,,,photo,,,,senator,attorney general,fbi chief,,,,minority whip,hhs secretary,,,,,percent,,,2,1,2,1,,1,1,2,1,4,7,1,4,1,7,,Moderate,,,,, Other ,slashdot,,,,,Other,,no tv,,,,, Others ,,no tv,,,, Others ,"kcbs, kgo, ksfo",,,,Other,whatever people email or post to facebook,0,A great deal,3,2,Other,Libertarian,,,,40,30,50,50,50,70,35,closed,Couldn't say,Heart Disease,,,Don’t Know,,Couldn’t Say,,Don't Know,,,7,5,6,5,4,6,8,6,25%,25%,20%,Branch B,,,,Increased,Remained the Same,Increased,Increased,2,10,2,2,1,Other,Libertarians,2,1,6,5,7,5,7,2,4,3,6
212,219107,9/9/2010 19:35,Complete,,,,,,United States,,CA,,,,,FY919126,,I agree to participate,FY919126,,11,,,end,,,nonphoto,Senate Majority Leader,French President,Homeland Security Secretary,,,,,German Chancellor,Republican whip,,,,,,,percent,,,10,,,,,,10,,,1,5,1,5,2,5,,Liberal,,NY Times,,, Other ,"sfgate, cnn, bbc, le monde",,,,,,,,,MSNBC,,,,CNN,,NPR,,,,,,,,,,7,A moderate amount,3,3,Democrat,,,Not very strong,,50,30,70,50,50,50,50,closed,[Erstwhile] Soviet Union,Heart Disease,,,"Ask for papers only if the person has been stopped for suspicion about some other transgression, and if they are suspected to be an illegal immigrant",5,Can  ask anyone they suspect of being an illegal immigrant for their papers,5,Jimmy Carter,,,6,5,2,3,0,0,10,0,20%,3%,7%,Branch A,Increased,Decreased,Increased,,,,,7,10,3,5,4,Democrats,,7,0,3,3,5,5,1,2,1,4,6
213,219108,9/9/2010 19:44,Complete,,,,,,United States,,MD,,,,,FY968976,,I agree to participate,FY968976,,56,,,end,,,nonphoto,Speaker of the House,,Attorney General,,,,,,,,,Chancellor of Germany,,Senate Minority Leader,,regular,Don't Know,Couldn't Say,,,,,,,,,,1,6,2,5,2,6,,Liberal,,,Washington Post,,,,,,,,,,,,,,,,,,NPR,,,,,,,,,,0,,6,2,Democrat,,,Strong,,85,15,70,85,85,85,60,closed,[Erstwhile] Soviet Union,Heart Disease,,,"Ask for papers only if the person has been stopped for suspicion about some other transgression, and if they are suspected to be an illegal immigrant",2,Can  ask anyone they suspect of being an illegal immigrant for their papers,8,Don't Know,Increases the Medicare payroll tax for upper‐income Americans,Couldn't say,,,,,,,,,33%,2%,8%,Branch B,,,,Increased,Decreased,Increased,Increased,7,10,5,9,4,Democrats,,7,1,2,6,6,4,5,2,2,2,6
214,219111,9/9/2010 19:42,Complete,,,,,,United States,,CA,,,,,FY917117,,I agree to participate,FY917117,,8,,,end,,,photo,,,,,,,,,,,,,Chancellor of Germany,,Don't Know,percent,,,5,0,0,0,,0,0,0,5,3,7,1,4,1,4,,Slightly liberal,,NY Times,,,,,,,,,,,,,,,,,,,NPR,,,,,,,,,,0,A little,4,5,Democrat,,,Not very strong,,100,15,85,100,100,100,70,closed,[Erstwhile] Soviet Union,Heart Disease,,,Don’t Know,,Can  ask anyone they suspect of being an illegal immigrant for their papers,7,Don't Know,,,3,0,3,3,0,0,9,1,40%,10%,20%,Branch B,,,,Increased,Increased,Increased,Increased,7,7,0,0,0,Don't Know,,7,0,2,2,7,6,7,2,2,2,6
215,219112,9/9/2010 19:42,Complete,,,,,,United States,,AK,,,,,FY923992,,I agree to participate,FY923992,,19,,,end,,,photo,,,,,,,,,,,,,Don't Know,,Don't Know,regular,Don't Know,Couldn't Say,,,,,,,,,,1,7,3,6,2,4,,Liberal,,,,, Other ,Anchorage Daily News,,,,,,,,,,,,,,,NPR,,,,,,,,,,0,A moderate amount,5,4,Democrat,,,Strong,,60,15,60,50,65,50,55,open,,,Russia,heart disease,"Ask for papers only if the person has been stopped for suspicion about some other transgression, and if they are suspected to be an illegal immigrant",5,Can ask people they suspect of being illegal immigrants for their papers only when stopping them for other reasons.,6,Bill Clinton,Does not reimburse routine mammograms for women younger than 50,Cuts benefits to existing Medicare patients,,,,,,,,,23%,2%,35%,Branch B,,,,Increased,Decreased,Increased,Increased,8,10,10,10,10,Don't Know,,9,0,4,3,5,3,4,2,2,2,7
216,219118,9/9/2010 19:57,Complete,,,,,,United States,,NY,,,,,FY983064,,I agree to participate,FY983064,,30,,,start,5,0,nonphoto,Congressman from Nevada,President of France,Obama Cabinet Member,,,,,Nothing.  She had been Germany's President ,US Senator,,,,,,,percent,,,,5,,,,,10,,,2,6,2,5,2,5,,Slightly liberal,,NY Times,,,,,,,,,,,,,,,,,CNN,,,,,,,,,"Online Portal like Google News, AOL or Topix that gathers news from many different sources",,,3,A moderate amount,1,,Independent,,,,Closer to Democratic Party,85,50,60,80,80,80,50,open,,,the US?,heart disease,Don’t Know,,Can ask people they suspect of being illegal immigrants for their papers only when stopping them for other reasons.,8,Ronald Reagan,,,0,9,5,5,0,0,8,0,20%,2%,5%,Branch B,,,,Increased,Increased,Increased,Increased,7,5,0,7,5,Don't Know,,,,5,3,5,4,3,2,1,4,6
217,219124,9/9/2010 20:06,Complete,,,,,,United States,,CA,,,,,FY977599,,I agree to participate,FY977599,,15,,,end,,,nonphoto,Senator,,,,,,,,,,,Don't Know,,Don't Know,,regular,Don't Know,Couldn't Say,,,,,,,,,,5,6,1,4,4,7,,Conservative,Wall Street Journal,,,,,,CBS,Fox,,NBC,,ABC,,Fox News,,,BBC,,,,NPR,Rush Limbaugh,,,,,,,,,5,A moderate amount,1,5,Republican,,Strong,,,60,60,15,60,60,60,40,open,,,Russia,heart attack,Don’t Know,,Can ask people they suspect of being illegal immigrants for their papers only when stopping them for other reasons.,5,Bill Clinton,Couldn't say,Couldn't say,,,,,,,,,30%,15%,25%,Branch B,,,,Decreased,Decreased,Increased,Increased,6,10,5,10,6,Republicans,,3,8,2,5,4,2,2,2,2,6,4
218,219129,9/9/2010 20:01,Complete,,,,,,United States,,WA,,,,,FY924367,,I agree to participate,FY924367,,48,,,end,,,nonphoto,Senator from Nevada--may not be currently,I do not know,Attorney general,,,,,I do not know,I do not know,,,,,,,regular,Don't Know,Couldn't Say,,,,,,,,,,6,7,1,2,2,5,,Conservative,Wall Street Journal,,Washington Post,USA Today, Other ,Yahoo news links to above sources,,Fox,,,Other,ABC,Yahoo news links to above,Fox News,,,BBC,,CNN,,NPR,,, Others ,"I can't think of his name right now, but demos hate him",,,"Online Portal like Google News, AOL or Topix that gathers news from many different sources",,,0,A lot,5,2,Republican,,Strong,,,70,70,30,85,85,100,30,open,,,Russia,heart disease,Don’t Know,,Can ask people they suspect of being illegal immigrants for their papers only when stopping them for other reasons.,8,George W. Bush,Couldn't say,Cuts benefits to existing Medicare patients,,,,,,,,,30%,20%,40%,Branch A,Decreased,Increased,Remained the Same,,,,,6,10,0,7,7,Republicans,,0,10,3,6,6,3,1,4,4,4,4
219,219132,9/9/2010 20:01,Complete,,,,,,United States,,SC,,,,,FY957424,,I agree to participate,FY957424,,14,,,start,10,0,photo,,,,Congress,Judge,Newscaster,,,,congress,politician,,,,,percent,,,0,0,0,10,,0,0,10,0,1,6,1,1,1,7,,Moderate,,NY Times,,,,,,,,NBC,,,,,,,,,CNN,,NPR,,,,,,,"Online Portal like Google News, AOL or Topix that gathers news from many different sources",,,2,A moderate amount,4,3,Democrat,,,Not very strong,,70,30,60,70,70,70,0,open,,,England,heart disease,"Ask for papers only if the person has been stopped for suspicion about some other transgression, and if they are suspected to be an illegal immigrant",7,Can  ask anyone they suspect of being an illegal immigrant for their papers,8,George H. Bush,,,10,10,0,10,10,0,10,10,20%,45%,70%,Branch A,Increased,Decreased,Increased,,,,,5,10,0,5,5,Democrats,,,,7,7,5,3,2,7,1,1,7
220,219133,9/9/2010 20:20,Complete,,,,,,United States,,,,,,,FY919519,,I agree to participate,FY919519,,58,,,start,1,8,photo,,,,,,,,,,,,,Chancellor of Germany,,Don't Know,regular,Don't Know,Couldn't Say,,,,,,,,,,6,7,1,4,2,7,,Slightly conservative,,,,, Other ,local daily paper,,,,,,,,,,,,,,,,,,,,,,"Online Portal like Google News, AOL or Topix that gathers news from many different sources",,,1,A moderate amount,3,7,Independent,,,,Closer to Republican Party,90,60,15,90,90,90,0,open,,,germany,heart disease or domestic violence stress,Deny aid to known illegal immigrants,6,Can ask people they suspect of being illegal immigrants for their papers only when stopping them for other reasons.,10,Bill Clinton,Provides coverage for people who are currently in the country illegally,Allows a government panel to make decisions about end‐of‐life care for people on Medicare,,,,,,,,,17%,25%,15%,Branch B,,,,Increased,Increased,Increased,Increased,7,10,1,2,2,Republicans,,,,3,6,6,2,1,3,3,3,5
221,219138,9/9/2010 20:11,Complete,,,,,,United States,,WA,,,,,FY917187,,I agree to participate,FY917187,,189,,,end,,,photo,,,,Senator,Local politician,Politician from Overseas,,,,Congressman,Governor,,,,,regular,Robert Gates,Stephen Breyer,,,,,,,,,,3,6,3,5,2,4,,Slightly liberal,,,,, Other ,Seattle Times,,,PBS,NBC,,ABC,,,,,,,,,NPR,,,,,,,"Online Portal like Google News, AOL or Topix that gathers news from many different sources",,,1,A little,1,5,Democrat,,,Strong,,60,15,70,70,70,100,60,closed,[Erstwhile] Soviet Union,Heart Disease,,,Don’t Know,,Can  ask anyone they suspect of being an illegal immigrant for their papers,5,Don't Know,Couldn't say,Couldn't say,,,,,,,,,18%,5%,25%,Branch A,Increased,Decreased,Increased,,,,,3,10,0,8,8,Democrats,,6,0,2,6,6,4,2,3,3,3,5
240,219240,9/9/2010 21:59,Complete,,,,,,United States,,CO,,,,,FY970691,,I agree to participate,FY970691,,44,,,start,8,2,nonphoto,Senate Majority Leader,President of France,Homeland Security,,,,,Chancellor of Germany,Senate Minority Leader,,,,,,,regular,Robert Gates,Stephen Breyer,,,,,,,,,,1,7,3,5,2,7,,Slightly liberal,,,,USA Today, Other ,Denver Post,CBS,,,NBC,,,,,MSNBC,,,,CNN,,NPR,,,,,,,,,,6,A lot,4,5,Independent,,,,Closer to Democratic Party,50,15,60,50,50,70,40,open,,,Russia,Heart disease,"Ask for papers only if the person has been stopped for suspicion about some other transgression, and if they are suspected to be an illegal immigrant",3,Can  ask anyone they suspect of being an illegal immigrant for their papers,6,Don't Know,Couldn't say,Limits future increases in payments to Medicare providers,,,,,,,,,30%,1%,15%,Branch A,Increased,Decreased,Increased,,,,,8,10,5,3,3,Republicans,,,,4,5,5,4,5,5,3,4,5
241,219244,9/9/2010 22:06,Complete,,,,,,United States,,NJ,,,,,FY919508,,I agree to participate,FY919508,,41,,,start,10,0,nonphoto,Majority Leader of the Senate,President of France,Homeland Security Dept. head,,,,,German Chancellor,Senate minority leader,,,,,,,percent,,,10,,,,,,10,,,1,7,2,6,2,6,,Liberal,Wall Street Journal,NY Times,Washington Post,,,,,,PBS,,,,,,,,,,,,NPR,,,,,Huffington Post,,,,,1,A great deal,,7,Democrat,,,Strong,,85,10,85,85,85,85,75,closed,[Erstwhile] Soviet Union,Heart Disease,,,Question any person whom they suspect to be an illegal immigrant for their papers,5,Can  ask anyone they suspect of being an illegal immigrant for their papers,10,Bill Clinton,,,0,0,0,0,0,0,0,0,30%,2%,20%,Branch A,Increased,Decreased,Increased,,,,,8,10,8,8,8,Democrats,,,,6,2,2,4,2,3,3,4,5
242,219247,9/9/2010 22:02,Complete,,,,,,United States,,NY,,,,,FY969474,,I agree to participate,FY969474,,14,,,end,,,photo,,,,senator,judge,secret service,,,,judge,governor,,,,,percent,,,0,0,0,0,,0,0,0,0,2,7,3,4,2,5,,Slightly conservative,,NY Times,,,,,,,,,,,,,,,,,,,,,,,,Huffington Post,,,,,0,A little,1,6,Democrat,,,Not very strong,,50,50,50,50,40,50,40,closed,United Kingdom,Breast Cancer,,,Deny aid to known illegal immigrants,3,Can  ask anyone they suspect of being an illegal immigrant for their papers,3,George W. Bush,,,5,8,4,6,5,6,7,4,35%,20%,50%,Branch A,Increased,Decreased,Increased,,,,,3,4,7,2,2,Democrats,,5,5,2,6,6,5,6,3,2,6,5
243,219249,9/9/2010 22:10,Complete,,,,,,United States,,KY,,,,,FY908381,,I agree to participate,FY908381,,36,,,end,,,nonphoto,,,senate,,,,,,"Senate leader, KY senator",,,Don't Know,,,,regular,Don't Know,Couldn't Say,,,,,,,,,,2,7,1,5,2,6,,Slightly liberal,,,,, Other ,"Courier-Journal (Louisville, KY)",,,,,Other,,BBC News on PBS,,,,,,,,,,,,,,,,,,0,A moderate amount,2,1,Democrat,,,Strong,,85,40,85,85,85,85,45,open,,,Japan,Heart Disease,Don’t Know,,Can  ask anyone they suspect of being an illegal immigrant for their papers,5,Don't Know,Couldn't say,Couldn't say,,,,,,,,,15%,5%,25%,Branch B,,,,Increased,Remained the Same,Increased,Increased,2,10,0,5,4,Don't Know,,6,3,2,6,4,2,2,3,3,4,4
244,219252,9/9/2010 22:12,Complete,,,,,,United States,,CA,,,,,FY960611,,I agree to participate,FY960611,,40,,,start,0,10,photo,,,,Senate majority leader,NeoplolitanoSecty of defense,,,,,Republican Chied,Secty of State?,,,,,regular,Robert Gates,Stephen Breyer,,,,,,,,,,7,7,,7,7,,,Slightly conservative,Wall Street Journal,,,, Other ,Internet,,Fox,PBS,,,,,,,,,,CNN,,,Rush Limbaugh,,,,,Drudge Report,,,,7,A great deal,1,5,Independent,,,,Closer to Republican Party,100,50,30,50,100,100,25,closed,[Erstwhile] Soviet Union,Unintentional injuries,,,"Ask for papers only if the person has been stopped for suspicion about some other transgression, and if they are suspected to be an illegal immigrant",0,Can ask people they suspect of being illegal immigrants for their papers only when stopping them for other reasons.,5,Don't Know,Does not reimburse routine mammograms for women younger than 50,Cuts benefits to existing Medicare patients,,,,,,,,,35%,75%,40%,Branch B,,,,Increased,Remained the Same,Increased,Increased,10,10,5,2,8,Republicans,,,,5,5,7,4,4,1,1,6,7
245,219268,9/9/2010 22:48,Complete,,,,,,United States,,VA,,,,,FY920597,,I agree to participate,FY920597,,35,,,end,,,nonphoto,Senator,President of France,Homeland Security Chief,,,,,German Chancelor,Senator,,,,,,,percent,,,7,0,2,0,,0,0,0,0,5,6,2,3,2,5,,Slightly conservative,,,,, Other ,"Seattle Times, Daily Oklahoman, Tacoma News Tribune",,,,,,ABC,,,MSNBC,,,,CNN,,,,,,,,,,,,5,A lot,4,7,Republican,,Not very strong,,,70,60,30,70,70,70,40,open,,,Germany or the US,Cancer or Heart Disease,Don’t Know,,Can ask people they suspect of being illegal immigrants for their papers only when stopping them for other reasons.,5,Don't Know,,,3,7,7,5,2,2,5,3,35%,30%,65%,Branch B,,,,Increased,Decreased,Increased,Increased,8,10,1,5,7,Republicans,,3,5,4,4,5,3,3,4,4,3,4
246,219271,9/9/2010 22:39,Complete,,,,,,United States,,,,,,,FY934252,,I agree to participate,FY934252,,25,,,end,,,nonphoto,"Majority Head, US Senate","President, France","Director, Homeland Security",,,,,President of Germany,"Committee Chair, House of Rep",,,,,,,percent,,,10,0,0,,,0,10,0,0,6,6,1,5,3,7,,Slightly conservative,Wall Street Journal,NY Times,,, Other ,"Dallas News, LA Times",,Fox,PBS,NBC,,,,Fox News,MSNBC,,BBC, Others ,CNN,"CNNI, ",,,,,,,,"Online Portal like Google News, AOL or Topix that gathers news from many different sources",Other,"Pajamas Media, Stratfor, Political Bulletin",7,A lot,7,7,Independent,,,,Closer to Republican Party,80,85,65,80,75,90,40,open,,,Russia,Natural causes,"Ask for papers only if the person has been stopped for suspicion about some other transgression, and if they are suspected to be an illegal immigrant",8,Can ask people they suspect of being illegal immigrants for their papers only when stopping them for other reasons.,10,Bill Clinton,,,7,0,6,3,8,0,8,3,25%,30%,20%,Branch B,,,,Remained the Same,Decreased,Increased,Increased,8,10,7,10,2,Republicans,,1,9,3,4,6,5,3,2,2,3,5
247,219293,9/9/2010 23:21,Complete,,,,,,United States,,CA,,,,,FY940575,,I agree to participate,FY940575,,735,,,start,9,0,nonphoto,Senate majority leader,President of France,Secretary of Homeland Security,,,,,Chancellor of Germany,Senate minority leader,,,,,,,percent,,,10,0,0,0,,0,10,0,0,3,7,2,4,2,6,,Liberal,,NY Times,,, Other ,SF Chronicle,,,PBS,,,ABC,,,,,,,,,,,,,,,,,,,6,A lot,1,5,Democrat,,,Strong,,50,30,85,50,50,70,30,open,,,Soviet Union,Heart disease,Question any person whom they suspect to be an illegal immigrant for their papers,2,Can  ask anyone they suspect of being an illegal immigrant for their papers,7,Bill Clinton,,,0,0,5,7,0,0,0,8,20%,5%,10%,Branch B,,,,Increased,Decreased,Increased,Increased,9,10,2,2,3,Democrats,,,,2,6,2,1,1,3,3,4,6
248,219296,9/9/2010 23:39,Complete,,,,,,United States,,CA,,,,,FY994203,,I agree to participate,FY994203,,18,,,end,,,photo,,,,congressman,,French president,,,,,German Chancellor,,,,Secretary of Agriculture,percent,,,,5,5,,,,7,,,1,7,3,2,2,6,,Slightly liberal,,NY Times,,,,,CBS,,PBS,NBC,,ABC,,,,,BBC,,CNN,,NPR,,,,,,,"Online Portal like Google News, AOL or Topix that gathers news from many different sources",Other,Yahoo News,7,A lot,6,5,Democrat,,,Not very strong,,50,25,75,55,45,60,10,closed,[Erstwhile] Soviet Union,Unintentional injuries,,,"Ask for papers only if the person has been stopped for suspicion about some other transgression, and if they are suspected to be an illegal immigrant",6,Can ask people they suspect of being illegal immigrants for their papers only when stopping them for other reasons.,10,Ronald Reagan,,,0,0,6,5,0,0,5,4,20%,3%,30%,Branch B,,,,Increased,Decreased,Increased,Increased,8,10,0,6,6,Don't Know,,8,6,5,4,7,6,4,1,2,3,6
249,219305,9/9/2010 23:37,Complete,,,,,,United States,,CA,,,,,FY952230,,I agree to participate,FY952230,,29,,,start,9,1,nonphoto,Senate Majority Chief,President of France,Secretary of Homeland Security,,,,,President of Germany,Senator,,,,,,,percent,,,0,5,5,0,,2,2,2,2,3,7,1,5,2,6,,Liberal,Wall Street Journal,NY Times,,,,,,,,,,,,,,,, Others ,,Daily Show,NPR,,,,,,,"Online Portal like Google News, AOL or Topix that gathers news from many different sources",,,1,A moderate amount,1,5,Democrat,,,Strong,,100,20,80,100,100,100,60,closed,[Erstwhile] Soviet Union,Heart Disease,,,Don’t Know,,Can ask people they suspect of being illegal immigrants for their papers only when stopping them for other reasons.,5,Don't Know,,,0,0,6,0,2,1,3,7,37%,2%,15%,Branch A,Don't Know,Don't Know,Increased,,,,,6,8,4,6,0,Don't Know,,,,5,2,4,5,5,2,2,3,6
251,219315,9/10/2010 0:06,Complete,,,,,,United States,,,,,,,FY906326,,I agree to participate,FY906326,,66,,,start,8,0,photo,,,,Speaker of the House,Homeland Security Head,Chief of Staff,,,,,merekowski?,,,,Senate Minority Leader,regular,Robert Gates,Stephen Breyer,,,,,,,,,,2,7,2,7,2,6,,Liberal,,NY Times,,,,,,,,,,,,,,,, Others ,,The Daily Show,NPR,,,,,,,"Online Portal like Google News, AOL or Topix that gathers news from many different sources",Other,My erudite  30 year old son,5,A great deal,1,2,Democrat,,,Strong,,85,30,60,50,60,,,closed,Couldn't say,Heart Disease,,,Question any person whom they suspect to be an illegal immigrant for their papers,7,Can ask people they suspect of being illegal immigrants for their papers only when stopping them for other reasons.,6,Don't Know,Couldn't say,Couldn't say,,,,,,,,,33%,10%,15%,Branch B,,,,Remained the Same,Decreased,Increased,Increased,6,10,6,5,3,Democrats,,,,4,3,3,3,4,1,1,2,6
252,219323,9/10/2010 0:15,Complete,,,,,,United States,,CA,,,,,FY986339,,I agree to participate,FY986339,,75,,,end,,,nonphoto,Senator,"President, France",Senator,,,,,"Chancellor, Germany",,,,,,Don't Know,,percent,,,3,0,0,0,,0,0,0,0,1,2,6,1,2,6,,Liberal,,,,,,,,,,,,,,,,,,,,,,,,,,,,,,,0,A great deal,0,5,Independent,,,,Closer to Democratic Party,50,50,50,50,50,50,50,closed,Germany,Heart Disease,,,Don’t Know,,Couldn’t Say,,Don't Know,,,0,0,5,5,0,5,0,5,33%,5%,10%,Branch B,,,,Increased,Decreased,Increased,Increased,2,0,0,0,0,Don't Know,,10, dk,6,2,4,3,2,5,5,3,2
253,219325,9/10/2010 0:24,Complete,,,,,,United States,,NV,,,,,FY929184,,I agree to participate,FY929184,,55,,,end,,,nonphoto,Senate Majority leader,President of France,Sec. of Homeland Security,,,,,President of Germany,Senator,,,,,,,regular,Robert Gates,Couldn't Say,,,,,,,,,,I haven't thought much about this,6,2,3,1,5,,Slightly liberal,,,Washington Post,, Other ,"las vegas sun, new orleans times picayune",,,,,,,,,,,,,,,,,,,,Huffington Post,Drudge Report,"Online Portal like Google News, AOL or Topix that gathers news from many different sources",Other,slate,0,A little,1,7,Independent,,,,Closer to Democratic Party,90,10,20,70,70,86,40,open,,,japan,cancer,Question any person whom they suspect to be an illegal immigrant for their papers,8,Can ask people they suspect of being illegal immigrants for their papers only when stopping them for other reasons.,5,Ronald Reagan,Couldn't say,Couldn't say,,,,,,,,,14%,2%,15%,Branch B,,,,Increased,Decreased,Increased,Increased,7,10,1,4,6,Other,Neither, dk,0,5,3,7,3,4,4,5,4,5
254,219328,9/10/2010 0:36,Complete,,,,,,United States,,PA,,,,,,,I agree to participate,,,17,,,start,9,0,photo,,,,,,rahm emanuel,,,,,,,Don't Know,,Don't Know,regular,,Stephen Breyer,,,,,,,,,,2,7,2,5,2,6,,Liberal,,,,,,,,,,,Other,,msnbc,,MSNBC,,,,,,,,,,,,,"Online Portal like Google News, AOL or Topix that gathers news from many different sources",Other,msnbc,1,A lot,,6,Democrat,,,Strong,,60,25,70,60,60,65,45,open,,,Poland,Heart Disease,"Ask for papers only if the person has been stopped for suspicion about some other transgression, and if they are suspected to be an illegal immigrant",4,Can ask people they suspect of being illegal immigrants for their papers only when stopping them for other reasons.,8,Ronald Reagan,Increases the Medicare payroll tax for upper‐income Americans,Replaces Medicare with a “public option”,,,,,,,,,20%,5%,5%,Branch A,Increased,Decreased,Increased,,,,,9,7,4,5,6,Democrats,,,,6,2,5,5,4,2,3,6,4
255,219333,9/10/2010 0:31,Complete,,,,,,United States,,CA,,,,,FY987316,,I agree to participate,FY987316,,32,,,end,,,nonphoto,Majority Whip-- Senate,Pres of France,Sec. of Health & Human Services,,,,,Pres. of Germany,Republican,,,,,,,regular,Don't Know,Stephen Breyer,,,,,,,,,,2,7,2,5,2,6,,Slightly liberal,,,,, Other ,Sacramento Bee,,,,,,,,,,,,,,,,,,,,,,"Online Portal like Google News, AOL or Topix that gathers news from many different sources",Other,Slate,1,A moderate amount,7,7,Democrat,,,Strong,,70,30,70,70,70,70,60,open,,,Soviet Union,Heart Disease,"Ask for papers only if the person has been stopped for suspicion about some other transgression, and if they are suspected to be an illegal immigrant",5,Can ask people they suspect of being illegal immigrants for their papers only when stopping them for other reasons.,10,George W. Bush,Couldn't say,Couldn't say,,,,,,,,,30%,1%,5%,Branch B,,,,Increased,Decreased,Increased,Increased,8,10,0,0,5,Democrats,,8,1,3,6,4,2,1,1,1,4,6
256,219337,9/10/2010 0:32,Complete,,,,,,United States,,CA,,,,,FY937683,,I agree to participate,FY937683,,44,,,end,,,nonphoto,"Senate Majority Leader, Senator from Nevada",President of France,Secretary of Homeland Security,,,,,Prime Minister of Germany,"Minority Leader of the Senate, Senator from Kentucky",,,,,,,regular,Robert Gates,Stephen Breyer,,,,,,,,,,1,6,3,7,2,5,,Slightly liberal,,NY Times,Washington Post,,,,,,,,,,,,,,,,,,NPR,,,,,,,,,,0,A little,5,4,Democrat,,,Strong,,100,30,75,75,80,90,70,open,,,Soviet Union,Breast Cancer,"Ask for papers only if the person has been stopped for suspicion about some other transgression, and if they are suspected to be an illegal immigrant",5,Can ask people they suspect of being illegal immigrants for their papers only when stopping them for other reasons.,10,Bill Clinton,Provides coverage for people who are currently in the country illegally,Limits future increases in payments to Medicare providers,,,,,,,,,5%,1%,10%,Branch A,Increased,Decreased,Increased,,,,,10,10,10,4,4,Democrats,,7,0,3,3,4,4,2,2,2,2,6
257,219339,9/10/2010 0:44,Complete,,,,,,United States,,CA,,,,,FY990645,,I agree to participate,FY990645,,28,,,end,,,photo,,,,"Harry Reed, Senate Majority Leader",Supreme Court Justice Nominee,president of France,,,,Senate Minority Leader,Chancelor of Germany,,,,,regular,Robert Gates,Stephen Breyer,,,,,,,,,,6,4,2,3,5,7,,Moderate,,,,, Other ,Internet,,,,,Other,,,,,,, Others ,CNN,"Huffington Post, Cato Institute",NPR,,,,,Huffington Post,Drudge Report,"Online Portal like Google News, AOL or Topix that gathers news from many different sources",Other,"Cato, The aily Reckoning",5,A moderate amount,5,8,Other,libertarian,,,,50,60,30,50,50,50,40,open,,,Soviet Union,heart disease,"Ask for papers only if the person has been stopped for suspicion about some other transgression, and if they are suspected to be an illegal immigrant",4,Can ask people they suspect of being illegal immigrants for their papers only when stopping them for other reasons.,8,Bill Clinton,Increases the Medicare payroll tax for upper‐income Americans,Cuts benefits to existing Medicare patients,,,,,,,,,30%,4%,20%,Branch B,,,,Increased,Decreased,Increased,Increased,10,8,5,8,6,Other,anyone else!,0,8,2,4,6,4,2,2,1,2,7
258,219341,9/10/2010 0:33,Complete,,,,,,United States,,CA,,,,,FY946968,,I agree to participate,FY946968,,90,,,end,,,photo,,,,Senator,,President,,,,,,,Chancellor of Germany,,Don't Know,percent,,,0,0,0,0,,0,10,0,0,1,7,4,7,2,5,,Very liberal,,NY Times,,,,,,,,,,,,,,,,,,,NPR,,,,,,,"Online Portal like Google News, AOL or Topix that gathers news from many different sources",,,0,A little,3,5,Democrat,,,Strong,,100,0,85,85,85,100,100,open,,,Poland,Heart attack,"Ask for papers only if the person has been stopped for suspicion about some other transgression, and if they are suspected to be an illegal immigrant",0,Can  ask anyone they suspect of being an illegal immigrant for their papers,6,Don't Know,,,0,0,5,0,0,0,5,5,20%,1%,1%,Branch A,Increased,Decreased,Increased,,,,,5,10,10,7,7,Democrats,,10,0,2,6,2,1,2,3,4,1,7
259,219346,9/10/2010 0:48,Complete,,,,,,India,,16,,,,,FY963930,,I agree to participate,FY963930,,26,,,end,,,photo,,,,Congressman,Governor,Chief Information Officer,,,,Justice,Senator,,,,,percent,,,5,1,1,0,,2,6,3,0,7,5,3,7,2,4,,Moderate,Wall Street Journal,NY Times,,,,,,,,NBC,,,,Fox News,MSNBC,,,,CNN,,,,,,,,,"Online Portal like Google News, AOL or Topix that gathers news from many different sources",,,1,A little,1,5,Independent,,,,Equally close to both,30,,,70,50,50,50,closed,Germany,Don't Know,,,Question any person whom they suspect to be an illegal immigrant for their papers,8,Can escort illegal immigrants back across the border,9,George H. Bush,,,7,5,6,7,4,3,7,5,95%,25%,35%,Branch B,,,,Increased,Increased,Increased,Increased,3,0,0,0,5,Don't Know,,5,2,5,4,5,5,3,6,6,2,4
260,219356,9/10/2010 1:29,Complete,,,,,,United States,,OR,,,,,FY952488,,I agree to participate,FY952488,,40,,,end,,,photo,,,,,,,,,,,,,Prime Minister of Austria,,Don't Know,percent,,,0,0,0,0,,0,0,0,0,3,7,3,5,1,4,,Liberal,,,,,,,,,PBS,,,,,,,,BBC,,,,NPR,,,,,,,,,,0,A little,2,5,Democrat,,,Strong,,50,15,60,50,50,50,50,open,,,France,heart disease,Question any person whom they suspect to be an illegal immigrant for their papers,8,Can ask people they suspect of being illegal immigrants for their papers only when stopping them for other reasons.,7,Ronald Reagan,,,0,0,7,0,0,0,5,10,20%,10%,20%,Branch B,,,,Remained the Same,Decreased,Increased,Increased,7,10,10,9,8,Democrats,,10,0,6,4,5,5,3,2,2,3,6
261,219389,9/10/2010 3:25,Complete,,,,,,China,,,,,,,FY911738,,I agree to participate,FY911738,,101,,,start,3,6,photo,,,,,governor of Arizona,,,,,U.S. Senate majority leader,,,Chancellor of Germany,,,regular,Don't Know,Stephen Breyer,,,,,,,,,,1,7,3,2,1,5,,Slightly liberal,Wall Street Journal,NY Times,,,,,,,,,,,,,,,, Others ,,CNBC,NPR,,, Others ,BBC World Service,,,"Online Portal like Google News, AOL or Topix that gathers news from many different sources",,,0,A moderate amount,3,7,Independent,,,,Closer to Democratic Party,40,20,30,60,50,80,10,closed,[Erstwhile] Soviet Union,Heart Disease,,,Don’t Know,,Can ask people they suspect of being illegal immigrants for their papers only when stopping them for other reasons.,8,Bill Clinton,Increases the Medicare payroll tax for upper‐income Americans,Limits future increases in payments to Medicare providers,,,,,,,,,25%,5%,10%,Branch B,,,,Increased,Decreased,Increased,Increased,8,0,0,2,1,Don't Know,,,,2,7,3,4,1,3,2,2,5
262,219404,9/10/2010 3:46,Complete,,,,,,Germany,,11,,,,,FY900830,,I agree to participate,FY900830,,7,,,end,,,nonphoto,,President of France,senator or representative,,,,,chancellor of Germany,,,,,,Don't Know,,percent,,,10,,,,,,,0,,1,6,3,5,3,5,,Liberal,,,,, Other ,overseas media,,,,,Other,,overseas media,,,,BBC,,,,,,, Others ,overseas media,,,,,,4,A lot,0,2,Democrat,,,Not very strong,,50,40,60,50,50,60,30,open,,,Russia,cancer,"Ask for papers only if the person has been stopped for suspicion about some other transgression, and if they are suspected to be an illegal immigrant",0,Can ask people they suspect of being illegal immigrants for their papers only when stopping them for other reasons.,1,Don't Know,,,0,0,7,0,0,0,0,5,20%,10%,10%,Branch A,Decreased,Remained the Same,Increased,,,,,3,0,0,0,3,Republicans,,10,2,5,4,4,5,3,2,2,6,6
264,219452,9/10/2010 6:01,Complete,,,,,,United Kingdom,,,,,,,FY952750,,I agree to participate,FY952750,,16,,,start,5,5,photo,,,,,,President of France,,,,,Chancellor of Germany,,,,Don't Know,regular,Robert Gates,Couldn't Say,,,,,,,,,,4,I haven't thought much about this,I haven't thought much about this,I haven't thought much about this,I haven't thought much about this,I haven't thought much about this,,Moderate,,,,, Other ,The Times of London,,,,,Other,,BBC,,,,BBC, Others ,,Sky,,,, Others ,BBC world service,,,,,,7,A moderate amount,0,5,Other,Foreign,,,,60,50,50,60,60,40,30,open,,,USSR,Heart attacks,"Ask for papers only if the person has been stopped for suspicion about some other transgression, and if they are suspected to be an illegal immigrant",5,Couldn’t Say,,Ronald Reagan,Couldn't say,Couldn't say,,,,,,,,,20%,15%,25%,Branch A,Decreased,Increased,Increased,,,,,7,,0,0,7,Don't Know,,,,3,5,5,3,3,3,3,3,5
265,219455,9/10/2010 6:15,Complete,,,,,,United Kingdom,,,,,,,FY965454,,I agree to participate,FY965454,,32,,,end,,,nonphoto,Not sure,French President,US Security Chief,,,,,German Prime Minister,Not sure,,,,,,,percent,,,9,1,0,0,,1,9,0,0,6,6,2,6,4,6,,Slightly conservative,,,,, Other ,London Times,,,,,Other,,"CNN, Sky News, BBC",,MSNBC,,BBC,,CNN,,,,,,,,,,,,4,A lot,3,4,Republican,,Strong,,,50,60,60,60,50,50,50,open,,,Russia,Breast Cancer,Don’t Know,,Can  ask anyone they suspect of being an illegal immigrant for their papers,6,Don't Know,,,2,3,4,5,5,1,7,5,25%,15%,20%,Branch B,,,,Increased,Remained the Same,Increased,Increased,7,0,0,0,0,Don't Know,,5,2,4,4,4,4,3,3,3,3,4
266,219475,9/10/2010 6:55,Complete,,,,,,United Kingdom,,K7,,,,,FY959676,,I agree to participate,FY959676,,20,,,start,10,3,photo,,,,Senator,Secretary,French President,,,,Senator,German Chancellor,,,,,regular,Don't Know,Couldn't Say,,,,,,,,,,1,7,2,3,2,5,,Slightly conservative,Wall Street Journal,,,,,,,,,,,,,,MSNBC,,BBC,,CNN,,,,,,,,,"Online Portal like Google News, AOL or Topix that gathers news from many different sources",Other,"CNN, BBC",7,A lot,3,8,Republican,,Not very strong,,,60,30,50,60,60,80,40,closed,[Erstwhile] Soviet Union,Breast Cancer,,,"Ask for papers only if the person has been stopped for suspicion about some other transgression, and if they are suspected to be an illegal immigrant",5,Can escort illegal immigrants back across the border,6,George H. Bush,Does not reimburse routine mammograms for women younger than 50,Replaces Medicare with a “public option”,,,,,,,,,35%,25%,20%,Branch B,,,,Increased,Decreased,Increased,Decreased,7,9,0,0,0,Republicans,,,,3,3,5,3,4,3,2,3,4
267,219502,9/10/2010 7:29,Complete,,,,,,Italy,,9,,,,,FY930546,,I agree to participate,FY930546,,28,,,start,8,2,nonphoto,Senate Majority Leader,"President, France",Attorney General,,,,,"Prime Minister, Germany",,,,,,Don't Know,,percent,,,0,0,0,0,,0,5,0,0,1,7,4,5,4,4,,Slightly liberal,Wall Street Journal,NY Times,,, Other ,"Il Sole 24 Ore, Ft.com",,,,,,,,,,,,,,,,,,,,Huffington Post,,,,,0,Not at all,2,3,Independent,,,,Closer to Democratic Party,50,15,60,50,50,100,60,open,,,Russia,Heart disease,"Ask for papers only if the person has been stopped for suspicion about some other transgression, and if they are suspected to be an illegal immigrant",2,Can ask people they suspect of being illegal immigrants for their papers only when stopping them for other reasons.,7,Bill Clinton,,,0,0,7,4,3,0,0,7,30%,20%,20%,Branch A,Increased,Increased,Increased,,,,,8,0,0,9,9,Don't Know,,,,2,6,7,3,3,1,1,4,7
274,219634,9/10/2010 10:06,Complete,,,,,,United States,,CO,,,,,FY909875,,I agree to participate,FY909875,,20,,,start,9,2,nonphoto,Senate majority leader,French president,Secretary of.........,,,,,German PM,House majority leader,,,,,,,regular,Don't Know,Stephen Breyer,,,,,,,,,,1,6,1,6,1,4,,Slightly liberal,,,,, Other ,financial times,,,,,,,,,,,,,,,NPR,,,,,,,"Online Portal like Google News, AOL or Topix that gathers news from many different sources",Other,slate.com,0,Not at all,2,7,Independent,,,,Closer to Democratic Party,85,20,51,85,85,100,85,open,,,Japan,Breast cancer,"Ask for papers only if the person has been stopped for suspicion about some other transgression, and if they are suspected to be an illegal immigrant",0,Can ask people they suspect of being illegal immigrants for their papers only when stopping them for other reasons.,8,Ronald Reagan,Couldn't say,Couldn't say,,,,,,,,,28%,3%,20%,Branch A,Increased,Decreased,Increased,,,,,6,10,6,4,7,Don't Know,,,,4,4,6,6,5,1,1,2,7
275,219635,9/10/2010 11:30,Complete,,,,,,United Kingdom,,B2,,,,,FY980628,,I agree to participate,FY980628,,22,,,end,,,photo,,,,no idea,no idea,President of France,,,,no idea,"Forbundskansler, Germany",,,,,percent,,,0,0,0,0,,0,0,0,0,1,5,2,4,2,6,,Slightly liberal,,NY Times,Washington Post,, Other ,"The Economist, New Scientist, Svensa Dagblade, Dagens Industri",,,,,,,,,,,,,,,,,,,,Huffington Post,,,Other,"NYTimes, Slate, AEI, Washington Post",0,Not at all,5,7,Other,Moderat in Sweden,,,,60,60,70,60,55,60,45,closed,[Erstwhile] Soviet Union,Heart Disease,,,Question any person whom they suspect to be an illegal immigrant for their papers,8,Can  ask anyone they suspect of being an illegal immigrant for their papers,6,George H. Bush,,,0,0,7,0,0,0,0,5,30%,6%,10%,Branch B,,,,Increased,Decreased,Increased,Increased,6,10,0,0,6,Democrats,,7,1,4,1,5,4,6,1,1,1,6
276,219637,9/10/2010 10:04,Complete,,,,,,United States,,NJ,,,,,FY943840,,I agree to participate,FY943840,,25,,,start,8,0,photo,,,,senator,,,,,,,,,Chancellor of Germany,,Senate Minority Leader,percent,,,0,0,0,0,,0,0,0,0,1,7,3,5,1,4,,Liberal,,NY Times,Washington Post,, Other ,The Economist magazine,,,PBS,,,,,,,,,,,,NPR,,,,,,,,Other,Slate.com,1,A lot,1,2,Other,unclassified,,,,,95,65,,,90,40,open,,,Russia,heart attacks/cardiovascular,Don’t Know,,Can ask people they suspect of being illegal immigrants for their papers only when stopping them for other reasons.,9,George H. Bush,,,0,4,8,3,7,0,5,2,22%,7%,14%,Branch A,Increased,Decreased,Increased,,,,,7,10,10,10,8,Democrats,,,,3,4,5,4,2,2,1,1,5
277,219654,9/10/2010 10:28,Complete,,,,,,United Kingdom,,M4,,,,,FY959579,,I agree to participate,FY959579,,28,,,start,6,5,nonphoto,House Speaker,President of France,Attorney-general,,,,,Chancellor of Germany,no idea,,,,,,,regular,Don't Know,Couldn't Say,,,,,,,,,,4,6,2,3,2,6,,Slightly conservative,Wall Street Journal,NY Times,,USA Today,,,,,,,,,,,,,BBC,,CNN,,,,,,,,,,,,0,,5,3,Other,Not a voter,,,,50,50,50,50,50,60,40,closed,[Erstwhile] Soviet Union,Heart Disease,,,Don’t Know,,Can  ask anyone they suspect of being an illegal immigrant for their papers,9,Bill Clinton,Couldn't say,Couldn't say,,,,,,,,,35%,40%,20%,Branch B,,,,Increased,Decreased,Increased,Increased,6,0,0,0,5,Republicans,,,,2,5,5,1,2,5,2,5,4
278,219660,9/10/2010 10:39,Complete,,,,,,United States,,CT,,,,,FY983931,,I agree to participate,FY983931,,67,,,end,,,nonphoto,Senate Republican Majority Leader,French President,FDIC Chairman,,,,,?,?,,,,,,,percent,,,10,,,,,,,5,5,5,6,1,5,3,6,,Conservative,Wall Street Journal,,,, Other ,Internet,CBS,Fox,,,,,,Fox News,,,,,CNN,,NPR,,,,,,,,Other,msn.com,2,A lot,3,8,Independent,,,,Closer to Republican Party,50,60,40,85,30,90,15,closed,[Erstwhile] Soviet Union,Heart Disease,,,Don’t Know,,Can ask people they suspect of being illegal immigrants for their papers only when stopping them for other reasons.,6,George W. Bush,,,3,2,2,5,4,1,7,8,20%,20%,35%,Branch B,,,,Increased,Remained the Same,Increased,Increased,8,10,0,8,1,Don't Know,,7,8,6,2,3,5,2,4,4,5,4
279,219681,9/10/2010 10:38,Complete,,,,,,United States,,MI,,,,,FY929403,,I agree to participate,FY929403,,30,,,start,0,10,nonphoto,Senate majority leader,President of France,Chm. Dept of Homeland Security,,,,,Chancellor of Germany,Senate minority leader,,,,,,,regular,Robert Gates,Stephen Breyer,,,,,,,,,,4,4,4,7,2,6,,Conservative,Wall Street Journal,,,, Other ,Christian Science Monitor,,Fox,PBS,,,,,Fox News,,,,,CNN,,,,, Others ,only listen to music on the radio,,,,Other,Wall Street Journal,7,A lot,7,5,Independent,,,,Closer to Republican Party,40,50,15,70,40,100,0,closed,United States,Breast Cancer,,,"Ask for papers only if the person has been stopped for suspicion about some other transgression, and if they are suspected to be an illegal immigrant",6,Can ask people they suspect of being illegal immigrants for their papers only when stopping them for other reasons.,10,Bill Clinton,Does not reimburse routine mammograms for women younger than 50,Limits future increases in payments to Medicare providers,,,,,,,,,25%,30%,70%,Branch B,,,,Remained the Same,Decreased,Increased,Increased,10,10,10,10,10,Republicans,,,,2,6,5,6,1,4,4,4,4
280,219720,9/10/2010 11:09,Complete,,,,,,United States,,NJ,,,,,FY948239,,I agree to participate,FY948239,,30,,,start,10,0,photo,,,,senator,director of homeland security,chief of staff,,,,,,,Chancellor of Germany,,Senate Minority Leader,percent,,,10,,,,,,10,,,4,7,4,5,1,6,,Liberal,,NY Times,,,,,,,,,,,,,,,,,,,NPR,,,,,,,,,,2,A little,3,2,Independent,,,,Closer to Democratic Party,85,40,85,85,85,85,50,open,,,Russia,heart attack,"Ask for papers only if the person has been stopped for suspicion about some other transgression, and if they are suspected to be an illegal immigrant",1,Can ask people they suspect of being illegal immigrants for their papers only when stopping them for other reasons.,10,Bill Clinton,,,0,0,5,0,0,0,10,5,25%,2%,2%,Branch A,Increased,Decreased,Increased,,,,,5,10,0,5,7,Democrats,,,,2,5,3,4,4,3,3,3,7
281,219733,9/10/2010 10:53,Complete,,,,,,United Kingdom,,M4,,,,,FY907250,,I agree to participate,FY907250,,15,,,start,6,3,photo,,,,,Supreme Court Justice,President of France,,,,Senator,German Chancellor,,,,,regular,Don't Know,Couldn't Say,,,,,,,,,,3,7,1,3,2,6,,Slightly conservative,,,,USA Today, Other ,Yahoo news,,,,,Other,,bbc,,,,BBC,,,,,,,,,,,"Online Portal like Google News, AOL or Topix that gathers news from many different sources",,,5,A moderate amount,0,2,Democrat,,,Not very strong,,60,60,60,60,60,50,30,closed,[Erstwhile] Soviet Union,Heart Disease,,,Don’t Know,,Can  ask anyone they suspect of being an illegal immigrant for their papers,8,Bill Clinton,Couldn't say,Couldn't say,,,,,,,,,40%,30%,10%,Branch B,,,,Decreased,Remained the Same,Increased,Increased,3,5,1,1,5,Republicans,,,,2,5,5,4,5,4,4,4,3
347,222574,9/12/2010 11:21,Complete,,,,,,Israel,,4,,,,,FY989878,,I agree to participate,FY989878,,31,,,start,8, dk,nonphoto,,president of France,,,,,,German Chancellor,,,,,,Don't Know,,regular,Robert Gates,Couldn't Say,,,,,,,,,,2,6,2,3,2,3,,Moderate,Wall Street Journal,NY Times,,, Other ,"FT, Bloomberg",,,PBS,,,,,,,,BBC,,CNN,,,,,,,,,,Other,"FT, WSJ, Marketwatch",5,A moderate amount,2,4,Other,"open minded, more right wing",,,,85,85,85,100,60,85,40,closed,[Erstwhile] Soviet Union,Breast Cancer,,,Don’t Know,,Couldn’t Say,,Bill Clinton,Couldn't say,Couldn't say,,,,,,,,,45%,50%,25%,Branch A,Increased,Increased,Decreased,,,,,4,9,1,1,9,Republicans,,,,2,6,7,3,3,2,2,2,6
346,222542,9/12/2010 10:48,Complete,,,,,,United States,,NE,,,,,FY935918,,I agree to participate,FY935918,,16,,,end,,,photo,,,,Minority Leader of the House,Attorney General,Presidents advisor,,,,Senator,Governor,,,,,regular,Don't Know,John Boehner,,,,,,,,,,4,7,1,6,4,4,,Conservative,,,,, Other ,The Economist,CBS,Fox,,NBC,,ABC,,Fox News,,,,,,,,,, Others ,The View NPR,,,,Other,Dont get news online,7,A moderate amount,2,2,Republican,,Not very strong,,,50,60,60,50,50,50,40,open,,,Russia,Heart attack,"Ask for papers only if the person has been stopped for suspicion about some other transgression, and if they are suspected to be an illegal immigrant",0,Can  ask anyone they suspect of being an illegal immigrant for their papers,5,Bill Clinton,Couldn't say,Limits future increases in payments to Medicare providers,,,,,,,,,35%,2%,8%,Branch A,Remained the Same,Decreased,Increased,,,,,5,10,5,8,9,Republicans,,0,9,3,6,4,5,5,3,4,4,5
345,222469,9/12/2010 9:29,Complete,,,,,,United States,,SC,,,,,FY905143,,I agree to participate,FY905143,,25,,,end,,,photo,,,,"Senate Majority Leader, Sen-NV",?,President of France,,,,?,Elected head of Germany,,,,,regular,Robert Gates,Stephen Breyer,,,,,,,,,,6,5,1,4,6,2,,Slightly conservative,Wall Street Journal,,,, Other ,GOOG news,,,,,,,,,,,,,,,NPR,,,,,,,,,,0,A little,6,7,Republican,,Not very strong,,,70,80,30,80,75,100,65,open,,,Russia,Heart Disease,Question any person whom they suspect to be an illegal immigrant for their papers,6,Can ask people they suspect of being illegal immigrants for their papers only when stopping them for other reasons.,8,Bill Clinton,Increases the Medicare payroll tax for upper‐income Americans,Limits future increases in payments to Medicare providers,,,,,,,,,33%,5%,30%,Branch B,,,,Increased,Remained the Same,Increased,Increased,9,10,5,6,5,Other,Libertarian,0,6,4,3,2,2,1,3,3,3,5
344,222444,9/12/2010 9:20,Complete,,,,,,France,,A8,,,,,FY933549,,I agree to participate,FY933549,,39,,,end,,,nonphoto,,French President,,,,,,German Chancelor,,,,,,Don't Know,,regular,Don't Know,Couldn't Say,,,,,,,,,,2,6,2,2,2,6,,Slightly conservative,,,,, Other ,,,,,,Other,,,,,,, Others ,,,,,, Others ,,,,,Other,,5,A little,2,8,Independent,,,,Equally close to both,,,,,,,,open,,,Russia,Heart,"Ask for papers only if the person has been stopped for suspicion about some other transgression, and if they are suspected to be an illegal immigrant",5,Couldn’t Say,,Don't Know,Couldn't say,Couldn't say,,,,,,,,,25%,10%,30%,Branch A,Remained the Same,Decreased,Remained the Same,,,,,,0,0,0,0,Republicans,,8,6,5,4,4,2,2,3,4,3,5
343,222389,9/12/2010 8:22,Complete,,,,,,France,,A8,,,,,FY973179,,I agree to participate,FY973179,,4,,,end,,,nonphoto,US Senator,President of France,Attorney general,,,,,German president,US congressman,,,,,,,regular,Don't Know,Stephen Breyer,,,,,,,,,,1,7,2,6,2,5,,Liberal,,NY Times,,,,,,,,,,,,,,,BBC, Others ,,The Daily Show,NPR,,,,,,,,,,0,A little,1,3,Democrat,,,Strong,,50,15,85,50,50,50,50,open,,,Japan,Cancer,Don’t Know,,Can  ask anyone they suspect of being an illegal immigrant for their papers,4,Bill Clinton,Couldn't say,Couldn't say,,,,,,,,,20%,2%,2%,Branch A,Increased,Decreased,Increased,,,,,6,7,8,6,4,Don't Know,,8,2,5,5,4,3,4,2,2,2,6
341,222303,9/12/2010 2:12,Complete,,,,,,United States,,CA,,,,,FY971019,,I agree to participate,FY971019,,20,,,start,7,0,nonphoto,senate majority leder,pres of france,homeland secuirty sec,,,,,,senatae minority leader,,,Chancellor of Germany,,,,regular,Robert Gates,Stephen Breyer,,,,,,,,,,1,6,1,6,1,2,,Slightly liberal,,NY Times,,,,,CBS,,PBS,NBC,Other,ABC,,,MSNBC,,,,,,NPR,,, Others ,knx am radio,,,"Online Portal like Google News, AOL or Topix that gathers news from many different sources",,,7,A lot,7,3,Democrat,,,Not very strong,,50,25,60,70,50,50,40,closed,[Erstwhile] Soviet Union,Heart Disease,,,"Ask for papers only if the person has been stopped for suspicion about some other transgression, and if they are suspected to be an illegal immigrant",2,Can ask people they suspect of being illegal immigrants for their papers only when stopping them for other reasons.,0,Bill Clinton,Increases the Medicare payroll tax for upper‐income Americans,Cuts benefits to existing Medicare patients,,,,,,,,,30%,5%,20%,Branch B,,,,Increased,Increased,Increased,Increased,8,10,10,10,10,Other,neither,,,5,5,6,4,3,3,2,3,6
340,222301,9/12/2010 2:38,Complete,,,,,,Costa Rica,,8,,,,,FY936808,,I agree to participate,FY936808,,47,,,end,,,photo,,,,no idea,congresswoman,no idea,,,,no idea,Prime Minister,,,,,regular,Don't Know,Couldn't Say,,,,,,,,,,3,7,3,4,2,5,,Slightly liberal,,,,, Other ,"Economist, online",,,,,Other,,International News,,,,,,CNN,,,,,,,,,"Online Portal like Google News, AOL or Topix that gathers news from many different sources",,,7,A moderate amount,4,3,Democrat,,,Not very strong,,70,30,85,70,70,60,60,open,,,Soviet Union,cervical cancer,Question any person whom they suspect to be an illegal immigrant for their papers,6,Can  ask anyone they suspect of being an illegal immigrant for their papers,8,Don't Know,Increases the Medicare payroll tax for upper‐income Americans,Limits future increases in payments to Medicare providers,,,,,,,,,20%,10%,35%,Branch A,Increased,Decreased,Remained the Same,,,,,6,90,2,0,2,Don't Know,,9,1,6,5,4,2,3,3,2,4,5
339,222297,9/12/2010 1:28,Complete,,,,,,United States,,CA,,,,,FY904294,,I agree to participate,FY904294,,13,,,start,0,9,photo,,,,senate majority leader,don't know ,president's chief of stgaff,,,,us senator,arizona giverrnor,,,,,regular,Don't Know,Couldn't Say,,,,,,,,,,4,7,1,1,4,7,,Slightly conservative,,NY Times,,, Other , union  trib san diego,CBS,,,NBC,Other,ABC,,,,CSPAN,BBC,,CNN,,NPR,,,,,,,"Online Portal like Google News, AOL or Topix that gathers news from many different sources",,,7,A moderate amount,5,5,Republican,,Not very strong,,,85,70,40,85,85,85,15,closed,Couldn't say,Breast Cancer,,,Don’t Know,,Can ask people they suspect of being illegal immigrants for their papers only when stopping them for other reasons.,9,Bill Clinton,Increases the Medicare payroll tax for upper‐income Americans,Limits future increases in payments to Medicare providers,,,,,,,,,37%,29%,10%,Branch B,,,,Increased,Remained the Same,Increased,Increased,8,10,10,10,10,Republicans,,,,4,3,6,4,3,6,2,5,6
338,222284,9/12/2010 0:33,Complete,,,,,,United States,,CA,,,,,FY993818,,I agree to participate,FY993818,,23,,,start,10,0,nonphoto,Speaker of House,French President,part of Obama's cabinet,,,,,Health,Senator,,,,,,,regular,Don't Know,Couldn't Say,,,,,,,,,,4,7,4,6,1,6,,Very liberal,,,,, Other ,L.A. Times,,,PBS,NBC,,,,,,,,,CNN,,NPR,,, Others ,KNX,,,"Online Portal like Google News, AOL or Topix that gathers news from many different sources",,,6,A little,2,4,Democrat,,,Strong,,80,40,95,95,95,90,50,closed,[Erstwhile] Soviet Union,Breast Cancer,,,Question any person whom they suspect to be an illegal immigrant for their papers,7,Can ask people they suspect of being illegal immigrants for their papers only when stopping them for other reasons.,9,Bill Clinton,Couldn't say,Couldn't say,,,,,,,,,35%,8%,40%,Branch B,,,,Increased,Decreased,Increased,Remained the Same,8,10,10,10,6,Democrats,,,,1,7,3,5,2,2,2,2,7
337,222275,9/12/2010 0:44,Complete,,,,,,United States,,WA,,,,,FY998255,,I agree to participate,FY998255,,43,,,end,,,nonphoto,Speake of the House,Writer,Head Homeland Security,,,,,German Chancelor,Minority Leader House,,,,,,,percent,,,10,,,,,0,0,0,0,1,7,3,4,2,4,,Liberal,,NY Times,,, Other ,"Seattle times, Newsweek",,,,NBC,,,,,MSNBC,,BBC,,CNN,,NPR,,,,,,,,,,7,A lot,4,3,Democrat,,,Strong,,50,15,75,50,50,50,30,open,,,Russia,Heart,Deny aid to known illegal immigrants,8,Can ask people they suspect of being illegal immigrants for their papers only when stopping them for other reasons.,5,George W. Bush,,,0,0,0,0,0,0,7,0,35%,8%,20%,Branch A,Remained the Same,Decreased,Increased,,,,,9,10,9,10,10,Don't Know,,7,2,4,4,4,2,2,3,2,4,5
335,222256,9/11/2010 23:18,Complete,,,,,,United States,,WA,,,,,FY980241,,I agree to participate,FY980241,,18,,,end,,,photo,,,,,,,,,,US something based on flag-govt person,German chancellor,,,,,regular,Robert Gates,Stephen Breyer,,,,,,,,,,3,7,3,5,2,4,,Slightly liberal,Wall Street Journal,,,,,,,,,,,,,,,,,,,,NPR,,,,,,,,,,0,Not at all,3,5,Democrat,,,Strong,,60,30,70,60,60,60,40,closed,[Erstwhile] Soviet Union,Heart Disease,,,"Ask for papers only if the person has been stopped for suspicion about some other transgression, and if they are suspected to be an illegal immigrant",5,Can ask people they suspect of being illegal immigrants for their papers only when stopping them for other reasons.,10,Ronald Reagan,Increases the Medicare payroll tax for upper‐income Americans,Couldn't say,,,,,,,,,25%,15%,10%,Branch B,,,,Increased,Decreased,Increased,Increased,5,10,10,3,10,Republicans,,5,0,5,5,6,3,3,2,2,3,7
334,222172,9/11/2010 19:56,Complete,,,,,,United States,,CA,,,,,FY974946,,I agree to participate,FY974946,,46,,,start,3,2,nonphoto,US senator Nevada,French prime minister,Homeland security,,,,,German chancelor,minority whip,,,,,,,percent,,,2,5,5,0,,0,10,0,0,7,7,1,4,1,7,,Moderate,Wall Street Journal,NY Times,,, Other ,"oc register, la times",CBS,,PBS,NBC,,ABC,,,MSNBC,,,,CNN,,,,,,,,,"Online Portal like Google News, AOL or Topix that gathers news from many different sources",,,7,A lot,4,5,Independent,,,,Closer to Democratic Party,30,30,60,60,40,50,30,open,,,japan,cancer,Deny aid to known illegal immigrants,3,Can  ask anyone they suspect of being an illegal immigrant for their papers,7,George H. Bush,,,0,5,10,8,8,0,10,5,50%,10%,30%,Branch A,Increased,Decreased,Increased,,,,,7,8,1,5,5,Democrats,,,,2,7,7,3,2,4,2,3,6
333,222171,9/11/2010 20:04,Complete,,,,,,Venezuela,,25,,,,,FY972321,,I agree to participate,FY972321,,31,,,start,5,0,photo,,,,,,French President Sarkozy,,,,No idea,German Chancellor Angela Merckel,,,,,regular,Robert Gates,Couldn't Say,,,,,,,,,,3,6,2,6,4,6,,Moderate,Wall Street Journal,,,,,,,,,,,,,,,,,,CNN,,NPR,,,,,,,,,,0,,3,8,Independent,,,,Equally close to both,85,50,60,85,85,85,60,open,,,Gernany,Cancer,"Ask for papers only if the person has been stopped for suspicion about some other transgression, and if they are suspected to be an illegal immigrant",8,Can  ask anyone they suspect of being an illegal immigrant for their papers,10,Ronald Reagan,Couldn't say,Couldn't say,,,,,,,,,45%,10%,10%,Branch B,,,,Decreased,Decreased,Increased,Increased,7,10,0,1,9,Republicans,,,,4,6,6,5,3,3,5,4,6
332,222141,9/11/2010 18:52,Complete,,,,,,France,,A8,,,,,FY923829,,I agree to participate,FY923829,,15,,,start,9,0,nonphoto,senator,president france,,,,,,chancelor germany,senator,,,,,,,regular,Robert Gates,Stephen Breyer,,,,,,,,,,1,7,2,5,2,4,,Liberal,,,,, Other ,"BBC, Huffington Post",,,,,Other,,BBC,,,,BBC,,,,,,,,,Huffington Post,,"Online Portal like Google News, AOL or Topix that gathers news from many different sources",,,0,,0,5,Democrat,,,Strong,,50,40,60,50,50,50,50,closed,[Erstwhile] Soviet Union,Don't Know,,,Don’t Know,,Can  ask anyone they suspect of being an illegal immigrant for their papers,9,Don't Know,Does not reimburse routine mammograms for women younger than 50,Limits future increases in payments to Medicare providers,,,,,,,,,20%,15%,20%,Branch A,Increased,Decreased,Increased,,,,,6,0,10,0,0,Democrats,,,,2,5,7,2,4,1,1,3,5
331,222139,9/11/2010 19:01,Complete,,,,,,United States,,,,,,,FY989891,,I agree to participate,FY989891,,84,,,start,7,0,nonphoto,Newsman,President of France,Director of Homeland Security,,,,,Head of Germany,Senator,,,,,,,percent,,,5,,,,,,1,,,1,6,2,7,1,6,,Liberal,,,,,,,CBS,,,NBC,,,,,MSNBC,,,,CNN,,NPR,,,,,,,,,,7,A lot,1,4,Democrat,,,Not very strong,,100,40,70,100,100,100,40,closed,Couldn't say,Heart Disease,,,Deny aid to known illegal immigrants,2,Can ask people they suspect of being illegal immigrants for their papers only when stopping them for other reasons.,7,Jimmy Carter,,,0,0,5,0,5,0,10,10,28%,10%,5%,Branch A,Increased,Decreased,Increased,,,,,8,10,10,9,2,Democrats,,,,2,6,2,2,2,2,1,3,6
330,222113,9/11/2010 18:35,Complete,,,,,,United States,,CA,,,,,FY922997,,I agree to participate,FY922997,,42,,,start,5,10,photo,,,,,,radio/TV  commentator,,,,,,,Don't Know,,Don't Know,percent,,,0,0,0,0,,,10,,,5,7,2,1,3,5,,Moderate,,NY Times,,, Other ,SF Chronicle,,,,,Other,,don't watch television,,,,, Others ,,don't watch television,NPR,,, Others ,KKHI,,,,Other,none,0,Not at all,6,7,Independent,,,,Closer to Democratic Party,75,75,80,80,75,80,30,closed,Couldn't say,Heart Disease,,,Deny aid to known illegal immigrants,4,Can  ask anyone they suspect of being an illegal immigrant for their papers,7,Don't Know,,,3,0,5,0,3,0,6,6,33%,20%,40%,Branch B,,,,Increased,Decreased,Increased,Increased,3,10,0,2,10,Republicans,,,,4,5,5,3,2,4,2,5,4
283,220302,9/10/2010 11:53,Complete,,,,,,Germany,,13,,,,,id802918,,I agree to participate,id802918,,14,,,start,10,1,photo,,,,News Caster,,Prseident of France,,,,,Chancellor of Germany,,,,Don't Know,regular,Robert Gates,Couldn't Say,,,,,,,,,,1,7,2,4,1,4,,Very liberal,,NY Times,,USA Today,,,,,PBS,NBC,,,,,MSNBC,,BBC,,CNN,,NPR,,,,,,,,,,7,A lot,1,4,Democrat,,,Strong,,60,0,85,60,60,60,60,closed,[Erstwhile] Soviet Union,Heart Disease,,,"Ask for papers only if the person has been stopped for suspicion about some other transgression, and if they are suspected to be an illegal immigrant",9,Can  ask anyone they suspect of being an illegal immigrant for their papers,10,George W. Bush,Increases the Medicare payroll tax for upper‐income Americans,Limits future increases in payments to Medicare providers,,,,,,,,,33%,10%,15%,Branch A,Decreased,Remained the Same,Increased,,,,,8,10,10,8,8,Democrats,,,,5,3,7,6,6,2,2,2,6
284,220303,9/10/2010 11:58,Complete,,,,,,United States,,DC,,,,,FY921735,,I agree to participate,FY921735,,385,,,start,7,2,nonphoto,Nevada senator and minority leader,president of France,Dept of Homeland Security chief; former AZ governor,,,,,German chancellor,House majority leader?,,,,,,,percent,,,8,,,,,,5,,,3,7,1,5,1,6,,Slightly liberal,Wall Street Journal,NY Times,Washington Post,, Other ,Telegraph (UK),,,,,,,,Fox News,MSNBC,,BBC,,CNN,,NPR,,, Others ,WTOP in Washington DC (general news station),Huffington Post,Drudge Report,,,,0,Not at all,5,1,Other,disaffected and alienated Republican,,,,85,15,40,85,85,100,60,closed,Germany,Heart Disease,,,Question any person whom they suspect to be an illegal immigrant for their papers,9,Can ask people they suspect of being illegal immigrants for their papers only when stopping them for other reasons.,8,Don't Know,,,1,6,4,3,0,7,7,0,40%,5%,30%,Branch B,,,,Increased,Decreased,Increased,Increased,8,10,5,1,8,Don't Know,,,,3,3,5,4,5,2,2,3,6
285,220371,9/10/2010 12:42,Complete,,,,,,United States,,ME,,,,,FY912395,,I agree to participate,FY912395,,28,,,start,3,8,nonphoto,US Senate Majority Leader,President of France,"Secretary, DHS",,,,,"Chancellor, Germany","US Senator, GOP-KY",,,,,,,percent,,,10,,,,,,10,,,7,7,1,4,3,5,,Conservative,Wall Street Journal,NY Times,,,,,,,,,,,,,,,,,CNN,,,,,,,,,,,,0,A moderate amount,2,9,Republican,,Strong,,,50,60,40,50,40,70,20,closed,[Erstwhile] Soviet Union,Don't Know,,,"Ask for papers only if the person has been stopped for suspicion about some other transgression, and if they are suspected to be an illegal immigrant",5,Can ask people they suspect of being illegal immigrants for their papers only when stopping them for other reasons.,6,Bill Clinton,,,0,2,0,0,2,0,2,7,20%,5%,10%,Branch B,,,,Increased,Decreased,Increased,Increased,9,0,8,8,8,Republicans,,,,3,3,7,6,1,4,4,4,4
287,220434,9/10/2010 13:18,Complete,,,,,,Austria,,2,,,,,FY962733,,I agree to participate,FY962733,,37,,,start, dk, dk,photo,,,,,,minister president of France,,,,,Bundeskanzlerin Germany,,,,Don't Know,percent,,,0,0,0,0,,0,0,0,0,1,7,2,5,1,3,,Liberal,,,,, Other ,"Die Zeit, Der Standard (international papers)",,,,,,,,,,,,,CNN,,,,, Others ,Austrian national radio,,,"Online Portal like Google News, AOL or Topix that gathers news from many different sources",Other,ORF,0,,2,4,Other,Green,,,,50,15,70,50,50,50,50,open,,,Russia?,illness in old age?,Don’t Know,,Couldn’t Say,,Don't Know,,,5,7,7,3,0,0,5,5,,3%,,Branch A,Don't Know,Decreased,Increased,,,,,8,0,0,0,10,Don't Know,,,,2,4,5,4,5,2,1,1,7
288,220440,9/10/2010 13:25,Complete,,,,,,United Kingdom,,N5,,,,,FY983801,,I agree to participate,FY983801,,301,,,start,10, dk,nonphoto,,prime minister of France,,,,,,Germany,,,,,,Don't Know,,percent,,,0,0,0,0,,0,0,0,0,2,6,3,5,2,4,,Slightly liberal,,NY Times,,, Other ,Guardian,,,,,Other,,BBC,,,,BBC,,,,NPR,,, Others ,BBC,,,,Other,BBC,0,A little,7,7,Democrat,,,Strong,,100,30,85,100,100,100,60,open,,,France,cancer,"Ask for papers only if the person has been stopped for suspicion about some other transgression, and if they are suspected to be an illegal immigrant",0,Couldn’t Say,,Don't Know,,,0,2,6,5,5,0,6,5,40%,2%,20%,Branch B,,,,Remained the Same,Increased,Increased,Remained the Same,7,0,0,6,10,Don't Know,,,,5,2,5,5,1,2,2,3,6
289,220533,9/10/2010 14:21,Complete,,,,,,Honduras,,8,,,,,FY983265,,I agree to participate,FY983265,,37,,,end,,,nonphoto,US Senator from Nevada,President of France,Security Advisor,,,,,German Chancellor (head of state),,,,,,Don't Know,,percent,,,9,,,,,,2,,,4,6,3,2,3,4,,Moderate,,,,, Other ,San Francisco Chronicle,,,,,Other,,Honduran stations,,,,,,CNN,,,,, Others ,BBC Radio 5-live,,,,Other,Rueters7,7,A great deal,7,4,Independent,,,,Equally close to both,85,50,50,85,85,85,50,open,,,Russia,Cancer,"Ask for papers only if the person has been stopped for suspicion about some other transgression, and if they are suspected to be an illegal immigrant",5,Can  ask anyone they suspect of being an illegal immigrant for their papers,5,Don't Know,,,1,1,1,1,1,1,5,5,25%,5%,15%,Branch B,,,,Increased,Decreased,Increased,Increased,8,0,0,8,10,Other,economic factors not party,7,7,2,3,6,6,2,2,2,2,6
290,220546,9/10/2010 14:03,Complete,,,,,,United States,,CA,,,,,FY940510,,I agree to participate,FY940510,,36,,,start,10,0,nonphoto,"Majority Leader, U.S. Senate",President of France,"Secretary, Department of Homeland Security",,,,,President or Prime Minister of Germany,"Minority Leader, U.S. Senate",,,,,,,percent,,,10,,,,,,10,,,1,7,3,7,2,7,,Slightly liberal,,NY Times,Washington Post,, Other ,"Time Magazine, Economist, Washington Monthly",,,PBS,,,,,,,,BBC,,,,NPR,,,,,,,"Online Portal like Google News, AOL or Topix that gathers news from many different sources",,,6,A great deal,7,7,Democrat,,,Strong,,90,15,90,90,90,100,60,closed,[Erstwhile] Soviet Union,Heart Disease,,,Question any person whom they suspect to be an illegal immigrant for their papers,8,Can ask people they suspect of being illegal immigrants for their papers only when stopping them for other reasons.,9,Bill Clinton,,,0,0,9,0,7,0,0,10,24%,7%,9%,Branch B,,,,Increased,Decreased,Increased,Increased,10,10,10,6,10,Democrats,,,,3,2,3,5,4,4,2,4,6
298,220815,9/10/2010 17:34,Complete,,,,,,United States,,OR,,,,,FY952914,,I agree to participate,FY952914,,28,,,end,,,nonphoto,Senate Majority Leader,President of France,Cabinet Secretary--HHS,,,,,President of Germany,Senate Minority Leader,,,,,,,percent,,,8,2,2,0,,0,10,0,0,2,6,2,6,2,6,,Slightly liberal,Wall Street Journal,NY Times,,USA Today, Other ,local/regional newspapers,,,,,Other,,no TV,,,,, Others ,,no TV,NPR,,,,,,,"Online Portal like Google News, AOL or Topix that gathers news from many different sources",,,0,Not at all,7,7,Independent,,,,Equally close to both,70,25,30,70,70,70,68,closed,[Erstwhile] Soviet Union,Breast Cancer,,,Question any person whom they suspect to be an illegal immigrant for their papers,9,Couldn’t Say,,Bill Clinton,,,0,0,5,0,0,0,10,8,25%,1%,15%,Branch B,,,,Increased,Decreased,Increased,Increased,9,10,6,7,7,Don't Know,,8,1,5,3,4,5,5,3,3,2,6
299,220911,9/10/2010 17:39,Complete,,,,,,United States,,NY,,,,,FY936415,,I agree to participate,FY936415,,33,,,end,,,photo,,,,Senate Majority leader,Head-Homeland Security,,,,,,,,Chancellor of Germany,,Don't Know,percent,,,10,0,0,0,,0,10,0,0,4,7,1,5,1,6,,Moderate,,NY Times,,,,,CBS,,PBS,NBC,,ABC,,,MSNBC,,,,CNN,,NPR,,,,,,,"Online Portal like Google News, AOL or Topix that gathers news from many different sources",,,7,A great deal,4,5,Democrat,,,Not very strong,,75,30,70,70,60,70,40,closed,Couldn't say,Heart Disease,,,"Ask for papers only if the person has been stopped for suspicion about some other transgression, and if they are suspected to be an illegal immigrant",4,Can ask people they suspect of being illegal immigrants for their papers only when stopping them for other reasons.,10,Bill Clinton,,,0,0,7,6,0,0,7,5,35%,10%,40%,Branch B,,,,Decreased,Decreased,Increased,Increased,10,10,10,9,10,Don't Know,,4,3,1,7,4,4,4,2,,4,4
300,220956,9/10/2010 17:54,Complete,,,,,,United States,,MA,,,,,FY975326,,I agree to participate,FY975326,,19,,,end,,,nonphoto,Head of Senate,President of France,Head of homeland security,,,,,seeking office,head republican in Senate,,,,,,,regular,Don't Know,Couldn't Say,,,,,,,,,,7,5,1,4,2,6,,Slightly conservative,Wall Street Journal,,,,,,,,,,,,,,,,,,,,NPR,Rush Limbaugh,,,,,Drudge Report,,Other,"National Review, Realclear politics, politico, American thinker, Weekly standard",0,,6,2,Republican,,Strong,,,50,60,15,50,40,50,20,open,,,Russia,heart disease,"Ask for papers only if the person has been stopped for suspicion about some other transgression, and if they are suspected to be an illegal immigrant",2,Can ask people they suspect of being illegal immigrants for their papers only when stopping them for other reasons.,7,Don't Know,Increases the Medicare payroll tax for upper‐income Americans,Cuts benefits to existing Medicare patients,,,,,,,,,20%,20%,20%,Branch A,Decreased,Remained the Same,Increased,,,,,7,10,8,10,7,Other,tea party,0,10,5,3,2,2,2,2,4,6,6
301,221016,9/10/2010 18:55,Complete,,,,,,United States,,CA,,,,,FY922941,,I agree to participate,FY922941,,18,,,start,3, dk,nonphoto,didn't know (had to look it up),president of france,don't know,,,,,chancellor of germany,don't know,,,,,,,regular,Don't Know,Couldn't Say,,,,,,,,,,3,3,1,6,2,I haven't thought much about this,,Conservative,,NY Times,Washington Post,USA Today, Other ,time magazine,,,,,,,,Fox News,,,,,CNN,,NPR,,,,,,,,,,0,A moderate amount,0,3,Republican,,Not very strong,,,65,70,60,75,65,85,48,closed,Couldn't say,Heart Disease,,,Deny aid to known illegal immigrants,2,Can  ask anyone they suspect of being an illegal immigrant for their papers,1,Ronald Reagan,Couldn't say,Allows a government panel to make decisions about end‐of‐life care for people on Medicare,,,,,,,,,33%,23%,18%,Branch B,,,,Increased,Remained the Same,Remained the Same,Increased,1,7,1,2,0,Other,independents,,,3,5,7,5,6,5,2,2,6
302,221115,9/10/2010 19:50,Complete,,,,,,United States,,WA,,,,,FY916205,,I agree to participate,FY916205,,18,,,end,,,photo,,,,Harry Reid,Janet Napoletano,,,,,,President of Germany,,,,Don't Know,regular,Robert Gates,Couldn't Say,,,,,,,,,,1,7,3,7,2,3,,Liberal,,,Washington Post,, Other ,Seattle Times,,,PBS,NBC,,,,,MSNBC,,,,,,NPR,,,,,,,,,,7,A great deal,4,3,Democrat,,,Strong,,85,15,85,70,85,85,70,closed,[Erstwhile] Soviet Union,Heart Disease,,,"Ask for papers only if the person has been stopped for suspicion about some other transgression, and if they are suspected to be an illegal immigrant",3,Can ask people they suspect of being illegal immigrants for their papers only when stopping them for other reasons.,8,Ronald Reagan,Increases the Medicare payroll tax for upper‐income Americans,Couldn't say,,,,,,,,,28%,2%,2%,Branch A,Increased,Decreased,Increased,,,,,8,10,10,10,7,Democrats,,10,0,2,5,4,3,1,3,3,3,6
303,221129,9/10/2010 20:19,Complete,,,,,,United States,,CA,,,,,FY942657,,I agree to participate,FY942657,,20,,,end,,,nonphoto,Senator,President of France,Cabinet Member,,,,,CEO of something,?,,,,,,,percent,,,5,3,5,5,,4,7,5,5,1,6,2,6,2,4,,Liberal,,NY Times,,,,,,,,,,,,,,,,,,,NPR,,,,,,,,,,0,,1,1,Democrat,,,Not very strong,,85,15,60,40,70,60,60,closed,Poland,Heart Disease,,,Question any person whom they suspect to be an illegal immigrant for their papers,3,Can  ask anyone they suspect of being an illegal immigrant for their papers,10,Don't Know,,,0,0,5,6,0,0,6,3,20%,1%,20%,Branch A,Don't Know,Decreased,Increased,,,,,6,8,2,2,1,Democrats,,7,0,2,7,5,5,6,3,2,2,6
304,221161,9/10/2010 20:39,Complete,,,,,,United States,,NC,,,,,FY956362,,I agree to participate,FY956362,,39,,,start,7,0,nonphoto,"Representative, not Speaker but majority leader",leader of France,Sec Homeland Security,,,,,leader of Germany,Republican. Senate minority leader,,,,,,,percent,,,10,,,,,,10,,,2,7,2,6,1,6,,Slightly liberal,,,,, Other ,Raleigh News and Observer,CBS,,,,,ABC,,,,,,,,,,,,,,,,"Online Portal like Google News, AOL or Topix that gathers news from many different sources",,,3,A moderate amount,2,5,Democrat,,,Strong,,85,15,85,40,85,85,70,closed,Germany,Heart Disease,,,"Ask for papers only if the person has been stopped for suspicion about some other transgression, and if they are suspected to be an illegal immigrant",5,Can  ask anyone they suspect of being an illegal immigrant for their papers,7,Don't Know,,,0,0,5,5,0,0,9,10,35%,10%,25%,Branch B,,,,Increased,Decreased,Increased,Increased,2,9,0,6,5,Other,mix: pres of one party and congress of opposite,,,3,7,5,3,7,3,1,2,6
305,221162,9/10/2010 20:51,Complete,,,,,,United States,,CA,,,,,FY923545,,I agree to participate,FY923545,,10,,,end,,,nonphoto,,,,,,,,,,,,Don't Know,,Don't Know,,percent,,,10,,,,,,10,,,4,7,1,2,1,7,,Moderate,,,,, Other ,LA Tomes,CBS,,,NBC,,ABC,,,,,,,CNN,,,,,,,,,,Other,Yahoo,2,A moderate amount,3,5,Democrat,,,Not very strong,,50,40,60,40,30,100,15,closed,Germany,Unintentional injuries,,,Deny aid to known illegal immigrants,5,Can  ask anyone they suspect of being an illegal immigrant for their papers,9,Don't Know,,,0,8,5,10,10,5,10,10,30%,20%,10%,Branch B,,,,Increased,Decreased,Increased,Remained the Same,8,10,0,0,0,Don't Know,,10,8,2,6,4,5,5,6,6,6,6
306,221250,9/10/2010 22:50,Complete,,,,,,United States,,MO,,,,,FY976994,,I agree to participate,FY976994,,32,,,end,,,photo,,,,congressman,Janet Napalitano,prime minister of France,,,,congressman,Angela Merkel,,,,,regular,Gary Locke,Stephen Breyer,,,,,,,,,,1,7,1,7,1,6,,Liberal,,,,, Other ,Kansas City Star,,,PBS,NBC,,,,,,,,,,,NPR,,,,,,,"Online Portal like Google News, AOL or Topix that gathers news from many different sources",,,2,A lot,7,8,Democrat,,,Strong,,100,85,100,100,100,100,100,closed,Poland,Heart Disease,,,Don’t Know,,Can ask people they suspect of being illegal immigrants for their papers only when stopping them for other reasons.,9,Ronald Reagan,Increases the Medicare payroll tax for upper‐income Americans,Couldn't say,,,,,,,,,28%,15%,10%,Branch A,Don't Know,Decreased,Increased,,,,,10,10,10,10,10,Democrats,,8,0,2,4,4,4,3,2,1,4,6
373,223311,9/13/2010 4:34,Complete,,,,,,Germany,,5,,,,,FY934627,,I agree to participate,FY934627,,22,,,start, dk,1,nonphoto,"republican senator, chairs important committee",president france,maybe a democratic senator?,,,,,chancellor germany,,,,,,Don't Know,,regular,Don't Know,Couldn't Say,,,,,,,,,,7,7,2,5,2,5,,Moderate,Wall Street Journal,NY Times,,,,,,,,,,,,,,,,,,,,,,,,,,,,,0,,1,2,Democrat,,,Not very strong,,50,15,85,50,50,80,40,closed,Germany,Heart Disease,,,Deny aid to known illegal immigrants,3,Can  ask anyone they suspect of being an illegal immigrant for their papers,5,George W. Bush,Couldn't say,Couldn't say,,,,,,,,,20%,35%,15%,Branch B,,,,Increased,Decreased,Increased,Remained the Same,3,0,0,0,0,Republicans,,,,2,6,7,6,7,1,1,4,6
372,223299,9/13/2010 4:21,Complete,,,,,,Ghana,,1,,,,,FY952734,,I agree to participate,FY952734,,1018,,,start,3,9,nonphoto,,President of France,,,,,,Chancellor of Germany,,,,,,Don't Know,,percent,,,2,0,2,2,,0,8,0,0,6,7,1,4,2,6,,Slightly conservative,,,,, Other ,Daily Graphic (Ghana),,,,,,,,,,,,,CNN,,NPR,,, Others ,BBC,,,,,,0,Not at all,2,6,Republican,,Not very strong,,,40,50,30,70,60,70,30,closed,[Erstwhile] Soviet Union,Heart Disease,,,Don’t Know,,Can ask people they suspect of being illegal immigrants for their papers only when stopping them for other reasons.,6,Don't Know,,,5,5,5,5,5,7,7,7,20%,2%,15%,Branch B,,,,Don't Know,Don't Know,Increased,Increased,3,8,2,5,6,Republicans,,,,5,6,6,5,3,4,2,2,5
371,223273,9/13/2010 2:58,Complete,,,,,,Switzerland,,23,,,,,FY904566,,I agree to participate,FY904566,,79,,,end,,,nonphoto,,Chancellor of France,,,,,,Chancellor of Germany,,,,,,Chairman of the Republican National Committee,,percent,,,0,0,0,0,,0,0,0,0,1,7,1,5,2,4,,Slightly liberal,,NY Times,,USA Today, Other ,Handelsblatt,,,,,Other,,German TV,,,,,,,,,,, Others ,Swiss radio,,,,,,2,A lot,7,4,Democrat,,,Not very strong,,50,40,70,60,50,70,40,closed,Germany,Heart Disease,,,"Ask for papers only if the person has been stopped for suspicion about some other transgression, and if they are suspected to be an illegal immigrant",3,Can ask people they suspect of being illegal immigrants for their papers only when stopping them for other reasons.,8,George H. Bush,,,0,2,9,0,7,5,0,10,25%,18%,30%,Branch A,Increased,Decreased,Increased,,,,,8,9,0,0,8,Don't Know,,10,5,2,5,5,3,3,3,3,4,5
370,223272,9/13/2010 3:02,Complete,,,,,,United States,,WA,,,,,FY969725,,I agree to participate,FY969725,,31,,,start,8,1,photo,,,,"harry reid, senator from nevada","janet napolitano, head of dept homeland security",,,,,"mitch mcconell, US senator",,,Chancellor of Germany,,,percent,,,8,,,,,,10,,,4,7,3,5,2,6,,Slightly liberal,,,,, Other ,Seattle Times,CBS,,,NBC,,ABC,,,MSNBC,,,,CNN,,NPR,,,,,Huffington Post,,,,,7,A great deal,,4,Democrat,,,Strong,,40,30,70,70,60,70,30,closed,[Erstwhile] Soviet Union,Don't Know,,,Don’t Know,,Can  ask anyone they suspect of being an illegal immigrant for their papers,5,Don't Know,,,0,0,4,0,0,0,5,3,20%,5%,15%,Branch A,Increased,Decreased,Increased,,,,,8,10,9,9,6,Democrats,,,,4,6,5,5,5,2,2,4,6
369,223269,9/13/2010 2:22,Complete,,,,,,Sweden,,26,,,,,FY906114,,I agree to participate,FY906114,,27,,,end,,,photo,,,,,,President of France,,,,,Primeminister of Germany,,,,Don't Know,percent,,,0,0,0,0,,0,0,0,0,4,7,1,3,6,2,,Liberal,,,,USA Today, Other ,,CBS,,,,,,,,,,,,CNN,,,,, Others ,None,,,"Online Portal like Google News, AOL or Topix that gathers news from many different sources",,,5,A moderate amount,4,6,Independent,,,,Closer to Democratic Party,90,80,90,90,80,90,80,closed,Germany,Heart Disease,,,"Ask for papers only if the person has been stopped for suspicion about some other transgression, and if they are suspected to be an illegal immigrant",2,Couldn’t Say,,Bill Clinton,,,0,5,0,5,0,5,5,5,30%,25%,25%,Branch B,,,,Increased,Increased,Increased,Increased,5,0,0,0,0,Democrats,,10,10,4,3,5,3,2,1,2,2,6
368,223261,9/13/2010 2:18,Complete,,,,,,United States,,WV,,,,,FY980803,,I agree to participate,FY980803,,81,,,start,0,10,nonphoto,House majority leader,information czar,,,,,,,Republican Senator from Kentucky,,,Chancellor of Germany,,,,percent,,,0,0,5,0,,0,5,5,5,7,7,1,1,2,7,,Very conservative,,,,,,,,Fox,,NBC,,,,Fox News,,,, Others ,CNN,"Sean Hannity, Glen Beck, Bret Bear",,Rush Limbaugh,,,,,,"Online Portal like Google News, AOL or Topix that gathers news from many different sources",Other,Gun Owners of America,5,A lot,3,3,Republican,,Strong,,,50,100,5,50,50,85,0,open,,,Russia / Soviet Union,heart attack / heart disease,Deny aid to known illegal immigrants,10,Can ask people they suspect of being illegal immigrants for their papers only when stopping them for other reasons.,10,Don't Know,,,10,0,10,5,10,0,10,10,26%,21%,50%,Branch A,Remained the Same,Decreased,Increased,,,,,9,10,7,10,9,Republicans,,,,5,4,3,2,1,3,4,5,5
366,223243,9/13/2010 1:01,Complete,,,,,,United States,,OR,,,,,FY977008,,I agree to participate,FY977008,,32,,,end,,,photo,,,,Harry Reid,,,,,,,,,Chancellor of Germany,,Don't Know,regular,Don't Know,Stephen Breyer,,,,,,,,,,3,7,2,6,2,6,,Slightly liberal,,,Washington Post,, Other ,Oregonian,CBS,,PBS,,,,,,,,,,CNN,,NPR,,,,,,,,,,5,A lot,3,4,Democrat,,,Not very strong,,50,40,70,50,50,70,40,open,,,Russia,cancer,Deny aid to known illegal immigrants,4,Can ask people they suspect of being illegal immigrants for their papers only when stopping them for other reasons.,8,Don't Know,Increases the Medicare payroll tax for upper‐income Americans,Limits future increases in payments to Medicare providers,,,,,,,,,30%,20%,10%,Branch B,,,,Increased,Decreased,Increased,Increased,8,10,10,10,10,Democrats,,9,1,5,5,5,6,2,2,3,3,6
365,223209,9/12/2010 23:24,Complete,,,,,,United States,,CA,,,,,FY980620,,I agree to participate,FY980620,,26,,,start,9,0,photo,,,,,,,,,,,,,Chancellor of Germany,,Don't Know,regular,Don't Know,Couldn't Say,,,,,,,,,,2,7,2,7,2,6,,Slightly liberal,,,,, Other ,"San Diego Union Tribune, La Jolla Light, La Jolla Village News",,,,,Other,,"CNN, MSNBC",,MSNBC,CSPAN,BBC,,CNN,,,Rush Limbaugh,Michael Savage,,,Huffington Post,,"Online Portal like Google News, AOL or Topix that gathers news from many different sources",Other,Facebook,5,A moderate amount,1,5,Other,Green,,,,70,40,70,70,70,70,70,open,,,Russia,Heart Attack,Don’t Know,,Can  ask anyone they suspect of being an illegal immigrant for their papers,5,Don't Know,Couldn't say,Couldn't say,,,,,,,,,5%,5%,8%,Branch A,Increased,Decreased,Increased,,,,,2,9,6,10,7,Democrats,,,,5,5,5,5,5,1,1,1,7
364,223207,9/12/2010 23:22,Complete,,,,,,United States,,MA,,,,,FY975057,,I agree to participate,FY975057,,35,,,start,9,2,photo,,,,senate majority leader,supreme court justice,chief of staff,,,,senator,president,,,,,regular,Don't Know,Stephen Breyer,,,,,,,,,,2,7,2,6,2,5,,Liberal,,NY Times,,, Other ,Boston Globe,CBS,,,NBC,,ABC,,,,,,,CNN,,NPR,,,,,,,,Other,cnn.com,4,A moderate amount,1,5,Independent,,,,Closer to Democratic Party,100,30,100,100,100,100,100,open,,,Japan,heart disease,"Ask for papers only if the person has been stopped for suspicion about some other transgression, and if they are suspected to be an illegal immigrant",3,Can ask people they suspect of being illegal immigrants for their papers only when stopping them for other reasons.,10,Bill Clinton,Couldn't say,Cuts benefits to existing Medicare patients,,,,,,,,,28%,2%,5%,Branch B,,,,Remained the Same,Decreased,Increased,Increased,4,3,1,1,8,Democrats,,,,3,5,4,3,4,3,1,3,5
363,223199,9/12/2010 22:57,Complete,,,,,,United States,,CA,,,,,FY959558,,I agree to participate,FY959558,,41,,,end,,,nonphoto,Senator from Nevada,Pres of France,Homeland security,,,,,Prime minister of Germany,Head of Repubs in senate,,,,,,,percent,,,10,0,0,0,,0,0,0,0,1,6,4,6,7,4,,Slightly liberal,,,,, Other ,SF Chronicle -- local,CBS,,PBS,NBC,,,,,,,BBC,,,,NPR,,,,,,,,,,6,A great deal,7,6,Democrat,,,Strong,,50,25,75,50,,,,open,,,russia,heart disease,Don’t Know,,Can  ask anyone they suspect of being an illegal immigrant for their papers,9,Don't Know,,,3,0,0,3,0,0,3,0,33%,20%,2%,Branch B,,,,Remained the Same,Decreased,Increased,Remained the Same,7,10,10,6,4,Democrats,,7,0,3,3,6,5,4,2,2,4,6
307,221453,9/10/2010 23:17,Complete,,,,,,United States,,MA,,,,,FY929732,,I agree to participate,FY929732,,44,,,end,,,photo,,,,,,,,,,,German Prime Minister,,,,Don't Know,percent,,,9,,,,,,8,,,3,6,2,6,3,5,,Moderate,,NY Times,,USA Today, Other ,"Economist, Financial Times",,,PBS,,,,,Fox News,MSNBC,,BBC,,CNN,,NPR,,, Others ,BBC/WBUR,,Drudge Report,"Online Portal like Google News, AOL or Topix that gathers news from many different sources",,,7,A lot,7,8,Independent,,,,Equally close to both,70,50,50,70,70,70,70,closed,[Erstwhile] Soviet Union,Heart Disease,,,Don’t Know,,Can  ask anyone they suspect of being an illegal immigrant for their papers,5,Don't Know,,,0,0,0,0,0,0,0,0,35%,5%,8%,Branch B,,,,Increased,Decreased,Increased,Increased,8,9,10,9,10,Republicans,,6,3,4,5,5,5,3,3,3,5,5
308,221457,9/10/2010 23:18,Complete,,,,,,United States,,AZ,,,,,FY986393,,I agree to participate,FY986393,,223,,,start,5,2,nonphoto,Nevada senator,France prime minister,Homeland security secretary,,,,,German chancellor,senator,,,,,,,regular,Don't Know,Couldn't Say,,,,,,,,,,6,7,1,4,1,4,,Moderate,,NY Times,,, Other ,                                     ,,,,,Other,,don't watch TV,,,,, Others ,,don't watch TV,NPR,,,,,,,"Online Portal like Google News, AOL or Topix that gathers news from many different sources",Other,BBC SSL feed,0,Not at all,5,7,Independent,,,,Closer to Republican Party,100,30,30,90,100,100,30,closed,Poland,Heart Disease,,,"Ask for papers only if the person has been stopped for suspicion about some other transgression, and if they are suspected to be an illegal immigrant",5,Can ask people they suspect of being illegal immigrants for their papers only when stopping them for other reasons.,9,Don't Know,Does not reimburse routine mammograms for women younger than 50,Couldn't say,,,,,,,,,37%,2%,10%,Branch B,,,,Don't Know,Decreased,Increased,Remained the Same,6,10,0,3,5,Don't Know,,,,2,6,5,4,3,2,2,5,5
309,221469,9/10/2010 23:34,Complete,,,,,,United States,,CA,,,,,FY975666,,I agree to participate,FY975666,,15,,,end,,,photo,,,,US Senate Majority Leader,Secretary of Homeland Security,President of France,,,,US Senate Minority Leader,Chancellor of Germany,,,,,percent,,,10,,,,,,10,,,3,7,1,6,2,5,,Moderate,Wall Street Journal,NY Times,,,,,,,,,,,,,,,BBC,,CNN,,,,,,,Huffington Post,Drudge Report,"Online Portal like Google News, AOL or Topix that gathers news from many different sources",,,0,A little,7,6,Republican,,Not very strong,,,100,60,60,100,100,100,60,open,,,USSR,Heart disease,Question any person whom they suspect to be an illegal immigrant for their papers,5,Can ask people they suspect of being illegal immigrants for their papers only when stopping them for other reasons.,10,Bill Clinton,,,0,0,8,0,0,0,10,0,30%,30%,40%,Branch A,Increased,Decreased,Increased,,,,,10,10,10,10,10,Republicans,,4,3,1,7,7,2,2,2,2,6,7
310,221481,9/11/2010 0:14,Complete,,,,,,United States,,CA,,,,,FY979092,,I agree to participate,FY979092,,57,,,start,7,2,photo,,,,,,,,,,,governor of Arizona?,,,,Don't Know,percent,,,0,0,0,0,,0,0,0,0,2,7,3,5,2,4,,Liberal,,,,,,,,,,,,,,,,,,,,,NPR,,,,,,,,,,0,,1,2,Independent,,,,Closer to Democratic Party,50,20,60,50,50,50,30,closed,[Erstwhile] Soviet Union,Heart Disease,,,"Ask for papers only if the person has been stopped for suspicion about some other transgression, and if they are suspected to be an illegal immigrant",5,Can ask people they suspect of being illegal immigrants for their papers only when stopping them for other reasons.,9,Don't Know,,,0,0,7,0,0,0,0,0,25%,5%,5%,Branch A,Increased,Decreased,Increased,,,,,6,10,9,8,6,Other,they're both cowardly slimebags,,,2,5,3,3,3,3,2,2,7
311,221483,9/11/2010 0:21,Complete,,,,,,United States,,CA,,,,,FY943768,,I agree to participate,FY943768,,39,,,start,9,2,nonphoto,Don't know  (I live overseas),French President,US Cabinet member -Secty Homeland Security - previously gov Arizona,,,,,German Chancellor,again - I have lived overseas for 10 years.  I believe he is an American politician,,,,,,,regular,Don't Know,Stephen Breyer,,,,,,,,,,3,7,3,4,2,4,,Slightly liberal,,NY Times,,, Other ,"London Times, International Herald Trib,",,,PBS,,Other,,BBC You could not pay me to watch Fox regularly.  I find it appallingly biased.,,,,BBC,,,,NPR,,,,,,,,Other,NPR radio site,0,A lot,7,3,Democrat,,,Strong,,This question is distasteful.  I try to conside people as individuals rather than groupmembers.,,,,,,,closed,Couldn't say,Don't Know,,,,,,,,,,,,,,,,,,,,,Branch B,,,,Increased,,,,2,10,8,7,7,Democrats,,,,4,4,5,4,,,,,
312,221486,9/11/2010 0:11,Complete,,,,,,United States,,WA,,,,,FY900741,,I agree to participate,FY900741,,16,,,start,8,4,photo,,,,"Senator from Nevada, House Majority Leader",,,,,,,,,Chancellor of Germany,,Don't Know,regular,Don't Know,Couldn't Say,,,,,,,,,,3,7,2,5,1,6,,Slightly liberal,,,,, Other ,"slate.com, cnn.com, seattle times.com, economist",,,,,,,,,,,,,,,,,,,,,,"Online Portal like Google News, AOL or Topix that gathers news from many different sources",,,0,,1,5,Democrat,,,Strong,,60,30,85,60,60,60,40,closed,[Erstwhile] Soviet Union,Heart Disease,,,Question any person whom they suspect to be an illegal immigrant for their papers,4,Can  ask anyone they suspect of being an illegal immigrant for their papers,4,Bill Clinton,Couldn't say,Limits future increases in payments to Medicare providers,,,,,,,,,32%,15%,10%,Branch A,Increased,Decreased,Increased,,,,,3,10,6,5,10,Democrats,,,,2,4,5,3,4,3,3,5,3
313,221501,9/11/2010 0:39,Complete,,,,,,United States,,CA,,,,,FY963493,,I agree to participate,FY963493,,13,,,end,,,nonphoto,,,,,,,,,,,,Don't Know,,Don't Know,,percent,,,8,2,5,5,,8,8,8,8,7,7,1,3,3,7,,Very liberal,,,,,,,,,,,,ABC,,,,,,,CNN,,,,,,,,,"Online Portal like Google News, AOL or Topix that gathers news from many different sources",,,4,A lot,1,8,Democrat,,,Not very strong,,100,50,50,100,100,100,40,closed,Poland,Heart Disease,,,Question any person whom they suspect to be an illegal immigrant for their papers,5,Can escort illegal immigrants back across the border,5,George W. Bush,,,0,0,10,0,5,0,5,5,20%,25%,25%,Branch B,,,,Increased,Decreased,Increased,Increased,3,10,0,10,0,Republicans,,4,5,2,5,7,5,3,3,1,3,5
314,221599,9/11/2010 7:36,Complete,,,,,,United States,,NY,,,,,FY916874,,I agree to participate,FY916874,,18,,,end,,,nonphoto,US Senate Majority Leader,President of France,US Secretary of Homeland Security,,,,,German Chancellor,US Senate Minority Leader,,,,,,,percent,,,10,,,,,,8,2,,2,6,2,6,2,5,,Slightly liberal,,NY Times,,,,,,,,,,,,,,,,,,,NPR,,,,,,,,,,0,A great deal,3,3,Democrat,,,Not very strong,,,30,70,,,70,40,closed,[Erstwhile] Soviet Union,Heart Disease,,,Question any person whom they suspect to be an illegal immigrant for their papers,6,Can  ask anyone they suspect of being an illegal immigrant for their papers,8,Bill Clinton,,,0,0,5,3,0,0,3,3,30%,2%,10%,Branch B,,,,Increased,Decreased,Increased,Increased,8,10,8,6,8,Democrats,,8,1,3,6,4,4,2,3,3,3,5
315,221612,9/11/2010 7:48,Complete,,,,,,Lebanon,,4,,,,,FY922050,,I agree to participate,FY922050,,79,,,start,7,9,nonphoto,,French President,,,,,,German Chancellor,,,,,,Don't Know,,percent,,,5,,,,,,,,,1,5,1,4,1,6,,Slightly conservative,,,,,,,,,,,,,,,,,,,CNN,,,,,,,,,"Online Portal like Google News, AOL or Topix that gathers news from many different sources",,,0,A moderate amount,3,5,Republican,,Not very strong,,,70,100,100,100,70,100,40,open,,,Soviet Union,Cancer,Don’t Know,,Can  ask anyone they suspect of being an illegal immigrant for their papers,2,Don't Know,,,2,8,8,0,0,5,6,5,40%,5%,30%,Branch A,Decreased,Increased,Increased,,,,,5,0,0,0,0,Republicans,,,,2,7,4,3,2,4,4,3,6
316,221650,9/11/2010 8:54,Complete,,,,,,United States,,CA,,,,,FY972819,,I agree to participate,FY972819,,53,,,end,,,photo,,,,No idea,No idea,No idea,,,,No idea,No idea,,,,,regular,Don't Know,Couldn't Say,,,,,,,,,,7,7,1,6,1,7,,Slightly conservative,Wall Street Journal,,,,,,CBS,,PBS,NBC,,ABC,,,MSNBC,,,,CNN,,,,,,,,,,,,3,A little,0,5,Other,Ex-Republican,,,,50,40,30,60,60,85,80,closed,Couldn't say,Heart Disease,,,Question any person whom they suspect to be an illegal immigrant for their papers,6,Can  ask anyone they suspect of being an illegal immigrant for their papers,10,Ronald Reagan,Does not reimburse routine mammograms for women younger than 50,Allows a government panel to make decisions about end‐of‐life care for people on Medicare,,,,,,,,,28%,15%,30%,Branch A,Decreased,Decreased,Increased,,,,,2,10,0,1,3,Don't Know,,2,0,2,6,7,3,2,3,3,3,7
317,221675,9/11/2010 9:29,Complete,,,,,,United States,,NJ,,,,,FY977282,,I agree to participate,FY977282,,54,,,end,,,photo,,,,senate majority leader,economic adviser,treasury secretary,,,,senate minority leader,republican senate candidate nevada,,,,,percent,,,10,0,0,0,,0,10,0,0,1,7,3,6,2,5,,Very liberal,,NY Times,,,,,,,PBS,NBC,,,,,MSNBC,,BBC,,CNN,,NPR,,,,,,,,,,7,A great deal,7,1,Democrat,,,Strong,,,,,,,,,open,,,Russia,heart disease,Question any person whom they suspect to be an illegal immigrant for their papers,6,Can ask people they suspect of being illegal immigrants for their papers only when stopping them for other reasons.,8,Bill Clinton,,,0,0,10,0,0,0,0,0,15%,1%,2%,Branch B,,,,Increased,Decreased,Increased,Increased,10,10,9,10,4,Democrats,,10,0,1,6,2,2,2,4,4,4,4
318,221696,9/11/2010 9:48,Complete,,,,,,Malaysia,,,,,,,FY937702,,I agree to participate,FY937702,,43,,,start,8,1,photo,,,,,,,,,,,,,Don't Know,,Senate Minority Leader,regular,Don't Know,Couldn't Say,,,,,,,,,,2,3,1,4,1,6,,Slightly liberal,,NY Times,,,,,,,,,,,,,,,,,,,NPR,,,,,,,,,,0,A little,1,5,Democrat,,,Strong,,,,,,,,,open,,,Germany,Cancer,Don’t Know,,Can  ask anyone they suspect of being an illegal immigrant for their papers,7,Jimmy Carter,,,,,,,,,,,28%,,,Branch A,Don't Know,Decreased,Increased,,,,,5,10,6,1,5,Don't Know,,,,5,3,6,3,3,2,2,2,5
319,221748,9/11/2010 10:36,Complete,,,,,,United States,,OR,,,,,FY905833,,I agree to participate,FY905833,,29,,,start,6,0,nonphoto,"Nebraska Senator, Dem. leader",Russian president,US cabinet--health,,,,,pres. of Germany,Minority leader Senate--rep.,,,,,,,percent,,,6,,,,,,10,,,2,7,5,5,2,4,,Very liberal,,NY Times,Washington Post,, Other ,Ashland Daily Tidings,,,,,Other,,don't watch tv,,,,, Others ,,don't watch tv.,NPR,,,,,Huffington Post,,,Other,"Washington Monthly, CQ online",0,,2,2,Democrat,,,Strong,,100,50,85,100,100,100,90,open,,,Russia,heart disease,"Ask for papers only if the person has been stopped for suspicion about some other transgression, and if they are suspected to be an illegal immigrant",1,Can  ask anyone they suspect of being an illegal immigrant for their papers,1,Bill Clinton,,,10,0,5,0,1,0,5,2,38%,2%,9%,Branch B,,,,Increased,Decreased,Increased,Remained the Same,7,10,10,3,7,Democrats,,,,6,5,4,5,2,2,2,3,7
320,221750,9/11/2010 10:39,Complete,,,,,,United States,,CA,,,,,FY985277,,I agree to participate,FY985277,,23,,,start,7,3,photo,,,,Speaker of the House,Secretary of Homeland Security,President of France,,,,US Senator,Chancellor of Germany,,,,,regular,Robert Gates,Stephen Breyer,,,,,,,,,,2,6,2,6,2,6,,Slightly liberal,Wall Street Journal,,Washington Post,USA Today, Other ,Los Angeles Times,,,,NBC,,,,,,,,,CNN,,NPR,,,,,,,"Online Portal like Google News, AOL or Topix that gathers news from many different sources",,,7,A lot,1,5,Democrat,,,Not very strong,,30,15,85,70,50,50,30,closed,Couldn't say,Don't Know,,,Don’t Know,,Can ask people they suspect of being illegal immigrants for their papers only when stopping them for other reasons.,5,Don't Know,Couldn't say,Couldn't say,,,,,,,,,35%,10%,40%,Branch B,,,,Increased,Decreased,Increased,Remained the Same,5,10,0,3,3,Republicans,,,,1,7,2,2,2,4,4,4,4
321,221818,9/11/2010 11:36,Complete,,,,,,United States,,MN,,,,,FY968175,,I agree to participate,FY968175,,35,,,start,9,3,nonphoto,Majority Leader Senate,President of France,Homeland Security Director,,,,,Prime Minister of Germany,Minority Leader for Republicans in Senate,,,,,,,percent,,,10,,,,,,8,,,3,7,2,3,1,4,,Slightly liberal,Wall Street Journal,NY Times,,, Other ,local newspaper,,,PBS,NBC,Other,,cnn,,,,,,,,NPR,,,,,,,,Other,NY Times online,7,A lot,4,6,Democrat,,,Strong,,60,30,70,70,50,85,30,open,,,Russia,heart disease,"Ask for papers only if the person has been stopped for suspicion about some other transgression, and if they are suspected to be an illegal immigrant",6,Can  ask anyone they suspect of being an illegal immigrant for their papers,9,Ronald Reagan,,,0,0,9,2,0,0,10,5,35%,15%,40%,Branch B,,,,Increased,Decreased,Increased,Increased,7,10,10,10,5,Don't Know,,,,5,5,4,4,4,3,2,3,5
322,221823,9/11/2010 11:41,Complete,,,,,,Denmark,,3,,,,,FY961004,,I agree to participate,FY961004,,36,,,end,,,nonphoto,,President of France,,,,,,Chancellor of Germany,,,,,,Don't Know,,regular,Don't Know,Couldn't Say,,,,,,,,,,2,6,2,2,1,5,,Slightly conservative,,NY Times,Washington Post,, Other ,cnn.com,,,,,Other,,Danish TV (I live in Denmark),,,,,,CNN,,,,, Others ,Danish radio,,,,Other,Danish newspapers,0,Not at all,,9,Democrat,,,Not very strong,,80,80,80,100,100,100,50,closed,Germany,Heart Disease,,,Don’t Know,,Can escort illegal immigrants back across the border,1,Don't Know,Increases the Medicare payroll tax for upper‐income Americans,Replaces Medicare with a “public option”,,,,,,,,,20%,10%,40%,Branch B,,,,Remained the Same,Remained the Same,Increased,Increased,8,0,0,0,2,Republicans,,8,8,3,6,6,5,5,4,6,3,7
323,221867,9/11/2010 12:49,Complete,,,,,,United States,,CT,,,,,FY956057,,I agree to participate,FY956057,,43,,,start,6,6,photo,,,,Senate leader Reid,Sec of Homeland Security Napolitano,President of France Sarkozy,,,,McConnell Republican Senate,Merkel PM of  Germany,,,,,regular,Robert Gates,Stephen Breyer,,,,,,,,,,3,5,1,5,3,7,,Moderate,Wall Street Journal,NY Times,Washington Post,, Other ,CSMonitor,,Fox,PBS,,Other,,"BBC, Euronews",Fox News,MSNBC,CSPAN,BBC, Others ,,Euronews,,,,,,,,,Other,Refdesk,7,A lot,4,7,Independent,,,,Closer to Republican Party,70,60,40,40,70,85,40,closed,[Erstwhile] Soviet Union,Don't Know,,,"Ask for papers only if the person has been stopped for suspicion about some other transgression, and if they are suspected to be an illegal immigrant",6,Can ask people they suspect of being illegal immigrants for their papers only when stopping them for other reasons.,7,Don't Know,Does not reimburse routine mammograms for women younger than 50,Limits future increases in payments to Medicare providers,,,,,,,,,30%,1%,20%,Branch B,,,,Remained the Same,Decreased,Increased,Increased,7,10,5,7,7,Republicans,,,,4,5,5,5,3,,,,
324,221935,9/11/2010 14:06,Complete,,,,,,United Kingdom,,H7,,,,,FY989745,,I agree to participate,FY989745,,55,,,start, dk,7,photo,,,,,,President of France,,,,,Speaker of the House of Representatives,,,,Don't Know,percent,,,0,0,0,0,,0,,,,3,6,2,5,2,6,,Moderate,,,,, Other ,Yorkshire Post (UK),,,,,Other,,BBC,,,,BBC,,,,,,, Others ,BBC Radio 4,,,,,,2,A lot,5,7,Democrat,,,Not very strong,,70,70,70,70,60,80,50,closed,[Erstwhile] Soviet Union,Breast Cancer,,,Don’t Know,,Can  ask anyone they suspect of being an illegal immigrant for their papers,6,Don't Know,,,6,5,5,7,0,5,7,5,20%,10%,70%,Branch B,,,,Remained the Same,Decreased,Increased,Increased,6,0,0,2,5,Republicans,,,,5,3,7,5,5,3,3,5,5
325,221937,9/11/2010 13:51,Complete,,,,,,United States,,CO,,,,,FY949764,,I agree to participate,FY949764,,19,,,start,9,0,nonphoto,Speaker of the Senate,President of France,"was governor of AZ, now in cabinet?",,,,,Prime Minister of Germany,Senator from Kentucky,,,,,,,percent,,,0,0,0,0,,,10,,,1,7,2,7,1,5,,Liberal,,NY Times,Washington Post,, Other ,,CBS,,PBS,NBC,,ABC,,,MSNBC,,BBC,,CNN,,NPR,,,,,,,"Online Portal like Google News, AOL or Topix that gathers news from many different sources",Other,factcheck.org,0,A moderate amount,7,4,Other,"fiscal conservative, social liberal",,,,100,60,85,100,100,100,100,open,,,germany,heart disease,Don’t Know,,Can  ask anyone they suspect of being an illegal immigrant for their papers,5,Bill Clinton,,,0,0,5,0,,0,10,,26%,10%,10%,Branch B,,,,Increased,Decreased,Increased,Increased,7,10,10,10,10,Other,"a third party backed by we, the people",,,6,2,4,4,4,3,3,4,6
326,221983,9/11/2010 14:58,Complete,,,,,,United States,,WA,,,,,FY998510,,I agree to participate,FY998510,,29,,,end,,,photo,,,,Senator,Speaker of the House,,,,,Senator,,,Don't Know,,,percent,,,0,0,0,0,,0,0,0,0,1,7,2,6,1,5,,Very liberal,,,,, Other ,Seattle Times,,,,,,,,,,,,,,,NPR,,, Others ,BBC,,,"Online Portal like Google News, AOL or Topix that gathers news from many different sources",,,0,Not at all,5,1,Democrat,,,Strong,,100,30,85,100,100,85,70,open,,,Russians (Soviet Union),Heart Attack,Don’t Know,,Can  ask anyone they suspect of being an illegal immigrant for their papers,5,Don't Know,,,0,0,5,0,5,0,0,5,1%,2%,15%,Branch A,Increased,Decreased,Increased,,,,,2,10,7,10,6,Democrats,,8,0,4,2,1,1,1,1,1,3,7
327,222049,9/11/2010 16:57,Complete,,,,,,United States,,TX,,,,,FY936461,,I agree to participate,FY936461,,20,,,start,8,9,photo,,,,Senator,,,,,,Congressman,Senator,,,,,regular,Robert Gates,Couldn't Say,,,,,,,,,,4,7,1,2,2,5,,Liberal,,,,, Other ,none,,,,,,ABC,,,,,, Others ,,CNN-very rarely,,,, Others ,none,,,,Other,Get many emails,7,A moderate amount,2,2,Independent,,,,Closer to Democratic Party,80,40,60,80,80,70,0,closed,Poland,Heart Disease,,,"Ask for papers only if the person has been stopped for suspicion about some other transgression, and if they are suspected to be an illegal immigrant",3,Can  ask anyone they suspect of being an illegal immigrant for their papers,3,Don't Know,Does not reimburse routine mammograms for women younger than 50,Cuts benefits to existing Medicare patients,,,,,,,,,10%,5%,25%,Branch A,Increased,Decreased,Increased,,,,,3,10,2,2,2,Don't Know,,,,2,3,3,3,2,2,2,4,7
328,222068,9/11/2010 17:08,Complete,,,,,,United States,,CA,,,,,FY913551,,I agree to participate,FY913551,,34,,,start,9,1,photo,,,,Reid,Napolitano,,,,,,,,Don't Know,,Senate Minority Leader,regular,Gary Locke,Stephen Breyer,,,,,,,,,,2,7,2,6,2,6,,Liberal,,,,, Other ,SF Chronicle,CBS,,,NBC,,,,,MSNBC,,,,,,,,,,,,,,,,7,A great deal,2,3,Democrat,,,Strong,,85,30,85,85,85,85,40,open,,,Japan,cancer,"Ask for papers only if the person has been stopped for suspicion about some other transgression, and if they are suspected to be an illegal immigrant",3,Can ask people they suspect of being illegal immigrants for their papers only when stopping them for other reasons.,5,Don't Know,Increases the Medicare payroll tax for upper‐income Americans,Limits future increases in payments to Medicare providers,,,,,,,,,30%,10%,15%,Branch A,Increased,Increased,Increased,,,,,6,10,10,10,10,Don't Know,,,,3,6,6,3,3,4,3,3,5
329,222076,9/11/2010 17:31,Complete,,,,,,United States,,AZ,,,,,FY936590,,I agree to participate,FY936590,,156,,,start,8,1,nonphoto,Democratic House Leader,President of France,Homeland Security Chief,,,,,Chanceller of Germany,Republican Senate Leader,,,,,,,percent,,,10,,,,,,5,,5,2,6,2,6,2,5,,Slightly liberal,,,,, Other ,Local Paper,,,PBS,,,,,,,,BBC,,CNN,,NPR,,,,,Huffington Post,,,,,7,A lot,5,2,Democrat,,,Not very strong,,60,60,60,60,60,60,60,open,,,Soviet Union,Heart Attach,Question any person whom they suspect to be an illegal immigrant for their papers,8,Can ask people they suspect of being illegal immigrants for their papers only when stopping them for other reasons.,10,George H. Bush,,,0,0,0,0,0,0,0,0,15%,10%,15%,Branch A,Increased,Decreased,Increased,,,,,5,10,7,5,9,Republicans,,,,5,6,7,4,4,3,2,4,5
348,222606,9/12/2010 11:59,Complete,,,,,,United States,,MA,,,,,FY969316,,I agree to participate,FY969316,,31,,,end,,,nonphoto,Majority leader of the Senate,President of France,Homeland Security Secretary,,,,,President of Germany,Minority leader of the Senate,,,,,,,percent,,,10,,,,,,0,,0,2,7,1,7,4,7,,Liberal,,,,, Other ,local paper,CBS,,PBS,NBC,,ABC,,,MSNBC,,,,CNN,,NPR,,,,,,,"Online Portal like Google News, AOL or Topix that gathers news from many different sources",,,5,A moderate amount,2,8,Democrat,,,Strong,,60,40,85,60,60,70,15,open,,,France,Cancer,"Ask for papers only if the person has been stopped for suspicion about some other transgression, and if they are suspected to be an illegal immigrant",2,Can ask people they suspect of being illegal immigrants for their papers only when stopping them for other reasons.,7,Bill Clinton,,,0,0,0,5,0,0,8,0,30%,2%,20%,Branch A,Don't Know,Decreased,Increased,,,,,7,10,10,5,8,Don't Know,,10,2,2,3,5,5,4,2,2,4,5
349,222640,9/12/2010 12:39,Complete,,,,,,Israel,,,,,,,FY988226,,I agree to participate,FY988226,,3216,,,end,,,nonphoto,senate majority leader,"President, France",Secretary of Homeland Security ,,,,,"president, germany",minority leader,,,,,,,regular,Robert Gates,Stephen Breyer,,,,,,,,,,2,7,3,5,1,5,,Very liberal,,NY Times,,,,,,,,,,,,,,,,,,,,,,,,Huffington Post,,"Online Portal like Google News, AOL or Topix that gathers news from many different sources",Other,Salon,0,A little,2,5,Democrat,,,,,90,20,80,90,90,90,90,open,,,Germany,heart disease,Deny aid to known illegal immigrants,,Can  ask anyone they suspect of being an illegal immigrant for their papers,,Bill Clinton,"Replaces private health insurance with a ""single payer system""",Replaces Medicare with a “public option”,,,,,,,,,35,5,15,Branch B,,,,Increased,Decreased,Increased,Increased,7,9,2,5,5,Democrats,,9,0,5,3,4,4,4,3,3,3,5
350,222703,9/12/2010 14:00,Complete,,,,,,United States,,CA,,,,,FY953843,,I agree to participate,FY953843,,31,,,end,,,photo,,,,Businessman,Court system,French President,,,,Businessman,German Chancellor,,,,,percent,,,,,5,,,,,5,,1,7,4,5,2,4,,Slightly liberal,,NY Times,,, Other ,LA Times; San Fran Chronicle,,,,,,,,,,,,,,,,,,,,Huffington Post,,,,,0,Not at all,5,5,Independent,,,,Closer to Democratic Party,70,0,10,70,70,100,90,open,,,Russia,Heart attacks,Question any person whom they suspect to be an illegal immigrant for their papers,9,Can  ask anyone they suspect of being an illegal immigrant for their papers,10,Ronald Reagan,,,0,0,3,0,10,0,8,0,33%,5%,30%,Branch A,Decreased,Decreased,Increased,,,,,10,0,0,10,6,Other,Green Party or Independents (any party but the 2 dominant ones),6,0,3,5,6,3,2,5,3,1,7
351,222714,9/12/2010 14:04,Complete,,,,,,United States,,MN,,,,,FY962754,,I agree to participate,FY962754,,9,,,start,7,5,nonphoto,Senate Majority Leader,President of France,Director of Homeland Security,,,,,Chancellor of Germany,Senate Minority Leader,,,,,,,percent,,,8,,,,,,10,,,5,7,2,6,2,6,,Moderate,,NY Times,,,,,,,,,,,,,,,,,CNN,,NPR,,,,,,,"Online Portal like Google News, AOL or Topix that gathers news from many different sources",,,2,A moderate amount,6,6,Independent,,,,Closer to Democratic Party,85,30,65,85,85,85,45,closed,[Erstwhile] Soviet Union,Heart Disease,,,"Ask for papers only if the person has been stopped for suspicion about some other transgression, and if they are suspected to be an illegal immigrant",2,Can ask people they suspect of being illegal immigrants for their papers only when stopping them for other reasons.,8,Ronald Reagan,,,0,2,8,3,1,0,7,5,40%,5%,5%,Branch B,,,,Increased,Decreased,Increased,Increased,8,10,10,5,8,Don't Know,,,,3,2,7,5,2,4,2,4,6
352,222763,9/12/2010 15:25,Complete,,,,,,United States,,NJ,,,,,FY994721,,I agree to participate,FY994721,,25,,,end,,,nonphoto,Senator - Majority leader,don't know,Homeland security secretary,,,,,,,,,Chancellor of Germany,,Chairman of the Republican National Committee,,percent,,,0,0,0,0,,0,0,0,0,1,6,2,6,2,5,,Liberal,,,,, Other ,Asbury Park Press but mostly TV,,,,NBC,,,,,,,,,CNN,,,,,,,,,"Online Portal like Google News, AOL or Topix that gathers news from many different sources",,,2,A little,1,3,Democrat,,,Strong,,95,20,80,80,95,95,95,closed,[Erstwhile] Soviet Union,Heart Disease,,,Don’t Know,,Couldn’t Say,,Don't Know,,,0,0,5,0,4,2,6,4,25%,1%,10%,Branch A,Increased,Decreased,Increased,,,,,3,10,10,9,10,Democrats,,10,0,4,4,2,3,5,2,2,2,7
353,222767,9/12/2010 15:32,Complete,,,,,,United States,,CA,,,,,FY936297,,I agree to participate,FY936297,,40,,,end,,,nonphoto,Senate Majority Leader,French President,Homeland Security,,,,,German Executive branch head (chancellor?),Senate Minorty Leader,,,,,,,regular,Robert Gates,Stephen Breyer,,,,,,,,,,6,6,1,2,2,6,,Slightly conservative,,,,, Other ,"Mercury News, LA Times",CBS,Fox,,,,ABC,,,,,,,,,,,,,,,,"Online Portal like Google News, AOL or Topix that gathers news from many different sources",,,6,A moderate amount,0,8,Other,Libertarian,,,,40,60,30,50,45,60,10,closed,[Erstwhile] Soviet Union,Don't Know,,,Question any person whom they suspect to be an illegal immigrant for their papers,3,Can ask people they suspect of being illegal immigrants for their papers only when stopping them for other reasons.,10,George W. Bush,Increases the Medicare payroll tax for upper‐income Americans,Limits future increases in payments to Medicare providers,,,,,,,,,20%,10%,5%,Branch A,Decreased,Decreased,Increased,,,,,9,10,6,10,6,Republicans,,0,10,3,6,3,3,2,3,3,3,5
354,222813,9/12/2010 17:15,Complete,,,,,,Puerto Rico,,0,,,,,FY998347,,I agree to participate,FY998347,,52,,,start,9,2,photo,,,,Senator,,,,,,,,,Don't Know,,Don't Know,percent,,,0,0,0,0,,0,0,0,0,1,7,4,5,1,3,,Slightly liberal,,,,, Other ,El Nuevo Día,,,,,,,,,,,, Others ,, HLN,,,,,,,,,,,0,A moderate amount,0,2,Democrat,,,Not very strong,,70,15,85,60,100,100,60,closed,Poland,Heart Disease,,,"Ask for papers only if the person has been stopped for suspicion about some other transgression, and if they are suspected to be an illegal immigrant",1,Can  ask anyone they suspect of being an illegal immigrant for their papers,8,Don't Know,,,8,1,9,1,0,9,8,5,25%,50%,75%,Branch A,Remained the Same,Decreased,Increased,,,,,4,0,0,1,5,Don't Know,,,,6,7,6,3,2,6,4,7,1
355,222834,9/12/2010 17:07,Complete,,,,,,France,,A8,,,,,FY916511,,I agree to participate,FY916511,,18,,,start,5,5,nonphoto,,president of France,general atttorney,,,,,Prime Minister of Germany,,,,,,Don't Know,,percent,,,0,0,0,0,,0,0,0,0,1,7,1,I haven't thought much about this,1,7,,Moderate,,,,,,,,,,,,,,,,,,,,,,,,,,,,,,,0,,0,5,Independent,,,,Equally close to both,20,50,50,70,70,60,40,closed,[Erstwhile] Soviet Union,Heart Disease,,,Don’t Know,,Couldn’t Say,,George H. Bush,,,0,5,8,0,5,1,9,0,25%,5%,25%,Branch B,,,,Increased,Decreased,Remained the Same,Increased,6,0,0,0,0,Don't Know,,,,3,5,4,6,2,2,6,2,6
388,224489,9/13/2010 20:30,Complete,,,,,,United States,,CA,,,,,FY942572,,I agree to participate,FY942572,,48,,,start,10,,photo,,,,Senator - Majority Whip,,Asst. to the President,,,,,,,Chancellor of Germany,,,regular,Robert Gates,Stephen Breyer,,,,,,,,,,1,7,1,7,1,6,,Liberal,,,,, Other ,LA Times,,,PBS,,,,,,MSNBC,,,,,,,,,,,,,"Online Portal like Google News, AOL or Topix that gathers news from many different sources",,,4,A moderate amount,,10,Democrat,,,Strong,,85,0,85,70,85,85,40,closed,[Erstwhile] Soviet Union,Heart Disease,,,Question any person whom they suspect to be an illegal immigrant for their papers,9,Can  ask anyone they suspect of being an illegal immigrant for their papers,10,George W. Bush,Increases the Medicare payroll tax for upper‐income Americans,Limits future increases in payments to Medicare providers,,,,,,,,,25%,15%,40%,Branch A,Increased,Decreased,Increased,,,,,10,10,10,10,2,Democrats,,,,2,6,1,2,1,1,4,4,4
387,224424,9/13/2010 19:02,Complete,,,,,,Mexico,,11,,,,,FY992110,,I agree to participate,FY992110,,66,,,start, dk,1,nonphoto,,Head of State in France,National Security Officer,,,,,Germany's Head of State,,,,,,Don't Know,,regular,Don't Know,Couldn't Say,,,,,,,,,,2,5,3,4,3,4,,Slightly liberal,,NY Times,,, Other ,The Economist,,,,,,,,,,,,,CNN,,,,,,,,,,,,2,,4,6,Democrat,,,Strong,,50,50,60,60,60,50,50,closed,Germany,Heart Disease,,,"Ask for papers only if the person has been stopped for suspicion about some other transgression, and if they are suspected to be an illegal immigrant",2,Can  ask anyone they suspect of being an illegal immigrant for their papers,2,Don't Know,Couldn't say,Couldn't say,,,,,,,,,20%,13%,0.40%,Branch B,,,,Increased,Decreased,Increased,Don't Know,9,0,7,9,10,Democrats,,,,2,4,3,2,2,3,5,2,7
386,224423,9/13/2010 18:40,Complete,,,,,,,,,,,,,FY914694,,I agree to participate,FY914694,,36,,,start,5,0,photo,,,,Senator,Governor,President,,,,Congressman,Prime Minister,,,,,regular,Don't Know,Couldn't Say,,,,,,,,,,5,5,2,4,2,4,,Slightly liberal,Wall Street Journal,NY Times,,,,,,,,,,,,,,,,,,,,,,,,,,,,,1,A lot,1,4,Democrat,,,Not very strong,,50,40,60,70,85,85,40,closed,Couldn't say,Breast Cancer,,,Question any person whom they suspect to be an illegal immigrant for their papers,4,Can  ask anyone they suspect of being an illegal immigrant for their papers,4,Don't Know,Couldn't say,Couldn't say,,,,,,,,,22%,18%,22%,Branch B,,,,Increased,Increased,Increased,Increased,3,0,0,0,5,Republicans,,,,3,6,3,4,4,2,2,3,6
356,223019,9/12/2010 18:56,Complete,,,,,,United States,,,,,,,FY959430,,I agree to participate,FY959430,,17,,,end,,,photo,,,,Senator,Secratery of Labor,Representative,,,,,,,Former President of Chile,,Don't Know,percent,,,,,5,,,,,5,,2,7,3,2,1,7,,Slightly conservative,,,,USA Today, Other ,Oregonian,CBS,,PBS,NBC,,ABC,,,,,,,,,NPR,,,,,,,,,,6,A lot,4,7,Republican,,Not very strong,,,50,70,40,50,50,100,20,open,,,UNITED STATES,Heart Attack,Question any person whom they suspect to be an illegal immigrant for their papers,8,Can  ask anyone they suspect of being an illegal immigrant for their papers,9,George H. Bush,,,0,0,7,0,0,0,0,5,25%,7%,12%,Branch A,Decreased,Remained the Same,Remained the Same,,,,,9,10,5,0,7,Republicans,,5,4,3,5,3,3,5,2,3,4,5
358,223037,9/12/2010 19:20,Complete,,,,,,United States,,CA,,,,,FY977340,,I agree to participate,FY977340,,56,,,end,,,nonphoto,"nv senator, majority leader",prime minister/president? of france,Head of dept of homeland security,,,,,german chancellor,"republican senator, minority leader",,,,,,,regular,Don't Know,Stephen Breyer,,,,,,,,,,1,7,2,7,1,5,,Very liberal,,NY Times,,, Other ,sf chronicle,,,,,,,,,,,,,,,NPR,,,,,,,,Other,salon,0,Not at all,2,2,Democrat,,,Strong,,85,15,70,85,85,85,70,closed,Couldn't say,Heart Disease,,,Don’t Know,,Can ask people they suspect of being illegal immigrants for their papers only when stopping them for other reasons.,10,Bill Clinton,Increases the Medicare payroll tax for upper‐income Americans,Limits future increases in payments to Medicare providers,,,,,,,,,35%,1%,5%,Branch A,Don't Know,Decreased,Increased,,,,,6,10,10,10,10,Democrats,,10,0,4,4,5,2,2,1,1,1,7
359,223096,9/12/2010 20:59,Complete,,,,,,United States,,DC,,,,,FY935155,,I agree to participate,FY935155,,91,,,end,,,nonphoto,Senate Majority Leader,President of France,Secretary of Homeland Security,,,,,Chancellor of Germany,Senate Minority Leader,,,,,,,percent,,,10,0,0,0,,0,10,0,0,5,6,2,5,3,6,,Moderate,Wall Street Journal,NY Times,Washington Post,,,,,,,,,,,,,,,,CNN,,NPR,,,,,Huffington Post,Drudge Report,"Online Portal like Google News, AOL or Topix that gathers news from many different sources",,,0,A great deal,7,7,Independent,,,,Closer to Democratic Party,60,20,30,80,60,75,40,open,,,Russia,Heart Disease,Question any person whom they suspect to be an illegal immigrant for their papers,10,Can ask people they suspect of being illegal immigrants for their papers only when stopping them for other reasons.,7,Bill Clinton,,,7,0,8,7,5,0,7,3,25%,15%,30%,Branch A,Increased,Remained the Same,Increased,,,,,8,10,1,5,7,Don't Know,,8,5,2,5,5,3,5,3,1,3,5
360,223100,9/12/2010 21:04,Complete,,,,,,United States,,CA,,,,,FY930554,,I agree to participate,FY930554,,24,,,end,,,photo,,,,,,,,,,,,,Chancellor of Germany,,Don't Know,regular,Don't Know,Stephen Breyer,,,,,,,,,,1,7,3,7,3,5,,Slightly liberal,,NY Times,,, Other ,Contra Costa Times,CBS,,PBS,NBC,,,,,,,BBC,,,,NPR,,,,,,,"Online Portal like Google News, AOL or Topix that gathers news from many different sources",,,4,A lot,4,5,Democrat,,,Strong,,70,40,80,80,70,65,65,closed,[Erstwhile] Soviet Union,Heart Disease,,,Question any person whom they suspect to be an illegal immigrant for their papers,8,Can ask people they suspect of being illegal immigrants for their papers only when stopping them for other reasons.,9,George H. Bush,Couldn't say,Couldn't say,,,,,,,,,17%,5%,10%,Branch A,Increased,Decreased,Increased,,,,,9,10,10,10,9,Democrats,,10,0,5,4,3,2,2,1,1,1,7
361,223113,9/12/2010 21:28,Complete,,,,,,United States,,CA,,,,,FY961481,,I agree to participate,FY961481,,15,,,start,8,2,photo,,,,,,,,,,,,,Don't Know,,Don't Know,percent,,,,,,0,,,10,,,2,7,2,7,1,5,,Slightly liberal,,,,,,,,,,,,,,,,,,,,,,,,,,,,,,,0,A little,1,5,Democrat,,,Strong,,70,0,70,60,70,50,50,open,,,Russia,heart disease,Don’t Know,,Can  ask anyone they suspect of being an illegal immigrant for their papers,8,George W. Bush,,,5,0,5,0,0,0,10,5,40%,20%,20%,Branch B,,,,Increased,Decreased,Increased,Increased,6,10,0,0,0,Other,It depends on the current economic situation.,,,2,3,4,2,3,1,4,2,6
362,223150,9/12/2010 22:13,Complete,,,,,,United States,,,,,,,FY909575,,I agree to participate,FY909575,,49,,,end,,,photo,,,,Speaker of the House,,President of France,,,,Senator,Supreme Court Justice,,,,,regular,Don't Know,Stephen Breyer,,,,,,,,,,1,7,3,5,2,3,,Liberal,,NY Times,,,,,,,,,,,,,,,BBC, Others ,,Daily Show,NPR,,,,,,,,Other,NYT.com,1,A moderate amount,1,2,Democrat,,,Strong,,50,20,70,50,50,85,65,open,,,Russia,breast cancer,"Ask for papers only if the person has been stopped for suspicion about some other transgression, and if they are suspected to be an illegal immigrant",2,Can  ask anyone they suspect of being an illegal immigrant for their papers,4,Jimmy Carter,Couldn't say,Limits future increases in payments to Medicare providers,,,,,,,,,30%,15%,36%,Branch A,Increased,Decreased,Increased,,,,,3,9,4,1,0,Democrats,,8,0,3,5,3,4,2,6,3,5,4
374,223445,9/13/2010 9:13,Complete,,,,,,United States,,DC,,,,,FY918792,,I agree to participate,FY918792,,108,,,end,,,photo,,,,Congressman,Congresswoman,President,,,,Senator,Chancellor,,,,,percent,,,0,2,5,5,,0,9,0,1,1,6,3,7,4,5,,Very liberal,,NY Times,Washington Post,,,,,,,,,,,,,,,,,,NPR,,,,,,,,Other,Slate,1,A moderate amount,5,2,Democrat,,,Strong,,85,15,60,85,85,85,70,closed,[Erstwhile] Soviet Union,Breast Cancer,,,Don’t Know,,Can  ask anyone they suspect of being an illegal immigrant for their papers,8,Don't Know,,,0,4,6,2,0,0,7,6,35%,5%,30%,Branch A,Don't Know,Decreased,Increased,,,,,8,10,8,0,10,Democrats,,7,0,3,6,4,5,3,2,2,2,6
375,223581,9/13/2010 11:05,Complete,,,,,,United States,,CA,,,,,FY962441,,I agree to participate,FY962441,,37,,,start, dk,0,nonphoto,,,,,,,,,,,,High Representative of the (European) Union for Foreign Affairs and Security Policy,,Chairman of the Republican National Committee,,percent,,,5,5,5,5,,5,5,5,5,2,7,7,7,2,5,,Liberal,,,,, Other ,The Economist,,,,,,,,,,,,,,,,,,,,,,,,,0,A moderate amount,0,5,Independent,,,,Closer to Democratic Party,50,40,60,50,50,50,50,closed,Couldn't say,Don't Know,,,Don’t Know,,Can  ask anyone they suspect of being an illegal immigrant for their papers,6,Don't Know,,,5,5,5,5,5,5,5,5,25%,15%,8%,Branch A,Don't Know,Don't Know,Don't Know,,,,,0,5,0,0,2,Don't Know,,,,2,5,6,4,4,3,4,4,5
376,223657,9/13/2010 12:12,Complete,,,,,,France,,A8,,,,,FY987137,,I agree to participate,FY987137,,57,,,start,6,1,photo,,,,Columnist,Supreme court nominee,President of French Republic,,,,Columnist,"Chancellor, German Republic",,,,,regular,Don't Know,Couldn't Say,,,,,,,,,,2,7,1,6,2,7,,Moderate,,NY Times,,, Other ,The Economist; Les Echos,,,PBS,,,,,,,,BBC,,,,NPR,,,,,,,"Online Portal like Google News, AOL or Topix that gathers news from many different sources",,,0,A lot,5,6,Other,"conservative on economic issues, but solid defender of bill of rights",,,,50,40,30,70,70,70,60,closed,[Erstwhile] Soviet Union,Breast Cancer,,,Deny aid to known illegal immigrants,2,Can  ask anyone they suspect of being an illegal immigrant for their papers,2,Ronald Reagan,Increases the Medicare payroll tax for upper‐income Americans,Limits future increases in payments to Medicare providers,,,,,,,,,30%,15%,35%,Branch B,,,,Increased,Decreased,Increased,Increased,7,5,0,8,5,Republicans,,,,1,6,6,4,4,2,1,3,6
377,223659,9/13/2010 12:06,Complete,,,,,,United States,,IL,,,,,FY975569,,I agree to participate,FY975569,,25,,,end,,,photo,,,,"Harry Reed, House Speaker?",No idea.,"Sarkozy, PM of France",,,,No idea,"Angela Merkel, German Chancellor",,,,,regular,Don't Know,Couldn't Say,,,,,,,,,,1,7,4,7,1,5,,Liberal,,,,, Other ,,,,,,,,,,,,,,,,NPR,,,,,,,"Online Portal like Google News, AOL or Topix that gathers news from many different sources",,,0,A moderate amount,7,6,Democrat,,,Strong,,90,20,75,90,90,90,90,closed,[Erstwhile] Soviet Union,Heart Disease,,,Question any person whom they suspect to be an illegal immigrant for their papers,5,Can  ask anyone they suspect of being an illegal immigrant for their papers,10,Ronald Reagan,Increases the Medicare payroll tax for upper‐income Americans,Couldn't say,,,,,,,,,30%,15%,30%,Branch B,,,,Increased,Decreased,Increased,Increased,6,10,1,10,10,Democrats,,8,0,5,3,5,5,5,2,1,3,7
378,223760,9/13/2010 12:46,Complete,,,,,,United States,,CA,,,,,,,I agree to participate,,,6,,,start,,,nonphoto,,,,,,,,,,,,,,,,regular,,,,,,,,,,,,,,,,,,,,,,,,,,,,,,,,,,,,,,,,,,,,,,,,,,,,,,,,,,,,,,,,,,closed,,,,,,,,,,,,,,,,,,,,,,,Branch B,,,,,,,,,,,,,,,,,,,,,,,,,
379,223848,9/13/2010 14:01,Complete,,,,,,United States,,CA,,,,,FY981874,,I agree to participate,FY981874,,25,,,end,,,nonphoto,speaker of the house,President of France,Head of homeland security,,,,,chancellor of Germany,republican senator,,,,,,,percent,,,3,,,,,,9,,,2,6,2,7,2,6,,Moderate,Wall Street Journal,,,,,,,,,,,,,,,,,,CNN,,NPR,,,,,,,"Online Portal like Google News, AOL or Topix that gathers news from many different sources",,,5,A little,1,7,Other,libertarian,,,,50,50,50,50,50,50,50,open,,,france,cancer,Don’t Know,,Can ask people they suspect of being illegal immigrants for their papers only when stopping them for other reasons.,6,Bill Clinton,,,,,,,,,,,40%,10%,2%,Branch B,,,,Remained the Same,Decreased,Increased,Increased,1,3,0,0,0,Republicans,,2,5,1,6,7,5,4,3,3,3,6
380,223883,9/13/2010 14:37,Complete,,,,,,United States,,WA,,,,,FY951845,,I agree to participate,FY951845,,40,,,end,,,photo,,,,US House Speaker,Director of Homeland Security,French Prime Minister,,,,US Senator,German Chancellor,,,,,regular,Robert Gates,Stephen Breyer,,,,,,,,,,3,6,2,6,2,6,,Slightly liberal,,,,, Other ,Economist,,,,,,,,,,,,,CNN,,NPR,,,,,,,,,,0,Not at all,1,7,Independent,,,,Closer to Democratic Party,85,15,40,70,85,70,40,closed,[Erstwhile] Soviet Union,Heart Disease,,,"Ask for papers only if the person has been stopped for suspicion about some other transgression, and if they are suspected to be an illegal immigrant",6,Can ask people they suspect of being illegal immigrants for their papers only when stopping them for other reasons.,10,Don't Know,Couldn't say,Limits future increases in payments to Medicare providers,,,,,,,,,24%,7%,4%,Branch B,,,,Increased,Decreased,Increased,Increased,3,10,0,0,3,Don't Know,,6,0,4,3,5,2,3,3,2,5,4
381,224045,9/13/2010 16:16,Complete,,,,,,United States,,CA,,,,,FY986760,,I agree to participate,FY986760,,66,,,start,7,0,nonphoto,,,,,,,,,,,,Don't Know,,Don't Know,,regular,Don't Know,Couldn't Say,,,,,,,,,,6,7,1,6,1,5,,Liberal,,,,, Other ,LA Times,CBS,,,NBC,,ABC,,,,,,,,,,,,,,,,"Online Portal like Google News, AOL or Topix that gathers news from many different sources",,,7,A moderate amount,3,7,Democrat,,,Strong,,80,50,80,100,100,100,50,closed,Germany,Lung Cancer,,,Deny aid to known illegal immigrants,4,Can ask people they suspect of being illegal immigrants for their papers only when stopping them for other reasons.,4,Don't Know,Does not reimburse routine mammograms for women younger than 50,Replaces Medicare with a “public option”,,,,,,,,,30%,15%,15%,Branch A,Remained the Same,Increased,Increased,,,,,2,10,2,0,5,Don't Know,,,,3,5,7,5,3,2,1,2,6
382,224225,9/13/2010 17:21,Complete,,,,,,United States,,MA,,,,,FY994406,,I agree to participate,FY994406,,23,,,end,,,nonphoto,Senate Majority Leader,President of France,Attorney General,,,,,Prime Minister of Germany,Senate Minority Leader,,,,,,,percent,,,10,,,,,,10,,,6,6,3,3,3,7,,Slightly conservative,Wall Street Journal,NY Times,,, Other ,Milwaukee Journal Sentinel,,,,,,,,,,,,,,,,,,,,,,,,,0,Not at all,3,3,Republican,,Not very strong,,,100,60,15,100,100,100,30,closed,[Erstwhile] Soviet Union,Heart Disease,,,Don’t Know,,Can ask people they suspect of being illegal immigrants for their papers only when stopping them for other reasons.,10,Bill Clinton,,,0,0,0,0,0,0,10,0,15%,10%,10%,Branch B,,,,Increased,Decreased,Increased,Increased,8,10,2,0,0,Democrats,,4,10,1,3,6,2,2,3,3,2,6
404,226473,9/14/2010 18:32,Complete,,,,,,United States,,CA,,,,,FY952866,,I agree to participate,FY952866,,11,,,start,, dk,photo,,,,House Majority Leader,Director of Homeland Security,Foreign Relations Chair,,,,Congressman,Senator,,,,,regular,Anthony Kennedy,John Boehner,,,,,,,,,,5,6,3,2,2,5,,Slightly conservative,,,,, Other ,San Jose Mercury News,,,,NBC,,ABC,,Fox News,,,,,CNN,,,,, Others ,KGO - San Francisco,,,,,,5,A moderate amount,5,5,Independent,,,,Closer to Republican Party,85,50,50,70,60,85,40,open,,,Japan,Heart attack,"Ask for papers only if the person has been stopped for suspicion about some other transgression, and if they are suspected to be an illegal immigrant",5,Can ask people they suspect of being illegal immigrants for their papers only when stopping them for other reasons.,6,Bill Clinton,"Replaces private health insurance with a ""single payer system""",Couldn't say,,,,,,,,,18%,10%,8%,Branch A,Increased,Decreased,Increased,,,,,6,10,7,10,7,Republicans,,,,3,5,6,4,4,5,3,4,6
389,224655,9/13/2010 22:59,Complete,,,,,,United States,,WA,,,,,FY965446,,I agree to participate,FY965446,,34,,,end,,,photo,,,,Senate Leader,Supreme Court,French President,,,,Senate Minority Leader,German Prime Minister,,,,,regular,Robert Gates,Stephen Breyer,,,,,,,,,,3,7,2,6,2,6,,Slightly liberal,,,,,,,,,,,,,,,,,,,,,,,,,,,,,,,0,A little,0,5,Democrat,,,Strong,,60,60,70,60,60,60,60,closed,[Erstwhile] Soviet Union,Breast Cancer,,,"Ask for papers only if the person has been stopped for suspicion about some other transgression, and if they are suspected to be an illegal immigrant",6,Can ask people they suspect of being illegal immigrants for their papers only when stopping them for other reasons.,7,Bill Clinton,Increases the Medicare payroll tax for upper‐income Americans,Limits future increases in payments to Medicare providers,,,,,,,,,30%,5%,15%,Branch B,,,,Increased,Decreased,Increased,Increased,4,10,0,0,2,Democrats,,8,0,3,4,6,5,5,4,4,4,4
390,224692,9/13/2010 23:34,Complete,,,,,,United States,,WA,,,,,FY999589,,I agree to participate,FY999589,,31,,,end,,,photo,,,,,,,,,,,,,Don't Know,,Don't Know,percent,,,0,0,0,0,,0,0,0,0,1,6,2,4,4,4,,Slightly liberal,,NY Times,,, Other ,"Seattle Times, local papers",,,,,,,,,,,BBC,,,,NPR,,,,,,,,,,0,A little,0,2,Independent,,,,Closer to Democratic Party,50,40,70,60,40,100,40,open,,,Russia,Heart disease/attack,Don’t Know,,Can  ask anyone they suspect of being an illegal immigrant for their papers,3,Don't Know,,,0,0,0,0,0,0,0,0,35%,5%,10%,Branch A,Increased,Decreased,Increased,,,,,1,10,0,2,1,Don't Know,,10,1,2,4,6,4,2,6,2,3,6
391,224722,9/14/2010 0:48,Complete,,,,,,United States,,CA,,,,,FY987518,,I agree to participate,FY987518,,108,,,start,6,2,nonphoto,legislator,President of France,,,,,,?,?,,,,,,,percent,,,9,,,,,,,,3,1,7,2,4,1,7,,Slightly conservative,,,,, Other ,San Diego Union Tribune,,,,,,ABC,,,,,,,,,,,,,,,,,,,7,A great deal,0,,Republican,,Not very strong,,,40,30,15,50,50,40,30,closed,Couldn't say,Heart Disease,,,"Ask for papers only if the person has been stopped for suspicion about some other transgression, and if they are suspected to be an illegal immigrant",1,Can  ask anyone they suspect of being an illegal immigrant for their papers,10,Don't Know,,,7,0,7,7,7,0,5,5,35%,15%,35%,Branch B,,,,Decreased,Increased,Remained the Same,Increased,0,0,0,0,5,Republicans,,,,1,6,7,7,1,1,3,5,4
392,224751,9/14/2010 1:55,Complete,,,,,,United Arab Emirates,,3,,,,,FY934941,,I agree to participate,FY934941,,47,,,start,8,0,photo,,,,Senate Majority Leader,Janet Napolitano - Health Human Services Secretary?,President of France,,,,Senator,Prime Minister of Germany,,,,,regular,Robert Gates,Stephen Breyer,,,,,,,,,,2,7,1,7,2,5,,Liberal,Wall Street Journal,NY Times,,, Other ,The Economist,,,,,,,,,MSNBC,,BBC,,,,,,, Others ,"BBC, 103.8 Dubai Eye",,,,Other,Yahoo.com,1,A moderate amount,2,3,Democrat,,,Not very strong,,85,30,50,85,85,100,65,open,,,Soviet Union,Cancer,Question any person whom they suspect to be an illegal immigrant for their papers,4,Can  ask anyone they suspect of being an illegal immigrant for their papers,6,George W. Bush,Increases the Medicare payroll tax for upper‐income Americans,Couldn't say,,,,,,,,,10%,5%,20%,Branch B,,,,Increased,Decreased,Increased,Increased,7,2,2,2,4,Democrats,,,,2,7,6,4,3,2,2,3,6
393,224775,9/14/2010 3:36,Complete,,,,,,United States,,NV,,,,,FY921515,,I agree to participate,FY921515,,17,,,end,,,nonphoto,Senate Leader,Pres of France,Sec Homeland,,,,,Germany,Minority leader Senate,,,,,,,regular,Robert Gates,Stephen Breyer,,,,,,,,,,1,5,3,7,5,7,,Moderate,Wall Street Journal,NY Times,Washington Post,, Other ,Chrisain Science,,,PBS,,Other,,,,MSNBC,CSPAN,BBC, Others ,,Bloombergh,NPR,,,,,,,"Online Portal like Google News, AOL or Topix that gathers news from many different sources",,,4,A moderate amount,,9,Other,Libertarian Socialist,,,,40,14,60,60,85,60,85,closed,[Erstwhile] Soviet Union,Heart Disease,,,Don’t Know,,Can  ask anyone they suspect of being an illegal immigrant for their papers,9,Ronald Reagan,Increases the Medicare payroll tax for upper‐income Americans,Limits future increases in payments to Medicare providers,,,,,,,,,,,,Branch B,,,,Increased,Decreased,Increased,Remained the Same,7,10,0,10,10,Democrats,,10,3,,,,4,4,7,1,6,6
394,224947,9/14/2010 7:30,Complete,,,,,,United States,,CA,,,,,FY955871,,I agree to participate,FY955871,,118,,,start,10,0,nonphoto,US Senator from Nevada,French president,homeland security chief,,,,,German chancellor,republican,,,,,,,percent,,,0,0,0,0,,0,0,0,0,1,6,3,7,2,5,,I haven’t thought much about this,Wall Street Journal,NY Times,,, Other ,"SJ Mercury, SF Chronicle",,,,,,,,,,,,,,,,,,,,,,"Online Portal like Google News, AOL or Topix that gathers news from many different sources",,,1,A little,3,5,Democrat,,,Strong,,85,30,70,70,70,85,80,open,,,USSR,Cardiac disease,Don’t Know,,Can ask people they suspect of being illegal immigrants for their papers only when stopping them for other reasons.,3,Bill Clinton,,,0,0,6,4,3,0,4,5,30%,5%,10%,Branch A,Increased,Decreased,Increased,,,,,5,10,2,7,2,Democrats,,,,3,3,3,4,3,2,2,2,6
395,225061,9/14/2010 9:53,Complete,,,,,,United Kingdom,,H9,,,,,FY912994,,I agree to participate,FY912994,,26,,,end,,,photo,,,,dont know,dont know,obama's innter circle,,,,Fed reserve,German chancellor,,,,,regular,Robert Gates,Stephen Breyer,,,,,,,,,,2,7,2,5,3,7,,Slightly conservative,,,,, Other ,Financial Times,,,,,Other,,BBC,,,,,,CNN,,,,,,,,,"Online Portal like Google News, AOL or Topix that gathers news from many different sources",,,4,A little,7,6,Democrat,,,Not very strong,,80,45,80,80,80,85,40,closed,[Erstwhile] Soviet Union,Don't Know,,,Question any person whom they suspect to be an illegal immigrant for their papers,5,Couldn’t Say,,Don't Know,Couldn't say,Couldn't say,,,,,,,,,25%,30%,13%,Branch A,Increased,Decreased,Increased,,,,,9,5,5,5,6,Democrats,,8,0,2,6,6,5,5,3,3,4,5
396,225232,9/14/2010 11:48,Complete,,,,,,United States,,IL,,,,,FY923229,,I agree to participate,FY923229,,15,,,start,7,1,nonphoto,Minority leader,President of France,Secretary of Homeland Security (used to be Arizona governor),,,,,German Chancellor,,,,,,Don't Know,,percent,,,0,0,0,0,,0,0,0,0,3,7,1,5,2,5,,Moderate,Wall Street Journal,NY Times,,,,,CBS,,,NBC,,,,,,,,,CNN,,,,,,,,,,,,0,A lot,2,7,Republican,,Not very strong,,,50,60,55,60,65,65,40,open,,,Russia,Heart Attacks,Don’t Know,,Can ask people they suspect of being illegal immigrants for their papers only when stopping them for other reasons.,7,Don't Know,,,6,4,6,5,4,2,7,5,28%,5%,35%,Branch B,,,,Increased,Remained the Same,Increased,Increased,6,0,0,0,8,Republicans,,,,4,5,5,5,3,4,4,4,4
417,229577,9/15/2010 16:25,Complete,,,,,,United States,,,,,,,FY967253,,I agree to participate,FY967253,,15,,,end,,,photo,,,,,,President,,,,,Chancellor,,,,Don't Know,percent,,,10,,,,,,10,,,1,6,2,4,2,6,,Slightly liberal,Wall Street Journal,NY Times,,, Other ,,,,PBS,,,,,,,,BBC,,,,,,,,,,,,,,1,A little,1,7,Independent,,,,Closer to Democratic Party,85,50,50,85,85,85,85,closed,[Erstwhile] Soviet Union,Heart Disease,,,Don’t Know,,Couldn’t Say,,Bill Clinton,,,5,5,7,3,7,7,5,5,40%,3%,12%,Branch B,,,,Increased,Decreased,Increased,Increased,5,5,7,1,5,Other,Too much randomness to be able to predicttell,7,2,4,3,4,5,5,2,3,3,5
416,229560,9/15/2010 14:27,Complete,,,,,,United States,,NY,,,,,FY954856,,I agree to participate,FY954856,,27,,,end,,,nonphoto,,President of France,Senator,,,,,President of Canada,No idea,,,,,,,regular,Don't Know,Couldn't Say,,,,,,,,,,1,7,1,4,1,5,,Liberal,,NY Times,,,,,CBS,,,NBC,,ABC,,,,,,,,,,,,,,Huffington Post,,,,,1,A little,0,5,Democrat,,,Strong,,50,15,70,50,50,50,50,closed,[Erstwhile] Soviet Union,Heart Disease,,,"Ask for papers only if the person has been stopped for suspicion about some other transgression, and if they are suspected to be an illegal immigrant",1,Can  ask anyone they suspect of being an illegal immigrant for their papers,9,George H. Bush,"Replaces private health insurance with a ""single payer system""",Replaces Medicare with a “public option”,,,,,,,,,45%,10%,2%,Branch A,Increased,Increased,Increased,,,,,2,5,7,2,10,Democrats,,9,0,2,3,4,4,3,3,3,1,7
397,225466,9/14/2010 12:28,Complete,,,,,,United States,,CA,,,,,FY977808,,I agree to participate,FY977808,,14,,,end,,,nonphoto,Dem majority leader US Senate,French President,Sect of Homeland Security,,,,,German pres,Minority leader US Senate,,,,,,,regular,Robert Gates,Stephen Breyer,,,,,,,,,,1,6,2,6,1,7,,Liberal,,NY Times,,,,,,,PBS,,,ABC,,,,,,,CNN,,NPR,,,,,,,,,,7,A moderate amount,,3,Democrat,,,Not very strong,,75,50,75,75,75,75,60,closed,[Erstwhile] Soviet Union,Heart Disease,,,"Ask for papers only if the person has been stopped for suspicion about some other transgression, and if they are suspected to be an illegal immigrant",4,Can ask people they suspect of being illegal immigrants for their papers only when stopping them for other reasons.,7,Ronald Reagan,Provides coverage for people who are currently in the country illegally,Couldn't say,,,,,,,,,35%,20%,70%,Branch B,,,,Increased,Decreased,Increased,Increased,5,10,1,1,5,Democrats,,10,1,4,5,4,3,3,4,4,2,6
401,225883,9/14/2010 15:33,Complete,,,,,,United States,,OK,,,,,FY919370,,I agree to participate,FY919370,,5,,,start,10,0,nonphoto,Senate majority leader,French president,Homeland security lady,,,,,German prime minister,senator?,,,,,,,percent,,,2,,,,,,,,0,1,7,3,7,3,4,,Slightly liberal,Wall Street Journal,NY Times,,,,,,,,,Other,,I don't watch TV news,,,,,,CNN,,NPR,,,,,,,"Online Portal like Google News, AOL or Topix that gathers news from many different sources",,,0,Not at all,1,5,Democrat,,,Not very strong,,85,40,60,85,85,85,60,closed,Couldn't say,Unintentional injuries,,,"Ask for papers only if the person has been stopped for suspicion about some other transgression, and if they are suspected to be an illegal immigrant",7,Can ask people they suspect of being illegal immigrants for their papers only when stopping them for other reasons.,9,Ronald Reagan,,,2,8,5,0,0,0,9,2,35%,5%,15%,Branch B,,,,Remained the Same,Decreased,Increased,Increased,3,10,1,2,5,Republicans,,,,4,5,7,5,3,3,4,3,6
402,226212,9/14/2010 16:54,Complete,,,,,,United States,,CA,,,,,FY914085,,I agree to participate,FY914085,,48,,,end,,,nonphoto,"Majority LEader, U.S. Senate","President, France",U.S. Sec'y  Interior,,,,,Prime Minister German Republic,Minority Spkr. U.S. Senate,,,,,,,regular,Robert Gates,Couldn't Say,,,,,,,,,,3,7,2,6,2,5,,Very liberal,,,,, Other ,SF Chron.,,,PBS,,,ABC,,,,,,,,,NPR,,,,,,,,,,7,A great deal,7,2,Democrat,,,Strong,,70,10,80,50,60,50,30,closed,Couldn't say,Breast Cancer,,,Don’t Know,,Can  ask anyone they suspect of being an illegal immigrant for their papers,10,Bill Clinton,Couldn't say,Couldn't say,,,,,,,,,28%,12%,21%,Branch B,,,,Remained the Same,Remained the Same,Increased,Increased,9,10,8,10,2,Democrats,,10,0,6,4,7,5,1,1,1,1,7
403,226412,9/14/2010 19:13,Complete,,,,,,United States,,CA,,,,,FY961847,,I agree to participate,FY961847,,3021,,,start,6,1,nonphoto,,Prime Minister of France,,,,,,,,,,High Representative of the (European) Union for Foreign Affairs and Security Policy,,Don't Know,,percent,,,0,0,0,0,,0,0,0,0,2,7,1,5,2,5,,Slightly liberal,,NY Times,,,,,,,,,,,,,,,,,,,,,,,,,,"Online Portal like Google News, AOL or Topix that gathers news from many different sources",,,0,A moderate amount,0,2,Democrat,,,Not very strong,,50,30,70,60,40,70,40,closed,Couldn't say,Heart Disease,,,Don’t Know,,Can ask people they suspect of being illegal immigrants for their papers only when stopping them for other reasons.,8,Don't Know,,,0,5,5,3,4,2,5,2,40%,5%,15%,Branch B,,,,Increased,Decreased,Increased,Remained the Same,1,5,0,8,8,Republicans,,,,2,6,5,5,6,3,1,6,4
405,226684,9/14/2010 19:30,Complete,,,,,,United States,,OR,,,,,FY942833,,I agree to participate,FY942833,,32,,,start,7,0,nonphoto,Senate chair,President of France,Secretary of Homeland Security,,,,,Congresswoman,Senator,,,,,,,percent,,,2,3,0,1,,0,0,0,0,1,7,4,7,1,4,,Liberal,,NY Times,,, Other ,The Oregonian,,,PBS,,,,,,MSNBC,CSPAN,BBC,,CNN,,NPR,,, Others ,"Democracy Now, Slate",Huffington Post,,,Other,"MoveOn, and various podcasts",3,A little,7,5,Democrat,,,Not very strong,,50,5,30,50,50,90,50,open,,,Japan,Cancer,Question any person whom they suspect to be an illegal immigrant for their papers,10,Can  ask anyone they suspect of being an illegal immigrant for their papers,7,Bill Clinton,,,0,0,0,2,0,0,0,0,28%,0%,1%,Branch B,,,,Increased,Decreased,Increased,Increased,7,10,5,8,6,Democrats,,,,2,5,5,4,2,3,3,3,7
406,226704,9/14/2010 19:21,Complete,,,,,,United States,,CA,,,,,FY979518,,I agree to participate,FY979518,,341,,,end,,,nonphoto,,,,,,,,don't know,don't know,,,,,,,regular,Robert Gates,Couldn't Say,,,,,,,,,,2,7,4,5,2,6,,Moderate,Wall Street Journal,NY Times,Washington Post,, Other ,sd union tribune,CBS,,PBS,NBC,,ABC,,,MSNBC,,,,CNN,,NPR,,,,,,,"Online Portal like Google News, AOL or Topix that gathers news from many different sources",,,7,A lot,7,3,Independent,,,,Closer to Democratic Party,85,40,60,85,85,85,60,open,,,russia,heart disease,"Ask for papers only if the person has been stopped for suspicion about some other transgression, and if they are suspected to be an illegal immigrant",6,Can ask people they suspect of being illegal immigrants for their papers only when stopping them for other reasons.,9,Bill Clinton,Does not reimburse routine mammograms for women younger than 50,Limits future increases in payments to Medicare providers,,,,,,,,,20%,10%,20%,Branch A,Remained the Same,Decreased,Increased,,,,,8,10,10,10,10,Don't Know,,6,0,4,3,6,4,2,3,3,4,4
407,227064,9/14/2010 20:42,Complete,,,,,,,,,,,,,FY957005,,I agree to participate,FY957005,,28,,,start,4,4,photo,,,,Utah Congressman,not a clue,Public Affairs for Obama,,,,not a clue,not a clue,,,,,regular,Robert Gates,Stephen Breyer,,,,,,,,,,5,6,1,4,2,6,,Moderate,,,,,,,,,,NBC,Other,ABC,,,,,BBC,,CNN,,,,,,,,,,,,4,A moderate amount,1,7,Independent,,,,Equally close to both,100,40,40,100,100,50,50,closed,Couldn't say,Heart Disease,,,"Ask for papers only if the person has been stopped for suspicion about some other transgression, and if they are suspected to be an illegal immigrant",2,Can  ask anyone they suspect of being an illegal immigrant for their papers,10,Don't Know,Couldn't say,Limits future increases in payments to Medicare providers,,,,,,,,,25%,7%,15%,Branch A,Increased,Decreased,Increased,,,,,7,10,0,0,0,Don't Know,,,,4,4,4,3,3,3,6,6,5
408,228337,9/15/2010 10:24,Complete,,,,,,United States,,CA,,,,,FY996689,,I agree to participate,FY996689,,23,,,end,,,photo,,,,US Senate majority leader,US Secretary of Homeland Security,,,,,,Governor of Arizona,,,,Senate Minority Leader,percent,,,10,,,,,,10,,,1,6,3,6,2,4,,Liberal,,,,, Other ,Sacramento Bee,CBS,,PBS,NBC,,ABC,,,MSNBC,,,,CNN,,NPR,,,,,,,,,,6,A moderate amount,3,5,Democrat,,,Not very strong,,90,60,80,90,90,90,80,open,,,Soviet Union,heart disease/attach,Question any person whom they suspect to be an illegal immigrant for their papers,9,Can  ask anyone they suspect of being an illegal immigrant for their papers,8,Don't Know,,,0,5,5,5,5,8,8,5,33%,30%,40%,Branch B,,,,Increased,Remained the Same,Increased,Increased,6,10,5,10,7,Democrats,,9,0,4,4,3,4,2,3,2,4,5
409,228406,9/15/2010 10:32,Complete,,,,,,United States,,MD,,,,,FY989740,,I agree to participate,FY989740,,22,,,end,,,photo,,,,Senator Harry Reid (D-Nev),Secretary of Homeland Security?,??,,,,??,??,,,,,percent,,,0,0,0,,,,10,,,2,7,2,4,1,4,,Liberal,,NY Times,Washington Post,,,,,,,NBC,,,,,,,,,CNN,,,,,,,Huffington Post,,,,,3,A moderate amount,2,1,Democrat,,,Strong,,85,0,90,90,85,85,75,open,,,Germany?,Heart disease,Question any person whom they suspect to be an illegal immigrant for their papers,3,Can ask people they suspect of being illegal immigrants for their papers only when stopping them for other reasons.,10,Don't Know,,,5,0,5,5,5,0,5,5,30%,5%,10%,Branch B,,,,Increased,Decreased,Increased,Remained the Same,6,10,3,1,1,Don't Know,,7,0,2,6,2,2,2,5,3,3,5
410,228503,9/15/2010 11:20,Complete,,,,,,France,,A8,,,,,FY944982,,I agree to participate,FY944982,,49,,,start,9, dk,photo,,,,,,president France,,,,,Prime minister Germany,,,,Don't Know,regular,Don't Know,Couldn't Say,,,,,,,,,,5,7,2,1,1,4,,Slightly liberal,,,,,,,,,,,,,,,,,, Others ,,French Television TF1,,,, Others ,France Info,,,"Online Portal like Google News, AOL or Topix that gathers news from many different sources",,,5,A moderate amount,2,2,Democrat,,,Not very strong,,65,45,85,90,80,80,20,open,,,russia,breast cancer,"Ask for papers only if the person has been stopped for suspicion about some other transgression, and if they are suspected to be an illegal immigrant",5,Couldn’t Say,,Ronald Reagan,Couldn't say,Couldn't say,,,,,,,,,30%,10%,50%,Branch A,Don't Know,Decreased,Increased,,,,,5,50,2,0,2,Republicans,,,,3,6,4,3,3,6,6,5,4
411,228507,9/15/2010 11:11,Complete,,,,,,United States,,MA,,,,,FY930761,,I agree to participate,FY930761,,65,,,end,,,nonphoto,congressman,French President,congresswoman,,,,,,,,,Chancellor of Germany,,Don't Know,,percent,,,3,,,,,,6,,,6,5,1,6,2,4,,Slightly liberal,,,,, Other ,Boston Globe,,,,,,ABC,,,,,,,,,,,,,,,,,,,3,A moderate amount,3,5,Independent,,,,Equally close to both,60,30,40,60,60,100,70,open,,,Russia,Cancer,Don’t Know,,Can ask people they suspect of being illegal immigrants for their papers only when stopping them for other reasons.,6,George W. Bush,,,5,4,6,6,2,5,5,2,10%,15%,20%,Branch A,Don't Know,Increased,Increased,,,,,2,7,0,0,8,Don't Know,,4,0,3,4,7,5,4,3,2,2,5
474,234547,9/17/2010 12:39,Complete,,,,,,United States,,CA,,,,,FY991879,,I agree to participate,FY991879,,19,,,end,,,nonphoto,Senate majority leader,president of France,Secretary Homeland security,,,,,German Chancellor,Senate minority leader,,,,,,,regular,Robert Gates,Stephen Breyer,,,,,,,,,,1,7,4,4,1,3,,Liberal,,NY Times,,, Other ,"NPR, New Yorker",,,PBS,,,,,,,,,,,,NPR,,,,,,,,,,1,A great deal,2,4,Democrat,,,Strong,,70,15,70,60,50,70,65,open,,,Russia,Heart failure,Question any person whom they suspect to be an illegal immigrant for their papers,6,Can  ask anyone they suspect of being an illegal immigrant for their papers,6,Ronald Reagan,Increases the Medicare payroll tax for upper‐income Americans,Limits future increases in payments to Medicare providers,,,,,,,,,15%,3%,20%,Branch A,Increased,Decreased,Increased,,,,,7,10,6,7,7,Democrats,,7,0,2,2,4,2,2,4,2,2,6
494,236181,9/18/2010 14:18,Complete,,,,,,United States,,CA,,,,,FY919525,,I agree to participate,FY919525,,29,,,start,9,0,nonphoto,senator Pro temp,president of France,HOMELAND SECURITY,,,,,president of Germany,senate minority leader,,,,,,,regular,Robert Gates,Stephen Breyer,,,,,,,,,,1,7,1,6,1,6,,Very liberal,,,,, Other ,"local newspaper, New Yorker, Atlantic Monthly",,,PBS,,,,,,MSNBC,,,,CNN,,NPR,,,,,,,,,,7,A great deal,7,1,Democrat,,,Strong,,70,0,100,70,70,70,50,closed,[Erstwhile] Soviet Union,Heart Disease,,,Question any person whom they suspect to be an illegal immigrant for their papers,9,Can ask people they suspect of being illegal immigrants for their papers only when stopping them for other reasons.,10,Bill Clinton,Couldn't say,Couldn't say,,,,,,,,,25%,35%,25%,Branch B,,,,Increased,Decreased,Increased,Increased,9,10,0,0,4,Don't Know,,,,7,5,5,3,1,2,1,1,6
493,236117,9/18/2010 13:27,Complete,,,,,,United States,,CO,,,,,FY932109,,I agree to participate,FY932109,,13,,,start,0, dk,nonphoto,us senator from nevada--majority leader with re-election in jepordy,France-- president,"secy homeland security, usa, obama admin",,,,,germany --chancellor,US senator from Kentucky --republican and minority leader ,,,,,,,percent,,,10,,,,,,10,,,1,7,4,1,1,4,,Liberal,,NY Times,,, Other ,Denver Post,,,,,,,,,,,,,,,NPR,,, Others ,BBC,,,,,,0,,4,1,Democrat,,,Not very strong,,50,10,60,50,50,50,40,closed,[Erstwhile] Soviet Union,Heart Disease,,,Question any person whom they suspect to be an illegal immigrant for their papers,6,Can  ask anyone they suspect of being an illegal immigrant for their papers,6,Bill Clinton,,,1,0,9,9,1,0,8,,25%,2%,40%,Branch B,,,,Increased,Decreased,Increased,Increased,6,10,5,10,10,Democrats,,,,3,4,6,5,3,4,1,4,4
473,234269,9/17/2010 11:49,Complete,,,,,,United States,,TN,,,,,FY964071,,I agree to participate,FY964071,,12,,,start,4,6,nonphoto,us senator,pres france,head of homeland security,,,,,chancellor germany,senator,,,,,,,regular,Gary Locke,Couldn't Say,,,,,,,,,,5,7,1,7,2,6,,Moderate,,NY Times,,,,,,Fox,PBS,,,,,Fox News,MSNBC,CSPAN,BBC,,CNN,,NPR,Rush Limbaugh,Michael Savage,,,,,"Online Portal like Google News, AOL or Topix that gathers news from many different sources",,,2,A moderate amount,2,7,Independent,,,,Equally close to both,50,50,50,50,50,50,50,open,,,RUSSIA,heart attacks,"Ask for papers only if the person has been stopped for suspicion about some other transgression, and if they are suspected to be an illegal immigrant",5,Can  ask anyone they suspect of being an illegal immigrant for their papers,5,Bill Clinton,Increases the Medicare payroll tax for upper‐income Americans,Limits future increases in payments to Medicare providers,,,,,,,,,30%,20%,40%,Branch B,,,,Increased,Remained the Same,Increased,Don't Know,4,10,7,10,10,Don't Know,,,,4,5,4,5,3,2,1,4,5
412,229149,9/15/2010 11:59,Complete,,,,,,United States,,,,,,,FY967371,,I agree to participate,FY967371,,28,,,start,6,7,nonphoto,US Senate Majority Leader,President of France,Cabinet member,,,,,Chancellor of Germany,US congressman,,,,,,,regular,Don't Know,Stephen Breyer,,,,,,,,,,4,6,3,3,3,5,,Slightly liberal,,NY Times,,, Other ,,,,,,,,,,,,,,,,NPR,,,,,,,"Online Portal like Google News, AOL or Topix that gathers news from many different sources",,,0,,2,6,Independent,,,,Equally close to both,50,40,60,50,50,50,40,closed,[Erstwhile] Soviet Union,Heart Disease,,,Don’t Know,,Can ask people they suspect of being illegal immigrants for their papers only when stopping them for other reasons.,10,Bill Clinton,Couldn't say,Couldn't say,,,,,,,,,25%,15%,20%,Branch A,Increased,Increased,Increased,,,,,6,10,0,1,5,Don't Know,,,,3,4,6,5,3,2,2,3,6
414,229367,9/15/2010 13:32,Complete,,,,,,United States,,CA,,,,,FY938920,,I agree to participate,FY938920,,37,,,end,,,nonphoto,,French Prime Minister,,,,,,German Chancellor,,,,,,Don't Know,,percent,,,0,0,0,0,,0,0,0,0,1,6,2,4,2,6,,Slightly liberal,Wall Street Journal,,,,,,,,,,,,,,,,BBC,,CNN,,NPR,,,,,,,,,,1,A moderate amount,0,3,Democrat,,,Not very strong,,50,50,60,50,50,50,40,open,,,Germany,Cancer,"Ask for papers only if the person has been stopped for suspicion about some other transgression, and if they are suspected to be an illegal immigrant",5,Can  ask anyone they suspect of being an illegal immigrant for their papers,4,Don't Know,,,5,5,2,5,5,5,6,5,40%,5%,70%,Branch A,Increased,Increased,Increased,,,,,7,0,0,0,3,Democrats,,7,1,1,7,7,4,4,3,3,3,5
415,229426,9/15/2010 15:32,Complete,,,,,,Mexico,,19,,,,,FY993928,,I agree to participate,FY993928,,22,,,start, dk,10,nonphoto,,France President,security USA,,,,,German Prime Minister,,,,,,Don't Know,,percent,,,0,5,5,0,,5,5,0,0,4,3,1,1,7,7,,Moderate,,NY Times,Washington Post,, Other ,Mexican Newspapers,CBS,Fox,,,,,,,,,,,CNN,,,,, Others ,nonen,,,,Other,nonen,1,A moderate amount,1,1,Other,non usa citizen,,,,85,85,85,85,85,85,85,open,,,Rusia,Diabetes,Question any person whom they suspect to be an illegal immigrant for their papers,7,Can  ask anyone they suspect of being an illegal immigrant for their papers,10,Don't Know,,,0,5,5,5,5,5,5,5,35%,1%,30%,Branch B,,,,Decreased,Decreased,Increased,Increased,8,0,0,5,5,Democrats,,,,2,6,4,2,3,3,1,6,6
418,229655,9/15/2010 15:06,Complete,,,,,,United States,,CA,,,,,FY913877,,I agree to participate,FY913877,,23,,,end,,,nonphoto,Senate Majority Leader,president of France,"Governor of Florda, formerUS AG",,,,,Germay Prime Minister,House minority leader,,,,,,,percent,,,,,0,,,,2,,,1,7,4,6,2,4,,Liberal,,,,, Other ,SF Chronicle,,,,,,,,,,,,,,,NPR,,,,,,,,,,0,A little,3,2,Democrat,,,Strong,,50,30,70,50,50,50,50,open,,,Russia,heart disease,"Ask for papers only if the person has been stopped for suspicion about some other transgression, and if they are suspected to be an illegal immigrant",5,Can  ask anyone they suspect of being an illegal immigrant for their papers,9,Bill Clinton,,,0,0,5,3,0,0,0,7,15%,1%,10%,Branch B,,,,Increased,Decreased,Increased,Increased,7,10,10,10,1,Democrats,,8,0,4,6,3,2,3,4,4,3,5
443,233478,9/16/2010 20:08,Complete,,,,,,United States,,NJ,,,,,FY948098,,I agree to participate,FY948098,,88,,,start,7,5,photo,,,,,,,,,,,,,Chancellor of Germany,,Don't Know,regular,Robert Gates,Stephen Breyer,,,,,,,,,,3,7,1,5,1,7,,Slightly liberal,,NY Times,,,,,,,,NBC,,ABC,,,MSNBC,,,,CNN,,NPR,,,,,,,,,,7,A lot,3,2,Independent,,,,Closer to Democratic Party,,,,,,,30,open,,,Russia,Heart disease,Don’t Know,,Can  ask anyone they suspect of being an illegal immigrant for their papers,5,Bill Clinton,Couldn't say,Replaces Medicare with a “public option”,,,,,,,,,35%,20%,30%,Branch B,,,,Remained the Same,Decreased,Increased,Increased,6,10,2,10,10,Don't Know,,,,4,6,3,4,5,2,2,2,6
441,233407,9/16/2010 19:11,Complete,,,,,,United States,,OR,,,,,FY931774,,I agree to participate,FY931774,,37,,,start,6,4,photo,,,,,,,,,,,,,Don't Know,,Don't Know,regular,Don't Know,Couldn't Say,,,,,,,,,,1,7,1,4,1,7,,Moderate,,,,, Other ,The Oregonian,,,PBS,,,,,,,,,,,,NPR,,,,,,,,,,0,,4,5,Democrat,,,Not very strong,,100,40,60,100,100,100,15,closed,Poland,Heart Disease,,,Deny aid to known illegal immigrants,5,Can ask people they suspect of being illegal immigrants for their papers only when stopping them for other reasons.,5,Don't Know,Provides coverage for people who are currently in the country illegally,Cuts benefits to existing Medicare patients,,,,,,,,,40%,15%,25%,Branch B,,,,Increased,Increased,Increased,Increased,4,10,2,7,5,Democrats,,,,2,6,4,2,2,4,4,4,4
440,233403,9/16/2010 19:05,Complete,,,,,,United States,,,,,,,FY960732,,I agree to participate,FY960732,,16,,,start,6,0,photo,,,,Las Vegas Senator,dont know,France Prime minister,,,,Supreme Court Justice,dont know,,,,,regular,Robert Gates,Couldn't Say,,,,,,,,,,1,7,1,3,2,5,,Slightly liberal,,,,,,,CBS,,PBS,NBC,Other,ABC,msnbc,,MSNBC,,BBC,,,,,,,,,,,,,,7,A moderate amount,1,4,Independent,,,,Closer to Democratic Party,75,20,75,50,20,50,50,closed,Germany,Heart Disease,,,"Ask for papers only if the person has been stopped for suspicion about some other transgression, and if they are suspected to be an illegal immigrant",2,Can  ask anyone they suspect of being an illegal immigrant for their papers,5,Bill Clinton,Couldn't say,Couldn't say,,,,,,,,,45%,10%,25%,Branch B,,,,Increased,Decreased,Increased,Increased,8,,0,4,10,Don't Know,,,,6,6,4,6,1,1,5,6,7
439,233398,9/16/2010 19:05,Complete,,,,,,United States,,WA,,,,,FY970206,,I agree to participate,FY970206,,28,,,start,7,3,photo,,,,senate majority leader,,,,,,senate minority leader,PM of Germany,,,,,percent,,,10,,,,,,7,,,3,7,2,6,2,6,,Moderate,Wall Street Journal,,,, Other ,"newsweek, seattle times",,,,,Other,,None,,,,, Others ,,None,NPR,,,,,,,,Other,None,0,Not at all,,5,Independent,,,,Closer to Democratic Party,80,20,60,80,80,80,40,closed,[Erstwhile] Soviet Union,Heart Disease,,,Don’t Know,,Can ask people they suspect of being illegal immigrants for their papers only when stopping them for other reasons.,9,Bill Clinton,,,0,0,5,0,5,0,5,5,25%,5%,10%,Branch B,,,,Increased,Decreased,Increased,Increased,7,10,7,10,10,Democrats,,,,4,4,4,4,3,2,2,2,6
438,233392,9/16/2010 18:57,Complete,,,,,,United States,,AZ,,,,,FY958900,,I agree to participate,FY958900,,14,,,end,,,nonphoto,Senator - USA,President of France,Homeland Security Chief USA,,,,,Prime Minister Germany,Congressman,,,,,,,regular,Robert Gates,Stephen Breyer,,,,,,,,,,1,5,3,6,3,3,,Very liberal,,NY Times,,, Other ,Guardian UK,,,,,,,,,,,,,,,NPR,,, Others ,Democracy Now,,,,,,1,A little,5,5,Democrat,,,Strong,,100,30,50,50,100,50,60,closed,[Erstwhile] Soviet Union,Unintentional injuries,,,"Ask for papers only if the person has been stopped for suspicion about some other transgression, and if they are suspected to be an illegal immigrant",8,Can  ask anyone they suspect of being an illegal immigrant for their papers,10,Bill Clinton,Does not reimburse routine mammograms for women younger than 50,Limits future increases in payments to Medicare providers,,,,,,,,,2%,10%,14%,Branch A,Increased,Decreased,Increased,,,,,9,10,10,10,10,Don't Know,,8,0,5,2,6,4,2,1,1,1,7
437,233385,9/16/2010 18:52,Complete,,,,,,United States,,MA,,,,,FY903043,,I agree to participate,FY903043,,16,,,end,,,photo,,,,Speaker of the House,Cabinet Secretary,President of France,,,,Don't know,Chancellor of Germany,,,,,percent,,,10,0,0,0,,0,100,0,0,3,7,3,6,2,3,,Slightly liberal,Wall Street Journal,NY Times,Washington Post,,,,,,PBS,NBC,,,,,,,BBC,,,,NPR,,,,,,,"Online Portal like Google News, AOL or Topix that gathers news from many different sources",,,3,A moderate amount,2,4,Independent,,,,Closer to Democratic Party,70,60,60,60,80,80,40,closed,[Erstwhile] Soviet Union,Heart Disease,,,"Ask for papers only if the person has been stopped for suspicion about some other transgression, and if they are suspected to be an illegal immigrant",4,Can  ask anyone they suspect of being an illegal immigrant for their papers,7,Bill Clinton,,,0,2,8,2,5,2,8,2,33%,4%,20%,Branch B,,,,Increased,Decreased,Increased,Increased,8,10,10,8,10,Don't Know,,8,0,2,3,3,5,3,3,2,3,6
436,233365,9/16/2010 21:13,Complete,,,,,,United States,,VA,,,,,FY991527,,I agree to participate,FY991527,,1353,,,end,,,photo,,,,U.S. Senator (Senate Majority Leader),Secretary of Homeland Security,Secretary of Treasury,,,,U.S. Senator (Senator Minority Leader),Chancellor of Germany,,,,,regular,Robert Gates,Stephen Breyer,,,,,,,,,,4,7,1,2,1,7,,Slightly conservative,,NY Times,Washington Post,,,,,,,NBC,,ABC,,Fox News,MSNBC,,, Others ,CNN,CNBC,NPR,,,,,,,"Online Portal like Google News, AOL or Topix that gathers news from many different sources",,,7,A moderate amount,5,3,Democrat,,,Strong,,100,40,60,50,70,50,30,closed,Germany,Breast Cancer,,,"Ask for papers only if the person has been stopped for suspicion about some other transgression, and if they are suspected to be an illegal immigrant",2,Can  ask anyone they suspect of being an illegal immigrant for their papers,10,Bill Clinton,Increases the Medicare payroll tax for upper‐income Americans,Limits future increases in payments to Medicare providers,,,,,,,,,33%,1%,20%,Branch A,Increased,Decreased,Increased,,,,,,10,5,4,4,Don't Know,,7,0,2,6,5,3,3,5,4,3,4
435,233355,9/16/2010 18:39,Complete,,,,,,United States,,NJ,,,,,FY992788,,I agree to participate,FY992788,,13,,,start,7,0,nonphoto,Senate Majority Leader,Prime Minister of France,Homeland Security(?)--Obama's Cabinet,,,,,"prime minister, germany",senate minority leader (or is he the house minority leader?),,,,,,,percent,,,7,5,2,0,,0,3,5,5,2,7,2,5,1,5,,Slightly liberal,,NY Times,,, Other ,andrew sullivan's blog,,,,,,,,,,,,,,,NPR,,,,,Huffington Post,,,,,0,,1,3,Independent,,,,Closer to Democratic Party,70,0,40,60,70,70,60,open,,,russia,heart issues,Question any person whom they suspect to be an illegal immigrant for their papers,7,Can  ask anyone they suspect of being an illegal immigrant for their papers,5,Bill Clinton,,,0,0,6,3,0,0,2,8,36%,2%,7%,Branch A,Increased,Decreased,Increased,,,,,4,7,6,4,2,Don't Know,,,,4,3,4,4,4,2,2,2,6
434,233351,9/16/2010 19:50,Complete,,,,,,United States,,NY,,,,,FY967152,,I agree to participate,FY967152,,718,,,start,8, dk,photo,,,,,Supreme Court Justice,,,,,,,,Chancellor of Germany,,Don't Know,percent,,,0,5,5,0,,5,5,0,0,4,7,2,5,1,5,,Slightly liberal,Wall Street Journal,NY Times,,, Other ,"too many to specify (The Onion, websites, newsletters, white papers, firsthand knowledge)",,,,,Other,,"Daily Show, Colbert Report, ",,,,,,,,NPR,,, Others ,Sometimes FMU and,,,,,,,,1,7,Democrat,,,Not very strong,,85,30,85,85,85,85,85,open,,,,Heart attacks/heart disease,Don’t Know,,Couldn’t Say,,Bill Clinton,,,0,5,5,5,6,6,6,5,27%,,,Branch A,Increased,Decreased,Increased,,,,,2,10,9,10,10,Other,Would Reed College ask this question?,,,4,6,6,4,4,3,1,4,6
433,233347,9/16/2010 18:42,Complete,,,,,,United States,,CA,,,,,FY959155,,I agree to participate,FY959155,,56,,,start,7,,photo,,,,speaker of the HOUSE,consumer affairs,chief of staff to Pres.,,,,senate chief officer,immigration chief,,,,,regular,Robert Gates,Tom Vilsack,,,,,,,,,,5,6,1,4,2,4,,Moderate,Wall Street Journal,NY Times,,, Other ,"ECONOMIST,LA TIMES, ORANGE COUNTY REGISTER, ",CBS,,PBS,NBC,,,,,MSNBC,CSPAN,BBC,,CNN,,NPR,,,,,Huffington Post,,,,,2,A moderate amount,5,5,Republican,,Not very strong,,,70,15,60,40,60,70,50,open,,,GERMANY,"STROKE, HEART FAILURE","Ask for papers only if the person has been stopped for suspicion about some other transgression, and if they are suspected to be an illegal immigrant",9,Can escort illegal immigrants back across the border,8,George H. Bush,Increases the Medicare payroll tax for upper‐income Americans,Allows a government panel to make decisions about end‐of‐life care for people on Medicare,,,,,,,,,35%,45%,65%,Branch B,,,,Decreased,Decreased,Increased,,9,10,4,4,8,Don't Know,,,,3,3,4,6,6,1,1,1,7
432,233321,9/16/2010 18:17,Complete,,,,,,United States,,,,,,,FY932078,,I agree to participate,FY932078,,201,,,end,,,photo,,,,"Senator Harry Reid, Nevada","Janet Napolitano, Secretary of Homeland Security","Nikolas Sarkozy, President of France",,,,"Senator Mitch McConnell, Kentucky",,,Chancellor of Germany,,,regular,Robert Gates,Stephen Breyer,,,,,,,,,,1,7,3,7,1,3,,Liberal,Wall Street Journal,NY Times,,, Other ,"Huffington Post, Slate, local newspaper, SFgate, cnn.com",,,,,,,,,MSNBC,CSPAN,BBC,,CNN,,NPR,,, Others ,podcasts,Huffington Post,,,Other,Slate,2,A lot,4,4,Other,not registered with a political party,,Strong,,85,15,60,55,80,80,55,closed,[Erstwhile] Soviet Union,Heart Disease,,,Question any person whom they suspect to be an illegal immigrant for their papers,8,Can  ask anyone they suspect of being an illegal immigrant for their papers,7,Ronald Reagan,Increases the Medicare payroll tax for upper‐income Americans,Limits future increases in payments to Medicare providers,,,,,,,,,33%,4%,10%,Branch B,,,,Remained the Same,Decreased,Increased,Increased,7,9,8,5,8,Other,Neither party does a better job,7,0,3,5,4,2,3,4,4,4,5
431,233312,9/16/2010 18:03,Complete,,,,,,United States,,CA,,,,,FY981143,,I agree to participate,FY981143,,1099,,,end,,,photo,,,,newscaster,teacher,manager,,,,politician,politician,,,,,regular,Don't Know,Couldn't Say,,,,,,,,,,2,5,3,5,2,5,,Slightly liberal,Wall Street Journal,NY Times,,,,,,,,NBC,,ABC,,,,,BBC,,CNN,,NPR,,,,,,,,Other,slate.com,2,A moderate amount,2,6,Democrat,,,Not very strong,,85,70,85,85,85,85,85,open,,,Poland,Cardiovascular disease,Question any person whom they suspect to be an illegal immigrant for their papers,4,Can  ask anyone they suspect of being an illegal immigrant for their papers,4,Bill Clinton,Couldn't say,Allows a government panel to make decisions about end‐of‐life care for people on Medicare,,,,,,,,,20%,12%,38%,Branch A,Remained the Same,Decreased,Increased,,,,,4,4,3,0,7,Don't Know,,8, dk,5,3,6,3,3,3,3,2,5
430,233295,9/16/2010 18:11,Complete,,,,,,United States,,MA,,,,,FY979910,,I agree to participate,FY979910,,29,,,end,,,photo,,,,Minority leader,Secretary of homeland security,President of France ,,,,,,,Chancellor of Germany,,Senate Minority Leader,percent,,,0,0,0,0,,,10,,,3,7,4,4,2,6,,Slightly liberal,Wall Street Journal,,,, Other ,"Boston globe, Boston herald",CBS,Fox,,NBC,,ABC,,,,,,,,,NPR,,Michael Savage, Others ,"Howie Carr, braudy and Eagan",Huffington Post,Drudge Report,"Online Portal like Google News, AOL or Topix that gathers news from many different sources",Other,"Daily beast, politico",7,A moderate amount,7,7,Democrat,,,Strong,,,,,,,,,open,,,Japan,Heart attacks,Question any person whom they suspect to be an illegal immigrant for their papers,6,Can  ask anyone they suspect of being an illegal immigrant for their papers,8,George H. Bush,,,0,0,5,5,0,0,0,0,30%,1%,1%,Branch A,Don't Know,Decreased,Increased,,,,,9,10,5,1,9,Don't Know,,8,5,3,5,4,5,2,3,3,5,4
429,233292,9/16/2010 18:09,Complete,,,,,,United States,,IL,,,,,FY982803,,I agree to participate,FY982803,,310,,,end,,,nonphoto,Senate Majority Leader,Prime Minister of France,Secretary of Dep't of Homeland Security,,,,,Prime Minister of Germany,Senator from Kentucky,,,,,,,regular,Don't Know,Couldn't Say,,,,,,,,,,3,7,2,4,1,4,,Liberal,,,,, Other ,Chicago Tribune,,,,,,,,,,,,,CNN,,,,, Others ,WBBM newsradio,Huffington Post,,"Online Portal like Google News, AOL or Topix that gathers news from many different sources",,,0,,3,6,Independent,,,,Closer to Democratic Party,50,30,70,50,50,50,40,open,,,Japan,heart disease,Don’t Know,,Can ask people they suspect of being illegal immigrants for their papers only when stopping them for other reasons.,7,Ronald Reagan,Does not reimburse routine mammograms for women younger than 50,Limits future increases in payments to Medicare providers,,,,,,,,,25%,15%,20%,Branch B,,,,Remained the Same,Decreased,Increased,Increased,6,10,5,10,7,Don't Know,,8,1,4,6,3,3,4,3,4,3,5
428,233288,9/16/2010 17:56,Complete,,,,,,France,,B9,,,,,FY962351,,I agree to participate,FY962351,,71,,,start,8,0,nonphoto,,President of France,,,,,,President of Germany,,,,,,Don't Know,,regular,Robert Gates,Stephen Breyer,,,,,,,,,,1,7,3,5,1,5,,Slightly liberal,,NY Times,,, Other ,"The Financial Times, The Economist",,,,,Other,,,,,,BBC, Others ,CNN,EuroNews,,,,,,,,,Other,United Nations news,0,,7,2,Democrat,,,Strong,,,5,85,,,,,open,,,Russia,Breast cancer,Deny aid to known illegal immigrants,5,Can escort illegal immigrants back across the border,9,George W. Bush,Does not reimburse routine mammograms for women younger than 50,Limits future increases in payments to Medicare providers,,,,,,,,,40%,5%,50%,Branch B,,,,Remained the Same,Decreased,Increased,Increased,7,9,0,0,0,Republicans,,,,3,5,2,4,2,2,2,2,6
427,233285,9/16/2010 17:53,Complete,,,,,,United States,,,,,,,FY963891,,I agree to participate,FY963891,,43,,,end,,,nonphoto,,Pres. of France,Head of Home Security,,,,,German Chancellor,,,,,,Don't Know,,percent,,,9,,,,,,8,,,I haven't thought much about this,7,1,4,2,5,,Moderate,Wall Street Journal,,,USA Today, Other ,Milwaukee Journal Sentinel,CBS,Fox,PBS,NBC,,ABC,,,,,,,,,NPR,,,,,,,,,,6,A moderate amount,2,5,Independent,,,,Closer to Democratic Party,40,30,70,40,70,70,60,closed,Couldn't say,Don't Know,,,Don’t Know,,Can ask people they suspect of being illegal immigrants for their papers only when stopping them for other reasons.,8,Don't Know,,,5,5,5,5,1,5,5,5,32%,20%,70%,Branch B,,,,Don't Know,Decreased,Increased,Increased,6,8,0,6,3,Republicans,,5,3,5,5,,2,2,6,6,6,6
426,233240,9/16/2010 17:21,Complete,,,,,,United States,,CA,,,,,FY984691,,I agree to participate,FY984691,,37,,,end,,,photo,,,,newsreporter,representative,political analyst,,,,representative,representative,,,,,percent,,,2,,,,,,4,,,3,7,1,5,2,6,,Slightly liberal,,NY Times,,, Other ,Mercury News,,,,,,,,,,,,,,,NPR,,,,,,,,,,0,,2,3,Democrat,,,Strong,,45,30,60,50,45,50,45,closed,[Erstwhile] Soviet Union,Breast Cancer,,,Question any person whom they suspect to be an illegal immigrant for their papers,4,Can ask people they suspect of being illegal immigrants for their papers only when stopping them for other reasons.,4,Don't Know,,,0,0,5,5,0,0,1,1,20%,5%,15%,Branch B,,,,Remained the Same,Decreased,Increased,Increased,5,10,1,3,3,Don't Know,,6,2,3,5,6,5,5,3,3,2,6
420,230763,9/15/2010 19:21,Complete,,,,,,United States,,CO,,,,,FY934103,,I agree to participate,FY934103,,30,,,end,,,photo,,,,Senator,,,,,,,,,Don't Know,,Don't Know,percent,,,0,0,0,0,,0,1,0,0,1,7,3,6,2,6,,Liberal,,,,,,,,,,,,,,,,,,,,,NPR,,,,,,,"Online Portal like Google News, AOL or Topix that gathers news from many different sources",,,0,A great deal,3,5,Democrat,,,Strong,,75,45,60,50,80,50,50,closed,[Erstwhile] Soviet Union,Heart Disease,,,Question any person whom they suspect to be an illegal immigrant for their papers,7,Can ask people they suspect of being illegal immigrants for their papers only when stopping them for other reasons.,9,George W. Bush,,,0,0,2,0,0,0,2,0,25%,0%,15%,Branch B,,,,Increased,Decreased,Increased,Increased,7,10,9,9,7,Don't Know,,8,0,3,4,4,4,2,3,2,3,5
421,230865,9/15/2010 19:35,Complete,,,,,,United States,,CA,,,,,FY932638,,I agree to participate,FY932638,,28,,,end,,,nonphoto,"Majority leader, House of Representitives",,Head of US Dept of commerce,,,,,,,,,Chancellor of Germany,,Governor of Mississippi,,regular,Don't Know,Couldn't Say,,,,,,,,,,1,7,3,7,1,6,,Very liberal,,,,, Other ,San Jose Mercury,,,,,Other,,Don't have TV,,,,, Others ,,No TV,NPR,,, Others ,810 AM,,,,,,0,Not at all,5,8,Democrat,,,Strong,,70,30,100,90,90,90,90,open,,,"Germany, if you count the Jews killed",Old age,"Ask for papers only if the person has been stopped for suspicion about some other transgression, and if they are suspected to be an illegal immigrant",7,Can ask people they suspect of being illegal immigrants for their papers only when stopping them for other reasons.,9,George W. Bush,Increases the Medicare payroll tax for upper‐income Americans,Replaces Medicare with a “public option”,,,,,,,,,28%,30%,30%,Branch B,,,,Increased,Decreased,Increased,Increased,3,10,0,0,0,Democrats,,10,0,3,6,3,4,7,2,1,1,7
422,231572,9/15/2010 23:21,Complete,,,,,,United States,,NH,,,,,FY962651,,I agree to participate,FY962651,,13,,,end,,,photo,,,,"Senate majority leader (Harry Reid, D-NV)",Federal judge,FBI agent,,,,Senator McConnell (KY?),German chancellor Angela Merkel,,,,,regular,Robert Gates,Stephen Breyer,,,,,,,,,,1,5,2,5,1,4,,Slightly liberal,,,,, Other ,SF Chronicle,,,,,,,,,,,,,,,NPR,,,,,,,"Online Portal like Google News, AOL or Topix that gathers news from many different sources",,,0,A moderate amount,2,3,Independent,,,,Closer to Democratic Party,85,40,60,85,85,100,60,open,,,Germany,Cardiac arrest,Don’t Know,,Can ask people they suspect of being illegal immigrants for their papers only when stopping them for other reasons.,9,Bill Clinton,Increases the Medicare payroll tax for upper‐income Americans,Limits future increases in payments to Medicare providers,,,,,,,,,25%,5%,10%,Branch B,,,,Increased,Decreased,Increased,Increased,6,10,2,10,10,Other,Split power (Congress-President in different parties),10,0,3,5,6,3,2,3,3,3,5
423,231937,9/16/2010 4:14,Complete,,,,,,France,,,,,,,FY967303,,I agree to participate,FY967303,,127,,,end,,,nonphoto,,president French Republic,attoney general,,,,,chancellor Germany,vice PM UK,,,,,,,regular,Robert Gates,Stephen Breyer,,,,,,,,,,1,6,2,7,3,5,,Liberal,,,,, Other ,Le Monde,,,,,Other,,None,,,,, Others ,,None,,,, Others ,France Culture,,,,Other,None,0,Not at all,7,2,Other,liberal democrat,,,,70,30,70,50,70,85,85,open,,,Russia (SSSR),Cancer,"Ask for papers only if the person has been stopped for suspicion about some other transgression, and if they are suspected to be an illegal immigrant",5,Can  ask anyone they suspect of being an illegal immigrant for their papers,2,Ronald Reagan,Increases the Medicare payroll tax for upper‐income Americans,Replaces Medicare with a “public option”,,,,,,,,,15%,20%,50%,Branch A,Decreased,Increased,Remained the Same,,,,,8,0,0,5,10,Other,Independents,10,0,3,4,7,3,3,2,4,5,6
424,232011,9/16/2010 6:06,Complete,,,,,,Saudi Arabia,,10,,,,,FY927211,,I agree to participate,FY927211,,43,,,start,10,0,nonphoto,,French President,,,,,,German Chancellor,,,,,,Governor of Mississippi,,regular,Robert Gates,Tom Vilsack,,,,,,,,,,2,2,2,4,4,4,,Slightly conservative,Wall Street Journal,NY Times,,USA Today,,,,,,,,,,,,,BBC,,CNN,,NPR,,,,,,,,,,0,A moderate amount,1,5,Independent,,,,Equally close to both,50,20,40,50,50,50,50,open,,,Russia,Breast Cancer,Don’t Know,,Can  ask anyone they suspect of being an illegal immigrant for their papers,7,Ronald Reagan,Couldn't say,Replaces Medicare with a “public option”,,,,,,,,,80%,20%,40%,Branch B,,,,Increased,Increased,Increased,Decreased,5,6,0,5,2,Don't Know,,,,2,5,4,4,4,4,4,4,6
425,232092,9/16/2010 7:46,Complete,,,,,,United States,,MN,,,,,FY997723,,I agree to participate,FY997723,,10,,,end,,,nonphoto,senate majority leader,president of france,secretary of homeland security,,,,,prime minister of germany,senate minority leader,,,,,,,regular,Robert Gates,Stephen Breyer,,,,,,,,,,,6,2,7,3,5,,Slightly liberal,Wall Street Journal,NY Times,,,,,,,,NBC,,,,,,,,,CNN,,NPR,,,,,,,"Online Portal like Google News, AOL or Topix that gathers news from many different sources",,,3,A lot,4,2,Democrat,,,Strong,,50,30,60,50,60,60,50,closed,[Erstwhile] Soviet Union,Heart Disease,,,Don’t Know,,Can ask people they suspect of being illegal immigrants for their papers only when stopping them for other reasons.,6,Bill Clinton,Couldn't say,Limits future increases in payments to Medicare providers,,,,,,,,,35%,5%,25%,Branch A,Increased,Decreased,Increased,,,,,7,10,6,5,8,Democrats,,7,0,6,6,5,5,5,2,2,4,5
444,233543,9/16/2010 20:42,Complete,,,,,,United States,,CA,,,,,FY938971,,I agree to participate,FY938971,,24,,,start,9,0,nonphoto,Chairman of the Senate,President of France,Immigration,,,,,Chancellor of Germany,Senator,,,,,,,regular,Don't Know,Stephen Breyer,,,,,,,,,,3,7,2,4,2,5,,Slightly liberal,,NY Times,,, Other ,"Local Paper, AP News online, Yahoo News",,,,,,,,,MSNBC,,, Others ,CNN,Daily Show with Jon Stewart,NPR,,,,,Huffington Post,,"Online Portal like Google News, AOL or Topix that gathers news from many different sources",,,1,A lot,2,2,Democrat,,,Strong,,85,30,70,85,85,85,60,closed,Couldn't say,Heart Disease,,,Don’t Know,,Can  ask anyone they suspect of being an illegal immigrant for their papers,8,Don't Know,Couldn't say,Limits future increases in payments to Medicare providers,,,,,,,,,40%,5%,10%,Branch B,,,,Don't Know,Decreased,Increased,Increased,5,10,5,8,10,Don't Know,,,,2,6,4,4,4,2,1,4,5
445,233565,9/17/2010 1:46,Complete,,,,,,France,,A8,,,,,FY988909,,I agree to participate,FY988909,,47,,,end,,,nonphoto,,Republic president for France,,,,,,German Chancelier,,,,,,Don't Know,,percent,,,,,,,,,,,,7,7,1,1,1,I haven't thought much about this,,Conservative,Wall Street Journal,NY Times,,,,,CBS,,,,,,,,MSNBC,,,,CNN,,,,,,,,,,,,1,A lot,1,8,Independent,,,,Equally close to both,70,70,65,70,50,50,0,open,,,Russia,cancer,"Ask for papers only if the person has been stopped for suspicion about some other transgression, and if they are suspected to be an illegal immigrant",2,Can escort illegal immigrants back across the border,3,Don't Know,,,0,5,5,0,10,5,10,10,30%,10%,50%,Branch B,,,,Decreased,Remained the Same,Increased,Don't Know,5,10,0,10,5,Republicans,,5,10,4,6,4,3,4,1,1,1,7
446,233573,9/16/2010 21:49,Complete,,,,,,United States,,NY,,,,,FY919153,,I agree to participate,FY919153,,29,,,start,6,0,photo,,,,Senate Majority Leader,,,,,,,,,Chancellor of Germany,,Don't Know,regular,Don't Know,Couldn't Say,,,,,,,,,,2,7,4,6,1,5,,Very liberal,,NY Times,,,,,,,,,,,,,,,, Others ,,The Daily Show,NPR,,,,,,,,,,0,A little,3,5,Democrat,,,Strong,,85,0,60,85,85,85,85,open,,,Germany,heart attack,"Ask for papers only if the person has been stopped for suspicion about some other transgression, and if they are suspected to be an illegal immigrant",7,Can ask people they suspect of being illegal immigrants for their papers only when stopping them for other reasons.,10,Bill Clinton,Couldn't say,Couldn't say,,,,,,,,,30%,1%,5%,Branch A,Don't Know,Decreased,Increased,,,,,5,10,7,10,6,Other,This is a ridiculous question,,,3,6,4,5,2,5,2,4,5
447,233586,9/16/2010 21:53,Complete,,,,,,United States,,RI,,,,,FY929673,,I agree to participate,FY929673,,74,,,start,0,10,nonphoto,Senator,French top dog,Homeland Secretary,,,,,Greman top dog,Senate republican head,,,,,,,regular,Robert Gates,Stephen Breyer,,,,,,,,,,7,7,1,3,2,6,,Slightly conservative,Wall Street Journal,NY Times,,, Other ,"FT, Economist",,,PBS,,,,,,MSNBC,,BBC,,,,NPR,,,,,,,"Online Portal like Google News, AOL or Topix that gathers news from many different sources",Other,"Various feeds to iPad ""Times"" app",5,A moderate amount,6,7,Independent,,,,Closer to Republican Party,85,70,40,70,85,100,30,open,,,Russia,Breast cancer,Deny aid to known illegal immigrants,7,Can  ask anyone they suspect of being an illegal immigrant for their papers,3,Ronald Reagan,Increases the Medicare payroll tax for upper‐income Americans,Limits future increases in payments to Medicare providers,,,,,,,,,30%,30%,15%,Branch A,Decreased,Decreased,Decreased,,,,,6,9,10,7,5,Republicans,,,,5,3,3,4,4,2,1,2,5
448,233590,9/16/2010 21:24,Complete,,,,,,United States,,IL,,,,,FY977638,,I agree to participate,FY977638,,27,,,end,,,nonphoto,Democratic Senator - Senate leader,French president,Homeland security chief,,,,,Chancelor of Germany,Senior Reoublican in House of Representatives,,,,,,,regular,Robert Gates,Stephen Breyer,,,,,,,,,,1,7,3,6,1,5,,Slightly liberal,,NY Times,,,,,,,,,,,,,,,,,,,NPR,,,,,,,,,,5,A moderate amount,2,5,Independent,,,,Closer to Democratic Party,85,15,70,85,85,85,60,closed,[Erstwhile] Soviet Union,Breast Cancer,,,"Ask for papers only if the person has been stopped for suspicion about some other transgression, and if they are suspected to be an illegal immigrant",5,Can  ask anyone they suspect of being an illegal immigrant for their papers,5,Don't Know,Couldn't say,Limits future increases in payments to Medicare providers,,,,,,,,,30%,10%,30%,Branch A,Increased,Decreased,Increased,,,,,6,10,0,5,5,Don't Know,,6,0,4,4,4,4,2,1,1,1,7
449,233615,9/16/2010 21:35,Complete,,,,,,United States,,AK,,,,,FY941254,,I agree to participate,FY941254,,23,,,start,10,3,photo,,,,Senator,,,,,,,,,Chancellor of Germany,,Don't Know,percent,,,5,0,5,0,,0,7,0,2,1,7,3,4,1,6,,Moderate,,NY Times,,, Other ,Local paper,,,,,,,,,,,,,,,,,,,,,,,,,0,Not at all,1,9,Democrat,,,Strong,,50,40,65,50,50,50,50,closed,[Erstwhile] Soviet Union,Heart Disease,,,Don’t Know,,Can  ask anyone they suspect of being an illegal immigrant for their papers,5,Bill Clinton,,,3,3,5,3,0,0,5,0,2%,1%,10%,Branch A,Increased,Decreased,Increased,,,,,5,10,0,0,5,Democrats,,,,4,5,4,3,3,2,1,2,5
450,233616,9/16/2010 21:35,Complete,,,,,,United States,,CA,,,,,FY947599,,I agree to participate,FY947599,,24,,,start,9,0,nonphoto,Senate majority leader,"President, France",Homeland Security secretary,,,,,"Premier, Germany",Senate minority leader,,,,,,,regular,Robert Gates,Stephen Breyer,,,,,,,,,,2,7,5,6,2,4,,Very liberal,Wall Street Journal,NY Times,,,,,,,,,,,,,,CSPAN,BBC,,,,,,, Others ,"Democracy Now, Pacifica Radio",Huffington Post,,,Other,"Salon, Informed Comment, Matt Taibbi Rolling Stone",0,A moderate amount,2,4,Other,Progressive registered Democrat,,,,90,25,50,50,95,95,95,closed,[Erstwhile] Soviet Union,Heart Disease,,,"Ask for papers only if the person has been stopped for suspicion about some other transgression, and if they are suspected to be an illegal immigrant",5,Can ask people they suspect of being illegal immigrants for their papers only when stopping them for other reasons.,9,Bill Clinton,Does not reimburse routine mammograms for women younger than 50,Cuts benefits to existing Medicare patients,,,,,,,,,30%,0.05%,1%,Branch B,,,,Increased,Decreased,Increased,Increased,9,9,10,10,9,Democrats,,,,5,5,3,2,3,3,2,4,5
451,233637,9/16/2010 22:15,Complete,,,,,,United States,,CA,,,,,FY912288,,I agree to participate,FY912288,,53,,,start,6,2,photo,,,,U.S. Senator?,Asst. Secretary of Agriculture?,President of the Republic (France),,,,U.S. Representative?,President of Germany,,,,,regular,Don't Know,Stephen Breyer,,,,,,,,,,2,6,2,6,2,6,,Liberal,,NY Times,,, Other ,International newspapers,,,,,,,,,,,BBC,,CNN,,NPR,,,,,,,"Online Portal like Google News, AOL or Topix that gathers news from many different sources",,,0,A moderate amount,0,5,Democrat,,,Not very strong,,85,30,85,85,70,85,50,closed,[Erstwhile] Soviet Union,Heart Disease,,,Don’t Know,,Can ask people they suspect of being illegal immigrants for their papers only when stopping them for other reasons.,9,Don't Know,Increases the Medicare payroll tax for upper‐income Americans,Limits future increases in payments to Medicare providers,,,,,,,,,50%,30%,8%,Branch A,Don't Know,Decreased,Increased,,,,,5,8,1,2,5,Democrats,,,,2,5,6,4,4,5,2,4,5
452,233730,9/16/2010 23:11,Complete,,,,,,United States,,CA,,,,,FY994152,,I agree to participate,FY994152,,32,,,start,9,0,nonphoto,Senator,French Prime Minister,consumer affairs,,,,,German Chancellor,Congressman,,,,,,,percent,,,0,0,0,0,,0,0,0,0,1,6,2,5,2,6,,Liberal,Wall Street Journal,,,, Other ,SF Chronicle,,,PBS,NBC,,,,,,,,,,,NPR,,,,,,,,,,5,A moderate amount,2,2,Democrat,,,Strong,,70,50,90,100,90,80,60,closed,Poland,Heart Disease,,,Don’t Know,,Can  ask anyone they suspect of being an illegal immigrant for their papers,10,George H. Bush,,,0,0,5,2,0,0,5,6,12%,2%,5%,Branch A,Increased,Decreased,Increased,,,,,6,10,10,7,7,Democrats,,,,2,6,5,2,5,1,1,2,6
453,233747,9/17/2010 0:13,Complete,,,,,,United States,,CA,,,,,FY929892,,I agree to participate,FY929892,,969,,,start,3,5,nonphoto,senate majority leader,president of france,homeland security head,,,,,,senate minority whip,,,Chancellor of Germany,,,,percent,,,7,,,,,,10,,,4,6,2,4,3,6,,Moderate,Wall Street Journal,NY Times,Washington Post,, Other ,"boston.com, bostonherald, sfgate, signonsandiego, nydailynews, ",,,PBS,,,,,Fox News,,,,,CNN,,NPR,,,,,Huffington Post,Drudge Report,"Online Portal like Google News, AOL or Topix that gathers news from many different sources",Other,"tpm, realclearpolitics, the hill, politico, confluence, firedoglake, daily caller, crooksandliars ",4,A lot,4,4,Other,"unaffiliated; CA ""decline to state""",,,,100,50,50,100,100,100,100,open,,,russia,strokes,Question any person whom they suspect to be an illegal immigrant for their papers,4,Can ask people they suspect of being illegal immigrants for their papers only when stopping them for other reasons.,8,Bill Clinton,,,5,0,7,6,2,0,5,3,24%,10%,55%,Branch B,,,,Remained the Same,Decreased,Increased,Increased,7,10,5,0,10,Republicans,,,,3,5,7,4,3,1,1,1,7
454,233749,9/16/2010 23:32,Complete,,,,,,Italy,,7,,,,,FY931072,,I agree to participate,FY931072,,52,,,start,10,0,nonphoto,,French Prime Minister,,,,,,German Chancellor,minority leader,,,,,,,regular,Don't Know,John Boehner,,,,,,,,,,2,7,3,6,2,6,,Very liberal,,NY Times,,, Other ,BBC,,,,,,,,,,,BBC,,,,NPR,,,,,Huffington Post,,"Online Portal like Google News, AOL or Topix that gathers news from many different sources",,,0,Not at all,5,4,Democrat,,,Strong,,100,40,100,100,100,100,100,open,,,China,heart disease,Don’t Know,,Can ask people they suspect of being illegal immigrants for their papers only when stopping them for other reasons.,7,Don't Know,Couldn't say,Couldn't say,,,,,,,,,28%,5%,30%,Branch A,Remained the Same,Increased,Increased,,,,,8,10,10,9,9,Democrats,,,,2,4,2,4,4,1,1,3,6
455,233774,9/17/2010 0:00,Complete,,,,,,United States,,CA,,,,,FY937671,,I agree to participate,FY937671,,44,,,end,,,nonphoto,senator,Russian president ,cabinet member,,,,,tea party candidate in Arizona,senator,,,,,,,regular,Robert Gates,Couldn't Say,,,,,,,,,,4,7,1,5,1,6,,Liberal,,NY Times,,, Other ,Press Democrat,,,,,,,,,MSNBC,,BBC,,,,NPR,,, Others ,"Tomm Hartman, Randi Rhoades",Huffington Post,,,,,1,A moderate amount,6,2,Democrat,,,Not very strong,,100,10,80,100,100,100,75,closed,Couldn't say,Lung Cancer,,,Question any person whom they suspect to be an illegal immigrant for their papers,4,Can ask people they suspect of being illegal immigrants for their papers only when stopping them for other reasons.,7,Ronald Reagan,Does not reimburse routine mammograms for women younger than 50,Cuts benefits to existing Medicare patients,,,,,,,,,8%,9%,15%,Branch B,,,,Remained the Same,Decreased,Increased,Increased,7,10,7,7,10,Democrats,,9,5,5,2,6,5,5,4,2,4,6
456,233779,9/17/2010 0:04,Complete,,,,,,United States,,TX,,,,,FY924456,,I agree to participate,FY924456,,9,,,end,,,nonphoto,Senate Majority Leader,French President,Homeland Security Chief,,,,,German President,Senate Minority leader,,,,,,,percent,,,10,0,0,0,,0,10,0,0,1,7,4,7,1,4,,Liberal,Wall Street Journal,NY Times,,,,,,,,,,,,,,,BBC,,,,NPR,,,,,,,"Online Portal like Google News, AOL or Topix that gathers news from many different sources",Other,Blogs in general via memeorandum,4,A moderate amount,3,5,Democrat,,,Strong,,75,15,75,85,70,100,70,closed,[Erstwhile] Soviet Union,Unintentional injuries,,,Question any person whom they suspect to be an illegal immigrant for their papers,10,Can ask people they suspect of being illegal immigrants for their papers only when stopping them for other reasons.,10,Bill Clinton,,,5,0,7,7,0,0,10,5,25%,15%,20%,Branch A,Increased,Decreased,Increased,,,,,8,0,0,5,5,Democrats,,7,0,2,6,3,4,3,1,1,1,7
457,233787,9/17/2010 0:37,Complete,,,,,,United States,,CA,,,,,FY999105,,I agree to participate,FY999105,,57,,,start,9,1,nonphoto,senator or representative,leader of France,Head of Homeland Security,,,,,leader of Germany,senator or representative,,,,,,,percent,,,0,0,0,0,,0,0,0,0,2,6,2,4,2,6,,Liberal,,NY Times,,, Other ,SF Examiner,,,,,,,,,,,,,,,NPR,,,,,,,,Other,Yahoo Headlines,0,A little,2,3,Democrat,,,Strong,,,15,70,,,70,70,open,,,Russia,cancer,Don’t Know,,Can  ask anyone they suspect of being an illegal immigrant for their papers,10,Bill Clinton,,,0,0,6,2,2,0,8,8,10%,10%,10%,Branch B,,,,Increased,Decreased,Increased,Increased,8,10,7,8,5,Don't Know,,,,3,6,6,5,4,3,1,4,5
458,233809,9/17/2010 1:15,Complete,,,,,,United States,,OR,,,,,FY964953,,I agree to participate,FY964953,,20,,,start,8,3,photo,,,,Senator from Utah,,,,,,,,,Chancellor of Germany,,Don't Know,percent,,,8,,,,,,2,,,3,7,1,7,1,6,,Slightly liberal,,,,USA Today, Other ,local newspaper,,,PBS,,,,,,,,,,CNN,,NPR,,,,,,,,,,5,A moderate amount,2,6,Democrat,,,Strong,,90,20,95,95,90,90,70,closed,[Erstwhile] Soviet Union,Heart Disease,,,"Ask for papers only if the person has been stopped for suspicion about some other transgression, and if they are suspected to be an illegal immigrant",5,Can ask people they suspect of being illegal immigrants for their papers only when stopping them for other reasons.,8,Ronald Reagan,,,0,0,0,0,0,0,0,0,20%,5%,10%,Branch A,Remained the Same,Decreased,Increased,,,,,6,10,10,5,10,Democrats,,,,3,5,3,5,3,3,2,2,6
459,233824,9/17/2010 1:56,Complete,,,,,,United States,,CA,,,,,FY904554,,I agree to participate,FY904554,,166,,,end,,,nonphoto,"US Senate minority leader, republican from Nevada","head of state, France.",a cabinet secretary.  HHS?,,,,,"head of state, Germany",US republican senator or representative,,,,,,,percent,,,7,0,0,0,,0,8,0,0,5,7,5,6,2,6,,Slightly liberal,,NY Times,,,,,,,,,,,,,,,BBC,,CNN,,,,,,,,,,,,0,A lot,1,9,Independent,,,,Closer to Democratic Party,,15,30,,,,,open,,,Soviet Union,Cancer,Don’t Know,,Can  ask anyone they suspect of being an illegal immigrant for their papers,6,Ronald Reagan,,,0,0,3,1,2,0,5,5,18%,5%,15%,Branch B,,,,Increased,Decreased,Increased,Increased,6,9,0,9,10,Democrats,,7,2,1,3,4,4,4,3,3,4,4
460,233826,9/17/2010 2:11,Complete,,,,,,United States,,CA,,,,,FY986267,,I agree to participate,FY986267,,24,,,end,,,photo,,,,,,"Sarkozy, French president",,,,,"merkel, German president",,,,Don't Know,percent,,,0,0,0,0,,,10,,,1,7,1,4,1,4,,Slightly liberal,,NY Times,,, Other ,San Jose Mercury News,,,,,,,,,,,, Others ,CNN,Daily Show!,NPR,,,,,Huffington Post,,"Online Portal like Google News, AOL or Topix that gathers news from many different sources",,,1,A moderate amount,1,6,Democrat,,,Not very strong,,85,15,75,50,85,90,70,closed,Poland,Heart Disease,,,Don’t Know,,Can ask people they suspect of being illegal immigrants for their papers only when stopping them for other reasons.,3,Bill Clinton,,,0,10,5,5,10,10,0,0,28%,23%,25%,Branch B,,,,Don't Know,Decreased,Increased,Increased,6,10,1,8,1,Don't Know,,8,0,2,6,4,4,3,4,4,4,5
461,233836,9/17/2010 2:59,Complete,,,,,,Kenya,,5,,,,,FY967945,,I agree to participate,FY967945,,92,,,start,6,5,nonphoto,US Senator,President of France,,,,,,German premier,,,,,,Don't Know,,percent,,,5,0,0,0,,0,0,0,0,5,7,1,7,1,6,,Moderate,,,,, Other ,local Kenyan papers,,,,,Other,,local Kenyan tv sations,,,,, Others ,,Al Jazeera,,,, Others ,BBC,,,"Online Portal like Google News, AOL or Topix that gathers news from many different sources",,,2,A lot,3,7,Independent,,,,Closer to Republican Party,70,30,30,70,70,70,70,closed,,Don't Know,,,Question any person whom they suspect to be an illegal immigrant for their papers,5,Couldn’t Say,,Don't Know,,,5,5,5,5,5,5,5,5,30%,2%,40%,Branch A,Remained the Same,Increased,Increased,,,,,8,0,0,7,7,Don't Know,,,,5,3,4,7,1,7,4,7,4
462,233841,9/17/2010 2:38,Complete,,,,,,Netherlands,,7,,,,,FY996137,,I agree to participate,FY996137,,86,,,start,10,5,photo,,,,,,French President,,,,,German Chancellor,,,,Don't Know,regular,Don't Know,Stephen Breyer,,,,,,,,,,1,7,2,4,2,6,,Liberal,,,,, Other ,Netherlands NRC or Telegraph,,,,,Other,,Netherlands 1 & Journaal,,,,BBC,,CNN,,,,, Others ,"BBC World News, Netherlands Business News Radio (BNP)",,,,Other,"BBC, Space.com (science news)",2,A moderate amount,6,5,Independent,,,,Closer to Democratic Party,100,0,60,100,100,100,30,open,,,Japan,heart disease,Don’t Know,,Couldn’t Say,,George H. Bush,Does not reimburse routine mammograms for women younger than 50,Couldn't say,,,,,,,,,30%,0.50%,15%,Branch A,Remained the Same,Decreased,Increased,,,,,6,0,0,0,0,Democrats,,,,4,4,3,3,4,2,2,2,6
464,233846,9/17/2010 3:24,Complete,,,,,,United States,,CA,,,,,FY930782,,I agree to participate,FY930782,,36,,,start,7,10,photo,,,,,,,,,,,,,Don't Know,,Don't Know,percent,,,0,0,0,0,,0,3,0,0,3,6,1,2,3,5,,Slightly liberal,Wall Street Journal,NY Times,Washington Post,,,,,,PBS,,,,,,MSNBC,,,,,,NPR,,,,,Huffington Post,,,,,0,A moderate amount,4,7,Independent,,,,Closer to Democratic Party,100,40,40,100,100,100,30,open,,,Soviet Union,Heart Disease,Question any person whom they suspect to be an illegal immigrant for their papers,3,Can  ask anyone they suspect of being an illegal immigrant for their papers,8,Don't Know,,,2,0,3,3,3,4,7,5,40%,20%,10%,Branch B,,,,Increased,Increased,Increased,Increased,7,8,0,8,5,Democrats,,,,3,4,5,5,5,5,5,3,5
465,233847,9/17/2010 3:29,Complete,,,,,,Germany,,4,,,,,FY912053,,I agree to participate,FY912053,,36,,,end,,,photo,,,,Senator,,President,,,,,Chancellor,,,,Don't Know,regular,Don't Know,Couldn't Say,,,,,,,,,,1,7,1,4,2,6,,Slightly liberal,,NY Times,,,,,CBS,,,NBC,,,,,,,BBC,,CNN,,,,,,,,,,,,5,A moderate amount,4,5,Democrat,,,Not very strong,,40,30,70,50,40,80,30,closed,Poland,Unintentional injuries,,,Deny aid to known illegal immigrants,9,Can escort illegal immigrants back across the border,5,Don't Know,Couldn't say,Couldn't say,,,,,,,,,40%,20%,50%,Branch B,,,,Decreased,Remained the Same,Increased,,7,5,7,10,10,Democrats,,8, dk,1,6,6,3,2,1,7,7,4
466,233888,9/17/2010 5:26,Complete,,,,,,France,,A8,,,,,FY926875,,I agree to participate,FY926875,,47,,,start,10,2,photo,,,,Congressman?,Don't know,President of France,,,,Supreme Court?,Chancellor of Germany,,,,,regular,Don't Know,Couldn't Say,,,,,,,,,,1,7,2,6,2,6,,Liberal,Wall Street Journal,,,, Other ,Intl Herald Tribune; French newspapers,,,,,Other,,French TV channels,,,,,,CNN,,,,, Others ,French stations,,,,Other,Cable TV provider,1,A moderate amount,4,7,Democrat,,,Not very strong,,85,60,70,85,85,90,60,open,,,Germany,Cancer,Don’t Know,,Can ask people they suspect of being illegal immigrants for their papers only when stopping them for other reasons.,1,Don't Know,Couldn't say,Couldn't say,,,,,,,,,35%,5%,20%,Branch B,,,,Don't Know,Don't Know,Increased,Increased,5,9,1,1,1,Don't Know,,,,5,4,4,5,5,3,3,3,3
467,233895,9/17/2010 5:39,Complete,,,,,,United Kingdom,,F2,,,,,FY973899,,I agree to participate,FY973899,,57,,,start,9, dk,nonphoto,,president France,attorney general,,,,,German chancellor,,,,,,Don't Know,,percent,,,,,,,,,,,,1,7,1,4,3,5,,Liberal,,,,, Other ,"Herald Trib, British papers",,,,,Other,,BBC,,,,,,,,,,, Others ,BBC,,,,,,6,A moderate amount,3,6,Democrat,,,Strong,,50,30,70,50,50,85,40,closed,United States,Don't Know,,,Don’t Know,,Couldn’t Say,,Don't Know,,,,,,,,,,,,,,Branch B,,,,Increased,Decreased,Increased,Increased,9,0,0,8,10,Democrats,,,,2,3,4,5,3,2,1,4,5
468,234011,9/17/2010 8:56,Complete,,,,,,United States,,VT,,,,,FY913999,,I agree to participate,FY913999,,33,,,start,9,3,nonphoto,US Senate Majority Leader,President of France,Head of US Homeland Security,,,,,German Chancellor,Republican Senate Minority Leader,,,,,,,percent,,,7,2,2,2,,2,7,2,2,1,7,3,2,3,6,,Liberal,,NY Times,,, Other ,Local Newspaper,,,,,,,,,,,,,CNN,,NPR,,,,,,,,,,0,Not at all,3,1,Democrat,,,Strong,,70,50,70,70,70,85,30,closed,[Erstwhile] Soviet Union,Breast Cancer,,,Question any person whom they suspect to be an illegal immigrant for their papers,3,Can ask people they suspect of being illegal immigrants for their papers only when stopping them for other reasons.,8,Bill Clinton,,,0,0,6,0,0,0,0,2,28%,5%,20%,Branch B,,,,Increased,Increased,Increased,Increased,8,10,10,5,9,Democrats,,,,5,4,6,3,3,2,3,4,5
469,234140,9/17/2010 10:44,Complete,,,,,,United States,,NY,,,,,FY929864,,I agree to participate,FY929864,,41,,,start,0,8,nonphoto,Senator or maybe Rep,,,,,,,,,,,Don't Know,,Don't Know,,regular,Don't Know,Couldn't Say,,,,,,,,,,7,4,1,2,2,6,,Moderate,,,,,,,,,,NBC,,,,,,,,,,,,,, Others ,Abc radio,,,,,,5,A moderate amount,4,8,Republican,,Not very strong,,,85,70,30,85,85,85,30,open,,,Honestly don 't recall,Heart disease,"Ask for papers only if the person has been stopped for suspicion about some other transgression, and if they are suspected to be an illegal immigrant",2,Can ask people they suspect of being illegal immigrants for their papers only when stopping them for other reasons.,5,Don't Know,Does not reimburse routine mammograms for women younger than 50,Couldn't say,,,,,,,,,25%,5%,33%,Branch A,Increased,Decreased,Increased,,,,,5,10,0,10,10,Republicans,,,,3,5,4,4,2,4,4,4,4
470,234151,9/17/2010 10:43,Complete,,,,,,United States,,CA,,,,,FY978104,,I agree to participate,FY978104,,24,,,end,,,nonphoto,"nevada senator, sente majority leader",prime minister of france,homeland security secretary,,,,,"prime minister, germany",senate minority leader,,,,,,,regular,Robert Gates,John Boehner,,,,,,,,,,4,7,1,7,3,3,,Slightly conservative,Wall Street Journal,,,,,,,,,,,,,,,,,,,,NPR,,,,,,,"Online Portal like Google News, AOL or Topix that gathers news from many different sources",,,0,,2,6,Independent,,,,Closer to Republican Party,85,50,30,85,85,85,85,open,,,russia,?,"Ask for papers only if the person has been stopped for suspicion about some other transgression, and if they are suspected to be an illegal immigrant",5,Can  ask anyone they suspect of being an illegal immigrant for their papers,9,Jimmy Carter,Couldn't say,Limits future increases in payments to Medicare providers,,,,,,,,,15%,35%,20%,Branch A,Increased,Decreased,Increased,,,,,9,10,9,9,9,Republicans,,2,8,5,6,7,7,6,4,4,4,4
471,234157,9/17/2010 11:04,Complete,,,,,,United States,,NJ,,,,,FY958915,,I agree to participate,FY958915,,18,,,start,7,9,photo,,,,,,,,,,,,,Don't Know,,Don't Know,percent,,,0,0,0,0,,0,0,0,0,2,7,2,1,1,5,,Slightly liberal,,,,,,,,,,,,,,,,,,,,,NPR,,,,,,,"Online Portal like Google News, AOL or Topix that gathers news from many different sources",,,0,A moderate amount,4,4,Other,I am a free-thinker,,,,75,65,75,80,85,85,40,closed,[Erstwhile] Soviet Union,Heart Disease,,,Question any person whom they suspect to be an illegal immigrant for their papers,5,Can ask people they suspect of being illegal immigrants for their papers only when stopping them for other reasons.,9,Don't Know,,,0,0,5,5,3,7,5,5,12%,2%,15%,Branch B,,,,Increased,Decreased,Increased,Increased,8,0,6,10,5,Don't Know,,,,3,5,7,5,3,2,1,4,7
479,234959,9/17/2010 15:28,Complete,,,,,,United States,,,,,,,FY900630,,I agree to participate,FY900630,,29,,,start,7,0,nonphoto,Senate Majority Leader,President of France,Sec Homeland Security,,,,,Chancellor of Germany,Senate Minority Leader,,,,,,,regular,Robert Gates,Stephen Breyer,,,,,,,,,,3,7,2,7,1,6,,Slightly liberal,,NY Times,,, Other ,"The Week, Newsweek",,,PBS,,,,,,,,,,,,,,,,,,,,,,5,A great deal,5,4,Other,independent leaning dem,,,,60,30,80,80,75,75,20,closed,[Erstwhile] Soviet Union,Heart Disease,,,Don’t Know,,Can ask people they suspect of being illegal immigrants for their papers only when stopping them for other reasons.,9,Don't Know,Couldn't say,Limits future increases in payments to Medicare providers,,,,,,,,,27%,1%,7%,Branch B,,,,Increased,Decreased,Increased,Increased,7,10,10,10,0,Democrats,,,,6,3,4,4,2,4,3,4,4
480,234988,9/17/2010 15:41,Complete,,,,,,United States,,MO,,,,,FY912496,,I agree to participate,FY912496,,19,,,end,,,photo,,,,senator,senator,banker,,,,judge,govenor,,,,,regular,Robert Gates,Couldn't Say,,,,,,,,,,3,7,2,5,1,5,,Slightly liberal,,NY Times,,,,,CBS,,,,,,,,,,,,,,,,,,,,,"Online Portal like Google News, AOL or Topix that gathers news from many different sources",,,1,A moderate amount,2,5,Democrat,,,Strong,,85,70,85,85,85,60,60,open,,,japan,cancer,"Ask for papers only if the person has been stopped for suspicion about some other transgression, and if they are suspected to be an illegal immigrant",6,Can ask people they suspect of being illegal immigrants for their papers only when stopping them for other reasons.,10,George H. Bush,Does not reimburse routine mammograms for women younger than 50,Limits future increases in payments to Medicare providers,,,,,,,,,35%,25%,35%,Branch A,Don't Know,Decreased,Increased,,,,,7,7,2,4,7,Democrats,,7,3,3,3,5,4,3,3,2,3,5
481,235145,9/17/2010 17:31,Complete,,,,,,United States,,NJ,,,,,FY920210,,I agree to participate,FY920210,,31,,,end,,,photo,,,,congressman,Judge,FBI,,,,Cabinet Member,Senator,,,,,regular,Don't Know,Couldn't Say,,,,,,,,,,1,7,3,5,1,5,,Liberal,,NY Times,Washington Post,USA Today,,,,,,,Other,,Daily Show - Jon Stewart,,,,,,,,NPR,,,,,,,,Other,Various,0,A lot,4,7,Democrat,,,Strong,,75,35,80,75,75,75,40,closed,Couldn't say,Unintentional injuries,,,"Ask for papers only if the person has been stopped for suspicion about some other transgression, and if they are suspected to be an illegal immigrant",4,Can ask people they suspect of being illegal immigrants for their papers only when stopping them for other reasons.,7,Ronald Reagan,Couldn't say,Couldn't say,,,,,,,,,30%,10%,5%,Branch B,,,,Increased,Decreased,Increased,Increased,8,10,6,5,4,Democrats,,8,0,6,3,6,3,3,2,1,4,6
496,236425,9/18/2010 18:46,Complete,,,,,,United States,,CA,,,,,FY965568,,I agree to participate,FY965568,,106,,,end,,,nonphoto,,,,,,,,,,,,Don't Know,,Don't Know,,regular,Don't Know,Couldn't Say,,,,,,,,,,1,1,1,6,3,6,,Moderate,,,,, Other ,L.A. Times,CBS,,PBS,,,,,,,CSPAN,BBC,,CNN,,,,,,,,,,,,7,A moderate amount,5,5,Democrat,,,Not very strong,,70,70,70,70,70,80,60,closed,Couldn't say,Heart Disease,,,"Ask for papers only if the person has been stopped for suspicion about some other transgression, and if they are suspected to be an illegal immigrant",4,Can  ask anyone they suspect of being an illegal immigrant for their papers,3,Don't Know,Increases the Medicare payroll tax for upper‐income Americans,Couldn't say,,,,,,,,,20%,15%,18%,Branch B,,,,Increased,Decreased,Increased,Increased,7,10,7,10,10,Don't Know,,7,0,2,4,4,3,2,4,3,5,4
482,235288,9/17/2010 18:01,Complete,,,,,,United States,,MD,,,,,FY927197,,I agree to participate,FY927197,,10,,,end,,,nonphoto,Senate Majority Leader,President of France,Secretary of DHS,,,,,President of Germany,Senate Minority Leader,,,,,,,regular,Don't Know,Stephen Breyer,,,,,,,,,,1,7,2,6,2,5,,Liberal,Wall Street Journal,NY Times,Washington Post,,,,,,,,,,,,,,,,,,,,,,,,,,,,0,Not at all,7,2,Democrat,,,Strong,,50,15,70,50,50,50,40,closed,Couldn't say,Heart Disease,,,Don’t Know,,Can  ask anyone they suspect of being an illegal immigrant for their papers,4,Don't Know,Couldn't say,Couldn't say,,,,,,,,,15%,5%,5%,Branch B,,,,Increased,Decreased,Increased,Increased,10,10,6,1,5,Democrats,,8,0,4,2,3,2,2,2,2,3,6
483,235387,9/17/2010 19:25,Complete,,,,,,United States,,CT,,,,,FY963648,,I agree to participate,FY963648,,28,,,end,,,photo,,,,,Sec'y Health Education Welfare,White House Chief of Staff,,,,,Was on legal staff to Bush,,,,Don't Know,percent,,,10,,,,,,0,,,3,7,1,4,1,7,,Slightly liberal,,NY Times,,, Other ,"Business Week, Vanity Fair",,,PBS,,,,,,MSNBC,,, Others ,,"Comedy Central - Daily Show, Colbert Report",NPR,,,,,,,,Other,Andy Borowitz,7,A moderate amount,3,8,Democrat,,,Not very strong,,85,40,70,85,85,85,40,closed,[Erstwhile] Soviet Union,Heart Disease,,,Don’t Know,,Can ask people they suspect of being illegal immigrants for their papers only when stopping them for other reasons.,7,Ronald Reagan,,,0,0,0,5,3,0,0,3,15%,5%,45%,Branch B,,,,Increased,Decreased,Increased,Increased,8,10,0,1,5,Don't Know,,5,0,5,4,4,4,4,4,4,4,4
484,235578,9/17/2010 22:49,Complete,,,,,,United States,,CA,,,,,FY907400,,I agree to participate,FY907400,,23,,,start,9,9,photo,,,,Senator,New Justice to supreme court,French Prince Minister,,,,Judge,Governor,,,,,regular,Robert Gates,Couldn't Say,,,,,,,,,,4,7,1,3,1,7,,Liberal,Wall Street Journal,NY Times,,, Other ,local county newspaper,,,,NBC,,ABC,,,,,, Others ,,Comedy Central: Colbert and Stewart!,NPR,,,,,,,"Online Portal like Google News, AOL or Topix that gathers news from many different sources",Other,Yahoo News Screen,7,A lot,7,5,Democrat,,,Strong,,70,30,70,70,70,85,0,closed,Germany,Heart Disease,,,Question any person whom they suspect to be an illegal immigrant for their papers,6,Can ask people they suspect of being illegal immigrants for their papers only when stopping them for other reasons.,8,Ronald Reagan,Increases the Medicare payroll tax for upper‐income Americans,Limits future increases in payments to Medicare providers,,,,,,,,,50%,39%,45%,Branch A,Decreased,Increased,Increased,,,,,6,10,5,10,8,Republicans,,,,5,4,6,5,2,4,5,4,5
485,235589,9/17/2010 23:08,Complete,,,,,,United States,,CA,,,,,FY905149,,I agree to participate,FY905149,,21,,,end,,,photo,,,,representative,representative,representative,,,,representative,representative,,,,,regular,Don't Know,Couldn't Say,,,,,,,,,,1,7,5,7,1,4,,Very liberal,,,,, Other ,SF Chronicle,,,,,,,,,,,,,,,,,,,,,,"Online Portal like Google News, AOL or Topix that gathers news from many different sources",,,0,,2,2,Democrat,,,Strong,,100,5,60,100,100,100,90,closed,[Erstwhile] Soviet Union,Heart Disease,,,Don’t Know,,Can ask people they suspect of being illegal immigrants for their papers only when stopping them for other reasons.,8,Don't Know,Couldn't say,Couldn't say,,,,,,,,,40%,3%,5%,Branch B,,,,Increased,Decreased,Increased,Remained the Same,2,10,0,5,2,Democrats,,10,0,3,6,1,2,1,2,1,1,6
486,235643,9/18/2010 0:38,Complete,,,,,,United States,,WA,,,,,FY954186,,I agree to participate,FY954186,,42,,,end,,,photo,,,,Senator,Manager,Financial Manager,,,,Governor,Politician or wife of Politician,,,,,percent,,,9,0,5,5,,0,0,0,0,3,7,1,1,1,5,,Moderate,,,,, Other ,Tri-city herald,,,,NBC,,,,,,,,,,,NPR,,,,,,,,,,5,A great deal,5,5,Democrat,,,Not very strong,,100,30,85,100,100,100,30,closed,Couldn't say,Unintentional injuries,,,"Ask for papers only if the person has been stopped for suspicion about some other transgression, and if they are suspected to be an illegal immigrant",8,Can  ask anyone they suspect of being an illegal immigrant for their papers,9,Don't Know,,,9,9,0,5,0,9,4,0,15%,25%,55%,Branch A,Increased,Decreased,Increased,,,,,8,10,2,10,10,Democrats,,9,0,1,3,5,3,3,7,3,5,4
487,235658,9/18/2010 1:02,Complete,,,,,,United States,,WA,,,,,FY954186,,I agree to participate,FY954186,,13,,,end,,,photo,,,,Senate Majority Leader,Attorney General,French Prime Minister,,,,,German Prime Minister,,,,Senate Minority Leader,percent,,,9,,,,,,,0,,2,7,2,5,2,5,,Slightly liberal,,NY Times,,,,,,,PBS,NBC,,,,,,,,,,,NPR,,,,,,,"Online Portal like Google News, AOL or Topix that gathers news from many different sources",,,,A moderate amount,6,8,Independent,,,,Closer to Democratic Party,50,15,60,50,50,70,50,open,,,USSR,Breast Cancer,"Ask for papers only if the person has been stopped for suspicion about some other transgression, and if they are suspected to be an illegal immigrant",2,Can  ask anyone they suspect of being an illegal immigrant for their papers,6,George W. Bush,,,0,0,3,0,1,1,5,4,15,,,Branch B,,,,Remained the Same,Decreased,Increased,Remained the Same,9,,,,,Democrats,,7,2,,,,,,,,,
488,235678,9/18/2010 1:43,Complete,,,,,,United States,,CA,,,,,FY984142,,I agree to participate,FY984142,,28,,,end,,,photo,,,,senator,representative,secret service,,,,representative,senator,,,,,regular,Robert Gates,Couldn't Say,,,,,,,,,,1,7,3,6,2,5,,Liberal,Wall Street Journal,NY Times,,, Other ,cs monitor,,,,,,,,,,,,,,,NPR,,, Others ,alternative,Huffington Post,,"Online Portal like Google News, AOL or Topix that gathers news from many different sources",Other,alternative,0,,5,4,Other,progressive,,,,,,,,,,,closed,[Erstwhile] Soviet Union,Heart Disease,,,"Ask for papers only if the person has been stopped for suspicion about some other transgression, and if they are suspected to be an illegal immigrant",2,Can  ask anyone they suspect of being an illegal immigrant for their papers,8,George H. Bush,Does not reimburse routine mammograms for women younger than 50,Couldn't say,,,,,,,,,20%,3%,15%,Branch A,Remained the Same,Decreased,Increased,,,,,8,10,10,10,10,Other,"green, nader, progressive",7,0,6,2,3,4,3,2,2,3,6
490,235778,9/18/2010 7:34,Complete,,,,,,United States,,MA,,,,,FY998013,,I agree to participate,FY998013,,14,,,end,,,photo,,,,Senate Majority Leader,Don't know,President of France,,,,Don't know,Germany Prime Minister,,,,,percent,,,0,0,0,0,,0,10,0,0,3,7,3,6,2,5,,Liberal,,NY Times,,,,,,,,,,,,,,,,,,,NPR,,,,,,,,,,0,,1,7,Democrat,,,Strong,,50,20,60,50,50,80,40,open,,,Japan,heart disease,"Ask for papers only if the person has been stopped for suspicion about some other transgression, and if they are suspected to be an illegal immigrant",1,Couldn’t Say,,Don't Know,,,0,0,5,5,5,0,5,5,10%,1%,1%,Branch B,,,,Increased,Decreased,Increased,Increased,5,10,10,6,10,Democrats,,8,0,5,2,7,5,4,4,2,3,6
491,236037,9/18/2010 12:01,Complete,,,,,,United States,,LA,,,,,FY942980,,I agree to participate,FY942980,,14,,,start,10,1,photo,,,,,,,,,,,Prime Minister of Germany,,,,Don't Know,percent,,,0,0,0,0,,0,0,0,0,4,7,1,5,2,6,,Moderate,,,,, Other ,"The Economist, local newspaper",,,,,,,,,,,BBC,,CNN,,NPR,,,,,,,"Online Portal like Google News, AOL or Topix that gathers news from many different sources",,,0,Not at all,4,5,Independent,,,,Closer to Democratic Party,85,40,50,85,85,100,70,closed,Couldn't say,Unintentional injuries,,,Don’t Know,,Can ask people they suspect of being illegal immigrants for their papers only when stopping them for other reasons.,9,Don't Know,,,0,0,5,0,5,0,8,0,40%,1%,20%,Branch A,Increased,Decreased,Increased,,,,,5,5,2,2,7,Don't Know,,,,5,5,4,4,3,4,4,4,4
492,236049,9/18/2010 12:12,Complete,,,,,,United States,,,,,,,FY996602,,I agree to participate,FY996602,,32,,,start,10,0,nonphoto,Senate majority leader,French President,Head of Homeland Security,,,,,German Chancellor,Minority Leader of the House of Representatives,,,,,,,regular,Gary Locke,Couldn't Say,,,,,,,,,,1,7,2,7,2,5,,Liberal,,NY Times,,,,,,,PBS,,,,,,MSNBC,,BBC,,CNN,,NPR,,,,,,,"Online Portal like Google News, AOL or Topix that gathers news from many different sources",Other,Fivethirtyeigth.com,2,A lot,2,6,Democrat,,,Strong,,85,0,85,70,70,70,70,open,,,Russia,Old age,Question any person whom they suspect to be an illegal immigrant for their papers,7,Can  ask anyone they suspect of being an illegal immigrant for their papers,6,Don't Know,Does not reimburse routine mammograms for women younger than 50,Limits future increases in payments to Medicare providers,,,,,,,,,40%,20%,15%,Branch A,Increased,Decreased,Increased,,,,,9,10,10,10,10,Democrats,,,,3,3,3,2,3,2,2,2,6
495,236309,9/18/2010 16:30,Complete,,,,,,Sweden,,28,,,,,FY941159,,I agree to participate,FY941159,,33,,,end,,,nonphoto,,President of France,,,,,,Chancellor of Germany,,,,,,Don't Know,,percent,,,,,,,,,,,,1,7,2,5,3,5,,Very liberal,,NY Times,,, Other ,other countries newspapers -- I am not residing in the US,,,,,Other,,other national tv -- I am not residing in the US,,,,, Others ,,other television -- I am not residing in the US,,,,,,,,,,,5,A great deal,4,5,Other,I am not residing in the US,,,,50,30,70,50,50,50,50,open,,,Germany,cancer,Don’t Know,,Can ask people they suspect of being illegal immigrants for their papers only when stopping them for other reasons.,6,Don't Know,,,5,3,5,3,5,3,5,5,30%,3%,5%,Branch A,Don't Know,Decreased,Increased,,,,,7,0,2,4,7,Democrats,,8,2,3,3,6,3,4,2,2,2,6
497,236525,9/18/2010 20:17,Complete,,,,,,United States,,CA,,,,,FY956725,,I agree to participate,FY956725,,24,,,start,8,5,photo,,,,,,,,,,,governor of Arizona,,,,Don't Know,regular,Robert Gates,Stephen Breyer,,,,,,,,,,3,7,2,3,2,6,,Slightly liberal,,NY Times,,, Other ,Chicago Tribune,,,,,,,,,,,,,,,NPR,,,,,,,,,,0,,,6,Democrat,,,Strong,,50,15,85,60,40,60,15,closed,Poland,Breast Cancer,,,Deny aid to known illegal immigrants,3,Can  ask anyone they suspect of being an illegal immigrant for their papers,8,George H. Bush,Couldn't say,Limits future increases in payments to Medicare providers,,,,,,,,,27%,15%,25%,Branch A,Increased,Decreased,Increased,,,,,3,10,0,1,7,Don't Know,,,,4,6,5,2,2,1,2,1,7
498,237020,9/19/2010 12:11,Complete,,,,,,United States,,CA,,,,,FY928066,,I agree to participate,FY928066,,38,,,end,,,photo,,,,Senate Majority leader,Head of Council of Economic Advisors,,,,,Senate minority leader,Arizona governor,,,,,percent,,,10,,,,,,10,,,6,5,1,2,2,7,,Conservative,Wall Street Journal,NY Times,Washington Post,, Other ,"La Times, Fox News, National Center for Policy Analysis, Heritage Foundation",,Fox,,,,,,Fox News,,CSPAN,,,,,,Rush Limbaugh,, Others ,Mark levine,,,,,,7,A lot,6,5,Independent,,,,Closer to Republican Party,50,60,30,50,50,85,15,open,,,Russia,lung cancer,Question any person whom they suspect to be an illegal immigrant for their papers,10,Can ask people they suspect of being illegal immigrants for their papers only when stopping them for other reasons.,10,Bill Clinton,,,6,0,10,10,0,0,1,0,40%,7%,25%,Branch B,,,,Increased,Decreased,Increased,Increased,10,10,10,10,10,Republicans,,0,10,6,5,5,2,2,2,2,2,6
499,237039,9/19/2010 12:09,Complete,,,,,,United States,,CA,,,,,FY931722,,I agree to participate,FY931722,,332,,,start,6,2,nonphoto,Majority leader in the Senate,Prime Minister of France (may be President),Director of Homeland Security,,,,,Chancellor of Germany,Minority leader in the US Senate,,,,,,,regular,Robert Gates,Stephen Breyer,,,,,,,,,,3,6,4,4,2,4,,Slightly liberal,Wall Street Journal,NY Times,,, Other ,"Slate, FT",,,PBS,NBC,,,,,MSNBC,,BBC,,CNN,,NPR,,,,,,,,,,1,A moderate amount,1,6,Independent,,,,Closer to Democratic Party,60,40,60,60,60,60,40,open,,,Russia,breast cancer (?) not sure,Don’t Know,,Can  ask anyone they suspect of being an illegal immigrant for their papers,8,Bill Clinton,"Replaces private health insurance with a ""single payer system""",Replaces Medicare with a “public option”,,,,,,,,,30%,20%,20%,Branch A,Increased,Decreased,Increased,,,,,6,0,0,0,0,Democrats,,,,3,5,5,5,4,4,6,2,6
516,239653,9/20/2010 20:54,Complete,,,,,,United States,,CA,,,,,FY930562,,I agree to participate,FY930562,,20,,,start,8,0,photo,,,,Orin Hatch-Senator,Janet Napolitano - ???,Sarcozy-President of France,,,,Chief Justice,Governor of Arizona,,,,,regular,Don't Know,Stephen Breyer,,,,,,,,,,1,7,1,7,1,5,,Moderate,,,,, Other ,SJ Mercury News,CBS,Fox,PBS,NBC,,ABC,,Fox News,MSNBC,,,,CNN,,NPR,,,,,,,"Online Portal like Google News, AOL or Topix that gathers news from many different sources",,,7,A moderate amount,5,2,Democrat,,,Strong,,70,50,50,70,70,70,40,closed,Poland,Heart Disease,,,Question any person whom they suspect to be an illegal immigrant for their papers,4,Can  ask anyone they suspect of being an illegal immigrant for their papers,4,Don't Know,Couldn't say,Allows a government panel to make decisions about end‐of‐life care for people on Medicare,,,,,,,,,25%,5%,25%,Branch B,,,,Remained the Same,Remained the Same,Increased,Increased,7,10,0,0,5,Democrats,,,,3,6,7,4,3,2,2,5,6
515,239529,9/20/2010 19:57,Complete,,,,,,Venezuela,,25,,,,,FY951830,,I agree to participate,FY951830,,33,,,start,5,0,nonphoto,Representant,France President,Senator,,,,,German Chancellor (Prime Minister),Don't know,,,,,,,regular,Don't Know,Couldn't Say,,,,,,,,,,3,7,1,5,1,7,,Moderate,,NY Times,,,,,CBS,,,,,,,,,,,,CNN,,,,Michael Savage,,,,,"Online Portal like Google News, AOL or Topix that gathers news from many different sources",,,2,A lot,4,1,Republican,,Not very strong,,,50,70,50,50,50,50,50,closed,Germany,Heart Disease,,,Deny aid to known illegal immigrants,6,Can  ask anyone they suspect of being an illegal immigrant for their papers,9,Don't Know,"Replaces private health insurance with a ""single payer system""",Couldn't say,,,,,,,,,20%,10%,30%,Branch A,Decreased,Decreased,Increased,,,,,5,10,5,6,7,Democrats,,,,3,6,7,4,1,6,6,5,2
500,237838,9/19/2010 19:14,Complete,,,,,,United States,,NJ,,,,,FY902434,,I agree to participate,FY902434,,128,,,end,,,nonphoto,baseball announcer,French president,Senator,,,,,,,,,Don't Know,,Don't Know,,regular,Robert Gates,Stephen Breyer,,,,,,,,,,4,6,1,4,1,7,,Moderate,,,,, Other ,local paper,CBS,Fox,,NBC,,ABC,,Fox News,,,,,CNN,,NPR,,,,,Huffington Post,,,Other,CNN,5,A lot,1,3,Republican,,Not very strong,,,100,90,10,100,100,100,50,closed,[Erstwhile] Soviet Union,Heart Disease,,,Don’t Know,,Can  ask anyone they suspect of being an illegal immigrant for their papers,8,Don't Know,Does not reimburse routine mammograms for women younger than 50,Replaces Medicare with a “public option”,,,,,,,,,25%,20%,10%,Branch A,Increased,Decreased,Increased,,,,,2,10,0,1,1,Other,Tea Party,2,2,2,6,4,2,4,4,4,4,4
501,237947,9/19/2010 21:11,Complete,,,,,,United States,,CA,,,,,FY997218,,I agree to participate,FY997218,,53,,,end,,,nonphoto,Speaker of House,French Pres,Cabinet,,,,,,,,,Don't Know,,Senate Minority Leader,,regular,Robert Gates,Stephen Breyer,,,,,,,,,,1,7,3,6,2,4,,Slightly liberal,Wall Street Journal,NY Times,Washington Post,,,,CBS,,PBS,NBC,,ABC,,,MSNBC,,,,CNN,,NPR,,,,,Huffington Post,,"Online Portal like Google News, AOL or Topix that gathers news from many different sources",,,5,A moderate amount,3,4,Democrat,,,Strong,,85,30,70,70,70,70,40,closed,United States,Heart Disease,,,"Ask for papers only if the person has been stopped for suspicion about some other transgression, and if they are suspected to be an illegal immigrant",5,Can  ask anyone they suspect of being an illegal immigrant for their papers,9,George W. Bush,Increases the Medicare payroll tax for upper‐income Americans,Couldn't say,,,,,,,,,20%,5%,10%,Branch A,Remained the Same,Decreased,Increased,,,,,8,9,6,6,7,Democrats,,9,1,4,5,5,3,3,3,2,2,6
502,237955,9/19/2010 21:24,Complete,,,,,,United States,,CA,,,,,FY932456,,I agree to participate,FY932456,,27,,,end,,,photo,,,,US Senator,Secretary of HUD,president of France,,,,US Senator,Prime Minister of Germany,,,,,regular,Robert Gates,Stephen Breyer,,,,,,,,,,1,7,2,7,2,5,,Liberal,,NY Times,,, Other ,San Jose Mercury News,,,PBS,,,,,,,,BBC, Others ,,The Daily Show,NPR,,,,,,,,,,5,A lot,2,6,Democrat,,,Strong,,70,40,60,70,70,70,70,open,,,Russia (else Germany),old age,"Ask for papers only if the person has been stopped for suspicion about some other transgression, and if they are suspected to be an illegal immigrant",4,Can ask people they suspect of being illegal immigrants for their papers only when stopping them for other reasons.,5,Bill Clinton,Increases the Medicare payroll tax for upper‐income Americans,Limits future increases in payments to Medicare providers,,,,,,,,,15%,3%,3%,Branch B,,,,Increased,Decreased,Increased,Remained the Same,7,10,10,10,7,Don't Know,,7,0,5,2,4,2,2,3,2,3,5
503,237956,9/19/2010 21:27,Complete,,,,,,United States,,PA,,,,,FY947949,,I agree to participate,FY947949,,25,,,end,,,nonphoto,senator from NV,french president,US Cabinet,,,,,,house minority leader,,,Don't Know,,,,regular,Don't Know,Stephen Breyer,,,,,,,,,,7,3,1,6,4,4,,Slightly liberal,,,,, Other ,yahoo headlines,,,,,,,,,,,, Others ,,"Daily Show, Colbert Report",,,,,,,,,,,3,A lot,1,3,Democrat,,,Not very strong,,60,20,60,70,40,80,30,open,,,Germany,childbirth,"Ask for papers only if the person has been stopped for suspicion about some other transgression, and if they are suspected to be an illegal immigrant",7,Can ask people they suspect of being illegal immigrants for their papers only when stopping them for other reasons.,5,George W. Bush,Increases the Medicare payroll tax for upper‐income Americans,Limits future increases in payments to Medicare providers,,,,,,,,,35%,5%,5%,Branch B,,,,Increased,Decreased,Increased,Increased,4,0,0,0,7,Democrats,,8,0,2,6,6,4,5,5,6,5,3
504,238122,9/20/2010 0:34,Complete,,,,,,United States,,CA,,,,,FY963289,,I agree to participate,FY963289,,18,,,end,,,nonphoto,House Minority Leader,French President,Attorney General,,,,,German Chancellor,Senator,,,,,,,regular,Robert Gates,Ken Salazar,,,,,,,,,,1,7,3,7,2,5,,Liberal,,,,,,,,,PBS,NBC,,ABC,,,MSNBC,,BBC,,,,NPR,,,,,,,"Online Portal like Google News, AOL or Topix that gathers news from many different sources",,,1,A little,3,5,Independent,,,,Closer to Democratic Party,70,0,60,70,85,100,85,closed,[Erstwhile] Soviet Union,Breast Cancer,,,Question any person whom they suspect to be an illegal immigrant for their papers,3,Can  ask anyone they suspect of being an illegal immigrant for their papers,5,Bill Clinton,Couldn't say,Replaces Medicare with a “public option”,,,,,,,,,38%,30%,50%,Branch B,,,,Increased,Decreased,Increased,Remained the Same,9,0,0,3,9,Democrats,,7,1,5,5,5,5,6,2,1,5,5
505,238149,9/20/2010 1:53,Complete,,,,,,United States,,WA,,,,,FY943781,,I agree to participate,FY943781,,13,,,end,,,photo,,,,no idea,no idea,Frencn President ,,,,,,,Chancellor of Germany,,Don't Know,percent,,,0,0,0,0,,0,0,0,0,2,7,2,6,1,4,,Moderate,,NY Times,,,,,,,,,Other,,do not watch TV news,,,,, Others ,,no not watch any,NPR,,,,,,,"Online Portal like Google News, AOL or Topix that gathers news from many different sources",,,0,A moderate amount,0,5,Democrat,,,Not very strong,,50,50,50,50,50,50,50,open,,,russia,cancer,Don’t Know,,Can  ask anyone they suspect of being an illegal immigrant for their papers,5,Don't Know,,,,,,,,,,,20%,2%,25%,Branch B,,,,Increased,Decreased,Increased,Increased,5,10,5,5,5,Democrats,,8,0,4,3,4,4,4,3,2,2,6
507,238341,9/20/2010 6:13,Complete,,,,,,United Kingdom,,,,,,,FY988496,,I agree to participate,FY988496,,11,,,start, dk,0,nonphoto,,President of France,,,,,,Chancellor of Germany,,,,,,Don't Know,,percent,,,0,0,0,0,,0,0,0,0,1,7,2,6,1,5,,Liberal,,,,, Other ,Economist/UK Guardian,,,,,Other,,n/a,,,,BBC,,,,,,, Others ,BBC,,,"Online Portal like Google News, AOL or Topix that gathers news from many different sources",Other,BBC,5,A lot,5,3,Democrat,,,Not very strong,,50,0,60,50,50,85,85,open,,,Russia,breast cancer,Deny aid to known illegal immigrants,1,Can  ask anyone they suspect of being an illegal immigrant for their papers,1,Don't Know,,,,,,,,,,,25%,15%,25%,Branch B,,,,Increased,Decreased,Increased,Increased,8,0,0,5,5,Don't Know,,,,4,4,5,3,2,3,4,2,6
508,238480,9/20/2010 9:32,Complete,,,,,,United States,,GA,,,,,FY900891,,I agree to participate,FY900891,,50,,,end,,,photo,,,,,,President of France,,,,,President of Germany,,,,Don't Know,regular,Don't Know,Stephen Breyer,,,,,,,,,,2,5,2,6,2,6,,Liberal,,,,USA Today, Other ,CNN.com,,,,,,,,,,,,,CNN,,NPR,,,,,,,,Other,CNN.com,0,,2,4,Democrat,,,Not very strong,,70,40,80,70,70,90,50,closed,Germany,Heart Disease,,,Don’t Know,,Can ask people they suspect of being illegal immigrants for their papers only when stopping them for other reasons.,7,Don't Know,Increases the Medicare payroll tax for upper‐income Americans,Couldn't say,,,,,,,,,25%,3%,40%,Branch A,Increased,Decreased,Increased,,,,,7,7,1,1,7,Democrats,,7,3,2,4,5,5,5,3,5,3,5
510,238656,9/20/2010 11:49,Complete,,,,,,United States,,,,,,,FY982343,,I agree to participate,FY982343,,11,,,end,,,,,,,,,,,PM of Germany,Senator,Senator,PM of Germany,,,,,percent,,,8,5,5,0,,5,5,5,5,1,6,5,5,4,4,,Moderate,,NY Times,Washington Post,USA Today,,,,,,,,,,Fox News,MSNBC,,BBC,,CNN,,NPR,,,,,Huffington Post,Drudge Report,"Online Portal like Google News, AOL or Topix that gathers news from many different sources",,,0,A moderate amount,1,9,Independent,,,,Closer to Democratic Party,50,15,15,50,50,60,40,closed,[Erstwhile] Soviet Union,Heart Disease,,,"Ask for papers only if the person has been stopped for suspicion about some other transgression, and if they are suspected to be an illegal immigrant",6,Can ask people they suspect of being illegal immigrants for their papers only when stopping them for other reasons.,4,Jimmy Carter,,,1,2,5,3,3,0,1,3,25%,3%,3%,Branch A,Increased,Decreased,Increased,,,,,7,9,1,2,7,Other,neither -- both are sides of the same coin,2,3,5,3,6,5,4,2,1,2,6
511,238668,9/20/2010 11:57,Complete,,,,,,Sweden,,28,,,,,FY903374,,I agree to participate,FY903374,,39,,,start,8, dk,nonphoto,,president of france,,,,,,President of germany,,,,,,Don't Know,,regular,Don't Know,Couldn't Say,,,,,,,,,,2,7,2,1,1,5,,Slightly liberal,,,,, Other ,Göteborgsposten,,,,,Other,,SVT,,,,, Others ,,,,,, Others ,SR1,,,"Online Portal like Google News, AOL or Topix that gathers news from many different sources",,,3,A moderate amount,1,7,Independent,,,,Equally close to both,40,40,40,40,40,40,40,closed,Couldn't say,Don't Know,,,Don’t Know,,Couldn’t Say,,Don't Know,Couldn't say,Couldn't say,,,,,,,,,20%,10%,30%,Branch A,Don't Know,Don't Know,Increased,,,,,3,10,0,2,2,Don't Know,,,,3,3,6,4,5,2,2,3,3
512,238669,9/20/2010 11:58,Complete,,,,,,United States,,IL,,,,,FY991569,,I agree to participate,FY991569,,17,,,end,,,photo,,,,senator,secretary homeland security,director fbi,,,,congressman,govenor,,,,,percent,,,10,,,,,,10,,,3,5,4,6,2,5,,Moderate,,NY Times,Washington Post,USA Today,,,CBS,,,NBC,,,,,MSNBC,,,,CNN,,,,,,,,,,,,5,A lot,1,6,Democrat,,,Not very strong,,75,70,70,75,75,90,60,open,,,usa,cancer,"Ask for papers only if the person has been stopped for suspicion about some other transgression, and if they are suspected to be an illegal immigrant",5,Can ask people they suspect of being illegal immigrants for their papers only when stopping them for other reasons.,7,Don't Know,,,3,7,7,7,3,3,7,6,29%,15,,Branch B,,,,Increased,Decreased,Increased,Increased,7,10,0,2,2,Don't Know,,5,0,5,4,6,4,4,3,3,5,5
513,238967,9/20/2010 14:03,Complete,,,,,,United States,,CA,,,,,FY994777,,I agree to participate,FY994777,,38,,,start,8,0,nonphoto,Democratic leader of the Senate,president of France,Cabinet member of President Carter's administration,,,,,Head of German government,Senator,,,,,,,regular,Robert Gates,Stephen Breyer,,,,,,,,,,1,7,3,6,2,5,,Liberal,,,,, Other ,LA Times,,,PBS,,,,,,,,, Others ,,None,NPR,,,,,,,,Other,None,1,A great deal,7,8,Democrat,,,Not very strong,,100,20,60,100,100,100,90,closed,[Erstwhile] Soviet Union,Heart Disease,,,"Ask for papers only if the person has been stopped for suspicion about some other transgression, and if they are suspected to be an illegal immigrant",7,Can  ask anyone they suspect of being an illegal immigrant for their papers,5,George W. Bush,Increases the Medicare payroll tax for upper‐income Americans,Cuts benefits to existing Medicare patients,,,,,,,,,15%,0.50%,10%,Branch A,Increased,Decreased,Increased,,,,,7,10,9,10,8,Democrats,,,,2,5,4,5,4,3,2,3,5
517,240683,9/21/2010 12:35,Complete,,,,,,United States,,DC,,,,,FY919744,,I agree to participate,FY919744,,14,,,end,,,nonphoto,Senate Majority Leader,President of France (maybe Prime Minister),Secretary of Homeland Security,,,,,President of the European Union,Senate Minority Leader,,,,,,,percent,,,5,5,5,2,,0,8,2,2,3,5,2,6,2,4,,Slightly liberal,,,Washington Post,,,,,,,,,,,,,,,,,,NPR,,,,,,,,Other,special topic e-newsletters received at work,0,,1,2,Independent,,,,Closer to Democratic Party,50,32,65,50,50,75,60,closed,[Erstwhile] Soviet Union,Don't Know,,,Don’t Know,,Can  ask anyone they suspect of being an illegal immigrant for their papers,3,Don't Know,,,0,0,8,0,2,0,8,2,30%,4%,5%,Branch A,Increased,Decreased,Increased,,,,,7,10,10,9,6,Don't Know,,8,0,2,,7,3,3,3,2,3,5
518,240867,9/21/2010 14:13,Complete,,,,,,United States,,,,,,,FY952062,,I agree to participate,FY952062,,21,,,end,,,nonphoto,Senate Majority Leader (Dem),French Prime Minister,Director of Homeland Security,,,,,German Prime Minister,Senator?,,,,,,,regular,Robert Gates,Stephen Breyer,,,,,,,,,,2,7,1,5,1,7,,Slightly liberal,,,,, Other ,"SF Chronicle, SJ Mercury",,,,NBC,,,,,MSNBC,,,,CNN,,,,,,,,,"Online Portal like Google News, AOL or Topix that gathers news from many different sources",,,7,A moderate amount,1,2,Democrat,,,Strong,,50,40,50,50,50,50,40,closed,Couldn't say,Heart Disease,,,Don’t Know,,Can  ask anyone they suspect of being an illegal immigrant for their papers,5,Bill Clinton,Couldn't say,Couldn't say,,,,,,,,,25%,10%,10%,Branch B,,,,Don't Know,Decreased,Increased,Increased,6,9,10,5,10,Don't Know,,7,0,2,6,4,3,2,4,3,5,5
519,241357,9/21/2010 17:51,Complete,,,,,,United States,,,,,,,FY911860,,I agree to participate,FY911860,,50,,,end,,,nonphoto,senate majority leader,president of france,head of homeland security,,,,,chancellor germany,minority leader senate,,,,,,,percent,,,10,0,0,0,,0,10,0,0,7,4,1,1,3,7,,Moderate,Wall Street Journal,NY Times,Washington Post,, Other ,"drudge, realpolitics, red state, dailey caller, politico",,Fox,,,,,,Fox News,,,,,,,,Rush Limbaugh,,,,,Drudge Report,"Online Portal like Google News, AOL or Topix that gathers news from many different sources",Other,realpolitics,3,A great deal,7,5,Other,tea party,,,,100,75,10,100,100,100,60,closed,[Erstwhile] Soviet Union,Heart Disease,,,Deny aid to known illegal immigrants,5,Can ask people they suspect of being illegal immigrants for their papers only when stopping them for other reasons.,5,George H. Bush,,,10,0,10,10,0,0,10,0,30%,2%,10%,Branch B,,,,,Decreased,Increased,Increased,5,10,10,5,10,Republicans,,0,10,4,2,,4,4,4,4,4,7
520,241709,9/21/2010 20:36,Complete,,,,,,United States,,CA,,,,,FY997316,,I agree to participate,FY997316,,36,,,start,7,0,nonphoto,"Democratic Majority Leader, Senate",President of France,Head of Homeland Security,,,,,President of  Germany,"Minority Leader, House of Reps",,,,,,,regular,Robert Gates,Stephen Breyer,,,,,,,,,,2,7,4,7,2,6,,Slightly liberal,,NY Times,,, Other ,"Sacramento Bee, Time, ",,,PBS,,,ABC,,,MSNBC,,BBC,,CNN,,NPR,,,,,,,"Online Portal like Google News, AOL or Topix that gathers news from many different sources",Other,Politico,3,A great deal,4,7,Democrat,,,Strong,,85,40,70,85,90,90,70,closed,[Erstwhile] Soviet Union,Heart Disease,,,"Ask for papers only if the person has been stopped for suspicion about some other transgression, and if they are suspected to be an illegal immigrant",3,Can  ask anyone they suspect of being an illegal immigrant for their papers,9,Bill Clinton,Does not reimburse routine mammograms for women younger than 50,Limits future increases in payments to Medicare providers,,,,,,,,,35%,15%,40%,Branch A,Increased,Decreased,Increased,,,,,8,10,2,5,3,Republicans,,,,3,5,5,5,3,4,3,4,6
521,241927,9/21/2010 23:59,Complete,,,,,,United States,,TN,,,,,FY995007,,I agree to participate,FY995007,,30,,,start,9,2,nonphoto,U. S. Senate president pro tem,French prime minister,Head of U.S.Homeland Security,,,,,German prime minister,Senate minority leader,,,,,,,regular,Robert Gates,Couldn't Say,,,,,,,,,,1,7,2,6,1,6,,Slightly liberal,,,,, Other ,Sacramento Bee,,,PBS,,,,,,,,,,,,NPR,,,,,,,,,,5,A lot,5,8,Democrat,,,Strong,,65,30,75,70,70,70,65,closed,[Erstwhile] Soviet Union,Heart Disease,,,"Ask for papers only if the person has been stopped for suspicion about some other transgression, and if they are suspected to be an illegal immigrant",5,Can  ask anyone they suspect of being an illegal immigrant for their papers,8,Don't Know,Increases the Medicare payroll tax for upper‐income Americans,Limits future increases in payments to Medicare providers,,,,,,,,,20%,2%,5%,Branch B,,,,Increased,Decreased,Increased,Increased,8,10,0,1,7,Democrats,,,,2,6,4,2,2,4,3,4,4
525,244300,9/23/2010 2:51,Complete,,,,,,United States,,CA,,,,,FY941287,,I agree to participate,FY941287,,324,,,start,7,3,photo,,,,Leader - U.S. Senate,Latest Supreme Ct. Justice,,,,,Leader - House of Representatives,Think she's a senator or congresswoman,,,,,percent,,,10,,,,,,10,,,3,7,1,5,1,7,,Moderate,,,,, Other ,San Jose Mercury News,CBS,,PBS,NBC,,ABC,,,,,,,,,,,,,,,,"Online Portal like Google News, AOL or Topix that gathers news from many different sources",,,7,A moderate amount,5,8,Independent,,,,Closer to Democratic Party,75,40,65,85,45,55,45,closed,Germany,Heart Disease,,,"Ask for papers only if the person has been stopped for suspicion about some other transgression, and if they are suspected to be an illegal immigrant",3,Can  ask anyone they suspect of being an illegal immigrant for their papers,8,George W. Bush,,,2,1,9,0,0,0,10,5,18%,20%,8%,Branch B,,,,Increased,Decreased,Increased,Increased,9,10,0,7,5,Democrats,,,,7,3,7,6,5,4,2,3,5
522,242413,9/22/2010 9:49,Complete,,,,,,Puerto Rico,,0,,,,,FY947737,,I agree to participate,FY947737,,10,,,end,,,photo,,,,Senate Minority Whip,Director Homeland Security,President of France,,,,Senate Majority Leader,Chancellor of Germany,,,,,percent,,,100,0,0,0,,0,100,0,0,2,7,1,4,1,4,,Moderate,,,,, Other ,Chicago Tribune and Sun Times,,,,,,ABC,,,,,,,CNN,,,,, Others ,WOSO Radio in San Juan PR,,,"Online Portal like Google News, AOL or Topix that gathers news from many different sources",,,7,A great deal,7,5,Democrat,,,Strong,,50,10,90,50,50,50,50,closed,[Erstwhile] Soviet Union,Heart Disease,,,"Ask for papers only if the person has been stopped for suspicion about some other transgression, and if they are suspected to be an illegal immigrant",8,Can  ask anyone they suspect of being an illegal immigrant for their papers,8,George W. Bush,,,0,10,0,0,10,0,10,0,15%,10%,25%,Branch B,,,,Increased,Decreased,Increased,Remained the Same,10,0,5,9,9,Democrats,,10,5,4,6,4,2,2,4,4,3,4
523,243444,9/22/2010 19:03,Complete,,,,,,United States,,CA,,,,,FY969214,,I agree to participate,FY969214,,85,,,end,,,photo,,,,herry reid    legislator,secretary of something,foreign head of state,,,,legislator,dunno,,,,,regular,Robert Gates,Stephen Breyer,,,,,,,,,,3,7,2,4,3,5,,Liberal,,,,USA Today, Other ,slo tribune,,,,NBC,,,,,MSNBC,,,,CNN,,,,,,,,,,,,4,A little,1,7,Democrat,,,Not very strong,,75,67,89,68,68,68,50,closed,Germany,Heart Disease,,,"Ask for papers only if the person has been stopped for suspicion about some other transgression, and if they are suspected to be an illegal immigrant",1,Can  ask anyone they suspect of being an illegal immigrant for their papers,2,Bill Clinton,Increases the Medicare payroll tax for upper‐income Americans,Limits future increases in payments to Medicare providers,,,,,,,,,28%,8%,20%,Branch B,,,,Remained the Same,Decreased,Increased,Increased,1,6,5,6,6,Democrats,,7,5,6,3,6,4,3,2,2,3,6
524,243780,9/22/2010 21:24,Complete,,,,,,United States,,CA,,,,,FY937079,,I agree to participate,FY937079,,168,,,start,4, dk,photo,,,,,,,,,,,,,Chancellor of Germany,,Don't Know,percent,,,,,,,,,5,,,3,7,2,2,2,7,,Moderate,,,,, Other ,internet,,,,,,,,,,,,,,,NPR,,,,,,,"Online Portal like Google News, AOL or Topix that gathers news from many different sources",,,1,A moderate amount,2,7,Independent,,,,Equally close to both,60,50,50,60,60,60,40,closed,Poland,Heart Disease,,,Don’t Know,,Can ask people they suspect of being illegal immigrants for their papers only when stopping them for other reasons.,,Don't Know,,,5,3,5,5,5,,,,20%,,,Branch B,,,,,Decreased,Increased,Don't Know,7,3,1,3,7,Republicans,,,,6,3,5,6,2,1,2,2,2
526,244400,9/23/2010 5:43,Complete,,,,,,France,,B9,,,,,FY989322,,I agree to participate,FY989322,,36,,,start,7, dk,nonphoto,,French president,,,,,,German prime minister,,,,,,Don't Know,,percent,,,0,0,0,0,,0,0,0,0,2,6,2,2,2,5,,Moderate,,,,USA Today, Other ,French newspapers,,,,,Other,,French programs,,,,, Others ,,none,,,, Others ,French programs,,,,Other,"French newspapers' sites, MSN",2,A lot,2,5,Independent,,,,Closer to Democratic Party,40,60,70,90,45,65,20,open,,,Russia,cardiovascular diseases,Question any person whom they suspect to be an illegal immigrant for their papers,1,Couldn’t Say,,Jimmy Carter,,,0,0,4,0,0,0,4,0,25%,35%,30%,Branch A,Increased,Increased,Increased,,,,,8,0,3,5,6,Don't Know,,7, dk,3,5,5,3,3,4,3,5,5
527,244423,9/23/2010 6:31,Complete,,,,,,United States,,CA,,,,,FY980492,,I agree to participate,FY980492,,158,,,start,10,7,nonphoto,Senate Majority Leader,"President, France","Director, Homeland Security",,,,,"Chancellor, Germany",Senate Minority Leader,,,,,,,regular,Robert Gates,Stephen Breyer,,,,,,,,,,1,7,3,3,1,4,,Liberal,,,,, Other ,San Bernardino County Sun,,,,,,,,,,,,,,,NPR,,,,,,,,Other,FindLaw,0,,5,5,Democrat,,,Strong,,70,40,60,60,85,90,60,closed,[Erstwhile] Soviet Union,Heart Disease,,,Question any person whom they suspect to be an illegal immigrant for their papers,8,Can ask people they suspect of being illegal immigrants for their papers only when stopping them for other reasons.,9,Bill Clinton,Does not reimburse routine mammograms for women younger than 50,Cuts benefits to existing Medicare patients,,,,,,,,,33%,1%,10%,Branch A,Increased,Decreased,Increased,,,,,8,9,5,2,5,Don't Know,,,,4,6,6,5,5,2,1,4,6
528,246248,9/23/2010 16:22,Complete,,,,,,Ecuador,,18,,,,,FY908452,,I agree to participate,FY908452,,55,,,end,,,photo,,,,Senator,Secretary Homeland Security,President of France,,,,,Prime Minister Germany,,,,Don't Know,percent,,,10,,,,,,,,,1,7,4,2,2,5,,Moderate,,,,, Other ,"Diario El Comercio, Quito",,,,NBC,Other,,,,,,,,CNN,,,,,,,,,,,,3,A lot,7,9,Independent,,,,Closer to Democratic Party,85,30,70,50,50,85,30,open,,,Poland,Heart disease,Question any person whom they suspect to be an illegal immigrant for their papers,8,Can ask people they suspect of being illegal immigrants for their papers only when stopping them for other reasons.,10,Don't Know,,,5,0,5,0,5,0,5,5,15%,15%,30%,Branch A,Increased,Decreased,Increased,,,,,8,0,5,0,5,Don't Know,,8,8,4,7,4,6,4,2,2,6,4
529,249019,9/25/2010 20:22,Complete,,,,,,Mexico,,9,,,,,FY950313,,I agree to participate,FY950313,,47,,,start,10,0,nonphoto,,prime minister of france,"member of the cabinet,home security",,,,,chancellor of germany,,,,,,Don't Know,,regular,Don't Know,Couldn't Say,,,,,,,,,,1,7,1,7,1,5,,Liberal,,NY Times,,,,,,,,,,,,,,,,,,,,,,,,,,,,,0,Not at all,3,4,Democrat,,,Strong,,90,50,90,60,80,70,90,open,,,england,cancer,Question any person whom they suspect to be an illegal immigrant for their papers,5,Do not have to read illegal immigrants their rights when arresting them,9,Don't Know,Couldn't say,Couldn't say,,,,,,,,,25%,7%,15%,Branch B,,,,Increased,Decreased,Increased,Increased,9,8,8,8,8,Democrats,,,,6,2,4,4,3,1,1,1,7
530,249424,9/26/2010 13:30,Complete,,,,,,United States,,MD,,,,,FY992215,,I agree to participate,FY992215,,9,,,end,,,photo,,,,Senate Majority Leader,Secretary of Homeland Security,President of France,,,,Senate Minority Leader,Prime Minister of Germany,,,,,regular,Robert Gates,Stephen Breyer,,,,,,,,,,3,7,5,6,3,4,,Liberal,,NY Times,Washington Post,,,,,,PBS,,,,,,MSNBC,,,,,,NPR,,,,,,,,,,3,A little,5,3,Democrat,,,Strong,,50,0,70,50,50,50,50,closed,[Erstwhile] Soviet Union,Heart Disease,,,Question any person whom they suspect to be an illegal immigrant for their papers,4,Can  ask anyone they suspect of being an illegal immigrant for their papers,7,Bill Clinton,Increases the Medicare payroll tax for upper‐income Americans,Limits future increases in payments to Medicare providers,,,,,,,,,25%,7%,20%,Branch A,Increased,Decreased,Increased,,,,,7,10,6,2,0,Democrats,,8,0,5,7,3,4,5,2,2,3,6
531,249994,9/27/2010 0:03,Complete,,,,,,United States,,MO,,,,,FY958621,,I agree to participate,FY958621,,10,,,end,,,nonphoto,journalist,President of France,Secretary of Education,,,,,Chancellor of Germany,US senator,,,,,,,regular,Gary Locke,Stephen Breyer,,,,,,,,,,2,5,1,4,2,5,,Slightly liberal,,,,, Other ,San Mateo Times Tribune,,,,NBC,,,,,,,,,CNN,,NPR,,,,,,,"Online Portal like Google News, AOL or Topix that gathers news from many different sources",,,4,A moderate amount,2,5,Democrat,,,Strong,,85,40,85,85,80,85,40,open,,,Soviet Union,Cardiac disease,"Ask for papers only if the person has been stopped for suspicion about some other transgression, and if they are suspected to be an illegal immigrant",2,Can  ask anyone they suspect of being an illegal immigrant for their papers,3,Ronald Reagan,Couldn't say,Couldn't say,,,,,,,,,30%,10%,20%,Branch B,,,,Increased,Increased,Increased,Increased,6,9,8,5,3,Don't Know,,8,2,2,6,5,5,4,4,3,4,5
532,250729,9/27/2010 16:17,Complete,,,,,,United States,,,,,,,FY938899,,I agree to participate,FY938899,,51,,,start,8,0,photo,,,,member U.S. Congress,Supreme Court appointee,member President's cabinet,,,,member U.S. Senate,Governor,,,,,percent,,,,,,,,,,,,1,6,2,5,1,5,,Slightly liberal,,NY Times,,, Other ,Los Angeles Times,,,PBS,,,,,,MSNBC,,,,CNN,,NPR,,,,,,,,,,5,A great deal,7,2,Democrat,,,,,,,,,,,,closed,[Erstwhile] Soviet Union,Heart Disease,,,"Ask for papers only if the person has been stopped for suspicion about some other transgression, and if they are suspected to be an illegal immigrant",,Can  ask anyone they suspect of being an illegal immigrant for their papers,,Don't Know,,,0,0,5,0,0,0,5,10,30,2,20,Branch B,,,,Increased,,,,10,10,10,5,6,Democrats,,,,3,4,3,3,2,1,1,3,6
533,250845,9/27/2010 17:54,Complete,,,,,,Sweden,,28,,,,,FY918256,,I agree to participate,FY918256,,30,,,start,9,5,nonphoto,,french president,,,,,,German kansler,,,,,,Don't Know,,percent,,,9,,,,,,,,2,4,7,2,3,2,4,,Moderate,,,,, Other ,norwegian newspapers,CBS,,,,,,,,,,,,CNN,,,,,,,,,,,,2,A moderate amount,4,4,Independent,,,,Equally close to both,50,50,50,50,50,50,40,closed,[Erstwhile] Soviet Union,Breast Cancer,,,Don’t Know,,Can  ask anyone they suspect of being an illegal immigrant for their papers,3,Ronald Reagan,,,5,7,4,3,2,0,7,0,15%,20%,12%,Branch B,,,,Increased,Remained the Same,Increased,Remained the Same,5,0,0,0,5,Don't Know,,,,5,2,6,3,5,3,2,4,5
534,250879,9/27/2010 18:22,Complete,,,,,,United States,,VA,,,,,FY973615,,I agree to participate,FY973615,,15,,,end,,,photo,,,,,,,,,,,,,Don't Know,,Don't Know,regular,Don't Know,Couldn't Say,,,,,,,,,,6,6,1,4,2,6,,Slightly conservative,,NY Times,Washington Post,, Other ,Slate,,,,,,,,,,,,,,,,,,,,,,"Online Portal like Google News, AOL or Topix that gathers news from many different sources",,,0,,1,8,Independent,,,,Closer to Republican Party,50,40,30,50,50,50,35,closed,Couldn't say,Unintentional injuries,,,Don’t Know,,Can ask people they suspect of being illegal immigrants for their papers only when stopping them for other reasons.,7,Don't Know,Increases the Medicare payroll tax for upper‐income Americans,Limits future increases in payments to Medicare providers,,,,,,,,,22%,1%,10%,Branch A,Don't Know,Don't Know,Increased,,,,,3,5,3,5,6,Don't Know,,2,5,3,4,3,3,4,5,2,4,5
535,253513,9/29/2010 13:47,Complete,,,,,,United States,,CT,,,,,FY948320,,I agree to participate,FY948320,,28,,,end,,,nonphoto,democratic Senator,Russian President,Director homeland security,,,,,,Senate Republican leader,,,Chancellor of Germany,,,,regular,Don't Know,Couldn't Say,,,,,,,,,,5,4,1,5,3,7,,Slightly liberal,Wall Street Journal,,,,,,,Fox,,NBC,,,,Fox News,,,,,CNN,,,,,,,,,"Online Portal like Google News, AOL or Topix that gathers news from many different sources",,,7,A moderate amount,5,6,Democrat,,,Not very strong,,85,70,40,85,85,85,40,closed,Couldn't say,Heart Disease,,,Deny aid to known illegal immigrants,6,Can ask people they suspect of being illegal immigrants for their papers only when stopping them for other reasons.,10,George H. Bush,Provides coverage for people who are currently in the country illegally,Couldn't say,,,,,,,,,30%,25%,22%,Branch B,,,,Decreased,Don't Know,Increased,Increased,7,10,0,6,8,Republicans,,1,7,4,4,5,3,4,5,2,4,5
536,254104,9/29/2010 19:14,Complete,,,,,,United States,,GA,,,,,FY977383,,I agree to participate,FY977383,,21,,,end,,,photo,,,,Senate Majority Leader,Secy Homeland Security,,,,,,German Chancellor,,,,Don't Know,regular,Robert Gates,Stephen Breyer,,,,,,,,,,5,5,2,4,3,6,,Slightly conservative,Wall Street Journal,,,, Other ,LA Times,,,,,,,,,,,,,,,,,,,,,,,,,0,Not at all,2,3,Republican,,Not very strong,,,50,60,30,50,50,60,50,closed,[Erstwhile] Soviet Union,Heart Disease,,,Don’t Know,,Can  ask anyone they suspect of being an illegal immigrant for their papers,7,Ronald Reagan,Does not reimburse routine mammograms for women younger than 50,Cuts benefits to existing Medicare patients,,,,,,,,,40%,3%,15%,Branch B,,,,Decreased,Decreased,Increased,Increased,6,10,7,5,5,Republicans,,1,6,2,5,5,3,3,4,3,4,5
537,255039,9/30/2010 15:27,Complete,,,,,,United States,,NY,,,,,FY904420,,I agree to participate,FY904420,,51,,,start,10,5,nonphoto,D Senate leader,PM of France,security head,,,,,German PM or Pres.,Senate monority leader,,,,,,,regular,Robert Gates,Stephen Breyer,,,,,,,,,,1,7,4,4,1,4,,Liberal,,NY Times,,, Other ,"Time ,The New Republic, US News, The New Yorker, The Week,Harpers, The Atlantic",,,,,Other,,Lehrer News Hour,,MSNBC,CSPAN,BBC,,CNN,,NPR,,,,,,,,,,5,A lot,4,3,Democrat,,,Strong,,85,40,80,85,85,85,60,closed,[Erstwhile] Soviet Union,Heart Disease,,,"Ask for papers only if the person has been stopped for suspicion about some other transgression, and if they are suspected to be an illegal immigrant",5,Can ask people they suspect of being illegal immigrants for their papers only when stopping them for other reasons.,7,Bill Clinton,Couldn't say,Couldn't say,,,,,,,,,30%,2%,15%,Branch B,,,,Increased,Decreased,Increased,Increased,9,10,10,2,5,Democrats,,,,,3,5,4,3,1,1,1,2
538,258886,10/3/2010 22:58,Complete,,,,,,United States,,MD,,,,,FY946581,,I agree to participate,FY946581,,21,,,start,8,0,photo,,,,Senate Majority Leader,Head of Homeland Security,President of France,,,,Senate Minority Leader,Chancellor of Germany,,,,,percent,,,10,,,,,,10,,,2,4,2,5,3,6,,Liberal,Wall Street Journal,NY Times,Washington Post,,,,,,,NBC,,ABC,,,,,,,,,NPR,,,,,,,,,,7,A lot,7,3,Democrat,,,Strong,,95,40,80,80,80,100,70,open,,,Russia,Heart health related,Question any person whom they suspect to be an illegal immigrant for their papers,7,Can ask people they suspect of being illegal immigrants for their papers only when stopping them for other reasons.,5,George W. Bush,,,5,0,5,0,0,0,0,0,20%,2%,9%,Branch B,,,,Increased,Decreased,Increased,Increased,9,10,10,10,5,Democrats,,,,2,6,5,4,4,4,4,5,4
539,263469,10/8/2010 0:11,Complete,,,,,,United States,,CA,,,,,FY970179,,I agree to participate,FY970179,,11,,,start,8,0,photo,,,,npr listener - no idea what people look like,npr listener - no idea what people look like,npr listener - no idea what people look like,,,,npr listener - no idea what people look like,oh lord cannot put name to face right now...,,,,,percent,,,3,0,3,0,,0,7,3,3,1,7,2,4,2,6,,Liberal,,,,,,,,,,,,,,,,,,,,,NPR,,,,,,,"Online Portal like Google News, AOL or Topix that gathers news from many different sources",,,0,,6,3,Democrat,,,Strong,,100,30,70,100,100,100,70,open,,,Russia,Heart Disease,"Ask for papers only if the person has been stopped for suspicion about some other transgression, and if they are suspected to be an illegal immigrant",3,Can  ask anyone they suspect of being an illegal immigrant for their papers,9,George W. Bush,,,0,0,8,2,0,0,8,5,40%,5%,7%,Branch A,Increased,Decreased,Increased,,,,,9,10,5,10,9,Democrats,,,,2,6,4,4,4,2,1,2,6
540,263680,10/8/2010 9:15,Complete,,,,,,Belgium,,11,,,,,FY970130,,I agree to participate,FY970130,,18,,,end,,,photo,,,,,,President of France,,,,,Germany's prime minister,,,,Don't Know,regular,Don't Know,Couldn't Say,,,,,,,,,,1,7,1,7,1,7,,Slightly liberal,,NY Times,,, Other ,european newspapers,CBS,,PBS,,Other,,BBC and other european channels,,,,BBC,,CNN,,NPR,,,,,,,"Online Portal like Google News, AOL or Topix that gathers news from many different sources",Other,websites of european newspapers,3,A lot,0,3,Democrat,,,Strong,,60,60,85,70,70,85,70,open,,,France,Cancer,"Ask for papers only if the person has been stopped for suspicion about some other transgression, and if they are suspected to be an illegal immigrant",2,Can  ask anyone they suspect of being an illegal immigrant for their papers,7,Don't Know,"Replaces private health insurance with a ""single payer system""",Couldn't say,,,,,,,,,40%,20%,60%,Branch B,,,,Increased,Decreased,Increased,Remained the Same,4,0,0,3,8,Republicans,,8,0,3,6,6,3,3,2,2,2,4
