case_id,post_date,pelosi_probe,cheney_probe,brown_probe,roberts_probe,brown_code1,brown_code2,brown_code3,brown_code4,brown_code5,cheney_code1,cheney_code2,cheney_code3,cheney_code4,cheney_code5,pelosi_code1,pelosi_code2,pelosi_code3,pelosi_code4,pelosi_code5,roberts_code1,roberts_code2,roberts_code3,roberts_code4,roberts_code5,brown_level1,brown_level2,cheney_level1,cheney_level2,pelosi_level1,pelosi_level2,roberts_level1,roberts_level2
1,2008-11-07,5,5,1,5,24,98,98,98,98,4,98,98,98,98,1,16,24,98,98,1,98,98,98,98,0,0,1,0,1,0,1,0
3,2008-12-12,1,5,1,1,95,98,98,98,98,4,98,98,98,98,1,98,98,98,98,95,98,98,98,98,0,0,1,0,1,0,0,0
4,2008-11-08,1,1,1,1,95,98,98,98,98,23,24,98,98,98,2,16,24,98,98,24,98,98,98,98,0,0,0,0,1,1,0,0
5,2008-12-08,5,5,1,5,95,98,98,98,98,4,98,98,98,98,1,98,98,98,98,14,98,98,98,98,0,0,1,0,1,0,1,0
7,2008-12-09,5,5,1,1,95,98,98,98,98,4,98,98,98,98,1,98,98,98,98,95,97,98,98,98,0,0,1,0,1,0,0,0
8,2008-12-17,5,5,1,1,95,97,98,98,98,4,98,98,98,98,16,24,98,98,98,95,98,98,98,98,0,0,1,0,1,0,0,0
9,2008-11-09,1,5,1,1,24,95,97,98,98,4,98,98,98,98,24,98,98,98,98,95,96,98,98,98,0,0,1,0,0,0,0,0
10,2008-11-09,5,5,1,1,95,96,98,98,98,4,98,98,98,98,1,98,98,98,98,95,97,98,98,98,0,0,1,0,1,0,0,0
11,2008-11-09,5,1,1,1,95,96,98,98,98,4,98,98,98,98,1,98,98,98,98,24,98,98,98,98,0,0,1,0,1,0,0,0
12,2008-12-18,5,5,1,1,95,97,98,98,98,4,98,98,98,98,1,98,98,98,98,95,97,98,98,98,0,0,1,0,1,0,0,0
13,2008-11-06,5,5,5,5,95,98,98,98,98,4,98,98,98,98,11,98,98,98,98,95,98,98,98,98,0,0,1,0,1,0,0,0
14,2008-12-11,1,5,5,1,95,98,98,98,98,4,98,98,98,98,23,24,97,98,98,24,95,98,98,98,0,0,1,0,0,0,0,0
15,2008-11-08,1,5,5,5,95,98,98,98,98,96,97,98,98,98,24,95,97,98,98,95,98,98,98,98,0,0,0,0,0,0,0,0
16,2008-12-10,5,5,5,5,95,98,98,98,98,4,98,98,98,98,1,98,98,98,98,95,98,98,98,98,0,0,1,0,1,0,0,0
17,2008-11-06,5,5,5,5,95,98,98,98,98,95,98,98,98,98,95,98,98,98,98,95,98,98,98,98,0,0,0,0,0,0,0,0
18,2008-11-09,5,5,5,5,95,98,98,98,98,95,98,98,98,98,95,98,98,98,98,95,98,98,98,98,0,0,0,0,0,0,0,0
19,2008-11-07,5,5,5,5,95,98,98,98,98,4,98,98,98,98,1,98,98,98,98,1,98,98,98,98,0,0,1,0,1,0,1,0
20,2008-12-12,5,5,5,5,95,98,98,98,98,4,98,98,98,98,1,98,98,98,98,1,98,98,98,98,0,0,1,0,1,0,1,0
21,2008-11-07,1,5,5,5,95,98,98,98,98,96,97,98,98,98,95,96,97,98,98,95,98,98,98,98,0,0,0,0,0,0,0,0
22,2008-12-09,1,5,1,1,95,98,98,98,98,24,98,98,98,98,95,97,98,98,98,95,98,98,98,98,0,0,0,0,0,0,0,0
23,2008-11-21,1,5,1,5,24,98,98,98,98,4,98,98,98,98,24,96,98,98,98,24,98,98,98,98,0,0,1,0,0,0,0,0
24,2008-11-14,1,1,1,1,23,24,98,98,98,95,97,98,98,98,1,97,98,98,98,23,98,98,98,98,0,0,0,0,1,0,0,0
25,2008-11-19,1,1,1,1,24,98,98,98,98,4,98,98,98,98,24,98,98,98,98,24,98,98,98,98,0,0,1,0,0,0,0,0
27,2008-12-02,1,1,1,1,95,98,98,98,98,95,98,98,98,98,95,98,98,98,98,95,98,98,98,98,0,0,0,0,0,0,0,0
28,2008-12-13,1,1,1,1,24,98,98,98,98,4,98,98,98,98,16,24,98,98,98,24,98,98,98,98,0,0,1,0,1,0,0,0
29,2008-11-28,1,1,5,1,24,98,98,98,98,4,98,98,98,98,95,96,97,98,98,24,98,98,98,98,0,0,1,0,0,0,0,0
30,2008-11-14,1,5,1,5,24,98,98,98,98,4,98,98,98,98,24,98,98,98,98,24,98,98,98,98,0,0,1,0,0,0,0,0
31,2008-12-07,5,5,1,1,95,98,98,98,98,4,98,98,98,98,24,98,98,98,98,95,98,98,98,98,0,0,1,0,0,0,0,0
32,2008-11-19,5,5,1,5,95,98,98,98,98,4,98,98,98,98,1,98,98,98,98,14,98,98,98,98,0,0,1,0,1,0,1,0
33,2008-11-18,5,5,5,1,3,98,98,98,98,4,98,98,98,98,1,98,98,98,98,95,98,98,98,98,0,0,1,0,1,0,0,0
34,2008-11-18,5,5,1,5,95,98,98,98,98,4,98,98,98,98,1,98,98,98,98,14,98,98,98,98,0,0,1,0,1,0,1,0
35,2008-11-07,5,5,5,5,95,98,98,98,98,4,98,98,98,98,1,98,98,98,98,95,98,98,98,98,0,0,1,0,1,0,0,0
36,2008-11-25,1,1,1,1,95,98,98,98,98,95,98,98,98,98,95,98,98,98,98,95,98,98,98,98,0,0,0,0,0,0,0,0
37,2008-11-10,5,5,5,5,24,98,98,98,98,4,98,98,98,98,1,98,98,98,98,24,98,98,98,98,0,0,1,0,1,0,0,0
38,2008-11-28,5,5,5,5,24,98,98,98,98,4,98,98,98,98,1,98,98,98,98,24,98,98,98,98,0,0,1,0,1,0,0,0
39,2008-12-04,1,1,5,5,24,98,98,98,98,4,98,98,98,98,16,98,98,98,98,24,98,98,98,98,0,0,1,0,1,0,0,0
40,2008-11-09,5,5,1,1,95,98,98,98,98,4,98,98,98,98,1,98,98,98,98,95,98,98,98,98,0,0,1,0,1,0,0,0
41,2008-11-16,1,1,5,5,95,98,98,98,98,95,98,98,98,98,95,98,98,98,98,95,98,98,98,98,0,0,0,0,0,0,0,0
42,2008-12-03,1,5,1,5,24,98,98,98,98,24,98,98,98,98,24,98,98,98,98,24,98,98,98,98,0,0,0,0,0,0,0,0
43,2008-11-18,1,1,1,5,24,98,98,98,98,24,98,98,98,98,24,98,98,98,98,24,98,98,98,98,0,0,0,0,0,0,0,0
44,2008-11-18,5,5,1,5,95,98,98,98,98,4,98,98,98,98,24,98,98,98,98,14,98,98,98,98,0,0,1,0,0,0,1,0
45,2008-12-02,5,5,5,5,24,98,98,98,98,4,98,98,98,98,24,98,98,98,98,24,98,98,98,98,0,0,1,0,0,0,0,0
46,2008-12-17,1,5,5,5,24,98,98,98,98,4,98,98,98,98,24,98,98,98,98,24,98,98,98,98,0,0,1,0,0,0,0,0
47,2008-12-11,5,5,1,5,24,98,98,98,98,4,98,98,98,98,24,98,98,98,98,24,98,98,98,98,0,0,1,0,0,0,0,0
48,2008-11-11,5,5,5,5,1,98,98,98,98,4,98,98,98,98,1,98,98,98,98,1,98,98,98,98,1,0,1,0,1,0,1,0
49,2008-11-11,5,5,1,1,95,98,98,98,98,4,98,98,98,98,1,98,98,98,98,95,98,98,98,98,0,0,1,0,1,0,0,0
50,2008-12-15,1,5,5,5,24,98,98,98,98,4,98,98,98,98,24,98,98,98,98,24,98,98,98,98,0,0,1,0,0,0,0,0
51,2008-11-24,5,5,5,5,95,98,98,98,98,4,98,98,98,98,24,98,98,98,98,24,98,98,98,98,0,0,1,0,0,0,0,0
52,2008-12-15,5,5,1,5,24,98,98,98,98,4,98,98,98,98,1,98,98,98,98,24,98,98,98,98,0,0,1,0,1,0,0,0
54,2008-11-22,1,5,5,5,95,98,98,98,98,4,98,98,98,98,95,98,98,98,98,95,98,98,98,98,0,0,1,0,0,0,0,0
55,2008-11-20,5,5,5,5,95,98,98,98,98,4,98,98,98,98,1,98,98,98,98,95,98,98,98,98,0,0,1,0,1,0,0,0
56,2008-11-12,1,5,1,1,24,98,98,98,98,4,98,98,98,98,24,98,98,98,98,24,98,98,98,98,0,0,1,0,0,0,0,0
57,2008-12-16,1,5,5,5,24,98,98,98,98,24,98,98,98,98,24,98,98,98,98,24,98,98,98,98,0,0,0,0,0,0,0,0
59,2008-11-18,1,1,1,5,95,98,98,98,98,95,98,98,98,98,95,98,98,98,98,95,98,98,98,98,0,0,0,0,0,0,0,0
60,2008-11-13,1,1,1,1,95,98,98,98,98,4,98,98,98,98,1,98,98,98,98,95,98,98,98,98,0,0,1,0,1,0,0,0
61,2008-11-26,5,1,5,5,95,98,98,98,98,4,98,98,98,98,95,98,98,98,98,95,98,98,98,98,0,0,1,0,0,0,0,0
62,2008-12-13,1,1,1,5,95,98,98,98,98,4,98,98,98,98,95,98,98,98,98,95,98,98,98,98,0,0,1,0,0,0,0,0
63,2008-12-19,1,1,1,5,95,98,98,98,98,4,98,98,98,98,95,98,98,98,98,95,98,98,98,98,0,0,1,0,0,0,0,0
64,2008-11-15,5,5,1,1,24,98,98,98,98,24,98,98,98,98,24,98,98,98,98,24,98,98,98,98,0,0,0,0,0,0,0,0
65,2008-12-02,5,5,5,1,24,98,98,98,98,4,98,98,98,98,1,98,98,98,98,24,98,98,98,98,0,0,1,0,1,0,0,0
66,2008-11-11,5,5,5,1,1,98,98,98,98,4,98,98,98,98,24,98,98,98,98,24,98,98,98,98,1,0,1,0,0,0,0,0
67,2008-11-07,5,5,1,1,95,97,98,98,98,4,98,98,98,98,1,98,98,98,98,95,98,98,98,98,0,0,1,0,1,0,0,0
68,2008-11-17,5,5,5,5,1,98,98,98,98,4,98,98,98,98,11,98,98,98,98,14,98,98,98,98,1,0,1,0,1,0,1,0
69,2008-11-21,5,5,1,5,95,98,98,98,98,4,98,98,98,98,1,16,24,98,98,14,98,98,98,98,0,0,1,0,1,0,1,0
71,2008-11-26,5,5,1,1,95,98,98,98,98,4,98,98,98,98,1,98,98,98,98,95,98,98,98,98,0,0,1,0,1,0,0,0
72,2008-11-19,5,5,1,5,24,98,98,98,98,4,98,98,98,98,1,98,98,98,98,24,98,98,98,98,0,0,1,0,1,0,0,0
73,2008-11-21,1,1,1,1,95,98,98,98,98,95,98,98,98,98,95,98,98,98,98,95,98,98,98,98,0,0,0,0,0,0,0,0
74,2008-11-08,1,1,5,5,95,98,98,98,98,95,98,98,98,98,95,96,98,98,98,95,98,98,98,98,0,0,0,0,0,0,0,0
75,2008-11-09,1,1,1,1,24,95,97,98,98,4,98,98,98,98,95,98,98,98,98,95,98,98,98,98,0,0,1,0,0,0,0,0
76,2008-12-12,5,5,1,1,24,98,98,98,98,4,98,98,98,98,1,98,98,98,98,14,98,98,98,98,0,0,1,0,1,0,1,0
77,2008-11-08,5,5,5,5,1,98,98,98,98,4,98,98,98,98,1,16,24,98,98,24,98,98,98,98,1,0,1,0,1,0,0,0
78,2008-12-07,5,5,5,1,24,98,98,98,98,4,98,98,98,98,1,98,98,98,98,24,98,98,98,98,0,0,1,0,1,0,0,0
79,2008-11-16,5,5,1,5,24,98,98,98,98,24,98,98,98,98,24,98,98,98,98,24,98,98,98,98,0,0,0,0,0,0,0,0
80,2008-11-19,5,5,1,5,24,98,98,98,98,4,98,98,98,98,1,98,98,98,98,24,98,98,98,98,0,0,1,0,1,0,0,0
81,2008-12-13,1,1,1,1,24,95,98,98,98,4,98,98,98,98,1,98,98,98,98,24,98,98,98,98,0,0,1,0,1,0,0,0
82,2008-11-19,1,1,1,1,24,98,98,98,98,4,98,98,98,98,1,98,98,98,98,24,98,98,98,98,0,0,1,0,1,0,0,0
83,2008-11-17,1,1,1,1,95,98,98,98,98,24,95,98,98,98,11,98,98,98,98,95,98,98,98,98,0,0,0,0,1,0,0,0
85,2008-11-29,1,1,1,1,95,98,98,98,98,4,98,98,98,98,12,24,98,98,98,95,98,98,98,98,0,0,1,0,0,1,0,0
86,2008-12-12,1,1,1,1,95,98,98,98,98,24,95,98,98,98,95,98,98,98,98,95,98,98,98,98,0,0,0,0,0,0,0,0
87,2008-11-19,1,1,1,1,95,98,98,98,98,4,98,98,98,98,24,98,98,98,98,95,98,98,98,98,0,0,1,0,0,0,0,0
88,2008-12-05,1,1,1,1,24,98,98,98,98,24,98,98,98,98,24,95,98,98,98,14,98,98,98,98,0,0,0,0,0,0,1,0
89,2008-11-26,1,1,1,1,24,98,98,98,98,24,98,98,98,98,24,98,98,98,98,24,98,98,98,98,0,0,0,0,0,0,0,0
90,2008-12-22,1,1,1,1,95,98,98,98,98,95,97,98,98,98,95,98,98,98,98,95,98,98,98,98,0,0,0,0,0,0,0,0
92,2008-12-06,1,1,1,1,24,95,98,98,98,4,98,98,98,98,24,95,98,98,98,24,95,98,98,98,0,0,1,0,0,0,0,0
93,2008-12-03,1,1,1,1,24,95,98,98,98,4,98,98,98,98,24,95,98,98,98,24,95,98,98,98,0,0,1,0,0,0,0,0
94,2008-11-26,1,1,1,1,95,98,98,98,98,95,98,98,98,98,24,95,98,98,98,95,98,98,98,98,0,0,0,0,0,0,0,0
95,2008-11-30,1,1,1,1,95,98,98,98,98,24,98,98,98,98,95,96,97,98,98,95,97,98,98,98,0,0,0,0,0,0,0,0
96,2008-11-12,1,1,1,1,24,98,98,98,98,24,98,98,98,98,16,98,98,98,98,24,98,98,98,98,0,0,0,0,1,0,0,0
98,2008-11-15,1,1,1,1,24,98,98,98,98,4,98,98,98,98,95,98,98,98,98,24,98,98,98,98,0,0,1,0,0,0,0,0
99,2008-11-29,1,1,1,1,24,95,98,98,98,4,98,98,98,98,1,98,98,98,98,14,98,98,98,98,0,0,1,0,1,0,1,0
101,2008-11-15,1,1,1,1,24,95,97,98,98,4,98,98,98,98,16,98,98,98,98,95,98,98,98,98,0,0,1,0,1,0,0,0
103,2008-11-10,1,1,1,1,95,98,98,98,98,95,98,98,98,98,95,98,98,98,98,95,98,98,98,98,0,0,0,0,0,0,0,0
104,2008-12-10,1,1,1,1,1,98,98,98,98,4,98,98,98,98,1,98,98,98,98,11,98,98,98,98,1,0,1,0,1,0,1,0
105,2008-12-02,1,1,1,1,96,98,98,98,98,96,98,98,98,98,95,98,98,98,98,96,98,98,98,98,0,0,0,0,0,0,0,0
106,2008-12-06,1,1,1,1,95,96,98,98,98,4,98,98,98,98,1,98,98,98,98,24,95,98,98,98,0,0,1,0,1,0,0,0
107,2008-11-21,1,5,1,1,24,98,98,98,98,4,98,98,98,98,16,98,98,98,98,24,98,98,98,98,0,0,1,0,1,0,0,0
108,2008-11-17,5,5,5,5,24,98,98,98,98,4,98,98,98,98,16,98,98,98,98,24,98,98,98,98,0,0,1,0,1,0,0,0
109,2008-11-16,1,1,1,1,24,98,98,98,98,4,98,98,98,98,24,95,97,98,98,95,97,98,98,98,0,0,1,0,0,0,0,0
110,2008-11-10,5,5,1,1,24,98,98,98,98,4,98,98,98,98,1,98,98,98,98,24,98,98,98,98,0,0,1,0,1,0,0,0
111,2008-11-17,1,1,1,1,24,98,98,98,98,24,98,98,98,98,24,98,98,98,98,24,98,98,98,98,0,0,0,0,0,0,0,0
112,2008-12-06,1,5,5,5,24,98,98,98,98,24,98,98,98,98,24,98,98,98,98,24,98,98,98,98,0,0,0,0,0,0,0,0
113,2008-11-09,1,1,1,1,24,97,98,98,98,24,98,98,98,98,16,95,98,98,98,24,98,98,98,98,0,0,0,0,1,0,0,0
114,2008-11-17,1,1,1,1,24,95,98,98,98,24,98,98,98,98,95,98,98,98,98,95,98,98,98,98,0,0,0,0,0,0,0,0
115,2008-11-10,1,1,1,5,95,98,98,98,98,95,98,98,98,98,24,95,97,98,98,24,98,98,98,98,0,0,0,0,0,0,0,0
116,2008-11-15,5,5,1,1,24,98,98,98,98,4,98,98,98,98,1,98,98,98,98,24,98,98,98,98,0,0,1,0,1,0,0,0
117,2008-12-05,1,1,1,1,24,98,98,98,98,4,98,98,98,98,95,98,98,98,98,24,98,98,98,98,0,0,1,0,0,0,0,0
118,2008-11-07,5,5,1,1,95,98,98,98,98,4,98,98,98,98,24,98,98,98,98,95,97,98,98,98,0,0,1,0,0,0,0,0
119,2008-12-21,1,1,1,1,95,98,98,98,98,4,98,98,98,98,95,97,98,98,98,95,98,98,98,98,0,0,1,0,0,0,0,0
120,2008-11-08,1,5,1,1,95,98,98,98,98,4,98,98,98,98,95,98,98,98,98,24,98,98,98,98,0,0,1,0,0,0,0,0
121,2008-11-09,5,5,1,1,95,98,98,98,98,4,98,98,98,98,1,98,98,98,98,24,95,98,98,98,0,0,1,0,1,0,0,0
122,2008-11-24,5,5,1,5,24,98,98,98,98,4,98,98,98,98,1,98,98,98,98,24,98,98,98,98,0,0,1,0,1,0,0,0
123,2008-11-13,1,5,1,1,95,98,98,98,98,4,98,98,98,98,95,98,98,98,98,95,96,98,98,98,0,0,1,0,0,0,0,0
124,2008-11-24,5,5,1,5,24,98,98,98,98,4,98,98,98,98,1,98,98,98,98,24,98,98,98,98,0,0,1,0,1,0,0,0
125,2008-11-11,5,5,1,1,24,95,98,98,98,4,98,98,98,98,16,98,98,98,98,24,95,98,98,98,0,0,1,0,1,0,0,0
126,2008-11-19,5,5,1,5,95,98,98,98,98,4,98,98,98,98,1,98,98,98,98,14,98,98,98,98,0,0,1,0,1,0,1,0
127,2008-12-18,1,1,1,1,95,98,98,98,98,4,98,98,98,98,24,98,98,98,98,95,98,98,98,98,0,0,1,0,0,0,0,0
128,2008-12-29,1,5,1,1,95,98,98,98,98,24,98,98,98,98,95,98,98,98,98,95,98,98,98,98,0,0,0,0,0,0,0,0
129,2008-11-11,1,1,1,1,95,97,98,98,98,4,98,98,98,98,1,98,98,98,98,95,98,98,98,98,0,0,1,0,1,0,0,0
130,2008-11-06,5,5,1,5,24,98,98,98,98,4,98,98,98,98,24,98,98,98,98,,,,,,0,0,1,0,0,0,,
131,2008-11-29,5,5,5,1,1,98,98,98,98,4,98,98,98,98,1,98,98,98,98,14,98,98,98,98,1,0,1,0,1,0,1,0
132,2008-11-24,5,5,1,5,1,98,98,98,98,4,98,98,98,98,24,98,98,98,98,14,98,98,98,98,1,0,1,0,0,0,1,0
133,2008-12-15,1,5,1,1,95,98,98,98,98,4,98,98,98,98,95,98,98,98,98,95,98,98,98,98,0,0,1,0,0,0,0,0
134,2008-12-09,1,5,1,1,95,98,98,98,98,4,98,98,98,98,95,98,98,98,98,95,98,98,98,98,0,0,1,0,0,0,0,0
135,2008-12-05,1,5,1,1,24,98,98,98,98,4,98,98,98,98,95,98,98,98,98,95,98,98,98,98,0,0,1,0,0,0,0,0
137,2008-11-09,5,1,5,1,95,98,98,98,98,4,98,98,98,98,1,98,98,98,98,95,98,98,98,98,0,0,1,0,1,0,0,0
138,2008-12-07,1,5,1,1,95,98,98,98,98,4,98,98,98,98,95,98,98,98,98,95,98,98,98,98,0,0,1,0,0,0,0,0
139,2008-11-12,5,5,5,5,1,98,98,98,98,4,98,98,98,98,1,98,98,98,98,1,98,98,98,98,1,0,1,0,1,0,1,0
141,2008-11-09,5,5,5,1,1,98,98,98,98,4,98,98,98,98,1,98,98,98,98,24,98,98,98,98,1,0,1,0,1,0,0,0
144,2008-12-20,5,5,5,5,24,98,98,98,98,4,98,98,98,98,1,98,98,98,98,24,98,98,98,98,0,0,1,0,1,0,0,0
145,2008-11-23,1,5,1,1,95,98,98,98,98,4,98,98,98,98,24,98,98,98,98,95,98,98,98,98,0,0,1,0,0,0,0,0
146,2008-12-17,5,5,5,1,1,98,98,98,98,4,98,98,98,98,1,98,98,98,98,95,98,98,98,98,1,0,1,0,1,0,0,0
147,2008-11-14,5,5,1,5,24,98,98,98,98,4,98,98,98,98,1,98,98,98,98,24,98,98,98,98,0,0,1,0,1,0,0,0
148,2008-11-24,5,5,1,1,24,98,98,98,98,4,98,98,98,98,1,98,98,98,98,24,98,98,98,98,0,0,1,0,1,0,0,0
149,2008-12-03,1,1,1,1,95,98,98,98,98,24,98,98,98,98,95,98,98,98,98,95,98,98,98,98,0,0,0,0,0,0,0,0
150,2008-12-08,5,5,5,5,1,98,98,98,98,4,98,98,98,98,1,98,98,98,98,14,98,98,98,98,1,0,1,0,1,0,1,0
151,2008-11-20,5,5,5,5,1,98,98,98,98,4,98,98,98,98,1,98,98,98,98,14,98,98,98,98,1,0,1,0,1,0,1,0
152,2008-12-09,5,5,5,5,1,98,98,98,98,4,98,98,98,98,1,98,98,98,98,14,98,98,98,98,1,0,1,0,1,0,1,0
153,2008-11-21,5,5,5,1,1,98,98,98,98,4,98,98,98,98,1,98,98,98,98,14,98,98,98,98,1,0,1,0,1,0,1,0
155,2008-12-18,1,1,5,1,24,98,98,98,98,24,98,98,98,98,24,98,98,98,98,95,98,98,98,98,0,0,0,0,0,0,0,0
156,2008-12-01,5,5,5,1,24,98,98,98,98,4,98,98,98,98,1,98,98,98,98,24,98,98,98,98,0,0,1,0,1,0,0,0
157,2008-11-24,1,5,5,5,24,98,98,98,98,4,98,98,98,98,24,98,98,98,98,24,98,98,98,98,0,0,1,0,0,0,0,0
158,2008-11-12,5,5,1,1,24,98,98,98,98,4,98,98,98,98,1,16,98,98,98,24,98,98,98,98,0,0,1,0,1,0,0,0
160,2008-12-08,1,1,1,1,24,98,98,98,98,4,98,98,98,98,24,98,98,98,98,24,98,98,98,98,0,0,1,0,0,0,0,0
161,2008-11-08,1,1,1,1,95,98,98,98,98,95,98,98,98,98,95,98,98,98,98,95,98,98,98,98,0,0,0,0,0,0,0,0
162,2008-11-18,1,5,1,5,95,98,98,98,98,24,98,98,98,98,95,98,98,98,98,24,97,98,98,98,0,0,0,0,0,0,0,0
163,2008-12-13,1,1,1,1,95,98,98,98,98,95,98,98,98,98,95,98,98,98,98,95,98,98,98,98,0,0,0,0,0,0,0,0
164,2008-11-08,1,1,1,1,95,98,98,98,98,95,98,98,98,98,95,98,98,98,98,95,98,98,98,98,0,0,0,0,0,0,0,0
165,2008-11-22,1,5,1,1,95,98,98,98,98,4,98,98,98,98,95,98,98,98,98,24,95,98,98,98,0,0,1,0,0,0,0,0
166,2008-12-14,5,5,1,5,24,98,98,98,98,4,98,98,98,98,24,98,98,98,98,24,98,98,98,98,0,0,1,0,0,0,0,0
167,2008-11-08,1,1,5,5,95,98,98,98,98,24,97,98,98,98,96,98,98,98,98,24,98,98,98,98,0,0,0,0,0,0,0,0
168,2008-11-09,5,5,5,5,95,98,98,98,98,95,98,98,98,98,95,98,98,98,98,95,98,98,98,98,0,0,0,0,0,0,0,0
169,2008-11-11,5,5,5,5,95,98,98,98,98,95,98,98,98,98,95,98,98,98,98,95,98,98,98,98,0,0,0,0,0,0,0,0
170,2008-11-07,5,5,5,5,95,98,98,98,98,95,98,98,98,98,95,98,98,98,98,95,98,98,98,98,0,0,0,0,0,0,0,0
171,2008-12-23,5,1,1,5,95,98,98,98,98,24,98,98,98,98,95,98,98,98,98,95,98,98,98,98,0,0,0,0,0,0,0,0
172,2008-11-15,5,5,5,5,95,98,98,98,98,95,98,98,98,98,95,98,98,98,98,95,98,98,98,98,0,0,0,0,0,0,0,0
173,2008-11-13,5,1,1,1,95,98,98,98,98,95,98,98,98,98,24,98,98,98,98,95,98,98,98,98,0,0,0,0,0,0,0,0
174,2008-11-19,5,5,1,1,95,98,98,98,98,4,98,98,98,98,24,98,98,98,98,14,95,96,98,98,0,0,1,0,0,0,1,0
175,2008-11-14,5,5,1,1,24,95,98,98,98,4,24,98,98,98,1,24,98,98,98,24,95,98,98,98,0,0,1,0,1,0,0,0
176,2008-11-10,5,5,1,5,95,98,98,98,98,4,98,98,98,98,1,98,98,98,98,14,98,98,98,98,0,0,1,0,1,0,1,0
177,2008-11-21,5,5,1,1,95,98,98,98,98,4,98,98,98,98,1,98,98,98,98,95,98,98,98,98,0,0,1,0,1,0,0,0
178,2008-11-17,1,5,1,1,95,98,98,98,98,4,98,98,98,98,1,95,98,98,98,95,98,98,98,98,0,0,1,0,1,0,0,0
179,2008-11-15,5,5,5,5,1,98,98,98,98,4,98,98,98,98,1,98,98,98,98,1,98,98,98,98,1,0,1,0,1,0,1,0
180,2008-11-10,5,5,1,1,95,98,98,98,98,4,98,98,98,98,1,98,98,98,98,95,98,98,98,98,0,0,1,0,1,0,0,0
181,2008-11-10,5,5,1,5,95,98,98,98,98,4,98,98,98,98,1,98,98,98,98,14,98,98,98,98,0,0,1,0,1,0,1,0
182,2008-11-22,5,5,1,1,24,95,98,98,98,4,98,98,98,98,1,24,98,98,98,95,98,98,98,98,0,0,1,0,1,0,0,0
183,2008-11-11,5,5,1,1,95,97,98,98,98,4,24,98,98,98,12,15,24,98,98,24,95,98,98,98,0,0,1,0,0,1,0,0
184,2008-11-14,1,1,1,1,95,98,98,98,98,4,24,95,98,98,95,98,98,98,98,95,98,98,98,98,0,0,1,0,0,0,0,0
185,2008-11-09,1,5,1,1,24,95,98,98,98,4,98,98,98,98,1,16,95,97,98,24,95,98,98,98,0,0,1,0,1,0,0,0
186,2008-11-10,1,5,1,1,24,95,98,98,98,4,97,98,98,98,95,97,98,98,98,24,95,97,98,98,0,0,1,0,0,0,0,0
187,2008-11-15,5,1,5,5,96,98,98,98,98,95,98,98,98,98,96,98,98,98,98,96,98,98,98,98,0,0,0,0,0,0,0,0
188,2008-12-07,5,5,5,5,24,98,98,98,98,4,98,98,98,98,1,98,98,98,98,14,98,98,98,98,0,0,1,0,1,0,1,0
189,2008-11-10,5,5,5,5,95,98,98,98,98,4,98,98,98,98,12,98,98,98,98,95,98,98,98,98,0,0,1,0,0,1,0,0
190,2008-11-13,1,1,1,1,24,95,98,98,98,24,95,98,98,98,95,98,98,98,98,95,98,98,98,98,0,0,0,0,0,0,0,0
192,2008-11-10,5,5,5,5,95,98,98,98,98,4,98,98,98,98,1,98,98,98,98,95,98,98,98,98,0,0,1,0,1,0,0,0
193,2008-11-20,1,5,1,5,95,98,98,98,98,4,98,98,98,98,24,98,98,98,98,24,98,98,98,98,0,0,1,0,0,0,0,0
194,2008-12-08,1,1,1,1,24,95,97,98,98,24,98,98,98,98,95,98,98,98,98,95,98,98,98,98,0,0,0,0,0,0,0,0
195,2008-12-13,1,5,5,5,24,98,98,98,98,4,98,98,98,98,24,98,98,98,98,24,98,98,98,98,0,0,1,0,0,0,0,0
196,2008-11-08,5,5,5,5,95,98,98,98,98,4,98,98,98,98,1,98,98,98,98,95,98,98,98,98,0,0,1,0,1,0,0,0
197,2008-11-18,5,5,5,5,24,98,98,98,98,24,98,98,98,98,95,98,98,98,98,24,98,98,98,98,0,0,0,0,0,0,0,0
198,2008-11-17,5,5,1,5,24,95,98,98,98,4,98,98,98,98,11,24,98,98,98,14,98,98,98,98,0,0,1,0,1,0,1,0
199,2008-11-23,1,5,1,5,24,98,98,98,98,4,98,98,98,98,24,98,98,98,98,24,98,98,98,98,0,0,1,0,0,0,0,0
200,2008-12-02,5,1,5,1,24,98,98,98,98,1,98,98,98,98,1,98,98,98,98,14,98,98,98,98,0,0,1,0,1,0,1,0
201,2008-11-05,1,1,1,1,24,96,98,98,98,24,98,98,98,98,24,95,98,98,98,24,98,98,98,98,0,0,0,0,0,0,0,0
202,2008-12-02,5,5,1,1,95,98,98,98,98,4,98,98,98,98,1,98,98,98,98,24,98,98,98,98,0,0,1,0,1,0,0,0
203,2008-11-18,1,5,1,1,24,95,98,98,98,4,24,98,98,98,1,95,98,98,98,24,95,98,98,98,0,0,1,0,1,0,0,0
204,2008-12-13,5,5,1,1,24,95,98,98,98,3,98,98,98,98,1,24,98,98,98,24,95,98,98,98,0,0,0,0,1,0,0,0
205,2008-11-06,1,5,5,5,1,98,98,98,98,4,98,98,98,98,1,98,98,98,98,14,98,98,98,98,1,0,1,0,1,0,1,0
206,2008-11-14,1,1,1,1,95,96,98,98,98,95,96,98,98,98,95,98,98,98,98,95,96,98,98,98,0,0,0,0,0,0,0,0
207,2008-12-05,1,5,1,1,95,98,98,98,98,4,98,98,98,98,95,98,98,98,98,24,98,98,98,98,0,0,1,0,0,0,0,0
208,2008-11-06,1,5,1,1,95,98,98,98,98,4,98,98,98,98,95,98,98,98,98,95,98,98,98,98,0,0,1,0,0,0,0,0
209,2008-11-10,5,5,1,1,24,98,98,98,98,4,98,98,98,98,1,98,98,98,98,24,98,98,98,98,0,0,1,0,1,0,0,0
210,2008-11-08,1,5,1,1,95,98,98,98,98,4,98,98,98,98,95,98,98,98,98,95,98,98,98,98,0,0,1,0,0,0,0,0
211,2008-12-16,5,5,1,5,95,98,98,98,98,4,98,98,98,98,4,24,98,98,98,11,98,98,98,98,0,0,1,0,1,0,1,0
213,2008-11-20,5,1,1,1,95,98,98,98,98,95,98,98,98,98,24,98,98,98,98,95,98,98,98,98,0,0,0,0,0,0,0,0
214,2008-11-12,1,1,1,1,95,98,98,98,98,95,96,98,98,98,95,98,98,98,98,95,96,98,98,98,0,0,0,0,0,0,0,0
215,2008-11-23,1,1,1,1,95,98,98,98,98,24,98,98,98,98,95,96,98,98,98,24,96,98,98,98,0,0,0,0,0,0,0,0
216,2008-11-10,1,1,1,1,95,98,98,98,98,95,98,98,98,98,95,98,98,98,98,95,98,98,98,98,0,0,0,0,0,0,0,0
218,2008-11-14,1,1,1,1,95,98,98,98,98,4,98,98,98,98,95,98,98,98,98,95,98,98,98,98,0,0,1,0,0,0,0,0
219,2008-11-19,1,1,1,5,24,95,98,98,98,24,95,98,98,98,95,98,98,98,98,24,98,98,98,98,0,0,0,0,0,0,0,0
220,2008-11-21,1,1,1,1,95,96,98,98,98,24,95,97,98,98,24,95,98,98,98,95,98,98,98,98,0,0,0,0,0,0,0,0
221,2008-12-02,1,1,1,1,95,98,98,98,98,95,98,98,98,98,95,98,98,98,98,95,98,98,98,98,0,0,0,0,0,0,0,0
222,2008-11-25,1,1,1,1,95,98,98,98,98,4,98,98,98,98,95,96,98,98,98,95,98,98,98,98,0,0,1,0,0,0,0,0
223,2008-11-21,1,5,1,1,95,97,98,98,98,4,97,98,98,98,24,95,96,97,98,24,97,98,98,98,0,0,1,0,0,0,0,0
225,2008-11-23,5,5,1,5,95,96,98,98,98,4,98,98,98,98,1,98,98,98,98,14,98,98,98,98,0,0,1,0,1,0,1,0
226,2008-12-08,1,1,1,1,95,98,98,98,98,24,95,98,98,98,95,98,98,98,98,95,98,98,98,98,0,0,0,0,0,0,0,0
228,2008-12-15,1,1,1,1,24,95,98,98,98,4,98,98,98,98,16,98,98,98,98,24,98,98,98,98,0,0,1,0,1,0,0,0
229,2008-12-16,1,1,1,1,95,98,98,98,98,95,98,98,98,98,95,98,98,98,98,95,98,98,98,98,0,0,0,0,0,0,0,0
230,2008-11-24,5,5,5,1,24,98,98,98,98,4,98,98,98,98,1,16,98,98,98,24,98,98,98,98,0,0,1,0,1,0,0,0
231,2008-11-11,1,1,1,1,95,96,98,98,98,95,96,98,98,98,95,96,98,98,98,,,,,,0,0,0,0,0,0,,
232,2008-12-04,1,1,1,1,24,98,98,98,98,4,98,98,98,98,24,98,98,98,98,24,98,98,98,98,0,0,1,0,0,0,0,0
233,2008-11-24,5,5,1,5,95,98,98,98,98,4,98,98,98,98,16,98,98,98,98,24,98,98,98,98,0,0,1,0,1,0,0,0
234,2008-11-24,5,5,1,1,24,98,98,98,98,4,98,98,98,98,4,98,98,98,98,95,98,98,98,98,0,0,1,0,1,0,0,0
236,2008-12-19,5,5,5,5,1,98,98,98,98,4,98,98,98,98,1,98,98,98,98,1,98,98,98,98,1,0,1,0,1,0,1,0
237,2008-11-12,5,5,1,1,24,95,98,98,98,4,98,98,98,98,16,98,98,98,98,24,95,98,98,98,0,0,1,0,1,0,0,0
238,2008-11-16,1,5,5,5,24,95,97,98,98,4,98,98,98,98,24,95,97,98,98,24,95,97,98,98,0,0,1,0,0,0,0,0
239,2008-11-17,5,5,1,1,95,98,98,98,98,4,98,98,98,98,1,98,98,98,98,95,98,98,98,98,0,0,1,0,1,0,0,0
240,2008-11-07,5,5,1,1,24,95,98,98,98,4,98,98,98,98,1,98,98,98,98,24,98,98,98,98,0,0,1,0,1,0,0,0
241,2008-11-12,1,1,1,1,24,95,98,98,98,4,95,98,98,98,16,95,98,98,98,24,95,98,98,98,0,0,1,0,1,0,0,0
242,2008-11-18,5,5,1,1,24,98,98,98,98,4,98,98,98,98,1,98,98,98,98,95,98,98,98,98,0,0,1,0,1,0,0,0
243,2008-11-15,5,5,5,5,1,98,98,98,98,4,98,98,98,98,1,98,98,98,98,1,98,98,98,98,1,0,1,0,1,0,1,0
245,2008-11-06,1,1,1,1,95,98,98,98,98,24,98,98,98,98,95,98,98,98,98,95,98,98,98,98,0,0,0,0,0,0,0,0
246,2008-11-08,5,5,1,1,95,96,98,98,98,1,98,98,98,98,1,98,98,98,98,95,96,98,98,98,0,0,1,0,1,0,0,0
247,2008-12-20,1,5,1,1,95,98,98,98,98,4,98,98,98,98,1,98,98,98,98,95,98,98,98,98,0,0,1,0,1,0,0,0
248,2008-11-13,1,5,1,1,95,98,98,98,98,4,98,98,98,98,1,98,98,98,98,95,98,98,98,98,0,0,1,0,1,0,0,0
249,2008-11-13,5,5,1,1,95,98,98,98,98,4,98,98,98,98,1,98,98,98,98,95,98,98,98,98,0,0,1,0,1,0,0,0
250,2008-12-03,1,5,1,1,95,98,98,98,98,4,98,98,98,98,95,98,98,98,98,95,98,98,98,98,0,0,1,0,0,0,0,0
252,2008-11-11,1,1,1,1,24,98,98,98,98,24,98,98,98,98,24,98,98,98,98,95,98,98,98,98,0,0,0,0,0,0,0,0
253,2008-12-19,5,5,1,1,95,98,98,98,98,1,98,98,98,98,1,98,98,98,98,14,98,98,98,98,0,0,1,0,1,0,1,0
254,2008-11-16,1,1,1,1,95,98,98,98,98,24,98,98,98,98,95,98,98,98,98,24,98,98,98,98,0,0,0,0,0,0,0,0
255,2008-11-11,5,5,1,1,95,98,98,98,98,4,98,98,98,98,1,98,98,98,98,95,97,98,98,98,0,0,1,0,1,0,0,0
256,2008-11-06,1,1,1,1,95,98,98,98,98,4,98,98,98,98,24,98,98,98,98,95,98,98,98,98,0,0,1,0,0,0,0,0
257,2008-11-10,5,5,5,1,1,98,98,98,98,4,98,98,98,98,1,98,98,98,98,24,98,98,98,98,1,0,1,0,1,0,0,0
258,2008-12-26,5,5,5,1,24,95,98,98,98,4,98,98,98,98,1,98,98,98,98,24,95,98,98,98,0,0,1,0,1,0,0,0
259,2008-11-14,5,5,5,5,95,98,98,98,98,4,98,98,98,98,95,98,98,98,98,95,98,98,98,98,0,0,1,0,0,0,0,0
260,2008-12-11,1,1,5,1,24,98,98,98,98,95,97,98,98,98,95,98,98,98,98,24,95,98,98,98,0,0,0,0,0,0,0,0
261,2008-12-18,5,5,5,5,24,98,98,98,98,4,98,98,98,98,1,98,98,98,98,24,98,98,98,98,0,0,1,0,1,0,0,0
263,2008-11-17,5,1,1,1,95,98,98,98,98,95,98,98,98,98,95,98,98,98,98,24,98,98,98,98,0,0,0,0,0,0,0,0
264,2008-11-14,5,5,1,1,24,98,98,98,98,24,98,98,98,98,16,98,98,98,98,24,98,98,98,98,0,0,0,0,1,0,0,0
265,2008-12-06,1,5,1,1,95,98,98,98,98,4,98,98,98,98,95,96,98,98,98,95,98,98,98,98,0,0,1,0,0,0,0,0
266,2008-12-06,5,1,1,1,24,95,98,98,98,24,98,98,98,98,24,98,98,98,98,95,98,98,98,98,0,0,0,0,0,0,0,0
267,2008-11-18,5,1,5,5,95,98,98,98,98,4,98,98,98,98,95,98,98,98,98,95,96,97,98,98,0,0,1,0,0,0,0,0
268,2008-11-07,1,1,1,5,95,98,98,98,98,4,98,98,98,98,1,97,98,98,98,96,98,98,98,98,0,0,1,0,1,0,0,0
270,2008-11-16,5,1,5,1,95,98,98,98,98,4,98,98,98,98,4,16,24,98,98,95,98,98,98,98,0,0,1,0,1,0,0,0
271,2008-12-13,1,5,5,5,95,98,98,98,98,4,98,98,98,98,95,98,98,98,98,95,98,98,98,98,0,0,1,0,0,0,0,0
272,2008-11-14,1,5,5,5,95,98,98,98,98,4,98,98,98,98,95,98,98,98,98,11,14,98,98,98,0,0,1,0,0,0,1,0
273,2008-11-11,1,5,5,1,95,98,98,98,98,95,98,98,98,98,96,98,98,98,98,96,98,98,98,98,0,0,0,0,0,0,0,0
274,2008-12-02,5,5,1,1,24,98,98,98,98,4,98,98,98,98,16,98,98,98,98,24,98,98,98,98,0,0,1,0,1,0,0,0
275,2008-11-15,5,5,5,5,1,98,98,98,98,3,98,98,98,98,11,98,98,98,98,24,98,98,98,98,1,0,0,0,1,0,0,0
276,2008-11-10,5,5,5,1,1,98,98,98,98,1,98,98,98,98,11,98,98,98,98,24,98,98,98,98,1,0,1,0,1,0,0,0
277,2008-12-11,5,5,5,5,1,98,98,98,98,4,98,98,98,98,24,98,98,98,98,96,98,98,98,98,1,0,1,0,0,0,0,0
278,2008-12-03,1,5,5,1,24,98,98,98,98,4,98,98,98,98,24,98,98,98,98,24,98,98,98,98,0,0,1,0,0,0,0,0
279,2008-12-17,5,5,5,5,1,98,98,98,98,1,98,98,98,98,1,24,98,98,98,14,98,98,98,98,1,0,1,0,1,0,1,0
280,2008-12-06,1,1,5,1,24,98,98,98,98,24,98,98,98,98,24,98,98,98,98,24,98,98,98,98,0,0,0,0,0,0,0,0
281,2008-11-21,5,5,1,1,24,95,98,98,98,4,98,98,98,98,16,98,98,98,98,24,95,98,98,98,0,0,1,0,1,0,0,0
282,2008-12-02,5,5,1,1,24,95,98,98,98,4,98,98,98,98,1,98,98,98,98,24,98,98,98,98,0,0,1,0,1,0,0,0
283,2008-12-03,5,5,1,5,24,98,98,98,98,4,97,98,98,98,1,98,98,98,98,1,98,98,98,98,0,0,1,0,1,0,1,0
284,2008-11-15,1,5,1,1,24,98,98,98,98,4,98,98,98,98,16,98,98,98,98,24,98,98,98,98,0,0,1,0,1,0,0,0
286,2008-11-22,1,1,1,5,24,98,98,98,98,24,98,98,98,98,16,98,98,98,98,24,98,98,98,98,0,0,0,0,1,0,0,0
287,2008-11-09,5,5,5,5,1,98,98,98,98,1,98,98,98,98,1,98,98,98,98,1,98,98,98,98,1,0,1,0,1,0,1,0
288,2008-11-09,5,5,5,5,24,98,98,98,98,4,98,98,98,98,1,98,98,98,98,24,98,98,98,98,0,0,1,0,1,0,0,0
289,2008-11-10,5,5,5,1,1,98,98,98,98,4,98,98,98,98,1,98,98,98,98,24,98,98,98,98,1,0,1,0,1,0,0,0
291,2008-11-19,5,5,1,1,24,98,98,98,98,4,98,98,98,98,1,98,98,98,98,24,98,98,98,98,0,0,1,0,1,0,0,0
292,2008-12-07,1,1,1,1,24,98,98,98,98,24,98,98,98,98,24,98,98,98,98,24,98,98,98,98,0,0,0,0,0,0,0,0
293,2008-11-13,5,5,1,1,1,98,98,98,98,4,98,98,98,98,11,98,98,98,98,24,98,98,98,98,1,0,1,0,1,0,0,0
294,2008-12-08,5,5,1,5,24,98,98,98,98,4,98,98,98,98,1,98,98,98,98,14,98,98,98,98,0,0,1,0,1,0,1,0
296,2008-11-13,1,1,1,1,95,96,98,98,98,4,98,98,98,98,16,95,98,98,98,24,95,98,98,98,0,0,1,0,1,0,0,0
298,2008-12-05,1,1,1,1,95,98,98,98,98,95,98,98,98,98,95,98,98,98,98,95,98,98,98,98,0,0,0,0,0,0,0,0
299,2008-11-11,1,1,1,1,95,96,98,98,98,4,98,98,98,98,95,96,98,98,98,95,98,98,98,98,0,0,1,0,0,0,0,0
300,2008-11-19,1,1,1,1,95,98,98,98,98,24,98,98,98,98,1,24,98,98,98,95,98,98,98,98,0,0,0,0,1,0,0,0
301,2008-12-10,1,1,1,1,95,98,98,98,98,4,98,98,98,98,95,98,98,98,98,95,98,98,98,98,0,0,1,0,0,0,0,0
302,2008-12-09,1,1,1,1,95,98,98,98,98,4,98,98,98,98,11,98,98,98,98,95,98,98,98,98,0,0,1,0,1,0,0,0
303,2008-12-10,1,1,1,1,95,98,98,98,98,4,98,98,98,98,95,97,98,98,98,95,98,98,98,98,0,0,1,0,0,0,0,0
304,2008-11-08,1,1,1,1,95,98,98,98,98,4,98,98,98,98,95,96,98,98,98,95,96,98,98,98,0,0,1,0,0,0,0,0
305,2008-11-22,1,1,1,1,95,98,98,98,98,4,98,98,98,98,95,98,98,98,98,95,98,98,98,98,0,0,1,0,0,0,0,0
306,2008-11-12,1,1,1,1,95,98,98,98,98,4,98,98,98,98,95,96,98,98,98,95,97,98,98,98,0,0,1,0,0,0,0,0
307,2008-11-22,1,1,1,1,95,96,98,98,98,95,96,98,98,98,95,96,98,98,98,95,96,98,98,98,0,0,0,0,0,0,0,0
308,2008-11-23,1,1,1,1,95,98,98,98,98,95,98,98,98,98,95,98,98,98,98,95,98,98,98,98,0,0,0,0,0,0,0,0
309,2008-11-07,1,1,1,1,95,98,98,98,98,4,24,98,98,98,16,95,98,98,98,95,98,98,98,98,0,0,1,0,1,0,0,0
310,2008-11-19,1,1,1,1,95,98,98,98,98,95,97,98,98,98,24,95,97,98,98,95,98,98,98,98,0,0,0,0,0,0,0,0
311,2008-11-13,1,1,1,1,24,95,98,98,98,4,98,98,98,98,1,98,98,98,98,14,98,98,98,98,0,0,1,0,1,0,1,0
313,2008-11-23,1,1,1,1,95,98,98,98,98,95,98,98,98,98,1,98,98,98,98,95,98,98,98,98,0,0,0,0,1,0,0,0
315,2008-12-10,1,1,1,1,95,98,98,98,98,4,98,98,98,98,95,98,98,98,98,95,98,98,98,98,0,0,1,0,0,0,0,0
316,2008-11-24,1,1,1,1,95,98,98,98,98,4,98,98,98,98,1,98,98,98,98,95,96,98,98,98,0,0,1,0,1,0,0,0
317,2008-11-13,1,1,1,1,24,95,98,98,98,4,98,98,98,98,1,98,98,98,98,95,98,98,98,98,0,0,1,0,1,0,0,0
318,2008-11-22,1,1,1,1,95,98,98,98,98,4,98,98,98,98,95,98,98,98,98,95,98,98,98,98,0,0,1,0,0,0,0,0
320,2008-12-16,1,1,1,1,95,98,98,98,98,4,98,98,98,98,95,98,98,98,98,95,98,98,98,98,0,0,1,0,0,0,0,0
321,2008-11-07,1,1,1,1,95,98,98,98,98,95,97,98,98,98,95,98,98,98,98,95,98,98,98,98,0,0,0,0,0,0,0,0
323,2008-11-06,1,1,1,1,24,98,98,98,98,24,95,98,98,98,95,98,98,98,98,95,96,98,98,98,0,0,0,0,0,0,0,0
324,2008-11-11,5,5,1,1,95,96,98,98,98,4,98,98,98,98,1,98,98,98,98,24,95,98,98,98,0,0,1,0,1,0,0,0
325,2008-11-09,5,5,1,1,95,96,98,98,98,1,98,98,98,98,1,98,98,98,98,95,96,98,98,98,0,0,1,0,1,0,0,0
326,2008-11-07,1,1,1,1,24,95,98,98,98,96,97,98,98,98,24,95,96,98,98,24,95,96,98,98,0,0,0,0,0,0,0,0
327,2008-11-12,5,5,1,5,95,98,98,98,98,4,98,98,98,98,1,98,98,98,98,14,98,98,98,98,0,0,1,0,1,0,1,0
328,2008-11-18,5,5,1,1,95,96,98,98,98,4,98,98,98,98,1,98,98,98,98,95,96,98,98,98,0,0,1,0,1,0,0,0
329,2008-11-07,5,5,1,1,95,98,98,98,98,4,98,98,98,98,15,98,98,98,98,95,96,98,98,98,0,0,1,0,0,1,0,0
330,2008-11-12,5,5,1,5,1,95,98,98,98,4,98,98,98,98,1,98,98,98,98,1,98,98,98,98,1,0,1,0,1,0,1,0
331,2008-11-14,1,5,1,1,95,96,98,98,98,4,98,98,98,98,95,96,98,98,98,95,96,98,98,98,0,0,1,0,0,0,0,0
333,2008-11-10,1,5,1,5,95,96,98,98,98,,,,,,,,,,,14,98,98,98,98,0,0,,,,,1,0
334,2008-11-21,1,1,1,1,95,96,98,98,98,24,96,98,98,98,16,24,96,98,98,95,96,98,98,98,0,0,0,0,1,0,0,0
335,2008-11-18,5,5,1,1,95,96,98,98,98,24,98,98,98,98,1,98,98,98,98,95,96,98,98,98,0,0,0,0,1,0,0,0
336,2008-11-19,5,5,1,1,24,95,96,98,98,4,98,98,98,98,1,98,98,98,98,14,95,96,98,98,0,0,1,0,1,0,1,0
337,2008-11-14,5,5,1,1,95,96,98,98,98,4,98,98,98,98,1,98,98,98,98,95,96,98,98,98,0,0,1,0,1,0,0,0
338,2008-11-11,5,5,5,1,1,3,98,98,98,4,98,98,98,98,1,98,98,98,98,,,,,,1,0,1,0,1,0,,
339,2008-11-17,1,5,1,1,24,96,98,98,98,4,98,98,98,98,24,96,98,98,98,95,96,98,98,98,0,0,1,0,0,0,0,0
340,2008-11-11,1,5,1,1,95,96,98,98,98,,,,,,23,96,98,98,98,95,96,98,98,98,0,0,,,0,0,0,0
341,2008-11-17,5,5,1,5,24,95,96,98,98,4,22,98,98,98,1,16,24,98,98,14,98,98,98,98,0,0,1,1,1,0,1,0
342,2008-11-12,5,5,1,1,96,98,98,98,98,4,98,98,98,98,16,24,98,98,98,95,96,98,98,98,0,0,1,0,1,0,0,0
343,2008-12-04,5,5,5,1,1,98,98,98,98,4,98,98,98,98,1,98,98,98,98,95,98,98,98,98,1,0,1,0,1,0,0,0
344,2008-12-07,5,5,5,1,1,98,98,98,98,4,98,98,98,98,1,98,98,98,98,95,98,98,98,98,1,0,1,0,1,0,0,0
345,2008-11-11,5,5,1,5,24,98,98,98,98,4,98,98,98,98,24,98,98,98,98,14,98,98,98,98,0,0,1,0,0,0,1,0
346,2008-12-12,5,5,5,1,1,98,98,98,98,4,98,98,98,98,1,98,98,98,98,24,95,98,98,98,1,0,1,0,1,0,0,0
347,2008-11-20,5,5,5,5,1,98,98,98,98,4,98,98,98,98,1,98,98,98,98,1,98,98,98,98,1,0,1,0,1,0,1,0
348,2008-11-12,1,1,1,1,95,96,98,98,98,95,98,98,98,98,95,98,98,98,98,95,97,98,98,98,0,0,0,0,0,0,0,0
349,2008-11-07,5,5,1,1,24,98,98,98,98,96,98,98,98,98,4,98,98,98,98,24,98,98,98,98,0,0,0,0,1,0,0,0
350,2008-11-07,1,1,1,1,95,96,98,98,98,4,24,96,98,98,4,24,98,98,98,95,96,98,98,98,0,0,1,0,1,0,0,0
351,2008-12-05,1,5,5,1,24,98,98,98,98,24,98,98,98,98,24,95,98,98,98,95,98,98,98,98,0,0,0,0,0,0,0,0
352,2008-11-09,1,1,1,1,96,98,98,98,98,24,98,98,98,98,95,96,98,98,98,96,98,98,98,98,0,0,0,0,0,0,0,0
353,2008-11-15,1,1,1,1,95,96,98,98,98,95,96,98,98,98,95,96,98,98,98,95,96,98,98,98,0,0,0,0,0,0,0,0
354,2008-11-15,5,5,1,1,24,98,98,98,98,4,98,98,98,98,1,98,98,98,98,96,98,98,98,98,0,0,1,0,1,0,0,0
355,2008-11-18,5,5,5,5,95,96,98,98,98,4,98,98,98,98,1,98,98,98,98,24,98,98,98,98,0,0,1,0,1,0,0,0
356,2008-11-14,5,5,5,5,95,98,98,98,98,4,98,98,98,98,24,98,98,98,98,95,98,98,98,98,0,0,1,0,0,0,0,0
357,2008-11-14,5,5,1,1,95,96,98,98,98,4,98,98,98,98,1,98,98,98,98,,,,,,0,0,1,0,1,0,,
358,2008-11-12,5,5,1,1,24,98,98,98,98,4,98,98,98,98,4,98,98,98,98,96,98,98,98,98,0,0,1,0,1,0,0,0
359,2008-11-25,1,5,1,1,95,96,98,98,98,4,98,98,98,98,95,96,98,98,98,95,96,98,98,98,0,0,1,0,0,0,0,0
360,2008-11-10,5,5,1,5,95,96,98,98,98,4,98,98,98,98,1,98,98,98,98,14,98,98,98,98,0,0,1,0,1,0,1,0
361,2008-11-13,1,5,1,5,95,96,98,98,98,4,98,98,98,98,95,98,98,98,98,95,96,98,98,98,0,0,1,0,0,0,0,0
362,2008-11-17,5,5,1,5,96,98,98,98,98,4,98,98,98,98,1,98,98,98,98,14,98,98,98,98,0,0,1,0,1,0,1,0
363,2008-11-18,1,5,1,1,95,96,98,98,98,4,98,98,98,98,95,96,98,98,98,95,96,98,98,98,0,0,1,0,0,0,0,0
364,2008-12-27,1,5,1,1,96,98,98,98,98,24,98,98,98,98,96,98,98,98,98,95,98,98,98,98,0,0,0,0,0,0,0,0
365,2008-12-16,5,1,1,5,96,98,98,98,98,4,98,98,98,98,15,98,98,98,98,24,98,98,98,98,0,0,1,0,0,1,0,0
366,2008-11-15,5,5,1,1,95,96,98,98,98,4,98,98,98,98,1,98,98,98,98,95,96,98,98,98,0,0,1,0,1,0,0,0
367,2008-12-01,1,1,1,1,95,98,98,98,98,4,98,98,98,98,24,98,98,98,98,95,98,98,98,98,0,0,1,0,0,0,0,0
368,2008-12-16,5,5,1,1,95,96,98,98,98,4,98,98,98,98,23,98,98,98,98,96,98,98,98,98,0,0,1,0,0,0,0,0
369,2008-11-09,1,5,5,5,24,98,98,98,98,4,98,98,98,98,16,98,98,98,98,24,98,98,98,98,0,0,1,0,1,0,0,0
370,2008-11-18,1,5,5,5,24,98,98,98,98,4,98,98,98,98,16,95,98,98,98,24,98,98,98,98,0,0,1,0,1,0,0,0
371,2008-11-14,5,5,5,5,95,98,98,98,98,4,98,98,98,98,16,98,98,98,98,95,98,98,98,98,0,0,1,0,1,0,0,0
373,2008-12-08,5,5,5,5,24,98,98,98,98,4,98,98,98,98,24,98,98,98,98,24,98,98,98,98,0,0,1,0,0,0,0,0
374,2008-11-11,1,1,1,1,95,98,98,98,98,95,98,98,98,98,95,98,98,98,98,95,98,98,98,98,0,0,0,0,0,0,0,0
375,2008-11-06,5,5,1,5,24,98,98,98,98,4,98,98,98,98,1,98,98,98,98,14,98,98,98,98,0,0,1,0,1,0,1,0
376,2008-11-17,1,1,1,1,95,98,98,98,98,4,98,98,98,98,95,98,98,98,98,95,98,98,98,98,0,0,1,0,0,0,0,0
377,2008-11-18,5,5,5,5,24,98,98,98,98,4,98,98,98,98,1,98,98,98,98,24,98,98,98,98,0,0,1,0,1,0,0,0
378,2008-11-11,5,5,1,1,95,98,98,98,98,4,98,98,98,98,11,98,98,98,98,95,98,98,98,98,0,0,1,0,1,0,0,0
379,2008-11-08,5,5,5,5,24,98,98,98,98,24,98,98,98,98,16,98,98,98,98,24,98,98,98,98,0,0,0,0,1,0,0,0
380,2008-11-18,5,5,5,5,24,98,98,98,98,4,98,98,98,98,16,98,98,98,98,24,98,98,98,98,0,0,1,0,1,0,0,0
381,2008-12-09,5,5,5,5,24,98,98,98,98,24,98,98,98,98,24,98,98,98,98,24,98,98,98,98,0,0,0,0,0,0,0,0
382,2008-11-05,5,5,1,5,24,98,98,98,98,4,98,98,98,98,1,98,98,98,98,14,98,98,98,98,0,0,1,0,1,0,1,0
383,2008-11-08,1,5,1,1,24,97,98,98,98,4,98,98,98,98,16,98,98,98,98,24,97,98,98,98,0,0,1,0,1,0,0,0
386,2008-11-19,5,5,5,5,95,98,98,98,98,4,98,98,98,98,16,98,98,98,98,95,98,98,98,98,0,0,1,0,1,0,0,0
387,2008-11-10,1,1,1,1,95,98,98,98,98,95,98,98,98,98,95,98,98,98,98,95,98,98,98,98,0,0,0,0,0,0,0,0
388,2008-11-15,5,5,5,5,95,98,98,98,98,95,98,98,98,98,95,98,98,98,98,95,98,98,98,98,0,0,0,0,0,0,0,0
389,2008-11-12,1,5,5,5,24,98,98,98,98,4,98,98,98,98,1,98,98,98,98,24,98,98,98,98,0,0,1,0,1,0,0,0
390,2008-11-18,1,5,1,1,95,98,98,98,98,4,98,98,98,98,95,98,98,98,98,95,98,98,98,98,0,0,1,0,0,0,0,0
391,2008-11-06,1,5,1,5,95,98,98,98,98,24,98,98,98,98,95,98,98,98,98,24,98,98,98,98,0,0,0,0,0,0,0,0
392,2008-11-08,5,5,1,5,24,98,98,98,98,4,98,98,98,98,1,98,98,98,98,24,98,98,98,98,0,0,1,0,1,0,0,0
393,2008-11-06,5,1,5,5,24,98,98,98,98,24,96,98,98,98,24,98,98,98,98,24,98,98,98,98,0,0,0,0,0,0,0,0
394,2008-11-13,5,5,5,5,24,98,98,98,98,4,98,98,98,98,1,98,98,98,98,14,98,98,98,98,0,0,1,0,1,0,1,0
395,2008-11-10,5,5,5,5,1,98,98,98,98,4,98,98,98,98,1,98,98,98,98,24,98,98,98,98,1,0,1,0,1,0,0,0
396,2008-11-18,5,5,5,5,95,98,98,98,98,24,98,98,98,98,95,98,98,98,98,95,98,98,98,98,0,0,0,0,0,0,0,0
398,2008-11-10,1,1,1,1,96,98,98,98,98,4,98,98,98,98,1,98,98,98,98,95,96,98,98,98,0,0,1,0,1,0,0,0
399,2008-11-17,5,5,1,1,96,98,98,98,98,4,98,98,98,98,1,98,98,98,98,24,98,98,98,98,0,0,1,0,1,0,0,0
400,2008-11-12,5,5,1,1,95,96,98,98,98,4,98,98,98,98,11,98,98,98,98,95,96,98,98,98,0,0,1,0,1,0,0,0
401,2008-12-01,5,5,1,1,96,98,98,98,98,4,98,98,98,98,1,98,98,98,98,96,98,98,98,98,0,0,1,0,1,0,0,0
402,2008-11-10,5,5,1,5,96,98,98,98,98,24,98,98,98,98,24,98,98,98,98,24,98,98,98,98,0,0,0,0,0,0,0,0
403,2008-11-08,1,5,1,1,95,98,98,98,98,4,98,98,98,98,95,98,98,98,98,95,96,98,98,98,0,0,1,0,0,0,0,0
404,2008-11-15,5,5,1,1,95,96,98,98,98,4,98,98,98,98,1,98,98,98,98,95,96,98,98,98,0,0,1,0,1,0,0,0
405,2008-11-12,5,5,1,5,95,96,98,98,98,4,24,98,98,98,1,98,98,98,98,14,98,98,98,98,0,0,1,0,1,0,1,0
406,2008-11-16,5,5,5,5,1,98,98,98,98,4,98,98,98,98,1,98,98,98,98,1,98,98,98,98,1,0,1,0,1,0,1,0
407,2008-11-14,1,5,1,1,95,96,98,98,98,4,98,98,98,98,96,98,98,98,98,95,96,98,98,98,0,0,1,0,0,0,0,0
408,2008-11-16,5,5,5,5,24,98,98,98,98,4,98,98,98,98,1,98,98,98,98,14,98,98,98,98,0,0,1,0,1,0,1,0
409,2008-11-10,5,5,5,5,1,98,98,98,98,4,98,98,98,98,16,98,98,98,98,14,98,98,98,98,1,0,1,0,1,0,1,0
410,2008-11-17,1,1,1,1,95,96,98,98,98,95,96,98,98,98,95,96,98,98,98,95,96,98,98,98,0,0,0,0,0,0,0,0
411,2008-11-30,5,5,1,1,96,98,98,98,98,4,98,98,98,98,24,98,98,98,98,96,98,98,98,98,0,0,1,0,0,0,0,0
412,2008-11-13,5,5,1,1,96,98,98,98,98,4,98,98,98,98,1,98,98,98,98,96,98,98,98,98,0,0,1,0,1,0,0,0
413,2008-11-12,5,5,1,1,95,98,98,98,98,4,98,98,98,98,1,98,98,98,98,95,98,98,98,98,0,0,1,0,1,0,0,0
414,2008-11-08,1,1,5,5,95,98,98,98,98,95,98,98,98,98,95,98,98,98,98,95,98,98,98,98,0,0,0,0,0,0,0,0
415,2008-11-13,1,5,1,5,24,95,98,98,98,24,98,98,98,98,95,98,98,98,98,24,98,98,98,98,0,0,0,0,0,0,0,0
416,2008-11-10,1,1,5,5,95,98,98,98,98,95,98,98,98,98,95,98,98,98,98,95,98,98,98,98,0,0,0,0,0,0,0,0
417,2008-12-15,1,1,5,5,95,98,98,98,98,95,98,98,98,98,95,98,98,98,98,95,98,98,98,98,0,0,0,0,0,0,0,0
418,2008-11-13,5,5,1,5,24,95,98,98,98,4,98,98,98,98,1,98,98,98,98,24,97,98,98,98,0,0,1,0,1,0,0,0
420,2008-12-13,1,5,1,5,95,98,98,98,98,4,98,98,98,98,95,98,98,98,98,95,98,98,98,98,0,0,1,0,0,0,0,0
421,2008-11-19,5,5,1,5,95,98,98,98,98,4,98,98,98,98,1,98,98,98,98,14,98,98,98,98,0,0,1,0,1,0,1,0
422,2008-11-07,1,1,1,1,24,97,98,98,98,24,95,98,98,98,24,98,98,98,98,23,98,98,98,98,0,0,0,0,0,0,0,0
423,2008-11-22,1,5,1,1,95,98,98,98,98,4,98,98,98,98,95,98,98,98,98,95,98,98,98,98,0,0,1,0,0,0,0,0
424,2008-11-23,5,5,5,5,4,24,97,98,98,4,98,98,98,98,1,98,98,98,98,14,97,98,98,98,1,0,1,0,1,0,1,0
425,2008-11-21,1,5,1,5,24,95,98,98,98,4,98,98,98,98,24,95,98,98,98,24,98,98,98,98,0,0,1,0,0,0,0,0
426,2008-11-07,1,5,1,5,24,98,98,98,98,4,98,98,98,98,16,98,98,98,98,24,98,98,98,98,0,0,1,0,1,0,0,0
427,2008-11-21,5,5,1,5,95,98,98,98,98,4,98,98,98,98,1,98,98,98,98,24,97,98,98,98,0,0,1,0,1,0,0,0
428,2008-11-18,1,5,1,1,95,98,98,98,98,4,98,98,98,98,95,98,98,98,98,95,98,98,98,98,0,0,1,0,0,0,0,0
429,2008-11-12,5,5,1,5,95,98,98,98,98,4,98,98,98,98,1,24,98,98,98,24,98,98,98,98,0,0,1,0,1,0,0,0
430,2008-11-12,1,5,5,5,95,98,98,98,98,23,24,95,98,98,95,98,98,98,98,95,98,98,98,98,0,0,0,0,0,0,0,0
431,2008-11-21,5,5,5,5,4,24,98,98,98,4,98,98,98,98,16,98,98,98,98,24,98,98,98,98,1,0,1,0,1,0,0,0
432,2008-11-06,1,5,1,5,24,95,98,98,98,4,98,98,98,98,24,98,98,98,98,24,95,98,98,98,0,0,1,0,0,0,0,0
433,2008-11-20,1,5,5,5,23,98,98,98,98,24,98,98,98,98,23,24,95,98,98,24,98,98,98,98,0,0,0,0,0,0,0,0
434,2008-11-06,1,1,1,1,24,98,98,98,98,95,97,98,98,98,95,98,98,98,98,24,98,98,98,98,0,0,0,0,0,0,0,0
435,2008-11-10,5,5,1,5,95,98,98,98,98,4,98,98,98,98,11,12,98,98,98,14,98,98,98,98,0,0,1,0,1,1,1,0
436,2008-11-20,1,1,5,5,24,98,98,98,98,95,98,98,98,98,16,95,98,98,98,24,98,98,98,98,0,0,0,0,1,0,0,0
437,2008-11-08,1,5,1,5,24,95,98,98,98,4,98,98,98,98,24,98,98,98,98,24,95,97,98,98,0,0,1,0,0,0,0,0
438,2008-11-06,1,5,1,5,95,98,98,98,98,4,98,98,98,98,24,98,98,98,98,24,95,98,98,98,0,0,1,0,0,0,0,0
439,2008-11-12,1,1,1,5,24,95,98,98,98,24,95,98,98,98,24,95,98,98,98,24,95,98,98,98,0,0,0,0,0,0,0,0
440,2008-11-10,1,5,5,1,95,98,98,98,98,4,98,98,98,98,95,98,98,98,98,24,95,98,98,98,0,0,1,0,0,0,0,0
441,2008-12-07,1,1,5,1,95,98,98,98,98,95,98,98,98,98,95,98,98,98,98,95,98,98,98,98,0,0,0,0,0,0,0,0
442,2008-11-10,1,1,1,1,95,98,98,98,98,95,98,98,98,98,,,,,,95,98,98,98,98,0,0,0,0,,,0,0
443,2008-12-03,1,1,1,5,95,98,98,98,98,95,98,98,98,98,95,98,98,98,98,95,98,98,98,98,0,0,0,0,0,0,0,0
444,2008-11-23,1,1,1,1,95,98,98,98,98,95,98,98,98,98,95,98,98,98,98,95,98,98,98,98,0,0,0,0,0,0,0,0
446,2008-11-22,1,5,1,5,95,98,98,98,98,24,98,98,98,98,12,24,98,98,98,24,98,98,98,98,0,0,0,0,0,1,0,0
447,2008-11-09,5,5,5,1,1,98,98,98,98,4,98,98,98,98,1,98,98,98,98,95,98,98,98,98,1,0,1,0,1,0,0,0
448,2008-11-11,1,5,1,5,24,95,98,98,98,24,95,98,98,98,95,98,98,98,98,24,98,98,98,98,0,0,0,0,0,0,0,0
449,2008-11-13,1,5,1,1,24,95,98,98,98,4,98,98,98,98,95,98,98,98,98,24,95,98,98,98,0,0,1,0,0,0,0,0
450,2008-11-19,1,5,1,1,95,98,98,98,98,4,98,98,98,98,95,98,98,98,98,95,98,98,98,98,0,0,1,0,0,0,0,0
451,2008-11-18,1,5,1,1,95,98,98,98,98,4,96,98,98,98,95,98,98,98,98,95,98,98,98,98,0,0,1,0,0,0,0,0
453,2008-12-06,5,5,1,5,24,98,98,98,98,4,98,98,98,98,24,98,98,98,98,24,98,98,98,98,0,0,1,0,0,0,0,0
454,2008-12-10,5,5,5,1,1,98,98,98,98,4,98,98,98,98,1,98,98,98,98,24,95,98,98,98,1,0,1,0,1,0,0,0
455,2008-11-24,1,1,1,5,95,96,98,98,98,4,98,98,98,98,24,96,98,98,98,95,96,98,98,98,0,0,1,0,0,0,0,0
456,2008-11-29,1,1,1,5,95,98,98,98,98,95,98,98,98,98,95,98,98,98,98,95,98,98,98,98,0,0,0,0,0,0,0,0
457,2008-11-23,1,1,1,1,95,98,98,98,98,24,98,98,98,98,24,98,98,98,98,95,98,98,98,98,0,0,0,0,0,0,0,0
458,2008-12-05,5,5,1,1,95,96,98,98,98,4,98,98,98,98,24,98,98,98,98,95,96,98,98,98,0,0,1,0,0,0,0,0
459,2008-11-22,1,1,1,1,95,96,98,98,98,95,96,98,98,98,95,96,98,98,98,95,96,98,98,98,0,0,0,0,0,0,0,0
460,2008-11-24,1,5,1,1,95,96,98,98,98,4,98,98,98,98,95,96,98,98,98,95,96,98,98,98,0,0,1,0,0,0,0,0
461,2008-12-03,1,1,5,5,95,98,98,98,98,4,98,98,98,98,95,98,98,98,98,95,98,98,98,98,0,0,1,0,0,0,0,0
462,2008-11-24,1,1,5,1,95,98,98,98,98,24,96,98,98,98,95,98,98,98,98,95,98,98,98,98,0,0,0,0,0,0,0,0
463,2008-11-16,1,1,1,1,95,98,98,98,98,95,98,98,98,98,95,98,98,98,98,95,98,98,98,98,0,0,0,0,0,0,0,0
464,2008-12-16,1,5,1,1,95,96,98,98,98,4,98,98,98,98,95,96,98,98,98,95,96,98,98,98,0,0,1,0,0,0,0,0
466,2008-11-08,1,5,5,5,24,98,98,98,98,24,98,98,98,98,24,98,98,98,98,24,98,98,98,98,0,0,0,0,0,0,0,0
467,2008-11-28,5,5,1,1,95,98,98,98,98,4,98,98,98,98,1,98,98,98,98,95,98,98,98,98,0,0,1,0,1,0,0,0
470,2008-11-10,1,1,1,1,95,98,98,98,98,95,98,98,98,98,24,98,98,98,98,95,98,98,98,98,0,0,0,0,0,0,0,0
471,2008-11-06,1,1,1,1,95,96,98,98,98,24,98,98,98,98,16,96,98,98,98,95,98,98,98,98,0,0,0,0,1,0,0,0
472,2008-11-07,5,5,1,5,95,98,98,98,98,4,98,98,98,98,1,98,98,98,98,14,98,98,98,98,0,0,1,0,1,0,1,0
473,2008-11-12,5,5,1,1,95,98,98,98,98,4,98,98,98,98,24,98,98,98,98,95,98,98,98,98,0,0,1,0,0,0,0,0
475,2008-11-25,5,5,1,1,24,96,98,98,98,4,98,98,98,98,24,98,98,98,98,95,96,98,98,98,0,0,1,0,0,0,0,0
476,2008-11-07,5,5,1,1,95,98,98,98,98,4,98,98,98,98,1,98,98,98,98,95,98,98,98,98,0,0,1,0,1,0,0,0
477,2008-11-08,1,1,1,5,23,98,98,98,98,24,98,98,98,98,24,98,98,98,98,24,98,98,98,98,0,0,0,0,0,0,0,0
478,2008-11-15,1,5,1,1,24,98,98,98,98,4,98,98,98,98,16,98,98,98,98,24,98,98,98,98,0,0,1,0,1,0,0,0
479,2008-11-14,1,5,5,1,24,98,98,98,98,24,98,98,98,98,24,96,98,98,98,24,95,96,98,98,0,0,0,0,0,0,0,0
480,2008-11-10,1,5,1,1,95,98,98,98,98,21,97,98,98,98,95,98,98,98,98,95,98,98,98,98,0,0,0,1,0,0,0,0
481,2008-11-23,1,1,1,1,24,98,98,98,98,95,98,98,98,98,24,98,98,98,98,24,98,98,98,98,0,0,0,0,0,0,0,0
482,2008-11-23,1,1,1,5,24,98,98,98,98,24,98,98,98,98,95,98,98,98,98,24,98,98,98,98,0,0,0,0,0,0,0,0
483,2008-11-22,1,5,5,1,24,98,98,98,98,4,98,98,98,98,11,98,98,98,98,24,98,98,98,98,0,0,1,0,1,0,0,0
484,2008-12-13,1,5,1,1,95,98,98,98,98,24,98,98,98,98,95,98,98,98,98,95,98,98,98,98,0,0,0,0,0,0,0,0
485,2008-11-09,5,5,1,5,24,98,98,98,98,4,98,98,98,98,1,24,98,98,98,1,98,98,98,98,0,0,1,0,1,0,1,0
487,2008-11-25,5,5,1,1,95,98,98,98,98,4,98,98,98,98,1,98,98,98,98,4,14,98,98,98,0,0,1,0,1,0,1,0
488,2008-11-09,1,5,5,5,24,98,98,98,98,4,98,98,98,98,24,98,98,98,98,24,98,98,98,98,0,0,1,0,0,0,0,0
489,2008-11-08,1,1,1,1,95,98,98,98,98,95,98,98,98,98,95,98,98,98,98,95,98,98,98,98,0,0,0,0,0,0,0,0
490,2008-11-23,5,5,5,1,1,98,98,98,98,4,98,98,98,98,1,98,98,98,98,24,98,98,98,98,1,0,1,0,1,0,0,0
491,2008-11-22,1,1,1,1,95,98,98,98,98,95,98,98,98,98,95,98,98,98,98,95,98,98,98,98,0,0,0,0,0,0,0,0
492,2008-11-22,5,5,1,1,95,98,98,98,98,4,98,98,98,98,1,98,98,98,98,24,98,98,98,98,0,0,1,0,1,0,0,0
493,2008-11-08,5,5,1,5,95,98,98,98,98,24,98,98,98,98,24,98,98,98,98,95,98,98,98,98,0,0,0,0,0,0,0,0
494,2008-11-08,1,5,5,1,95,98,98,98,98,95,98,98,98,98,95,98,98,98,98,95,98,98,98,98,0,0,0,0,0,0,0,0
495,2008-11-18,1,1,1,1,23,24,96,98,98,4,98,98,98,98,21,24,96,98,98,14,95,96,98,98,0,0,1,0,0,1,1,0
496,2008-11-15,1,1,1,1,24,95,98,98,98,95,98,98,98,98,95,97,98,98,98,24,95,98,98,98,0,0,0,0,0,0,0,0
497,2008-12-09,5,5,1,1,96,98,98,98,98,4,98,98,98,98,95,97,98,98,98,96,98,98,98,98,0,0,1,0,0,0,0,0
498,2008-12-20,1,1,5,5,24,98,98,98,98,95,96,98,98,98,95,98,98,98,98,24,98,98,98,98,0,0,0,0,0,0,0,0
499,2008-11-10,1,1,1,1,95,98,98,98,98,95,98,98,98,98,95,98,98,98,98,95,98,98,98,98,0,0,0,0,0,0,0,0
500,2008-11-06,1,1,1,1,95,98,98,98,98,95,97,98,98,98,95,98,98,98,98,95,98,98,98,98,0,0,0,0,0,0,0,0
501,2008-11-07,1,1,1,1,24,98,98,98,98,24,98,98,98,98,95,98,98,98,98,95,98,98,98,98,0,0,0,0,0,0,0,0
502,2008-11-06,1,1,1,1,95,98,98,98,98,95,98,98,98,98,95,97,98,98,98,95,98,98,98,98,0,0,0,0,0,0,0,0
503,2008-12-05,1,5,5,5,24,98,98,98,98,4,98,98,98,98,95,98,98,98,98,95,98,98,98,98,0,0,1,0,0,0,0,0
504,2008-12-19,1,1,1,1,95,98,98,98,98,95,98,98,98,98,95,98,98,98,98,95,98,98,98,98,0,0,0,0,0,0,0,0
505,2008-11-24,1,1,1,1,24,95,98,98,98,4,98,98,98,98,24,96,98,98,98,24,95,98,98,98,0,0,1,0,0,0,0,0
506,2008-11-13,1,5,1,1,24,95,98,98,98,4,24,98,98,98,95,98,98,98,98,95,98,98,98,98,0,0,1,0,0,0,0,0
508,2008-11-13,1,5,1,1,24,95,98,98,98,4,98,98,98,98,24,95,98,98,98,24,95,98,98,98,0,0,1,0,0,0,0,0
509,2008-11-25,1,1,1,1,24,96,98,98,98,24,96,97,98,98,24,95,96,98,98,95,96,98,98,98,0,0,0,0,0,0,0,0
510,2008-11-13,1,1,5,1,24,98,98,98,98,24,98,98,98,98,96,98,98,98,98,95,98,98,98,98,0,0,0,0,0,0,0,0
511,2008-11-15,1,1,1,1,95,98,98,98,98,4,95,97,98,98,95,98,98,98,98,95,98,98,98,98,0,0,1,0,0,0,0,0
512,2008-12-08,1,1,1,1,24,95,98,98,98,24,98,98,98,98,16,24,98,98,98,24,95,96,98,98,0,0,0,0,1,0,0,0
513,2008-12-20,1,1,1,1,95,96,98,98,98,4,96,98,98,98,95,96,98,98,98,95,96,98,98,98,0,0,1,0,0,0,0,0
514,2008-11-17,1,1,1,1,95,96,98,98,98,4,98,98,98,98,24,95,96,97,98,24,96,97,98,98,0,0,1,0,0,0,0,0
515,2008-11-17,5,5,1,1,95,98,98,98,98,4,98,98,98,98,1,98,98,98,98,95,96,97,98,98,0,0,1,0,1,0,0,0
516,2008-11-17,5,5,1,1,24,95,96,98,98,4,98,98,98,98,11,98,98,98,98,24,95,96,98,98,0,0,1,0,1,0,0,0
517,2008-11-07,1,1,1,1,24,98,98,98,98,4,98,98,98,98,1,98,98,98,98,24,98,98,98,98,0,0,1,0,1,0,0,0
518,2008-11-16,5,5,1,1,24,95,98,98,98,4,98,98,98,98,1,98,98,98,98,24,95,98,98,98,0,0,1,0,1,0,0,0
519,2008-11-11,1,5,1,1,24,95,98,98,98,4,98,98,98,98,1,98,98,98,98,24,95,97,98,98,0,0,1,0,1,0,0,0
520,2008-11-16,5,5,5,1,24,98,98,98,98,4,98,98,98,98,24,98,98,98,98,24,95,96,98,98,0,0,1,0,0,0,0,0
521,2008-11-11,1,1,1,1,95,98,98,98,98,4,98,98,98,98,16,24,98,98,98,95,98,98,98,98,0,0,1,0,1,0,0,0
522,2008-11-10,1,1,1,1,24,95,98,98,98,4,98,98,98,98,1,16,98,98,98,1,95,98,98,98,0,0,1,0,1,0,1,0
523,2008-11-09,1,5,1,1,24,95,98,98,98,4,98,98,98,98,24,95,98,98,98,24,95,96,98,98,0,0,1,0,0,0,0,0
524,2008-11-06,1,1,1,1,95,96,98,98,98,4,98,98,98,98,24,95,96,97,98,95,96,98,98,98,0,0,1,0,0,0,0,0
525,2008-11-07,5,1,1,1,24,95,98,98,98,4,98,98,98,98,1,98,98,98,98,24,95,98,98,98,0,0,1,0,1,0,0,0
526,2008-11-30,1,1,1,1,95,97,98,98,98,4,98,98,98,98,11,98,98,98,98,24,95,98,98,98,0,0,1,0,1,0,0,0
528,2008-11-30,1,5,1,1,95,96,98,98,98,4,98,98,98,98,95,96,98,98,98,95,96,98,98,98,0,0,1,0,0,0,0,0
529,2008-12-11,1,5,1,5,95,98,98,98,98,4,98,98,98,98,95,96,98,98,98,24,98,98,98,98,0,0,1,0,0,0,0,0
530,2008-11-24,5,5,5,1,4,98,98,98,98,4,98,98,98,98,1,98,98,98,98,24,95,98,98,98,1,0,1,0,1,0,0,0
531,2008-11-05,1,5,1,1,23,98,98,98,98,4,98,98,98,98,24,98,98,98,98,95,98,98,98,98,0,0,1,0,0,0,0,0
532,2008-11-29,1,1,1,1,95,97,98,98,98,95,98,98,98,98,,,,,,95,98,98,98,98,0,0,0,0,,,0,0
533,2008-12-05,1,5,1,1,95,96,98,98,98,4,98,98,98,98,1,98,98,98,98,14,98,98,98,98,0,0,1,0,1,0,1,0
534,2008-11-16,5,1,1,5,24,98,98,98,98,4,98,98,98,98,1,98,98,98,98,24,98,98,98,98,0,0,1,0,1,0,0,0
535,2008-11-14,5,5,5,1,24,95,98,98,98,4,98,98,98,98,1,98,98,98,98,95,96,98,98,98,0,0,1,0,1,0,0,0
536,2008-11-22,1,5,5,5,95,98,98,98,98,95,98,98,98,98,95,96,98,98,98,95,98,98,98,98,0,0,0,0,0,0,0,0
537,2008-12-17,1,1,5,5,95,98,98,98,98,95,96,98,98,98,95,96,98,98,98,95,98,98,98,98,0,0,0,0,0,0,0,0
538,2008-11-05,5,5,5,1,24,98,98,98,98,24,98,98,98,98,1,98,98,98,98,24,98,98,98,98,0,0,0,0,1,0,0,0
539,2008-12-01,1,1,1,1,95,98,98,98,98,4,98,98,98,98,95,98,98,98,98,95,97,98,98,98,0,0,1,0,0,0,0,0
540,2008-11-25,1,5,1,1,95,96,98,98,98,4,98,98,98,98,1,98,98,98,98,95,98,98,98,98,0,0,1,0,1,0,0,0
541,2008-11-29,1,1,1,1,1,98,98,98,98,4,98,98,98,98,1,98,98,98,98,24,98,98,98,98,1,0,1,0,1,0,0,0
543,2008-11-14,1,1,1,1,95,96,98,98,98,95,96,98,98,98,95,96,98,98,98,95,96,98,98,98,0,0,0,0,0,0,0,0
544,2008-11-30,1,1,1,1,98,98,98,98,98,24,98,98,98,98,16,97,98,98,98,24,98,98,98,98,0,0,0,0,1,0,0,0
545,2008-12-01,5,5,5,1,24,98,98,98,98,4,98,98,98,98,12,98,98,98,98,95,96,98,98,98,0,0,1,0,0,1,0,0
546,2008-11-30,1,1,1,1,95,98,98,98,98,95,98,98,98,98,95,98,98,98,98,95,98,98,98,98,0,0,0,0,0,0,0,0
547,2008-12-02,1,5,1,5,24,95,98,98,98,4,98,98,98,98,95,96,98,98,98,95,96,98,98,98,0,0,1,0,0,0,0,0
548,2008-11-18,1,1,1,1,24,98,98,98,98,24,98,98,98,98,24,98,98,98,98,24,98,98,98,98,0,0,0,0,0,0,0,0
549,2008-11-29,1,1,1,1,95,98,98,98,98,4,98,98,98,98,95,98,98,98,98,24,95,98,98,98,0,0,1,0,0,0,0,0
550,2008-11-17,1,5,1,1,95,96,98,98,98,24,98,98,98,98,95,96,98,98,98,95,96,98,98,98,0,0,0,0,0,0,0,0
551,2008-12-20,1,1,1,1,95,98,98,98,98,4,98,98,98,98,95,96,98,98,98,95,96,98,98,98,0,0,1,0,0,0,0,0
552,2008-11-19,1,5,1,5,95,96,98,98,98,4,98,98,98,98,95,96,98,98,98,95,96,98,98,98,0,0,1,0,0,0,0,0
553,2008-11-21,1,5,1,5,95,98,98,98,98,4,98,98,98,98,24,95,98,98,98,95,98,98,98,98,0,0,1,0,0,0,0,0
554,2008-11-22,1,5,5,5,95,98,98,98,98,4,98,98,98,98,95,96,98,98,98,95,98,98,98,98,0,0,1,0,0,0,0,0
555,2008-11-13,1,1,1,1,24,98,98,98,98,4,98,98,98,98,12,98,98,98,98,95,96,98,98,98,0,0,1,0,0,1,0,0
556,2008-11-13,1,1,5,5,95,98,98,98,98,24,95,98,98,98,95,96,98,98,98,95,98,98,98,98,0,0,0,0,0,0,0,0
557,2008-11-15,1,5,1,1,95,96,98,98,98,4,98,98,98,98,16,95,98,98,98,95,96,98,98,98,0,0,1,0,1,0,0,0
558,2008-11-12,1,1,1,1,24,96,98,98,98,24,96,98,98,98,24,96,98,98,98,24,96,98,98,98,0,0,0,0,0,0,0,0
559,2008-11-19,1,5,1,5,95,96,98,98,98,4,98,98,98,98,95,96,98,98,98,95,98,98,98,98,0,0,1,0,0,0,0,0
560,2008-12-02,1,5,5,5,95,98,98,98,98,4,98,98,98,98,95,96,98,98,98,95,98,98,98,98,0,0,1,0,0,0,0,0
561,2008-11-19,1,5,5,5,95,96,98,98,98,95,96,98,98,98,95,96,98,98,98,95,98,98,98,98,0,0,0,0,0,0,0,0
562,2008-11-20,1,1,1,1,95,98,98,98,98,95,98,98,98,98,95,98,98,98,98,95,98,98,98,98,0,0,0,0,0,0,0,0
563,2008-12-06,1,1,5,5,95,98,98,98,98,95,96,98,98,98,95,96,98,98,98,95,98,98,98,98,0,0,0,0,0,0,0,0
564,2008-11-22,1,1,1,1,24,95,97,98,98,4,98,98,98,98,24,98,98,98,98,95,97,98,98,98,0,0,1,0,0,0,0,0
565,2008-11-21,1,1,1,1,95,98,98,98,98,4,98,98,98,98,1,98,98,98,98,95,98,98,98,98,0,0,1,0,1,0,0,0
566,2008-11-24,1,1,1,1,24,95,98,98,98,4,98,98,98,98,16,24,95,97,98,95,97,98,98,98,0,0,1,0,1,0,0,0
568,2008-11-24,1,1,1,1,24,95,98,98,98,4,24,98,98,98,16,98,98,98,98,24,95,98,98,98,0,0,1,0,1,0,0,0
569,2008-12-03,5,5,5,1,24,95,98,98,98,4,98,98,98,98,1,98,98,98,98,95,96,98,98,98,0,0,1,0,1,0,0,0
570,2008-11-23,1,1,1,1,95,98,98,98,98,4,98,98,98,98,1,98,98,98,98,14,98,98,98,98,0,0,1,0,1,0,1,0
571,2008-11-23,1,1,1,1,24,95,98,98,98,4,98,98,98,98,24,95,98,98,98,24,95,98,98,98,0,0,1,0,0,0,0,0
572,2008-12-11,5,5,5,5,4,98,98,98,98,4,98,98,98,98,1,98,98,98,98,4,98,98,98,98,1,0,1,0,1,0,1,0
573,2008-12-01,1,1,1,1,24,98,98,98,98,4,98,98,98,98,1,11,98,98,98,24,95,98,98,98,0,0,1,0,1,0,0,0
574,2008-11-22,1,1,1,1,95,98,98,98,98,,,,,,1,98,98,98,98,1,97,98,98,98,0,0,,,1,0,1,0
575,2008-11-29,1,1,1,1,24,95,98,98,98,4,98,98,98,98,24,95,98,98,98,24,95,98,98,98,0,0,1,0,0,0,0,0
576,2008-11-23,1,1,1,1,24,95,98,98,98,4,98,98,98,98,1,98,98,98,98,14,95,98,98,98,0,0,1,0,1,0,1,0
577,2008-11-24,1,1,1,1,24,95,98,98,98,4,98,98,98,98,1,95,98,98,98,24,95,98,98,98,0,0,1,0,1,0,0,0
578,2008-11-20,1,1,1,1,95,98,98,98,98,4,98,98,98,98,95,98,98,98,98,95,98,98,98,98,0,0,1,0,0,0,0,0
579,2008-11-23,1,1,1,1,24,95,98,98,98,4,98,98,98,98,24,95,98,98,98,14,95,98,98,98,0,0,1,0,0,0,1,0
580,2008-11-06,1,1,1,1,95,97,98,98,98,23,98,98,98,98,95,98,98,98,98,24,98,98,98,98,0,0,0,0,0,0,0,0
581,2008-11-24,1,5,1,1,95,98,98,98,98,4,98,98,98,98,95,97,98,98,98,95,98,98,98,98,0,0,1,0,0,0,0,0
582,2008-11-12,1,1,1,1,96,98,98,98,98,96,98,98,98,98,95,98,98,98,98,96,98,98,98,98,0,0,0,0,0,0,0,0
583,2008-11-12,1,1,1,1,95,98,98,98,98,4,97,98,98,98,1,16,24,98,98,96,98,98,98,98,0,0,1,0,1,0,0,0
584,2008-11-13,1,1,1,1,96,98,98,98,98,95,97,98,98,98,95,98,98,98,98,95,98,98,98,98,0,0,0,0,0,0,0,0
585,2008-11-17,1,5,1,1,95,98,98,98,98,4,98,98,98,98,1,97,98,98,98,95,98,98,98,98,0,0,1,0,1,0,0,0
586,2008-11-20,1,1,1,1,97,98,98,98,98,97,98,98,98,98,95,98,98,98,98,96,98,98,98,98,0,0,0,0,0,0,0,0
587,2008-11-18,5,5,1,5,24,95,97,98,98,4,98,98,98,98,1,98,98,98,98,14,98,98,98,98,0,0,1,0,1,0,1,0
588,2008-11-15,1,1,1,1,95,98,98,98,98,95,98,98,98,98,95,98,98,98,98,95,98,98,98,98,0,0,0,0,0,0,0,0
589,2008-11-15,1,1,1,1,95,98,98,98,98,4,98,98,98,98,1,24,98,98,98,96,98,98,98,98,0,0,1,0,1,0,0,0
590,2008-12-04,1,5,1,1,24,95,96,98,98,4,98,98,98,98,95,96,98,98,98,95,96,98,98,98,0,0,1,0,0,0,0,0
591,2008-11-15,1,1,1,1,96,98,98,98,98,97,98,98,98,98,95,98,98,98,98,96,98,98,98,98,0,0,0,0,0,0,0,0
592,2008-12-09,1,1,1,1,24,95,96,98,98,4,23,96,98,98,95,96,98,98,98,95,96,98,98,98,0,0,1,0,0,0,0,0
593,2008-11-22,1,1,1,1,95,98,98,98,98,4,98,98,98,98,1,24,98,98,98,14,98,98,98,98,0,0,1,0,1,0,1,0
595,2008-11-15,1,1,1,1,96,98,98,98,98,95,97,98,98,98,96,98,98,98,98,95,96,97,98,98,0,0,0,0,0,0,0,0
596,2008-12-13,5,5,1,1,95,98,98,98,98,4,98,98,98,98,1,98,98,98,98,95,98,98,98,98,0,0,1,0,1,0,0,0
597,2008-11-10,5,5,5,1,1,96,98,98,98,24,96,98,98,98,1,98,98,98,98,95,96,98,98,98,1,0,0,0,1,0,0,0
598,2008-11-08,1,5,5,5,24,98,98,98,98,4,98,98,98,98,24,96,98,98,98,24,98,98,98,98,0,0,1,0,0,0,0,0
599,2008-11-11,5,5,1,5,95,96,98,98,98,4,98,98,98,98,1,98,98,98,98,1,98,98,98,98,0,0,1,0,1,0,1,0
600,2008-11-11,5,5,5,5,1,98,98,98,98,4,98,98,98,98,1,98,98,98,98,14,98,98,98,98,1,0,1,0,1,0,1,0
602,2008-11-11,1,5,5,5,24,98,98,98,98,4,98,98,98,98,24,98,98,98,98,24,98,98,98,98,0,0,1,0,0,0,0,0
603,2008-12-17,5,5,1,1,4,97,98,98,98,4,98,98,98,98,1,98,98,98,98,95,96,98,98,98,1,0,1,0,1,0,0,0
604,2008-11-08,1,1,1,1,24,95,98,98,98,4,95,96,98,98,24,95,96,98,98,24,95,96,98,98,0,0,1,0,0,0,0,0
605,2008-12-16,1,1,1,1,95,98,98,98,98,4,98,98,98,98,95,98,98,98,98,97,98,98,98,98,0,0,1,0,0,0,0,0
606,2008-12-10,5,1,1,1,95,98,98,98,98,4,98,98,98,98,1,98,98,98,98,95,98,98,98,98,0,0,1,0,1,0,0,0
607,2008-11-14,1,1,1,1,95,96,98,98,98,95,96,98,98,98,95,98,98,98,98,95,96,98,98,98,0,0,0,0,0,0,0,0
608,2008-11-11,5,5,5,1,1,24,98,98,98,4,98,98,98,98,1,98,98,98,98,23,24,98,98,98,1,0,1,0,1,0,0,0
609,2008-11-09,5,5,5,1,1,98,98,98,98,4,98,98,98,98,1,98,98,98,98,96,98,98,98,98,1,0,1,0,1,0,0,0
611,2008-12-16,1,1,1,1,95,98,98,98,98,4,98,98,98,98,95,98,98,98,98,95,98,98,98,98,0,0,1,0,0,0,0,0
613,2008-11-12,1,5,5,1,1,98,98,98,98,4,98,98,98,98,1,98,98,98,98,95,98,98,98,98,1,0,1,0,1,0,0,0
614,2008-12-20,1,5,1,1,95,96,98,98,98,4,98,98,98,98,16,24,95,96,98,23,95,96,97,98,0,0,1,0,1,0,0,0
615,2008-12-29,1,5,5,5,24,98,98,98,98,4,98,98,98,98,24,95,98,98,98,24,98,98,98,98,0,0,1,0,0,0,0,0
616,2008-11-08,1,1,1,1,96,98,98,98,98,4,98,98,98,98,96,98,98,98,98,96,98,98,98,98,0,0,1,0,0,0,0,0
617,2008-11-15,1,1,1,1,95,98,98,98,98,4,98,98,98,98,95,98,98,98,98,95,98,98,98,98,0,0,1,0,0,0,0,0
618,2008-11-13,1,1,1,1,96,98,98,98,98,95,98,98,98,98,95,98,98,98,98,96,98,98,98,98,0,0,0,0,0,0,0,0
622,2008-11-29,1,1,1,1,96,98,98,98,98,4,98,98,98,98,95,98,98,98,98,96,98,98,98,98,0,0,1,0,0,0,0,0
623,2008-12-06,1,1,1,1,95,98,98,98,98,95,98,98,98,98,24,98,98,98,98,95,98,98,98,98,0,0,0,0,0,0,0,0
624,2008-11-19,5,5,1,5,24,95,98,98,98,4,98,98,98,98,1,98,98,98,98,1,98,98,98,98,0,0,1,0,1,0,1,0
625,2008-11-08,1,1,1,1,95,98,98,98,98,95,98,98,98,98,95,98,98,98,98,95,98,98,98,98,0,0,0,0,0,0,0,0
626,2008-11-08,1,1,1,1,24,98,98,98,98,4,98,98,98,98,11,98,98,98,98,95,96,97,98,98,0,0,1,0,1,0,0,0
627,2008-12-18,1,5,1,1,24,95,96,98,98,4,98,98,98,98,24,95,96,98,98,24,95,96,98,98,0,0,1,0,0,0,0,0
629,2008-12-24,5,5,5,1,95,96,97,98,98,4,98,98,98,98,11,98,98,98,98,24,95,96,98,98,0,0,1,0,1,0,0,0
630,2008-11-09,5,5,1,1,24,95,98,98,98,4,98,98,98,98,1,98,98,98,98,24,95,98,98,98,0,0,1,0,1,0,0,0
631,2008-11-25,1,5,5,1,95,96,98,98,98,4,98,98,98,98,95,96,98,98,98,95,96,98,98,98,0,0,1,0,0,0,0,0
632,2008-11-13,1,1,1,1,24,95,98,98,98,4,98,98,98,98,24,98,98,98,98,24,95,98,98,98,0,0,1,0,0,0,0,0
633,2008-11-24,1,1,1,1,95,98,98,98,98,95,96,98,98,98,95,96,98,98,98,95,96,98,98,98,0,0,0,0,0,0,0,0
634,2008-11-24,5,5,1,1,95,96,98,98,98,4,98,98,98,98,1,98,98,98,98,24,97,98,98,98,0,0,1,0,1,0,0,0
636,2008-11-11,1,5,1,1,24,95,98,98,98,4,98,98,98,98,23,95,98,98,98,24,98,98,98,98,0,0,1,0,0,0,0,0
637,2008-11-10,5,1,1,1,95,98,98,98,98,95,98,98,98,98,11,98,98,98,98,95,98,98,98,98,0,0,0,0,1,0,0,0
638,2008-11-13,1,5,1,1,24,95,97,98,98,4,98,98,98,98,24,98,98,98,98,24,95,98,98,98,0,0,1,0,0,0,0,0
639,2008-11-14,5,5,1,1,95,96,98,98,98,4,98,98,98,98,24,97,98,98,98,95,96,97,98,98,0,0,1,0,0,0,0,0
640,2008-11-21,1,5,1,1,24,95,96,98,98,24,98,98,98,98,24,95,98,98,98,95,96,98,98,98,0,0,0,0,0,0,0,0
641,2008-11-18,1,5,5,5,24,98,98,98,98,4,98,98,98,98,24,98,98,98,98,24,98,98,98,98,0,0,1,0,0,0,0,0
642,2008-11-22,1,5,1,1,24,98,98,98,98,4,98,98,98,98,16,98,98,98,98,24,98,98,98,98,0,0,1,0,1,0,0,0
643,2008-12-06,1,5,1,1,24,95,96,98,98,4,98,98,98,98,95,96,98,98,98,95,96,98,98,98,0,0,1,0,0,0,0,0
644,2008-11-17,1,5,1,1,24,98,98,98,98,4,98,98,98,98,24,98,98,98,98,24,98,98,98,98,0,0,1,0,0,0,0,0
645,2008-11-08,5,5,1,1,,,,,,4,98,98,98,98,11,98,98,98,98,24,98,98,98,98,,,1,0,1,0,0,0
646,2008-11-15,5,5,5,5,,,,,,4,98,98,98,98,1,98,98,98,98,24,98,98,98,98,,,1,0,1,0,0,0
648,2008-11-19,5,5,1,5,24,98,98,98,98,4,98,98,98,98,1,98,98,98,98,24,98,98,98,98,0,0,1,0,1,0,0,0
649,2008-11-17,1,5,1,1,24,98,98,98,98,4,98,98,98,98,24,98,98,98,98,24,98,98,98,98,0,0,1,0,0,0,0,0
650,2008-12-03,1,5,1,1,95,96,98,98,98,4,98,98,98,98,16,24,95,96,98,95,96,98,98,98,0,0,1,0,1,0,0,0
651,2008-11-15,1,5,1,5,95,98,98,98,98,4,98,98,98,98,24,98,98,98,98,24,98,98,98,98,0,0,1,0,0,0,0,0
652,2008-12-05,1,1,1,1,95,96,97,98,98,23,95,96,98,98,95,96,98,98,98,95,96,98,98,98,0,0,0,0,0,0,0,0
653,2008-11-14,1,5,1,5,24,98,98,98,98,4,98,98,98,98,24,98,98,98,98,1,98,98,98,98,0,0,1,0,0,0,1,0
654,2008-11-08,1,1,1,1,24,98,98,98,98,24,98,98,98,98,24,98,98,98,98,24,98,98,98,98,0,0,0,0,0,0,0,0
655,2008-11-10,1,5,5,5,95,98,98,98,98,4,98,98,98,98,95,98,98,98,98,95,98,98,98,98,0,0,1,0,0,0,0,0
656,2008-11-07,5,5,5,5,1,98,98,98,98,4,98,98,98,98,1,98,98,98,98,1,98,98,98,98,1,0,1,0,1,0,1,0
657,2008-12-12,1,1,1,1,95,96,98,98,98,95,96,97,98,98,95,96,98,98,98,95,96,98,98,98,0,0,0,0,0,0,0,0
658,2008-11-29,1,5,1,1,95,96,98,98,98,4,98,98,98,98,24,95,96,98,98,95,96,97,98,98,0,0,1,0,0,0,0,0
659,2008-11-12,1,1,1,1,24,98,98,98,98,24,98,98,98,98,16,98,98,98,98,24,98,98,98,98,0,0,0,0,1,0,0,0
660,2008-11-11,1,5,1,1,24,98,98,98,98,4,98,98,98,98,24,98,98,98,98,24,98,98,98,98,0,0,1,0,0,0,0,0
661,2008-11-19,1,1,1,1,24,98,98,98,98,24,98,98,98,98,24,98,98,98,98,24,98,98,98,98,0,0,0,0,0,0,0,0
662,2008-12-15,5,5,5,1,1,98,98,98,98,4,98,98,98,98,1,98,98,98,98,95,97,98,98,98,1,0,1,0,1,0,0,0
664,2008-12-15,5,5,1,1,95,96,98,98,98,4,98,98,98,98,1,98,98,98,98,95,96,98,98,98,0,0,1,0,1,0,0,0
665,2008-12-06,1,5,1,1,95,96,98,98,98,,,,,,95,96,98,98,98,95,96,98,98,98,0,0,,,0,0,0,0
666,2008-11-22,1,1,1,1,97,98,98,98,98,4,98,98,98,98,97,98,98,98,98,95,98,98,98,98,0,0,1,0,0,0,0,0
667,2008-11-24,5,5,1,1,95,98,98,98,98,4,98,98,98,98,11,98,98,98,98,23,95,98,98,98,0,0,1,0,1,0,0,0
668,2008-11-08,1,5,5,1,24,98,98,98,98,4,21,98,98,98,1,15,16,98,98,95,98,98,98,98,0,0,1,1,1,1,0,0
669,2008-12-04,1,5,1,1,95,96,98,98,98,4,98,98,98,98,95,96,98,98,98,24,95,96,97,98,0,0,1,0,0,0,0,0
670,2008-11-08,1,5,5,1,24,98,98,98,98,24,98,98,98,98,24,98,98,98,98,14,98,98,98,98,0,0,0,0,0,0,1,0
671,2008-11-09,1,1,1,1,95,98,98,98,98,95,98,98,98,98,95,98,98,98,98,96,98,98,98,98,0,0,0,0,0,0,0,0
672,2008-11-13,1,1,1,1,95,98,98,98,98,97,98,98,98,98,95,98,98,98,98,95,98,98,98,98,0,0,0,0,0,0,0,0
673,2008-11-12,5,5,1,1,95,98,98,98,98,4,98,98,98,98,24,98,98,98,98,95,98,98,98,98,0,0,1,0,0,0,0,0
674,2008-11-20,1,5,1,1,95,98,98,98,98,4,98,98,98,98,23,24,98,98,98,96,98,98,98,98,0,0,1,0,0,0,0,0
675,2008-11-25,5,5,1,1,1,98,98,98,98,4,98,98,98,98,15,24,98,98,98,96,98,98,98,98,1,0,1,0,0,1,0,0
676,2008-11-21,5,5,1,1,1,95,98,98,98,4,98,98,98,98,1,98,98,98,98,95,98,98,98,98,1,0,1,0,1,0,0,0
678,2008-11-12,5,5,1,1,95,98,98,98,98,21,98,98,98,98,1,98,98,98,98,95,98,98,98,98,0,0,0,1,1,0,0,0
679,2008-11-10,5,1,1,5,24,98,98,98,98,4,98,98,98,98,1,98,98,98,98,24,98,98,98,98,0,0,1,0,1,0,0,0
680,2008-11-25,5,5,1,1,95,98,98,98,98,4,98,98,98,98,1,98,98,98,98,96,98,98,98,98,0,0,1,0,1,0,0,0
681,2008-11-05,5,5,5,5,1,98,98,98,98,4,98,98,98,98,1,98,98,98,98,1,98,98,98,98,1,0,1,0,1,0,1,0
682,2008-11-05,1,1,1,1,95,98,98,98,98,4,98,98,98,98,95,98,98,98,98,95,98,98,98,98,0,0,1,0,0,0,0,0
683,2008-11-09,1,5,1,1,95,98,98,98,98,4,98,98,98,98,24,95,98,98,98,95,98,98,98,98,0,0,1,0,0,0,0,0
684,2008-11-18,1,5,5,1,95,98,98,98,98,4,98,98,98,98,95,97,98,98,98,14,95,98,98,98,0,0,1,0,0,0,1,0
685,2008-11-10,5,5,1,1,4,98,98,98,98,4,98,98,98,98,1,24,98,98,98,11,98,98,98,98,1,0,1,0,1,0,1,0
686,2008-11-05,5,5,1,1,95,98,98,98,98,4,98,98,98,98,1,98,98,98,98,24,98,98,98,98,0,0,1,0,1,0,0,0
688,2008-11-11,5,5,1,5,24,95,98,98,98,4,98,98,98,98,1,98,98,98,98,14,98,98,98,98,0,0,1,0,1,0,1,0
689,2008-12-09,5,5,1,5,24,95,98,98,98,4,98,98,98,98,1,98,98,98,98,4,14,98,98,98,0,0,1,0,1,0,1,0
690,2008-12-12,1,5,1,1,24,98,98,98,98,4,98,98,98,98,24,98,98,98,98,24,98,98,98,98,0,0,1,0,0,0,0,0
691,2008-11-10,1,5,1,1,95,97,98,98,98,4,98,98,98,98,95,98,98,98,98,95,98,98,98,98,0,0,1,0,0,0,0,0
692,2008-12-05,1,5,1,1,95,98,98,98,98,4,98,98,98,98,95,98,98,98,98,95,97,98,98,98,0,0,1,0,0,0,0,0
693,2008-12-09,5,5,1,1,24,98,98,98,98,4,98,98,98,98,1,98,98,98,98,24,95,98,98,98,0,0,1,0,1,0,0,0
694,2008-12-10,5,5,1,1,24,95,98,98,98,4,98,98,98,98,1,98,98,98,98,23,95,98,98,98,0,0,1,0,1,0,0,0
695,2008-11-17,5,5,5,1,24,98,98,98,98,4,98,98,98,98,1,95,98,98,98,24,98,98,98,98,0,0,1,0,1,0,0,0
696,2008-11-24,5,5,1,1,24,95,97,98,98,4,98,98,98,98,1,98,98,98,98,95,98,98,98,98,0,0,1,0,1,0,0,0
697,2008-12-03,1,1,5,1,24,98,98,98,98,4,98,98,98,98,95,98,98,98,98,95,98,98,98,98,0,0,1,0,0,0,0,0
698,2008-11-09,5,5,1,5,95,98,98,98,98,4,98,98,98,98,1,24,97,98,98,24,97,98,98,98,0,0,1,0,1,0,0,0
699,2008-11-22,5,5,1,1,95,98,98,98,98,4,98,98,98,98,1,98,98,98,98,24,98,98,98,98,0,0,1,0,1,0,0,0
700,2008-11-28,5,5,1,5,24,98,98,98,98,4,98,98,98,98,1,98,98,98,98,14,98,98,98,98,0,0,1,0,1,0,1,0
701,2008-11-29,5,5,1,1,24,98,98,98,98,24,98,98,98,98,24,98,98,98,98,95,98,98,98,98,0,0,0,0,0,0,0,0
702,2008-12-12,5,5,1,1,24,98,98,98,98,4,98,98,98,98,1,98,98,98,98,24,98,98,98,98,0,0,1,0,1,0,0,0
703,2008-12-03,1,1,1,1,24,98,98,98,98,4,98,98,98,98,24,98,98,98,98,24,98,98,98,98,0,0,1,0,0,0,0,0
704,2008-11-17,5,5,5,1,24,95,97,98,98,4,98,98,98,98,11,24,98,98,98,14,98,98,98,98,0,0,1,0,1,0,1,0
705,2008-11-29,5,5,1,1,95,96,97,98,98,4,98,98,98,98,1,98,98,98,98,95,97,98,98,98,0,0,1,0,1,0,0,0
706,2008-11-10,5,5,1,1,24,97,98,98,98,4,98,98,98,98,1,98,98,98,98,24,95,97,98,98,0,0,1,0,1,0,0,0
707,2008-12-27,1,5,5,1,24,98,98,98,98,24,98,98,98,98,24,98,98,98,98,24,98,98,98,98,0,0,0,0,0,0,0,0
708,2008-12-01,1,5,1,1,24,95,97,98,98,4,98,98,98,98,24,95,97,98,98,24,95,97,98,98,0,0,1,0,0,0,0,0
709,2008-11-08,1,5,5,5,24,98,98,98,98,24,98,98,98,98,16,95,97,98,98,24,97,98,98,98,0,0,0,0,1,0,0,0
710,2008-11-29,5,5,1,1,95,98,98,98,98,4,98,98,98,98,24,98,98,98,98,95,98,98,98,98,0,0,1,0,0,0,0,0
711,2008-12-02,1,5,1,1,24,95,96,97,98,24,98,98,98,98,24,95,96,97,98,24,95,96,97,98,0,0,0,0,0,0,0,0
712,2008-11-08,1,5,5,5,24,98,98,98,98,24,98,98,98,98,24,98,98,98,98,24,98,98,98,98,0,0,0,0,0,0,0,0
713,2008-11-18,5,5,5,5,95,98,98,98,98,4,98,98,98,98,1,98,98,98,98,95,98,98,98,98,0,0,1,0,1,0,0,0
714,2008-11-23,1,1,5,5,24,98,98,98,98,24,98,98,98,98,24,98,98,98,98,24,98,98,98,98,0,0,0,0,0,0,0,0
715,2008-11-21,1,5,1,1,95,98,98,98,98,4,98,98,98,98,1,98,98,98,98,95,98,98,98,98,0,0,1,0,1,0,0,0
716,2008-12-19,1,5,1,1,95,96,97,98,98,24,96,98,98,98,95,96,97,98,98,95,96,97,98,98,0,0,0,0,0,0,0,0
718,2008-12-06,5,5,1,5,95,96,97,98,98,4,98,98,98,98,1,98,98,98,98,24,96,98,98,98,0,0,1,0,1,0,0,0
720,2008-11-11,5,5,1,5,24,98,98,98,98,24,98,98,98,98,16,98,98,98,98,24,98,98,98,98,0,0,0,0,1,0,0,0
721,2008-12-27,5,1,1,1,95,98,98,98,98,4,98,98,98,98,1,98,98,98,98,95,98,98,98,98,0,0,1,0,1,0,0,0
722,2008-12-15,1,1,1,1,95,98,98,98,98,95,98,98,98,98,95,98,98,98,98,95,98,98,98,98,0,0,0,0,0,0,0,0
724,2008-11-07,5,5,5,5,95,98,98,98,98,4,98,98,98,98,1,98,98,98,98,95,98,98,98,98,0,0,1,0,1,0,0,0
725,2008-11-23,5,5,1,5,24,95,97,98,98,4,98,98,98,98,1,98,98,98,98,24,98,98,98,98,0,0,1,0,1,0,0,0
727,2008-11-17,5,5,1,1,95,98,98,98,98,4,98,98,98,98,24,98,98,98,98,95,98,98,98,98,0,0,1,0,0,0,0,0
729,2008-11-12,1,1,1,1,24,98,98,98,98,24,98,98,98,98,23,98,98,98,98,24,98,98,98,98,0,0,0,0,0,0,0,0
731,2008-12-02,5,5,1,1,95,98,98,98,98,4,98,98,98,98,24,95,97,98,98,95,98,98,98,98,0,0,1,0,0,0,0,0
732,2008-11-12,1,5,1,5,95,98,98,98,98,4,98,98,98,98,12,21,98,98,98,14,97,98,98,98,0,0,1,0,0,1,1,0
733,2008-12-14,5,5,1,1,95,98,98,98,98,4,98,98,98,98,1,98,98,98,98,95,97,98,98,98,0,0,1,0,1,0,0,0
734,2008-11-18,1,1,1,1,95,98,98,98,98,95,98,98,98,98,95,98,98,98,98,95,98,98,98,98,0,0,0,0,0,0,0,0
735,2008-11-09,1,5,1,1,95,98,98,98,98,4,98,98,98,98,95,97,98,98,98,95,98,98,98,98,0,0,1,0,0,0,0,0
736,2008-11-09,1,5,1,1,96,98,98,98,98,4,98,98,98,98,95,98,98,98,98,95,98,98,98,98,0,0,1,0,0,0,0,0
738,2008-11-15,5,5,1,1,95,98,98,98,98,4,98,98,98,98,16,24,98,98,98,95,98,98,98,98,0,0,1,0,1,0,0,0
739,2008-11-28,1,5,1,1,95,98,98,98,98,4,98,98,98,98,95,98,98,98,98,95,98,98,98,98,0,0,1,0,0,0,0,0
740,2008-11-18,1,5,1,1,95,98,98,98,98,4,98,98,98,98,1,98,98,98,98,95,98,98,98,98,0,0,1,0,1,0,0,0
741,2008-11-15,1,1,1,1,24,95,96,98,98,4,98,98,98,98,95,96,98,98,98,95,97,98,98,98,0,0,1,0,0,0,0,0
742,2008-11-12,1,5,1,1,95,98,98,98,98,4,98,98,98,98,24,97,98,98,98,95,98,98,98,98,0,0,1,0,0,0,0,0
743,2008-11-14,5,5,1,1,95,98,98,98,98,4,98,98,98,98,24,98,98,98,98,95,98,98,98,98,0,0,1,0,0,0,0,0
744,2008-11-18,1,5,1,1,95,98,98,98,98,4,98,98,98,98,95,98,98,98,98,95,98,98,98,98,0,0,1,0,0,0,0,0
746,2008-12-04,1,1,1,1,95,98,98,98,98,95,98,98,98,98,95,97,98,98,98,95,98,98,98,98,0,0,0,0,0,0,0,0
747,2008-11-23,1,5,1,1,95,98,98,98,98,4,98,98,98,98,95,98,98,98,98,95,98,98,98,98,0,0,1,0,0,0,0,0
748,2008-11-18,1,5,1,1,95,98,98,98,98,4,98,98,98,98,95,98,98,98,98,95,98,98,98,98,0,0,1,0,0,0,0,0
749,2008-11-11,1,1,1,1,95,98,98,98,98,4,98,98,98,98,95,98,98,98,98,95,98,98,98,98,0,0,1,0,0,0,0,0
750,2008-11-11,1,1,1,1,24,98,98,98,98,4,98,98,98,98,1,98,98,98,98,1,98,98,98,98,0,0,1,0,1,0,1,0
751,2008-11-09,1,1,1,1,95,98,98,98,98,95,98,98,98,98,95,98,98,98,98,95,98,98,98,98,0,0,0,0,0,0,0,0
752,2008-11-08,1,1,1,1,95,98,98,98,98,4,98,98,98,98,95,98,98,98,98,95,98,98,98,98,0,0,1,0,0,0,0,0
753,2008-11-10,1,1,1,1,95,98,98,98,98,4,98,98,98,98,95,98,98,98,98,95,98,98,98,98,0,0,1,0,0,0,0,0
754,2008-11-15,1,1,1,1,95,98,98,98,98,4,98,98,98,98,1,98,98,98,98,95,98,98,98,98,0,0,1,0,1,0,0,0
756,2008-12-08,1,1,1,1,24,95,98,98,98,4,98,98,98,98,1,98,98,98,98,24,98,98,98,98,0,0,1,0,1,0,0,0
757,2008-12-09,1,1,1,1,24,95,98,98,98,24,95,98,98,98,24,95,97,98,98,24,95,97,98,98,0,0,0,0,0,0,0,0
758,2008-11-15,1,1,1,1,24,95,97,98,98,1,98,98,98,98,1,98,98,98,98,95,98,98,98,98,0,0,1,0,1,0,0,0
759,2008-11-09,1,1,1,1,95,98,98,98,98,95,98,98,98,98,95,98,98,98,98,95,98,98,98,98,0,0,0,0,0,0,0,0
760,2008-11-19,5,5,1,1,95,98,98,98,98,4,98,98,98,98,1,98,98,98,98,95,98,98,98,98,0,0,1,0,1,0,0,0
761,2008-12-11,1,1,1,1,95,98,98,98,98,4,97,98,98,98,16,95,98,98,98,24,95,97,98,98,0,0,1,0,1,0,0,0
762,2008-11-15,1,1,1,1,95,98,98,98,98,4,98,98,98,98,1,97,98,98,98,95,96,98,98,98,0,0,1,0,1,0,0,0
763,2008-12-11,1,1,1,1,95,97,98,98,98,4,95,97,98,98,16,95,98,98,98,24,95,98,98,98,0,0,1,0,1,0,0,0
764,2008-11-07,5,1,1,1,95,97,98,98,98,24,98,98,98,98,95,97,98,98,98,95,98,98,98,98,0,0,0,0,0,0,0,0
765,2008-11-11,5,5,1,5,24,95,97,98,98,4,98,98,98,98,12,97,98,98,98,24,95,97,98,98,0,0,1,0,0,1,0,0
766,2008-11-08,1,1,1,1,95,96,98,98,98,95,96,98,98,98,95,96,98,98,98,95,96,98,98,98,0,0,0,0,0,0,0,0
767,2008-11-16,5,5,1,1,24,96,98,98,98,4,96,98,98,98,1,96,98,98,98,24,96,98,98,98,0,0,1,0,1,0,0,0
768,2008-12-22,5,5,1,5,24,95,98,98,98,4,98,98,98,98,24,98,98,98,98,24,98,98,98,98,0,0,1,0,0,0,0,0
769,2008-11-13,1,5,5,1,24,98,98,98,98,4,98,98,98,98,16,96,98,98,98,24,98,98,98,98,0,0,1,0,1,0,0,0
770,2008-12-17,5,5,1,1,24,95,98,98,98,24,98,98,98,98,24,98,98,98,98,95,98,98,98,98,0,0,0,0,0,0,0,0
772,2008-12-10,1,5,1,1,24,95,98,98,98,24,95,97,98,98,95,97,98,98,98,24,95,97,98,98,0,0,0,0,0,0,0,0
774,2008-11-08,1,5,1,1,95,98,98,98,98,4,98,98,98,98,95,98,98,98,98,95,98,98,98,98,0,0,1,0,0,0,0,0
775,2008-12-05,1,5,1,1,95,98,98,98,98,4,24,98,98,98,95,98,98,98,98,95,98,98,98,98,0,0,1,0,0,0,0,0
776,2008-11-17,1,5,1,5,24,98,98,98,98,4,98,98,98,98,1,96,98,98,98,24,98,98,98,98,0,0,1,0,1,0,0,0
777,2008-11-08,1,1,1,1,95,98,98,98,98,95,98,98,98,98,95,98,98,98,98,95,98,98,98,98,0,0,0,0,0,0,0,0
778,2008-11-11,1,1,1,1,95,98,98,98,98,95,98,98,98,98,95,98,98,98,98,95,98,98,98,98,0,0,0,0,0,0,0,0
779,2008-12-19,1,1,1,1,95,98,98,98,98,95,98,98,98,98,95,98,98,98,98,95,98,98,98,98,0,0,0,0,0,0,0,0
780,2008-12-20,1,1,1,1,95,98,98,98,98,4,24,98,98,98,95,96,97,98,98,95,98,98,98,98,0,0,1,0,0,0,0,0
781,2008-12-28,1,5,1,1,95,98,98,98,98,4,98,98,98,98,23,95,98,98,98,95,98,98,98,98,0,0,1,0,0,0,0,0
782,2008-11-19,1,5,1,1,24,95,98,98,98,4,98,98,98,98,95,98,98,98,98,95,98,98,98,98,0,0,1,0,0,0,0,0
783,2008-11-29,5,5,1,5,24,95,98,98,98,24,98,98,98,98,23,24,98,98,98,95,98,98,98,98,0,0,0,0,0,0,0,0
784,2008-11-08,5,5,1,5,24,95,98,98,98,4,98,98,98,98,15,24,98,98,98,24,95,98,98,98,0,0,1,0,0,1,0,0
785,2008-11-26,5,1,1,5,24,95,97,98,98,24,95,97,98,98,24,98,98,98,98,24,98,98,98,98,0,0,0,0,0,0,0,0
786,2008-12-08,5,5,1,1,24,95,98,98,98,4,98,98,98,98,1,98,98,98,98,95,98,98,98,98,0,0,1,0,1,0,0,0
787,2008-12-08,1,5,1,1,95,96,98,98,98,4,24,98,98,98,24,95,98,98,98,95,98,98,98,98,0,0,1,0,0,0,0,0
788,2008-11-26,5,5,1,5,24,95,98,98,98,4,98,98,98,98,1,98,98,98,98,14,98,98,98,98,0,0,1,0,1,0,1,0
789,2008-12-15,1,5,1,1,95,98,98,98,98,4,98,98,98,98,95,98,98,98,98,95,98,98,98,98,0,0,1,0,0,0,0,0
790,2008-11-23,1,5,1,1,24,95,98,98,98,24,95,97,98,98,16,97,98,98,98,24,95,98,98,98,0,0,0,0,1,0,0,0
791,2008-12-15,1,1,1,1,95,98,98,98,98,24,98,98,98,98,95,98,98,98,98,95,98,98,98,98,0,0,0,0,0,0,0,0
792,2008-11-21,5,5,1,5,24,98,98,98,98,4,24,98,98,98,1,98,98,98,98,14,98,98,98,98,0,0,1,0,1,0,1,0
793,2008-11-14,1,5,1,1,24,95,98,98,98,24,98,98,98,98,16,95,98,98,98,24,95,98,98,98,0,0,0,0,1,0,0,0
795,2008-11-16,5,5,1,5,24,95,98,98,98,4,98,98,98,98,1,98,98,98,98,14,98,98,98,98,0,0,1,0,1,0,1,0
797,2008-12-04,1,1,1,1,95,98,98,98,98,1,95,98,98,98,95,98,98,98,98,95,98,98,98,98,0,0,1,0,0,0,0,0
798,2008-11-18,1,1,1,1,95,98,98,98,98,95,97,98,98,98,95,98,98,98,98,95,98,98,98,98,0,0,0,0,0,0,0,0
799,2008-12-02,1,1,1,1,95,98,98,98,98,95,97,98,98,98,95,98,98,98,98,95,98,98,98,98,0,0,0,0,0,0,0,0
800,2008-12-05,1,1,1,1,95,98,98,98,98,95,98,98,98,98,95,97,98,98,98,95,98,98,98,98,0,0,0,0,0,0,0,0
801,2008-11-22,1,5,5,1,24,98,98,98,98,4,98,98,98,98,95,98,98,98,98,95,98,98,98,98,0,0,1,0,0,0,0,0
802,2008-12-18,1,5,1,1,24,95,98,98,98,4,98,98,98,98,24,95,98,98,98,24,95,98,98,98,0,0,1,0,0,0,0,0
803,2008-11-22,1,5,1,1,24,95,98,98,98,24,98,98,98,98,24,95,98,98,98,24,95,98,98,98,0,0,0,0,0,0,0,0
804,2008-12-01,1,1,1,1,95,98,98,98,98,95,97,98,98,98,95,98,98,98,98,24,95,98,98,98,0,0,0,0,0,0,0,0
805,2008-11-17,1,1,1,1,24,95,98,98,98,24,95,98,98,98,95,98,98,98,98,24,95,98,98,98,0,0,0,0,0,0,0,0
806,2008-12-30,5,1,1,5,95,98,98,98,98,1,98,98,98,98,1,24,98,98,98,14,98,98,98,98,0,0,1,0,1,0,1,0
807,2008-12-30,5,5,1,1,95,98,98,98,98,1,98,98,98,98,1,98,98,98,98,95,98,98,98,98,0,0,1,0,1,0,0,0
808,2008-11-25,5,5,5,5,95,98,98,98,98,4,98,98,98,98,16,98,98,98,98,95,98,98,98,98,0,0,1,0,1,0,0,0
809,2008-12-15,5,5,1,5,95,98,98,98,98,1,98,98,98,98,1,98,98,98,98,24,98,98,98,98,0,0,1,0,1,0,0,0
810,2008-11-15,5,5,1,1,95,98,98,98,98,4,98,98,98,98,1,98,98,98,98,24,95,97,98,98,0,0,1,0,1,0,0,0
812,2008-11-24,5,5,5,5,95,98,98,98,98,4,98,98,98,98,1,98,98,98,98,95,98,98,98,98,0,0,1,0,1,0,0,0
813,2008-12-29,5,5,5,5,95,98,98,98,98,4,98,98,98,98,95,98,98,98,98,95,98,98,98,98,0,0,1,0,0,0,0,0
814,2008-11-17,1,1,1,1,95,98,98,98,98,95,98,98,98,98,24,95,98,98,98,95,98,98,98,98,0,0,0,0,0,0,0,0
815,2008-11-12,1,5,1,5,95,98,98,98,98,4,98,98,98,98,95,96,98,98,98,24,97,98,98,98,0,0,1,0,0,0,0,0
816,2008-11-13,1,1,1,5,95,98,98,98,98,24,97,98,98,98,16,23,24,97,98,95,98,98,98,98,0,0,0,0,1,0,0,0
818,2008-11-15,1,5,1,1,95,98,98,98,98,4,98,98,98,98,4,16,95,98,98,95,98,98,98,98,0,0,1,0,1,0,0,0
819,2008-11-20,5,5,5,5,95,98,98,98,98,4,98,98,98,98,95,98,98,98,98,95,98,98,98,98,0,0,1,0,0,0,0,0
821,2008-11-18,5,5,5,5,95,98,98,98,98,4,98,98,98,98,1,98,98,98,98,14,98,98,98,98,0,0,1,0,1,0,1,0
822,2008-12-15,1,5,5,1,24,98,98,98,98,1,98,98,98,98,24,95,98,98,98,95,98,98,98,98,0,0,1,0,0,0,0,0
823,2008-11-19,1,1,5,5,96,98,98,98,98,24,95,98,98,98,95,98,98,98,98,95,96,98,98,98,0,0,0,0,0,0,0,0
825,2008-11-08,1,1,1,1,24,98,98,98,98,24,98,98,98,98,16,98,98,98,98,24,98,98,98,98,0,0,0,0,1,0,0,0
826,2008-11-08,1,1,1,1,95,96,98,98,98,4,98,98,98,98,95,96,98,98,98,95,96,98,98,98,0,0,1,0,0,0,0,0
827,2008-11-06,5,5,1,1,95,97,98,98,98,4,98,98,98,98,24,98,98,98,98,24,95,98,98,98,0,0,1,0,0,0,0,0
828,2008-11-07,5,1,1,1,1,98,98,98,98,4,98,98,98,98,1,98,98,98,98,1,98,98,98,98,1,0,1,0,1,0,1,0
829,2008-11-10,5,5,1,1,95,98,98,98,98,24,98,98,98,98,1,98,98,98,98,24,98,98,98,98,0,0,0,0,1,0,0,0
830,2008-11-10,5,5,1,1,95,98,98,98,98,4,98,98,98,98,1,98,98,98,98,95,98,98,98,98,0,0,1,0,1,0,0,0
831,2008-11-12,1,5,1,1,95,98,98,98,98,4,98,98,98,98,95,98,98,98,98,95,98,98,98,98,0,0,1,0,0,0,0,0
832,2008-11-17,1,5,1,1,95,98,98,98,98,4,98,98,98,98,95,98,98,98,98,95,98,98,98,98,0,0,1,0,0,0,0,0
833,2008-12-29,1,1,1,1,95,98,98,98,98,95,98,98,98,98,95,98,98,98,98,95,98,98,98,98,0,0,0,0,0,0,0,0
834,2008-11-14,1,1,1,1,95,98,98,98,98,95,98,98,98,98,95,98,98,98,98,95,98,98,98,98,0,0,0,0,0,0,0,0
835,2008-11-09,1,1,1,1,95,97,98,98,98,95,98,98,98,98,95,97,98,98,98,95,97,98,98,98,0,0,0,0,0,0,0,0
836,2008-11-05,1,1,1,1,24,98,98,98,98,24,98,98,98,98,24,98,98,98,98,24,98,98,98,98,0,0,0,0,0,0,0,0
837,2008-12-29,1,1,1,1,95,98,98,98,98,95,98,98,98,98,95,98,98,98,98,95,98,98,98,98,0,0,0,0,0,0,0,0
838,2008-11-05,1,5,1,1,95,98,98,98,98,24,98,98,98,98,16,98,98,98,98,95,98,98,98,98,0,0,0,0,1,0,0,0
839,2008-12-04,1,1,1,1,95,98,98,98,98,95,98,98,98,98,95,98,98,98,98,95,98,98,98,98,0,0,0,0,0,0,0,0
840,2008-11-17,1,1,1,1,95,98,98,98,98,4,98,98,98,98,95,98,98,98,98,95,98,98,98,98,0,0,1,0,0,0,0,0
842,2008-11-17,5,5,1,5,95,98,98,98,98,4,98,98,98,98,1,98,98,98,98,4,98,98,98,98,0,0,1,0,1,0,1,0
843,2008-11-17,1,1,1,1,95,98,98,98,98,95,98,98,98,98,95,98,98,98,98,95,98,98,98,98,0,0,0,0,0,0,0,0
844,2008-11-14,1,1,1,1,95,98,98,98,98,4,98,98,98,98,95,98,98,98,98,95,98,98,98,98,0,0,1,0,0,0,0,0
845,2008-11-18,5,5,1,5,95,98,98,98,98,4,98,98,98,98,1,98,98,98,98,14,98,98,98,98,0,0,1,0,1,0,1,0
846,2008-11-05,5,5,1,5,95,97,98,98,98,4,98,98,98,98,24,98,98,98,98,24,98,98,98,98,0,0,1,0,0,0,0,0
847,2008-11-17,1,1,1,1,24,95,98,98,98,4,95,98,98,98,95,98,98,98,98,24,95,98,98,98,0,0,1,0,0,0,0,0
848,2008-11-11,1,1,1,1,24,98,98,98,98,24,95,98,98,98,16,96,98,98,98,24,98,98,98,98,0,0,0,0,1,0,0,0
849,2008-11-18,1,1,1,1,95,98,98,98,98,95,98,98,98,98,95,98,98,98,98,95,98,98,98,98,0,0,0,0,0,0,0,0
850,2008-11-06,1,1,5,5,24,98,98,98,98,24,98,98,98,98,4,24,98,98,98,24,98,98,98,98,0,0,0,0,1,0,0,0
851,2008-11-05,1,5,1,1,24,95,98,98,98,4,98,98,98,98,95,98,98,98,98,24,97,98,98,98,0,0,1,0,0,0,0,0
852,2008-11-05,5,5,1,1,24,95,98,98,98,4,98,98,98,98,23,24,97,98,98,95,98,98,98,98,0,0,1,0,0,0,0,0
853,2008-11-06,5,5,1,5,24,98,98,98,98,4,98,98,98,98,24,98,98,98,98,24,98,98,98,98,0,0,1,0,0,0,0,0
854,2008-11-17,1,1,1,1,95,98,98,98,98,95,98,98,98,98,95,98,98,98,98,95,98,98,98,98,0,0,0,0,0,0,0,0
855,2008-11-07,5,5,5,1,95,98,98,98,98,4,98,98,98,98,24,98,98,98,98,24,95,98,98,98,0,0,1,0,0,0,0,0
857,2008-12-06,1,5,1,1,95,98,98,98,98,4,98,98,98,98,95,97,98,98,98,95,98,98,98,98,0,0,1,0,0,0,0,0
858,2008-11-11,1,5,1,5,24,95,98,98,98,4,98,98,98,98,24,98,98,98,98,24,97,98,98,98,0,0,1,0,0,0,0,0
859,2008-12-20,1,5,1,1,24,95,98,98,98,24,95,98,98,98,24,95,97,98,98,24,95,98,98,98,0,0,0,0,0,0,0,0
861,2008-11-05,1,5,1,5,95,98,98,98,98,4,98,98,98,98,24,95,97,98,98,24,98,98,98,98,0,0,1,0,0,0,0,0
862,2008-11-06,1,5,1,1,95,98,98,98,98,24,98,98,98,98,95,98,98,98,98,95,98,98,98,98,0,0,0,0,0,0,0,0
863,2008-11-12,1,5,5,5,24,98,98,98,98,4,98,98,98,98,95,96,98,98,98,24,98,98,98,98,0,0,1,0,0,0,0,0
864,2008-11-13,5,5,1,5,4,98,98,98,98,4,98,98,98,98,98,98,98,98,98,1,98,98,98,98,1,0,1,0,0,0,1,0
865,2008-11-08,5,5,1,1,24,95,96,98,98,4,98,98,98,98,1,24,98,98,98,14,96,98,98,98,0,0,1,0,1,0,1,0
866,2008-11-14,5,5,1,5,24,98,98,98,98,4,98,98,98,98,1,98,98,98,98,24,98,98,98,98,0,0,1,0,1,0,0,0
867,2008-11-14,1,5,5,1,24,98,98,98,98,4,98,98,98,98,24,98,98,98,98,24,95,98,98,98,0,0,1,0,0,0,0,0
868,2008-12-10,5,5,1,1,24,98,98,98,98,4,98,98,98,98,1,98,98,98,98,24,98,98,98,98,0,0,1,0,1,0,0,0
869,2008-11-10,1,5,1,1,24,95,96,98,98,4,98,98,98,98,16,24,96,98,98,24,95,96,98,98,0,0,1,0,1,0,0,0
870,2008-11-11,1,5,1,1,24,98,98,98,98,4,98,98,98,98,24,98,98,98,98,24,98,98,98,98,0,0,1,0,0,0,0,0
871,2008-12-01,5,5,1,1,1,98,98,98,98,4,98,98,98,98,1,98,98,98,98,24,98,98,98,98,1,0,1,0,1,0,0,0
872,2008-11-07,1,5,5,1,24,97,98,98,98,4,98,98,98,98,16,96,98,98,98,24,96,97,98,98,0,0,1,0,1,0,0,0
873,2008-11-09,1,5,5,5,24,98,98,98,98,4,98,98,98,98,24,95,96,98,98,24,98,98,98,98,0,0,1,0,0,0,0,0
874,2008-11-09,1,1,1,5,24,95,96,97,98,24,95,96,97,98,24,95,96,97,98,24,98,98,98,98,0,0,0,0,0,0,0,0
876,2008-11-07,5,5,1,5,24,98,98,98,98,4,98,98,98,98,1,4,24,98,98,1,98,98,98,98,0,0,1,0,1,0,1,0
877,2008-11-10,1,5,1,1,24,95,96,98,98,4,98,98,98,98,24,98,98,98,98,24,95,96,98,98,0,0,1,0,0,0,0,0
879,2008-11-17,1,1,1,1,23,95,97,98,98,95,98,98,98,98,23,95,97,98,98,95,98,98,98,98,0,0,0,0,0,0,0,0
880,2008-11-12,1,1,1,1,95,98,98,98,98,95,98,98,98,98,24,95,98,98,98,96,97,98,98,98,0,0,0,0,0,0,0,0
881,2008-11-18,1,5,1,5,95,97,98,98,98,4,98,98,98,98,95,97,98,98,98,95,98,98,98,98,0,0,1,0,0,0,0,0
882,2008-11-10,5,5,1,1,24,98,98,98,98,4,98,98,98,98,1,98,98,98,98,24,98,98,98,98,0,0,1,0,1,0,0,0
883,2008-11-09,1,5,1,5,24,98,98,98,98,4,98,98,98,98,24,98,98,98,98,24,98,98,98,98,0,0,1,0,0,0,0,0
884,2008-11-19,5,5,1,1,95,98,98,98,98,4,98,98,98,98,1,98,98,98,98,95,97,98,98,98,0,0,1,0,1,0,0,0
885,2008-12-04,1,1,1,1,95,96,98,98,98,95,96,97,98,98,95,96,97,98,98,95,97,98,98,98,0,0,0,0,0,0,0,0
887,2008-12-11,5,5,1,1,95,97,98,98,98,4,98,98,98,98,1,98,98,98,98,95,97,98,98,98,0,0,1,0,1,0,0,0
888,2008-11-20,5,5,1,5,4,95,98,98,98,4,98,98,98,98,1,98,98,98,98,14,98,98,98,98,1,0,1,0,1,0,1,0
889,2008-11-07,1,1,1,1,95,96,98,98,98,24,98,98,98,98,16,96,98,98,98,24,95,96,97,98,0,0,0,0,1,0,0,0
890,2008-12-01,1,5,5,5,95,98,98,98,98,4,98,98,98,98,95,98,98,98,98,95,98,98,98,98,0,0,1,0,0,0,0,0
891,2008-11-21,1,1,1,1,95,97,98,98,98,95,97,98,98,98,95,97,98,98,98,95,97,98,98,98,0,0,0,0,0,0,0,0
892,2008-11-07,5,5,1,1,95,98,98,98,98,4,98,98,98,98,1,98,98,98,98,95,98,98,98,98,0,0,1,0,1,0,0,0
893,2008-12-07,1,1,1,1,95,97,98,98,98,95,97,98,98,98,95,97,98,98,98,95,97,98,98,98,0,0,0,0,0,0,0,0
894,2008-12-14,5,5,5,5,95,97,98,98,98,24,95,97,98,98,24,98,98,98,98,,,,,,0,0,0,0,0,0,,
895,2008-11-08,1,5,5,1,95,98,98,98,98,4,98,98,98,98,24,95,98,98,98,95,98,98,98,98,0,0,1,0,0,0,0,0
896,2008-11-08,1,1,1,1,24,95,98,98,98,24,95,98,98,98,24,95,98,98,98,95,98,98,98,98,0,0,0,0,0,0,0,0
897,2008-12-18,1,5,5,1,24,95,97,98,98,24,95,98,98,98,95,96,97,98,98,95,97,98,98,98,0,0,0,0,0,0,0,0
898,2008-11-07,5,5,5,5,95,98,98,98,98,95,98,98,98,98,95,98,98,98,98,95,98,98,98,98,0,0,0,0,0,0,0,0
900,2008-12-04,1,5,1,1,24,95,97,98,98,4,98,98,98,98,95,97,98,98,98,95,98,98,98,98,0,0,1,0,0,0,0,0
901,2008-12-01,1,1,5,5,95,98,98,98,98,95,97,98,98,98,24,95,98,98,98,95,98,98,98,98,0,0,0,0,0,0,0,0
902,2008-12-19,1,5,1,1,95,97,98,98,98,24,98,98,98,98,95,97,98,98,98,95,97,98,98,98,0,0,0,0,0,0,0,0
903,2008-11-08,1,1,1,1,24,95,98,98,98,24,98,98,98,98,24,98,98,98,98,24,95,98,98,98,0,0,0,0,0,0,0,0
904,2008-12-19,1,5,1,1,95,98,98,98,98,4,98,98,98,98,95,98,98,98,98,95,98,98,98,98,0,0,1,0,0,0,0,0
905,2008-11-10,1,1,1,1,24,98,98,98,98,24,98,98,98,98,24,98,98,98,98,24,98,98,98,98,0,0,0,0,0,0,0,0
906,2008-12-08,5,5,1,1,95,97,98,98,98,1,98,98,98,98,24,98,98,98,98,95,97,98,98,98,0,0,1,0,0,0,0,0
907,2008-12-15,1,5,1,1,95,97,98,98,98,4,98,98,98,98,95,97,98,98,98,95,97,98,98,98,0,0,1,0,0,0,0,0
908,2008-12-19,1,5,1,5,24,95,97,98,98,24,98,98,98,98,95,97,98,98,98,24,95,98,98,98,0,0,0,0,0,0,0,0
911,2008-12-18,1,1,1,1,95,96,97,98,98,95,96,97,98,98,95,96,97,98,98,95,96,97,98,98,0,0,0,0,0,0,0,0
912,2008-11-14,1,1,1,1,95,96,97,98,98,95,97,98,98,98,95,97,98,98,98,95,97,98,98,98,0,0,0,0,0,0,0,0
913,2008-11-19,1,5,5,5,95,98,98,98,98,4,98,98,98,98,95,97,98,98,98,95,98,98,98,98,0,0,1,0,0,0,0,0
914,2008-11-15,1,5,1,1,23,95,98,98,98,4,98,98,98,98,95,98,98,98,98,24,95,98,98,98,0,0,1,0,0,0,0,0
915,2008-11-16,1,1,1,1,95,98,98,98,98,95,98,98,98,98,95,98,98,98,98,24,95,98,98,98,0,0,0,0,0,0,0,0
916,2008-11-17,1,1,1,1,95,97,98,98,98,95,97,98,98,98,95,97,98,98,98,95,97,98,98,98,0,0,0,0,0,0,0,0
917,2008-11-18,1,1,1,1,95,97,98,98,98,95,97,98,98,98,95,97,98,98,98,95,97,98,98,98,0,0,0,0,0,0,0,0
918,2008-11-11,1,1,5,1,24,98,98,98,98,1,98,98,98,98,24,98,98,98,98,24,95,98,98,98,0,0,1,0,0,0,0,0
919,2008-11-13,1,5,1,1,24,95,96,97,98,4,98,98,98,98,95,98,98,98,98,24,98,98,98,98,0,0,1,0,0,0,0,0
920,2008-12-12,5,5,5,5,95,96,98,98,98,95,98,98,98,98,95,98,98,98,98,95,98,98,98,98,0,0,0,0,0,0,0,0
921,2008-12-20,1,1,1,1,95,97,98,98,98,24,95,97,98,98,95,96,97,98,98,95,97,98,98,98,0,0,0,0,0,0,0,0
922,2008-12-03,1,5,1,1,95,97,98,98,98,4,98,98,98,98,24,95,98,98,98,24,95,97,98,98,0,0,1,0,0,0,0,0
923,2008-12-02,1,5,1,5,95,97,98,98,98,4,98,98,98,98,24,95,97,98,98,24,98,98,98,98,0,0,1,0,0,0,0,0
924,2008-12-11,5,1,5,5,95,98,98,98,98,95,96,97,98,98,24,98,98,98,98,95,98,98,98,98,0,0,0,0,0,0,0,0
925,2008-12-18,1,1,1,1,23,95,97,98,98,24,95,97,98,98,24,95,97,98,98,24,95,97,98,98,0,0,0,0,0,0,0,0
926,2008-11-16,1,5,1,5,95,97,98,98,98,4,98,98,98,98,95,97,98,98,98,95,97,98,98,98,0,0,1,0,0,0,0,0
927,2008-11-14,5,5,1,5,95,97,98,98,98,4,98,98,98,98,1,98,98,98,98,95,97,98,98,98,0,0,1,0,1,0,0,0
929,2008-12-05,1,1,1,1,95,98,98,98,98,95,97,98,98,98,95,97,98,98,98,95,97,98,98,98,0,0,0,0,0,0,0,0
930,2008-12-08,1,5,1,1,95,97,98,98,98,95,98,98,98,98,95,97,98,98,98,95,97,98,98,98,0,0,0,0,0,0,0,0
931,2008-11-15,1,1,1,1,24,95,97,98,98,24,95,98,98,98,24,95,97,98,98,24,95,97,98,98,0,0,0,0,0,0,0,0
932,2008-12-04,5,1,1,1,95,98,98,98,98,95,98,98,98,98,95,98,98,98,98,95,98,98,98,98,0,0,0,0,0,0,0,0
934,2008-11-17,5,5,5,5,96,98,98,98,98,96,98,98,98,98,96,98,98,98,98,96,98,98,98,98,0,0,0,0,0,0,0,0
935,2008-11-13,1,5,5,5,96,98,98,98,98,4,98,98,98,98,1,98,98,98,98,96,98,98,98,98,0,0,1,0,1,0,0,0
936,2008-11-23,5,5,5,5,96,98,98,98,98,4,98,98,98,98,1,98,98,98,98,24,98,98,98,98,0,0,1,0,1,0,0,0
937,2008-11-17,5,5,5,5,23,98,98,98,98,4,98,98,98,98,1,98,98,98,98,96,98,98,98,98,0,0,1,0,1,0,0,0
939,2008-11-07,5,5,5,5,95,98,98,98,98,4,98,98,98,98,1,98,98,98,98,1,98,98,98,98,0,0,1,0,1,0,1,0
940,2008-12-18,5,5,5,5,96,98,98,98,98,4,98,98,98,98,96,98,98,98,98,96,98,98,98,98,0,0,1,0,0,0,0,0
941,2008-11-22,5,5,5,5,96,98,98,98,98,4,98,98,98,98,1,98,98,98,98,96,98,98,98,98,0,0,1,0,1,0,0,0
943,2008-11-18,5,1,5,5,95,98,98,98,98,4,98,98,98,98,95,98,98,98,98,95,98,98,98,98,0,0,1,0,0,0,0,0
944,2008-11-08,1,1,1,1,4,98,98,98,98,4,98,98,98,98,16,98,98,98,98,95,98,98,98,98,1,0,1,0,1,0,0,0
945,2008-11-08,5,5,5,5,96,98,98,98,98,4,98,98,98,98,1,98,98,98,98,96,98,98,98,98,0,0,1,0,1,0,0,0
946,2008-12-14,5,5,5,5,96,98,98,98,98,4,98,98,98,98,96,98,98,98,98,96,98,98,98,98,0,0,1,0,0,0,0,0
947,2008-11-16,1,1,5,5,95,98,98,98,98,4,98,98,98,98,95,98,98,98,98,95,98,98,98,98,0,0,1,0,0,0,0,0
948,2008-11-15,5,5,5,5,96,98,98,98,98,4,98,98,98,98,1,98,98,98,98,96,98,98,98,98,0,0,1,0,1,0,0,0
949,2008-11-18,5,5,5,5,96,98,98,98,98,4,98,98,98,98,1,98,98,98,98,96,98,98,98,98,0,0,1,0,1,0,0,0
950,2008-11-07,5,5,5,5,96,98,98,98,98,4,98,98,98,98,1,24,98,98,98,96,98,98,98,98,0,0,1,0,1,0,0,0
951,2008-11-11,5,5,5,5,96,98,98,98,98,96,98,98,98,98,96,98,98,98,98,24,98,98,98,98,0,0,0,0,0,0,0,0
952,2008-11-18,5,5,5,5,96,98,98,98,98,96,98,98,98,98,,,,,,96,98,98,98,98,0,0,0,0,,,0,0
953,2008-12-12,5,5,5,5,96,98,98,98,98,96,98,98,98,98,96,98,98,98,98,96,98,98,98,98,0,0,0,0,0,0,0,0
954,2008-11-07,1,5,5,5,96,98,98,98,98,4,98,98,98,98,1,24,98,98,98,96,98,98,98,98,0,0,1,0,1,0,0,0
955,2008-11-10,1,5,5,5,96,98,98,98,98,4,98,98,98,98,1,98,98,98,98,96,98,98,98,98,0,0,1,0,1,0,0,0
956,2008-12-14,5,5,5,5,96,98,98,98,98,4,98,98,98,98,96,98,98,98,98,96,98,98,98,98,0,0,1,0,0,0,0,0
957,2008-11-18,5,5,5,5,96,98,98,98,98,4,98,98,98,98,11,24,98,98,98,96,98,98,98,98,0,0,1,0,1,0,0,0
958,2008-11-20,5,5,5,5,96,98,98,98,98,4,98,98,98,98,12,98,98,98,98,96,98,98,98,98,0,0,1,0,0,1,0,0
959,2008-11-17,5,5,5,5,96,98,98,98,98,4,98,98,98,98,1,98,98,98,98,96,98,98,98,98,0,0,1,0,1,0,0,0
960,2008-11-08,1,5,5,5,96,98,98,98,98,4,98,98,98,98,96,98,98,98,98,96,98,98,98,98,0,0,1,0,0,0,0,0
961,2008-11-29,5,5,1,1,95,98,98,98,98,4,11,98,98,98,1,98,98,98,98,14,98,98,98,98,0,0,1,0,1,0,1,0
962,2008-11-14,5,5,1,5,24,96,98,98,98,4,98,98,98,98,1,98,98,98,98,11,98,98,98,98,0,0,1,0,1,0,1,0
963,2008-11-13,1,1,1,1,95,98,98,98,98,95,98,98,98,98,95,98,98,98,98,96,98,98,98,98,0,0,0,0,0,0,0,0
964,2008-11-08,1,5,5,1,95,98,98,98,98,4,98,98,98,98,95,98,98,98,98,95,98,98,98,98,0,0,1,0,0,0,0,0
965,2008-11-12,5,5,1,1,95,98,98,98,98,4,98,98,98,98,1,98,98,98,98,95,98,98,98,98,0,0,1,0,1,0,0,0
966,2008-12-11,1,1,5,1,95,98,98,98,98,95,98,98,98,98,95,98,98,98,98,95,98,98,98,98,0,0,0,0,0,0,0,0
967,2008-11-13,5,5,1,5,24,98,98,98,98,4,98,98,98,98,1,98,98,98,98,14,98,98,98,98,0,0,1,0,1,0,1,0
968,2008-11-17,1,5,1,1,95,96,98,98,98,4,98,98,98,98,95,98,98,98,98,95,96,98,98,98,0,0,1,0,0,0,0,0
969,2008-11-12,5,5,5,1,1,98,98,98,98,4,98,98,98,98,1,98,98,98,98,1,98,98,98,98,1,0,1,0,1,0,1,0
972,2008-11-22,5,5,1,5,1,98,98,98,98,4,98,98,98,98,1,98,98,98,98,4,98,98,98,98,1,0,1,0,1,0,1,0
973,2008-11-29,5,5,1,5,24,98,98,98,98,4,98,98,98,98,1,98,98,98,98,24,98,98,98,98,0,0,1,0,1,0,0,0
974,2008-11-11,5,5,1,1,96,98,98,98,98,4,98,98,98,98,1,98,98,98,98,96,98,98,98,98,0,0,1,0,1,0,0,0
975,2008-11-11,5,5,5,5,1,98,98,98,98,4,98,98,98,98,1,98,98,98,98,4,98,98,98,98,1,0,1,0,1,0,1,0
976,2008-11-11,5,5,1,1,96,98,98,98,98,4,98,98,98,98,1,98,98,98,98,96,98,98,98,98,0,0,1,0,1,0,0,0
977,2008-12-09,5,5,1,1,24,98,98,98,98,4,98,98,98,98,1,98,98,98,98,24,98,98,98,98,0,0,1,0,1,0,0,0
978,2008-11-15,5,5,1,5,95,98,98,98,98,4,98,98,98,98,1,98,98,98,98,24,98,98,98,98,0,0,1,0,1,0,0,0
979,2008-11-11,5,5,5,5,1,98,98,98,98,4,98,98,98,98,1,98,98,98,98,1,98,98,98,98,1,0,1,0,1,0,1,0
980,2008-12-06,5,5,1,1,24,98,98,98,98,4,98,98,98,98,1,98,98,98,98,24,98,98,98,98,0,0,1,0,1,0,0,0
982,2008-11-06,5,5,1,1,24,98,98,98,98,4,98,98,98,98,1,98,98,98,98,24,98,98,98,98,0,0,1,0,1,0,0,0
983,2008-12-22,1,5,1,1,95,98,98,98,98,4,98,98,98,98,24,98,98,98,98,95,98,98,98,98,0,0,1,0,0,0,0,0
984,2008-12-09,5,5,5,5,1,98,98,98,98,4,98,98,98,98,1,98,98,98,98,1,98,98,98,98,1,0,1,0,1,0,1,0
985,2008-12-09,5,5,1,5,95,98,98,98,98,4,98,98,98,98,1,98,98,98,98,1,98,98,98,98,0,0,1,0,1,0,1,0
986,2008-12-16,5,5,1,5,95,96,98,98,98,4,98,98,98,98,1,98,98,98,98,14,98,98,98,98,0,0,1,0,1,0,1,0
987,2008-11-20,5,5,1,1,95,98,98,98,98,4,98,98,98,98,1,98,98,98,98,95,96,98,98,98,0,0,1,0,1,0,0,0
988,2008-11-13,1,5,1,1,24,95,98,98,98,4,98,98,98,98,95,98,98,98,98,95,96,98,98,98,0,0,1,0,0,0,0,0
989,2008-11-17,5,5,5,1,95,98,98,98,98,4,98,98,98,98,1,97,98,98,98,95,96,98,98,98,0,0,1,0,1,0,0,0
990,2008-12-03,5,1,1,1,96,98,98,98,98,4,98,98,98,98,1,98,98,98,98,95,98,98,98,98,0,0,1,0,1,0,0,0
991,2008-11-25,1,1,1,5,95,96,98,98,98,95,96,98,98,98,95,96,98,98,98,95,98,98,98,98,0,0,0,0,0,0,0,0
992,2008-11-06,1,1,1,1,95,98,98,98,98,4,98,98,98,98,95,98,98,98,98,95,98,98,98,98,0,0,1,0,0,0,0,0
993,2008-11-17,1,5,5,5,95,96,98,98,98,4,98,98,98,98,24,95,98,98,98,23,98,98,98,98,0,0,1,0,0,0,0,0
994,2008-11-07,5,5,1,5,95,98,98,98,98,4,98,98,98,98,1,98,98,98,98,24,98,98,98,98,0,0,1,0,1,0,0,0
995,2008-11-23,1,1,5,5,95,98,98,98,98,95,96,98,98,98,95,96,98,98,98,95,98,98,98,98,0,0,0,0,0,0,0,0
996,2008-12-11,1,5,1,5,95,98,98,98,98,4,98,98,98,98,95,96,98,98,98,95,98,98,98,98,0,0,1,0,0,0,0,0
998,2008-11-13,5,1,5,1,95,98,98,98,98,24,95,98,98,98,95,98,98,98,98,95,96,98,98,98,0,0,0,0,0,0,0,0
999,2008-11-10,1,1,1,1,95,98,98,98,98,95,98,98,98,98,95,98,98,98,98,95,98,98,98,98,0,0,0,0,0,0,0,0
1000,2008-11-14,1,1,1,1,95,98,98,98,98,95,98,98,98,98,95,98,98,98,98,95,98,98,98,98,0,0,0,0,0,0,0,0
1001,2008-11-17,1,1,1,1,95,98,98,98,98,95,98,98,98,98,95,98,98,98,98,95,98,98,98,98,0,0,0,0,0,0,0,0
1002,2008-11-08,1,1,1,1,95,98,98,98,98,95,98,98,98,98,95,98,98,98,98,95,98,98,98,98,0,0,0,0,0,0,0,0
1003,2008-11-06,1,5,1,5,24,98,98,98,98,4,98,98,98,98,16,98,98,98,98,24,98,98,98,98,0,0,1,0,1,0,0,0
1005,2008-11-13,1,5,1,1,95,98,98,98,98,4,98,98,98,98,95,98,98,98,98,95,98,98,98,98,0,0,1,0,0,0,0,0
1006,2008-11-05,1,5,1,1,24,98,98,98,98,4,98,98,98,98,95,98,98,98,98,24,98,98,98,98,0,0,1,0,0,0,0,0
1008,2008-11-17,1,5,1,5,95,98,98,98,98,4,98,98,98,98,95,98,98,98,98,24,98,98,98,98,0,0,1,0,0,0,0,0
1009,2008-11-08,1,5,5,5,24,98,98,98,98,24,98,98,98,98,16,98,98,98,98,24,98,98,98,98,0,0,0,0,1,0,0,0
1010,2008-12-05,5,5,1,5,95,96,97,98,98,4,98,98,98,98,3,15,98,98,98,24,98,98,98,98,0,0,1,0,0,1,0,0
1011,2008-11-21,5,5,1,5,95,98,98,98,98,4,98,98,98,98,1,98,98,98,98,95,98,98,98,98,0,0,1,0,1,0,0,0
1012,2008-11-14,1,1,1,1,95,98,98,98,98,95,98,98,98,98,95,98,98,98,98,95,98,98,98,98,0,0,0,0,0,0,0,0
1013,2008-11-13,1,1,1,1,95,98,98,98,98,95,98,98,98,98,95,98,98,98,98,95,98,98,98,98,0,0,0,0,0,0,0,0
1014,2008-11-16,5,5,1,1,95,98,98,98,98,4,98,98,98,98,1,98,98,98,98,95,98,98,98,98,0,0,1,0,1,0,0,0
1015,2008-12-16,1,5,1,1,95,98,98,98,98,4,98,98,98,98,24,98,98,98,98,95,98,98,98,98,0,0,1,0,0,0,0,0
1017,2008-11-15,5,5,1,5,24,95,98,98,98,4,98,98,98,98,1,98,98,98,98,14,98,98,98,98,0,0,1,0,1,0,1,0
1018,2008-11-10,1,5,1,1,95,98,98,98,98,24,98,98,98,98,24,98,98,98,98,95,98,98,98,98,0,0,0,0,0,0,0,0
1020,2008-11-15,5,5,1,1,95,98,98,98,98,4,98,98,98,98,11,98,98,98,98,95,98,98,98,98,0,0,1,0,1,0,0,0
1021,2008-11-29,5,5,5,1,24,98,98,98,98,4,98,98,98,98,12,98,98,98,98,24,98,98,98,98,0,0,1,0,0,1,0,0
1022,2008-12-16,5,5,5,1,24,98,98,98,98,4,98,98,98,98,1,98,98,98,98,14,98,98,98,98,0,0,1,0,1,0,1,0
1023,2008-12-18,1,1,1,1,24,98,98,98,98,4,98,98,98,98,1,98,98,98,98,95,98,98,98,98,0,0,1,0,1,0,0,0
1025,2008-11-06,1,1,1,1,24,98,98,98,98,24,98,98,98,98,1,98,98,98,98,24,98,98,98,98,0,0,0,0,1,0,0,0
1026,2008-11-12,1,1,1,1,95,98,98,98,98,95,98,98,98,98,95,98,98,98,98,95,98,98,98,98,0,0,0,0,0,0,0,0
1027,2008-11-13,1,1,1,1,24,98,98,98,98,24,98,98,98,98,24,98,98,98,98,24,98,98,98,98,0,0,0,0,0,0,0,0
1028,2008-11-07,1,1,1,1,95,98,98,98,98,95,98,98,98,98,95,98,98,98,98,95,98,98,98,98,0,0,0,0,0,0,0,0
1029,2008-11-08,1,1,1,1,24,98,98,98,98,24,98,98,98,98,24,98,98,98,98,24,98,98,98,98,0,0,0,0,0,0,0,0
1030,2008-11-13,1,1,1,1,24,98,98,98,98,24,98,98,98,98,24,98,98,98,98,24,98,98,98,98,0,0,0,0,0,0,0,0
1031,2008-11-07,1,1,1,1,95,98,98,98,98,24,98,98,98,98,95,98,98,98,98,95,98,98,98,98,0,0,0,0,0,0,0,0
1032,2008-11-12,1,1,1,1,24,98,98,98,98,4,98,98,98,98,1,98,98,98,98,24,98,98,98,98,0,0,1,0,1,0,0,0
1034,2008-11-14,1,1,1,1,24,98,98,98,98,24,98,98,98,98,24,98,98,98,98,24,98,98,98,98,0,0,0,0,0,0,0,0
1035,2008-11-14,1,1,1,1,24,98,98,98,98,4,98,98,98,98,95,98,98,98,98,24,98,98,98,98,0,0,1,0,0,0,0,0
1036,2008-11-06,1,1,1,1,24,98,98,98,98,4,98,98,98,98,24,98,98,98,98,14,98,98,98,98,0,0,1,0,0,0,1,0
1037,2008-11-08,1,1,1,1,24,98,98,98,98,24,98,98,98,98,24,98,98,98,98,24,98,98,98,98,0,0,0,0,0,0,0,0
1038,2008-11-18,1,1,1,1,95,98,98,98,98,4,98,98,98,98,95,98,98,98,98,95,98,98,98,98,0,0,1,0,0,0,0,0
1039,2008-11-11,1,1,1,1,24,98,98,98,98,4,98,98,98,98,24,98,98,98,98,24,98,98,98,98,0,0,1,0,0,0,0,0
1040,2008-11-18,1,5,1,1,24,98,98,98,98,24,98,98,98,98,95,98,98,98,98,24,98,98,98,98,0,0,0,0,0,0,0,0
1041,2008-11-12,1,1,1,1,95,98,98,98,98,4,98,98,98,98,95,98,98,98,98,95,98,98,98,98,0,0,1,0,0,0,0,0
1043,2008-11-08,1,1,1,1,24,98,98,98,98,24,98,98,98,98,24,98,98,98,98,24,98,98,98,98,0,0,0,0,0,0,0,0
1044,2008-11-10,1,1,1,1,95,98,98,98,98,95,98,98,98,98,95,98,98,98,98,95,98,98,98,98,0,0,0,0,0,0,0,0
1045,2008-11-10,1,1,1,1,95,98,98,98,98,95,98,98,98,98,95,98,98,98,98,95,98,98,98,98,0,0,0,0,0,0,0,0
1046,2008-11-19,1,1,1,1,95,98,98,98,98,95,98,98,98,98,95,98,98,98,98,95,98,98,98,98,0,0,0,0,0,0,0,0
1047,2008-12-18,1,1,5,1,24,98,98,98,98,95,96,98,98,98,95,96,98,98,98,95,96,98,98,98,0,0,0,0,0,0,0,0
1048,2008-11-11,1,5,1,1,95,96,98,98,98,4,98,98,98,98,15,96,98,98,98,95,96,98,98,98,0,0,1,0,0,1,0,0
1050,2008-11-20,1,5,1,1,95,96,98,98,98,4,98,98,98,98,95,96,98,98,98,95,96,98,98,98,0,0,1,0,0,0,0,0
1051,2008-12-15,1,1,1,1,95,96,98,98,98,95,96,98,98,98,95,96,98,98,98,95,96,98,98,98,0,0,0,0,0,0,0,0
1052,2008-11-08,1,1,1,1,95,96,98,98,98,95,96,98,98,98,16,95,98,98,98,95,96,98,98,98,0,0,0,0,1,0,0,0
1053,2008-11-20,1,5,1,1,95,98,98,98,98,4,98,98,98,98,95,98,98,98,98,95,98,98,98,98,0,0,1,0,0,0,0,0
1055,2008-11-10,1,5,1,1,95,96,98,98,98,24,98,98,98,98,24,98,98,98,98,95,96,98,98,98,0,0,0,0,0,0,0,0
1056,2008-11-07,1,5,1,5,24,98,98,98,98,4,98,98,98,98,24,98,98,98,98,24,98,98,98,98,0,0,1,0,0,0,0,0
1057,2008-11-14,1,5,1,1,24,95,98,98,98,4,98,98,98,98,24,95,98,98,98,24,95,98,98,98,0,0,1,0,0,0,0,0
1058,2008-11-08,5,5,1,1,95,98,98,98,98,4,98,98,98,98,1,98,98,98,98,95,98,98,98,98,0,0,1,0,1,0,0,0
1059,2008-12-09,1,5,5,1,24,98,98,98,98,4,98,98,98,98,24,95,98,98,98,24,95,98,98,98,0,0,1,0,0,0,0,0
1060,2008-11-12,5,5,1,5,95,96,98,98,98,4,98,98,98,98,1,98,98,98,98,14,98,98,98,98,0,0,1,0,1,0,1,0
1061,2008-11-19,5,5,1,1,95,96,98,98,98,4,98,98,98,98,1,98,98,98,98,95,96,98,98,98,0,0,1,0,1,0,0,0
1063,2008-12-03,1,5,1,1,95,96,98,98,98,4,98,98,98,98,95,96,98,98,98,95,96,98,98,98,0,0,1,0,0,0,0,0
1064,2008-12-13,5,5,1,1,95,98,98,98,98,4,98,98,98,98,24,98,98,98,98,95,96,98,98,98,0,0,1,0,0,0,0,0
1067,2008-11-22,5,5,1,5,24,95,98,98,98,4,98,98,98,98,1,98,98,98,98,24,98,98,98,98,0,0,1,0,1,0,0,0
1068,2008-11-26,1,5,1,1,24,95,98,98,98,4,98,98,98,98,24,95,98,98,98,24,95,96,98,98,0,0,1,0,0,0,0,0
1069,2008-11-21,5,5,1,5,1,95,98,98,98,4,98,98,98,98,1,98,98,98,98,1,98,98,98,98,1,0,1,0,1,0,1,0
1070,2008-11-18,5,5,1,1,95,96,98,98,98,4,98,98,98,98,1,98,98,98,98,95,96,98,98,98,0,0,1,0,1,0,0,0
1071,2008-12-09,1,1,1,1,95,96,98,98,98,95,96,98,98,98,95,96,98,98,98,95,96,98,98,98,0,0,0,0,0,0,0,0
1072,2008-11-21,1,5,1,1,95,96,98,98,98,4,98,98,98,98,95,96,98,98,98,95,96,98,98,98,0,0,1,0,0,0,0,0
1073,2008-12-03,5,5,1,1,95,96,98,98,98,4,98,98,98,98,1,98,98,98,98,95,96,98,98,98,0,0,1,0,1,0,0,0
1074,2008-12-09,5,5,1,1,95,96,98,98,98,4,98,98,98,98,1,98,98,98,98,95,96,98,98,98,0,0,1,0,1,0,0,0
1075,2008-11-18,5,1,1,1,95,98,98,98,98,4,98,98,98,98,11,98,98,98,98,95,98,98,98,98,0,0,1,0,1,0,0,0
1076,2008-11-19,5,5,5,5,1,98,98,98,98,4,98,98,98,98,11,98,98,98,98,14,98,98,98,98,1,0,1,0,1,0,1,0
1077,2008-11-12,1,1,1,5,24,98,98,98,98,4,98,98,98,98,95,98,98,98,98,24,98,98,98,98,0,0,1,0,0,0,0,0
1078,2008-11-30,1,5,1,1,95,98,98,98,98,24,98,98,98,98,95,98,98,98,98,95,98,98,98,98,0,0,0,0,0,0,0,0
1079,2008-12-10,1,5,5,5,24,98,98,98,98,24,98,98,98,98,24,98,98,98,98,24,98,98,98,98,0,0,0,0,0,0,0,0
1080,2008-12-09,1,1,1,1,95,98,98,98,98,95,98,98,98,98,95,98,98,98,98,95,98,98,98,98,0,0,0,0,0,0,0,0
1081,2008-12-11,1,1,1,5,24,98,98,98,98,95,98,98,98,98,24,98,98,98,98,24,98,98,98,98,0,0,0,0,0,0,0,0
1082,2008-11-13,1,5,1,5,24,98,98,98,98,4,98,98,98,98,24,98,98,98,98,24,98,98,98,98,0,0,1,0,0,0,0,0
1084,2008-11-20,1,5,1,1,95,98,98,98,98,4,98,98,98,98,95,98,98,98,98,95,98,98,98,98,0,0,1,0,0,0,0,0
1085,2008-11-24,5,5,1,1,95,98,98,98,98,4,98,98,98,98,24,98,98,98,98,95,98,98,98,98,0,0,1,0,0,0,0,0
1086,2008-11-10,5,5,1,1,24,98,98,98,98,4,98,98,98,98,24,98,98,98,98,24,98,98,98,98,0,0,1,0,0,0,0,0
1087,2008-11-10,1,5,1,5,24,98,98,98,98,24,98,98,98,98,95,98,98,98,98,24,98,98,98,98,0,0,0,0,0,0,0,0
1088,2008-11-16,1,1,1,1,95,98,98,98,98,24,98,98,98,98,95,98,98,98,98,95,98,98,98,98,0,0,0,0,0,0,0,0
1089,2008-11-10,1,5,5,1,11,98,98,98,98,4,98,98,98,98,1,98,98,98,98,95,98,98,98,98,1,0,1,0,1,0,0,0
1090,2008-11-13,1,5,1,5,24,98,98,98,98,24,98,98,98,98,16,98,98,98,98,24,98,98,98,98,0,0,0,0,1,0,0,0
1091,2008-11-26,5,5,5,5,24,98,98,98,98,4,98,98,98,98,1,98,98,98,98,24,98,98,98,98,0,0,1,0,1,0,0,0
1092,2008-11-30,1,5,1,1,95,98,98,98,98,4,98,98,98,98,95,98,98,98,98,95,98,98,98,98,0,0,1,0,0,0,0,0
1093,2008-11-06,1,5,1,5,24,98,98,98,98,24,98,98,98,98,16,98,98,98,98,24,98,98,98,98,0,0,0,0,1,0,0,0
1094,2008-11-10,1,1,1,1,95,98,98,98,98,24,98,98,98,98,95,98,98,98,98,95,98,98,98,98,0,0,0,0,0,0,0,0
1095,2008-12-03,1,5,1,1,95,98,98,98,98,4,98,98,98,98,95,98,98,98,98,95,98,98,98,98,0,0,1,0,0,0,0,0
1096,2008-12-19,1,1,1,1,95,98,98,98,98,95,98,98,98,98,95,98,98,98,98,95,98,98,98,98,0,0,0,0,0,0,0,0
1097,2008-11-16,5,5,1,5,95,98,98,98,98,4,98,98,98,98,1,98,98,98,98,1,98,98,98,98,0,0,1,0,1,0,1,0
1098,2008-11-13,5,5,5,5,24,95,98,98,98,4,98,98,98,98,1,98,98,98,98,1,98,98,98,98,0,0,1,0,1,0,1,0
1100,2008-12-04,1,5,1,1,24,95,98,98,98,4,98,98,98,98,24,98,98,98,98,24,95,98,98,98,0,0,1,0,0,0,0,0
1101,2008-12-29,5,5,5,5,1,98,98,98,98,4,98,98,98,98,1,98,98,98,98,11,14,98,98,98,1,0,1,0,1,0,1,0
1102,2008-11-24,5,5,1,1,24,95,98,98,98,4,98,98,98,98,24,98,98,98,98,24,95,98,98,98,0,0,1,0,0,0,0,0
1103,2008-11-26,1,5,1,1,24,97,98,98,98,24,98,98,98,98,24,95,98,98,98,24,98,98,98,98,0,0,0,0,0,0,0,0
1104,2008-11-25,1,5,5,5,24,95,98,98,98,4,98,98,98,98,16,24,98,98,98,24,98,98,98,98,0,0,1,0,1,0,0,0
1105,2008-11-19,1,1,1,5,24,98,98,98,98,24,98,98,98,98,24,95,98,98,98,24,98,98,98,98,0,0,0,0,0,0,0,0
1106,2008-12-02,5,5,1,5,4,24,98,98,98,4,98,98,98,98,1,98,98,98,98,14,24,98,98,98,1,0,1,0,1,0,1,0
1107,2008-12-03,1,1,1,1,95,98,98,98,98,24,98,98,98,98,1,98,98,98,98,24,95,98,98,98,0,0,0,0,1,0,0,0
1108,2008-11-08,1,1,1,1,95,98,98,98,98,95,98,98,98,98,95,98,98,98,98,95,98,98,98,98,0,0,0,0,0,0,0,0
1109,2008-11-20,5,5,1,1,24,95,98,98,98,4,98,98,98,98,1,3,24,98,98,95,98,98,98,98,0,0,1,0,1,0,0,0
1110,2008-11-18,1,5,1,1,24,95,98,98,98,4,98,98,98,98,95,98,98,98,98,14,98,98,98,98,0,0,1,0,0,0,1,0
1111,2008-12-11,5,5,5,5,24,98,98,98,98,4,98,98,98,98,1,98,98,98,98,24,98,98,98,98,0,0,1,0,1,0,0,0
1112,2008-11-08,5,5,5,5,1,98,98,98,98,4,98,98,98,98,1,98,98,98,98,1,98,98,98,98,1,0,1,0,1,0,1,0
1113,2008-11-12,5,5,1,1,24,95,98,98,98,4,98,98,98,98,1,98,98,98,98,24,95,98,98,98,0,0,1,0,1,0,0,0
1114,2008-11-19,5,5,1,5,24,95,97,98,98,4,98,98,98,98,1,98,98,98,98,14,98,98,98,98,0,0,1,0,1,0,1,0
1115,2008-11-10,1,5,1,1,24,98,98,98,98,4,98,98,98,98,24,98,98,98,98,95,98,98,98,98,0,0,1,0,0,0,0,0
1116,2008-12-05,5,5,1,5,95,97,98,98,98,4,98,98,98,98,1,98,98,98,98,24,95,97,98,98,0,0,1,0,1,0,0,0
1117,2008-11-15,5,5,1,5,24,98,98,98,98,4,98,98,98,98,1,98,98,98,98,14,98,98,98,98,0,0,1,0,1,0,1,0
1118,2008-12-05,1,1,1,1,95,98,98,98,98,24,95,98,98,98,24,98,98,98,98,95,98,98,98,98,0,0,0,0,0,0,0,0
1119,2008-12-09,5,5,1,1,95,98,98,98,98,4,98,98,98,98,1,98,98,98,98,95,98,98,98,98,0,0,1,0,1,0,0,0
1120,2008-11-19,5,5,1,5,24,95,98,98,98,4,98,98,98,98,1,98,98,98,98,14,98,98,98,98,0,0,1,0,1,0,1,0
1121,2008-11-17,5,5,1,5,24,98,98,98,98,4,98,98,98,98,1,98,98,98,98,14,98,98,98,98,0,0,1,0,1,0,1,0
1122,2008-12-19,1,5,1,1,95,98,98,98,98,4,98,98,98,98,95,98,98,98,98,95,98,98,98,98,0,0,1,0,0,0,0,0
1123,2008-11-13,5,5,1,5,24,98,98,98,98,4,98,98,98,98,1,98,98,98,98,24,98,98,98,98,0,0,1,0,1,0,0,0
1124,2008-11-08,1,1,5,1,95,98,98,98,98,95,98,98,98,98,95,98,98,98,98,95,98,98,98,98,0,0,0,0,0,0,0,0
1126,2008-12-15,5,5,1,5,24,98,98,98,98,4,98,98,98,98,11,16,24,98,98,24,98,98,98,98,0,0,1,0,1,0,0,0
1127,2008-12-19,5,5,5,1,1,98,98,98,98,4,98,98,98,98,1,98,98,98,98,24,98,98,98,98,1,0,1,0,1,0,0,0
1128,2008-11-13,1,1,5,5,24,98,98,98,98,24,98,98,98,98,16,98,98,98,98,24,98,98,98,98,0,0,0,0,1,0,0,0
1129,2008-12-08,5,5,1,1,95,98,98,98,98,4,98,98,98,98,1,98,98,98,98,95,98,98,98,98,0,0,1,0,1,0,0,0
1130,2008-11-14,5,5,5,5,24,98,98,98,98,4,98,98,98,98,24,98,98,98,98,24,98,98,98,98,0,0,1,0,0,0,0,0
1131,,5,5,5,5,95,98,98,98,98,4,98,98,98,98,24,98,98,98,98,97,98,98,98,98,0,0,1,0,0,0,0,0
1132,2008-11-08,1,5,1,5,24,98,98,98,98,4,98,98,98,98,1,98,98,98,98,14,98,98,98,98,0,0,1,0,1,0,1,0
1133,2008-12-06,1,5,5,1,24,98,98,98,98,4,98,98,98,98,1,98,98,98,98,24,98,98,98,98,0,0,1,0,1,0,0,0
1134,2008-11-11,1,5,1,5,95,97,98,98,98,4,98,98,98,98,95,98,98,98,98,95,98,98,98,98,0,0,1,0,0,0,0,0
1135,2008-12-09,5,5,1,5,24,98,98,98,98,4,98,98,98,98,1,98,98,98,98,24,98,98,98,98,0,0,1,0,1,0,0,0
1136,2008-11-15,1,5,5,1,24,98,98,98,98,4,98,98,98,98,24,98,98,98,98,24,98,98,98,98,0,0,1,0,0,0,0,0
1137,2008-11-17,1,5,5,5,95,98,98,98,98,24,98,98,98,98,95,98,98,98,98,24,95,98,98,98,0,0,0,0,0,0,0,0
1138,2008-11-25,5,5,5,5,95,98,98,98,98,4,98,98,98,98,95,98,98,98,98,95,98,98,98,98,0,0,1,0,0,0,0,0
1139,2008-11-15,5,5,1,5,24,98,98,98,98,4,98,98,98,98,1,98,98,98,98,24,98,98,98,98,0,0,1,0,1,0,0,0
1140,2008-11-17,5,5,5,5,4,98,98,98,98,4,98,98,98,98,95,98,98,98,98,95,98,98,98,98,1,0,1,0,0,0,0,0
1141,2008-12-08,5,5,1,1,95,98,98,98,98,4,98,98,98,98,1,98,98,98,98,95,98,98,98,98,0,0,1,0,1,0,0,0
1142,2008-11-13,5,5,1,1,24,98,98,98,98,4,98,98,98,98,24,98,98,98,98,24,98,98,98,98,0,0,1,0,0,0,0,0
1143,2008-11-25,5,5,5,5,96,98,98,98,98,4,98,98,98,98,96,98,98,98,98,96,98,98,98,98,0,0,1,0,0,0,0,0
1144,2008-12-01,1,5,5,5,95,98,98,98,98,4,98,98,98,98,95,98,98,98,98,95,98,98,98,98,0,0,1,0,0,0,0,0
1146,2008-11-18,1,5,5,5,24,98,98,98,98,4,98,98,98,98,1,98,98,98,98,24,98,98,98,98,0,0,1,0,1,0,0,0
1147,2008-11-25,5,5,5,5,96,98,98,98,98,4,98,98,98,98,1,98,98,98,98,96,98,98,98,98,0,0,1,0,1,0,0,0
1148,2008-12-10,1,5,1,1,95,98,98,98,98,4,98,98,98,98,1,98,98,98,98,95,98,98,98,98,0,0,1,0,1,0,0,0
1149,2008-11-10,1,5,5,5,24,98,98,98,98,4,98,98,98,98,24,98,98,98,98,24,98,98,98,98,0,0,1,0,0,0,0,0
1150,2008-11-13,5,1,1,5,24,98,98,98,98,4,98,98,98,98,1,98,98,98,98,24,98,98,98,98,0,0,1,0,1,0,0,0
1151,2008-12-08,1,1,1,1,95,98,98,98,98,95,98,98,98,98,95,98,98,98,98,95,98,98,98,98,0,0,0,0,0,0,0,0
1152,2008-12-16,1,1,1,1,24,98,98,98,98,24,98,98,98,98,95,98,98,98,98,24,98,98,98,98,0,0,0,0,0,0,0,0
1153,2008-11-28,5,5,5,5,24,98,98,98,98,4,98,98,98,98,1,98,98,98,98,24,98,98,98,98,0,0,1,0,1,0,0,0
1154,2008-11-08,5,5,1,1,95,98,98,98,98,4,98,98,98,98,1,98,98,98,98,95,96,98,98,98,0,0,1,0,1,0,0,0
1155,2008-12-20,1,5,1,1,24,98,98,98,98,4,98,98,98,98,24,98,98,98,98,24,98,98,98,98,0,0,1,0,0,0,0,0
1156,2008-11-10,1,5,1,1,95,98,98,98,98,4,98,98,98,98,24,95,98,98,98,95,98,98,98,98,0,0,1,0,0,0,0,0
1157,2008-11-18,1,5,1,1,95,98,98,98,98,4,98,98,98,98,24,98,98,98,98,24,98,98,98,98,0,0,1,0,0,0,0,0
1158,2008-11-05,1,1,1,1,95,98,98,98,98,95,97,98,98,98,95,98,98,98,98,95,97,98,98,98,0,0,0,0,0,0,0,0
1159,2008-11-11,1,5,1,1,95,98,98,98,98,24,98,98,98,98,95,98,98,98,98,95,98,98,98,98,0,0,0,0,0,0,0,0
1160,2008-11-07,5,5,1,5,24,98,98,98,98,4,98,98,98,98,24,98,98,98,98,24,98,98,98,98,0,0,1,0,0,0,0,0
1161,2008-11-11,1,1,1,1,95,98,98,98,98,4,98,98,98,98,95,98,98,98,98,95,98,98,98,98,0,0,1,0,0,0,0,0
1162,2008-11-19,1,1,1,1,95,98,98,98,98,24,98,98,98,98,95,98,98,98,98,95,98,98,98,98,0,0,0,0,0,0,0,0
1163,2008-11-18,1,1,1,1,95,98,98,98,98,95,98,98,98,98,95,98,98,98,98,95,98,98,98,98,0,0,0,0,0,0,0,0
1164,2008-11-06,1,5,1,1,95,98,98,98,98,4,98,98,98,98,95,98,98,98,98,95,97,98,98,98,0,0,1,0,0,0,0,0
1165,2008-11-15,1,1,1,1,95,98,98,98,98,95,98,98,98,98,95,98,98,98,98,95,98,98,98,98,0,0,0,0,0,0,0,0
1166,2008-11-22,1,5,1,1,95,98,98,98,98,4,98,98,98,98,1,98,98,98,98,95,98,98,98,98,0,0,1,0,1,0,0,0
1167,2008-11-25,5,5,5,5,95,98,98,98,98,4,98,98,98,98,1,98,98,98,98,14,98,98,98,98,0,0,1,0,1,0,1,0
1168,2008-11-29,5,5,1,1,,,,,,4,98,98,98,98,1,98,98,98,98,14,98,98,98,98,,,1,0,1,0,1,0
1169,2008-11-18,1,1,1,1,95,98,98,98,98,4,98,98,98,98,95,98,98,98,98,95,98,98,98,98,0,0,1,0,0,0,0,0
1170,2008-11-12,1,1,1,1,24,98,98,98,98,24,98,98,98,98,24,98,98,98,98,95,98,98,98,98,0,0,0,0,0,0,0,0
1171,2008-11-13,1,1,1,1,95,98,98,98,98,95,98,98,98,98,95,98,98,98,98,95,98,98,98,98,0,0,0,0,0,0,0,0
1172,2008-11-22,5,5,1,1,24,98,98,98,98,4,98,98,98,98,4,98,98,98,98,24,98,98,98,98,0,0,1,0,1,0,0,0
1173,2008-11-20,1,1,1,1,95,98,98,98,98,4,98,98,98,98,95,98,98,98,98,95,98,98,98,98,0,0,1,0,0,0,0,0
1174,2008-11-18,1,5,1,5,95,98,98,98,98,4,98,98,98,98,1,24,98,98,98,14,98,98,98,98,0,0,1,0,1,0,1,0
1176,2008-11-08,1,1,1,1,95,98,98,98,98,24,98,98,98,98,95,98,98,98,98,95,98,98,98,98,0,0,0,0,0,0,0,0
1177,2008-11-08,1,5,1,1,24,98,98,98,98,4,98,98,98,98,23,98,98,98,98,95,98,98,98,98,0,0,1,0,0,0,0,0
1178,2008-11-28,1,1,1,1,95,98,98,98,98,4,22,98,98,98,95,98,98,98,98,95,98,98,98,98,0,0,1,1,0,0,0,0
1179,2008-11-10,5,5,1,1,95,98,98,98,98,4,98,98,98,98,1,98,98,98,98,95,98,98,98,98,0,0,1,0,1,0,0,0
1180,2008-11-10,5,5,1,1,95,98,98,98,98,4,98,98,98,98,23,24,98,98,98,95,98,98,98,98,0,0,1,0,0,0,0,0
1181,2008-11-10,1,1,1,1,95,98,98,98,98,95,98,98,98,98,95,98,98,98,98,95,98,98,98,98,0,0,0,0,0,0,0,0
1182,2008-11-13,1,1,1,1,95,98,98,98,98,95,98,98,98,98,95,98,98,98,98,24,98,98,98,98,0,0,0,0,0,0,0,0
1183,2008-11-12,1,1,1,1,24,98,98,98,98,95,98,98,98,98,95,98,98,98,98,24,98,98,98,98,0,0,0,0,0,0,0,0
1184,2008-11-19,1,5,1,5,24,98,98,98,98,4,98,98,98,98,24,98,98,98,98,14,98,98,98,98,0,0,1,0,0,0,1,0
1185,2008-12-09,1,1,1,1,95,98,98,98,98,4,97,98,98,98,95,98,98,98,98,95,98,98,98,98,0,0,1,0,0,0,0,0
1186,2008-12-08,1,5,1,1,95,98,98,98,98,4,98,98,98,98,95,98,98,98,98,95,98,98,98,98,0,0,1,0,0,0,0,0
1187,2008-11-14,5,5,5,1,24,98,98,98,98,4,98,98,98,98,4,98,98,98,98,24,98,98,98,98,0,0,1,0,1,0,0,0
1189,2008-11-07,1,5,1,5,95,98,98,98,98,4,98,98,98,98,95,97,98,98,98,24,98,98,98,98,0,0,1,0,0,0,0,0
1190,2008-11-11,5,5,1,1,95,98,98,98,98,4,98,98,98,98,1,98,98,98,98,95,98,98,98,98,0,0,1,0,1,0,0,0
1191,2008-11-11,5,5,1,1,24,98,98,98,98,4,98,98,98,98,1,98,98,98,98,14,98,98,98,98,0,0,1,0,1,0,1,0
1192,2008-11-26,1,1,1,1,95,98,98,98,98,24,95,98,98,98,95,98,98,98,98,95,98,98,98,98,0,0,0,0,0,0,0,0
1193,2008-11-17,1,5,1,1,95,98,98,98,98,4,98,98,98,98,95,98,98,98,98,24,98,98,98,98,0,0,1,0,0,0,0,0
1194,2008-11-07,1,5,1,5,24,98,98,98,98,4,98,98,98,98,24,98,98,98,98,24,98,98,98,98,0,0,1,0,0,0,0,0
1195,2008-11-11,5,5,5,1,24,95,98,98,98,4,98,98,98,98,1,98,98,98,98,95,98,98,98,98,0,0,1,0,1,0,0,0
1196,2008-11-06,1,1,1,1,95,98,98,98,98,24,98,98,98,98,95,98,98,98,98,95,98,98,98,98,0,0,0,0,0,0,0,0
1197,2008-12-22,5,5,1,1,95,98,98,98,98,4,98,98,98,98,24,98,98,98,98,95,98,98,98,98,0,0,1,0,0,0,0,0
1198,2008-11-06,5,1,1,1,95,98,98,98,98,95,96,98,98,98,16,98,98,98,98,95,96,98,98,98,0,0,0,0,1,0,0,0
1199,2008-11-10,5,5,1,5,95,96,98,98,98,4,98,98,98,98,1,98,98,98,98,24,98,98,98,98,0,0,1,0,1,0,0,0
1200,2008-11-06,1,5,5,5,24,98,98,98,98,24,98,98,98,98,24,95,98,98,98,24,98,98,98,98,0,0,0,0,0,0,0,0
1201,2008-11-06,1,1,1,1,24,95,98,98,98,95,96,98,98,98,95,96,98,98,98,24,95,98,98,98,0,0,0,0,0,0,0,0
1202,2008-11-06,1,1,1,5,24,95,96,98,98,24,95,96,98,98,24,96,98,98,98,24,98,98,98,98,0,0,0,0,0,0,0,0
1204,2008-11-15,1,5,1,1,24,95,98,98,98,4,98,98,98,98,1,95,98,98,98,95,98,98,98,98,0,0,1,0,1,0,0,0
1205,2008-11-08,5,5,1,5,95,98,98,98,98,4,98,98,98,98,1,98,98,98,98,4,98,98,98,98,0,0,1,0,1,0,1,0
1206,2008-11-16,5,5,1,5,24,95,98,98,98,4,98,98,98,98,1,98,98,98,98,14,98,98,98,98,0,0,1,0,1,0,1,0
1207,2008-11-15,5,5,1,5,95,98,98,98,98,4,98,98,98,98,1,98,98,98,98,14,98,98,98,98,0,0,1,0,1,0,1,0
1208,2008-11-11,1,1,1,1,95,96,98,98,98,95,96,98,98,98,95,96,98,98,98,95,96,98,98,98,0,0,0,0,0,0,0,0
1209,2008-12-14,1,5,1,1,24,95,98,98,98,24,98,98,98,98,24,95,98,98,98,24,95,98,98,98,0,0,0,0,0,0,0,0
1210,2008-11-15,1,5,1,1,95,96,98,98,98,4,98,98,98,98,95,96,98,98,98,95,96,98,98,98,0,0,1,0,0,0,0,0
1211,2008-11-10,5,5,1,5,24,95,98,98,98,4,98,98,98,98,1,98,98,98,98,14,98,98,98,98,0,0,1,0,1,0,1,0
1212,2008-11-18,1,5,1,1,95,98,98,98,98,4,98,98,98,98,95,98,98,98,98,95,98,98,98,98,0,0,1,0,0,0,0,0
1213,2008-11-11,1,1,1,1,95,96,98,98,98,95,96,98,98,98,24,95,98,98,98,95,96,98,98,98,0,0,0,0,0,0,0,0
1216,2008-11-17,1,5,1,1,95,98,98,98,98,4,98,98,98,98,16,95,98,98,98,95,98,98,98,98,0,0,1,0,1,0,0,0
1217,2008-11-17,1,1,1,1,95,96,98,98,98,24,95,98,98,98,95,96,98,98,98,95,96,98,98,98,0,0,0,0,0,0,0,0
1218,2008-11-07,1,1,1,1,95,96,98,98,98,24,95,98,98,98,16,95,96,98,98,95,96,98,98,98,0,0,0,0,1,0,0,0
1219,2008-11-16,1,5,1,1,24,95,98,98,98,4,98,98,98,98,16,95,98,98,98,24,95,98,98,98,0,0,1,0,1,0,0,0
1220,2008-11-15,1,5,1,1,24,95,98,98,98,4,98,98,98,98,95,98,98,98,98,24,95,98,98,98,0,0,1,0,0,0,0,0
1221,2008-11-18,5,5,1,1,24,95,98,98,98,4,98,98,98,98,1,98,98,98,98,95,96,98,98,98,0,0,1,0,1,0,0,0
1222,2008-11-16,1,1,1,1,95,98,98,98,98,4,95,98,98,98,95,96,98,98,98,95,98,98,98,98,0,0,1,0,0,0,0,0
1223,2008-11-07,1,5,1,5,24,95,98,98,98,4,98,98,98,98,24,95,98,98,98,24,98,98,98,98,0,0,1,0,0,0,0,0
1224,2008-11-14,1,1,1,1,95,98,98,98,98,95,98,98,98,98,95,98,98,98,98,95,98,98,98,98,0,0,0,0,0,0,0,0
1225,2008-11-07,5,5,1,1,95,96,98,98,98,4,98,98,98,98,1,98,98,98,98,95,96,98,98,98,0,0,1,0,1,0,0,0
1226,2008-11-14,1,5,1,1,24,95,96,98,98,4,96,98,98,98,16,24,96,98,98,24,96,98,98,98,0,0,1,0,1,0,0,0
1227,2008-11-11,5,5,5,5,24,98,98,98,98,24,98,98,98,98,24,98,98,98,98,24,98,98,98,98,0,0,0,0,0,0,0,0
1228,2008-11-05,1,1,1,1,95,96,98,98,98,95,96,98,98,98,24,96,98,98,98,95,96,98,98,98,0,0,0,0,0,0,0,0
1230,2008-11-11,1,5,5,5,24,96,98,98,98,4,96,98,98,98,1,96,98,98,98,24,96,98,98,98,0,0,1,0,1,0,0,0
1231,2008-12-19,5,5,1,1,95,96,98,98,98,4,96,98,98,98,1,96,98,98,98,95,96,98,98,98,0,0,1,0,1,0,0,0
1232,2008-11-15,1,1,1,1,95,98,98,98,98,95,98,98,98,98,95,98,98,98,98,95,98,98,98,98,0,0,0,0,0,0,0,0
1233,2008-11-15,5,5,1,1,24,98,98,98,98,4,98,98,98,98,1,98,98,98,98,24,98,98,98,98,0,0,1,0,1,0,0,0
1234,2008-12-11,5,5,1,5,24,96,98,98,98,4,96,98,98,98,24,96,98,98,98,14,96,98,98,98,0,0,1,0,0,0,1,0
1236,2008-11-18,1,1,5,5,24,96,98,98,98,24,96,98,98,98,16,96,98,98,98,24,96,98,98,98,0,0,0,0,1,0,0,0
1237,2008-11-09,1,5,1,1,95,98,98,98,98,4,98,98,98,98,1,98,98,98,98,24,98,98,98,98,0,0,1,0,1,0,0,0
1238,2008-11-07,5,5,1,5,95,98,98,98,98,4,98,98,98,98,1,98,98,98,98,24,98,98,98,98,0,0,1,0,1,0,0,0
1239,2008-11-06,1,5,1,5,24,98,98,98,98,4,98,98,98,98,24,98,98,98,98,95,98,98,98,98,0,0,1,0,0,0,0,0
1240,2008-11-06,5,5,5,5,1,98,98,98,98,4,98,98,98,98,1,98,98,98,98,1,98,98,98,98,1,0,1,0,1,0,1,0
1242,2008-12-09,5,5,1,1,95,98,98,98,98,4,98,98,98,98,1,98,98,98,98,14,95,98,98,98,0,0,1,0,1,0,1,0
1243,2008-11-15,5,5,5,5,1,98,98,98,98,4,98,98,98,98,1,98,98,98,98,1,98,98,98,98,1,0,1,0,1,0,1,0
1244,2008-11-19,1,5,1,5,95,98,98,98,98,4,98,98,98,98,24,98,98,98,98,1,98,98,98,98,0,0,1,0,0,0,1,0
1245,2008-12-04,5,5,1,1,95,98,98,98,98,4,98,98,98,98,24,98,98,98,98,95,98,98,98,98,0,0,1,0,0,0,0,0
1246,2008-11-14,5,5,1,5,95,98,98,98,98,4,98,98,98,98,1,98,98,98,98,14,98,98,98,98,0,0,1,0,1,0,1,0
1247,2008-11-17,1,5,1,1,95,98,98,98,98,4,98,98,98,98,95,98,98,98,98,95,98,98,98,98,0,0,1,0,0,0,0,0
1248,2008-12-08,1,1,1,1,95,98,98,98,98,95,98,98,98,98,95,98,98,98,98,95,98,98,98,98,0,0,0,0,0,0,0,0
1249,2008-11-13,5,5,1,1,95,96,98,98,98,4,98,98,98,98,11,98,98,98,98,95,96,98,98,98,0,0,1,0,1,0,0,0
1251,2008-11-07,5,5,5,1,3,97,98,98,98,4,98,98,98,98,1,98,98,98,98,24,98,98,98,98,0,0,1,0,1,0,0,0
1252,2008-11-08,1,1,1,1,24,95,96,98,98,95,96,97,98,98,95,96,98,98,98,95,96,97,98,98,0,0,0,0,0,0,0,0
1253,2008-11-08,1,5,5,5,24,96,98,98,98,4,98,98,98,98,23,24,98,98,98,24,96,97,98,98,0,0,1,0,0,0,0,0
1254,2008-11-11,1,1,1,1,95,96,98,98,98,95,96,97,98,98,95,98,98,98,98,95,96,98,98,98,0,0,0,0,0,0,0,0
1255,2008-11-09,5,5,1,1,24,95,97,98,98,4,96,98,98,98,11,96,98,98,98,24,95,98,98,98,0,0,1,0,1,0,0,0
1256,2008-11-09,1,5,1,1,95,98,98,98,98,4,98,98,98,98,95,96,97,98,98,95,96,98,98,98,0,0,1,0,0,0,0,0
1257,2008-11-07,1,5,1,1,95,96,98,98,98,1,98,98,98,98,95,96,98,98,98,95,96,98,98,98,0,0,1,0,0,0,0,0
1258,2008-11-09,1,1,1,1,95,96,97,98,98,95,96,97,98,98,95,96,98,98,98,95,96,98,98,98,0,0,0,0,0,0,0,0
1259,2008-11-08,5,5,1,1,95,96,98,98,98,4,98,98,98,98,1,98,98,98,98,95,96,98,98,98,0,0,1,0,1,0,0,0
1260,2008-11-17,5,5,5,5,95,96,97,98,98,4,96,98,98,98,1,24,95,96,98,14,96,98,98,98,0,0,1,0,1,0,1,0
1261,2008-11-10,5,5,5,5,24,95,96,97,98,4,98,98,98,98,1,98,98,98,98,14,98,98,98,98,0,0,1,0,1,0,1,0
1262,2008-11-14,5,5,1,5,24,95,96,98,98,4,98,98,98,98,15,96,98,98,98,14,95,96,98,98,0,0,1,0,0,1,1,0
1263,2008-11-20,5,5,1,1,24,95,96,98,98,4,96,98,98,98,1,96,97,98,98,95,96,98,98,98,0,0,1,0,1,0,0,0
1264,2008-11-12,5,5,1,1,24,98,98,98,98,4,98,98,98,98,24,98,98,98,98,24,95,98,98,98,0,0,1,0,0,0,0,0
1265,2008-11-14,5,5,5,5,24,96,98,98,98,4,96,98,98,98,1,96,98,98,98,24,95,96,98,98,0,0,1,0,1,0,0,0
1266,2008-12-04,1,5,1,1,95,98,98,98,98,4,98,98,98,98,95,98,98,98,98,95,98,98,98,98,0,0,1,0,0,0,0,0
1267,2008-12-05,5,5,1,1,95,98,98,98,98,4,98,98,98,98,1,98,98,98,98,95,98,98,98,98,0,0,1,0,1,0,0,0
1268,2008-12-04,1,5,5,1,1,98,98,98,98,4,98,98,98,98,1,98,98,98,98,24,98,98,98,98,1,0,1,0,1,0,0,0
1269,2008-11-11,5,5,5,5,1,24,98,98,98,4,98,98,98,98,1,24,98,98,98,1,98,98,98,98,1,0,1,0,1,0,1,0
1271,2008-11-19,1,1,1,1,95,98,98,98,98,24,98,98,98,98,24,98,98,98,98,95,98,98,98,98,0,0,0,0,0,0,0,0
1272,2008-11-13,5,5,5,5,95,98,98,98,98,4,98,98,98,98,1,98,98,98,98,14,98,98,98,98,0,0,1,0,1,0,1,0
1273,2008-11-10,1,1,1,5,95,96,98,98,98,95,96,98,98,98,95,98,98,98,98,95,96,98,98,98,0,0,0,0,0,0,0,0
1274,2008-12-09,1,5,1,1,24,98,98,98,98,4,98,98,98,98,16,98,98,98,98,24,98,98,98,98,0,0,1,0,1,0,0,0
1275,2008-11-26,1,5,1,1,24,98,98,98,98,4,98,98,98,98,24,98,98,98,98,24,98,98,98,98,0,0,1,0,0,0,0,0
1276,2008-11-14,5,5,1,5,95,98,98,98,98,4,98,98,98,98,15,24,98,98,98,14,98,98,98,98,0,0,1,0,0,1,1,0
1277,2008-11-20,1,5,5,1,24,98,98,98,98,4,98,98,98,98,16,98,98,98,98,14,98,98,98,98,0,0,1,0,1,0,1,0
1279,2008-11-14,1,5,5,1,95,96,98,98,98,4,96,98,98,98,24,95,96,97,98,95,96,98,98,98,0,0,1,0,0,0,0,0
1280,2008-11-16,5,5,1,5,24,98,98,98,98,4,98,98,98,98,1,98,98,98,98,14,98,98,98,98,0,0,1,0,1,0,1,0
1281,2008-11-20,5,1,1,1,95,98,98,98,98,4,98,98,98,98,16,98,98,98,98,24,98,98,98,98,0,0,1,0,1,0,0,0
1282,2008-11-14,5,5,1,1,24,98,98,98,98,4,98,98,98,98,1,98,98,98,98,24,98,98,98,98,0,0,1,0,1,0,0,0
1283,2008-11-25,1,1,1,1,24,98,98,98,98,95,98,98,98,98,16,98,98,98,98,95,98,98,98,98,0,0,0,0,1,0,0,0
1284,2008-12-02,5,5,1,1,24,98,98,98,98,4,98,98,98,98,1,98,98,98,98,24,98,98,98,98,0,0,1,0,1,0,0,0
1285,2008-11-18,5,5,5,5,24,98,98,98,98,4,98,98,98,98,1,98,98,98,98,1,98,98,98,98,0,0,1,0,1,0,1,0
1286,2008-11-13,5,5,5,5,24,98,98,98,98,4,98,98,98,98,1,98,98,98,98,14,98,98,98,98,0,0,1,0,1,0,1,0
1287,2008-11-25,5,5,1,1,95,98,98,98,98,4,98,98,98,98,1,98,98,98,98,95,98,98,98,98,0,0,1,0,1,0,0,0
1288,2008-11-17,5,5,5,5,1,96,98,98,98,4,96,98,98,98,1,96,98,98,98,14,96,98,98,98,1,0,1,0,1,0,1,0
1289,2008-11-22,1,1,1,1,95,98,98,98,98,95,98,98,98,98,95,98,98,98,98,95,98,98,98,98,0,0,0,0,0,0,0,0
1290,2008-11-13,1,1,1,1,95,98,98,98,98,95,98,98,98,98,95,98,98,98,98,95,98,98,98,98,0,0,0,0,0,0,0,0
1291,2008-11-22,1,1,1,1,3,97,98,98,98,4,98,98,98,98,1,98,98,98,98,14,98,98,98,98,0,0,1,0,1,0,1,0
1292,2008-11-13,1,1,1,1,95,98,98,98,98,4,98,98,98,98,95,98,98,98,98,95,98,98,98,98,0,0,1,0,0,0,0,0
1293,2008-11-11,1,1,1,1,95,98,98,98,98,95,98,98,98,98,95,98,98,98,98,95,98,98,98,98,0,0,0,0,0,0,0,0
1294,2008-12-01,1,1,1,1,95,98,98,98,98,4,98,98,98,98,1,98,98,98,98,95,98,98,98,98,0,0,1,0,1,0,0,0
1295,2008-11-11,1,1,1,1,3,98,98,98,98,24,98,98,98,98,1,98,98,98,98,95,98,98,98,98,0,0,0,0,1,0,0,0
1296,2008-11-08,1,1,1,1,24,98,98,98,98,4,98,98,98,98,95,98,98,98,98,95,98,98,98,98,0,0,1,0,0,0,0,0
1297,2008-11-12,1,1,1,1,95,96,98,98,98,4,96,98,98,98,95,96,97,98,98,95,96,98,98,98,0,0,1,0,0,0,0,0
1298,2008-12-04,1,1,1,1,95,96,98,98,98,24,95,96,97,98,95,96,98,98,98,95,96,98,98,98,0,0,0,0,0,0,0,0
1299,2008-11-15,1,1,1,1,95,98,98,98,98,4,96,98,98,98,4,96,98,98,98,95,98,98,98,98,0,0,1,0,1,0,0,0
1300,2008-11-12,1,1,5,5,95,98,98,98,98,4,96,98,98,98,15,24,95,96,98,95,98,98,98,98,0,0,1,0,0,1,0,0
1301,2008-11-16,1,1,1,1,95,96,98,98,98,4,96,98,98,98,95,96,98,98,98,95,96,98,98,98,0,0,1,0,0,0,0,0
1302,2008-11-15,1,1,1,1,95,98,98,98,98,4,23,24,96,97,2,16,24,96,97,95,96,97,98,98,0,0,1,0,1,1,0,0
1303,2008-12-01,1,1,1,1,95,98,98,98,98,4,98,98,98,98,1,98,98,98,98,14,98,98,98,98,0,0,1,0,1,0,1,0
1305,2008-11-15,1,1,1,1,95,98,98,98,98,4,96,98,98,98,1,96,98,98,98,1,14,96,98,98,0,0,1,0,1,0,1,0
1306,2008-11-11,1,5,1,1,24,98,98,98,98,4,98,98,98,98,1,98,98,98,98,24,98,98,98,98,0,0,1,0,1,0,0,0
1307,2008-12-09,5,1,1,5,24,98,98,98,98,4,98,98,98,98,1,98,98,98,98,24,98,98,98,98,0,0,1,0,1,0,0,0
1308,2008-11-05,1,1,1,1,24,98,98,98,98,4,98,98,98,98,24,98,98,98,98,24,98,98,98,98,0,0,1,0,0,0,0,0
1309,2008-11-19,1,1,1,1,24,98,98,98,98,4,98,98,98,98,16,98,98,98,98,24,98,98,98,98,0,0,1,0,1,0,0,0
1310,2008-11-15,5,5,5,5,24,98,98,98,98,4,98,98,98,98,1,98,98,98,98,24,98,98,98,98,0,0,1,0,1,0,0,0
1311,2008-12-05,1,1,1,1,24,98,98,98,98,4,98,98,98,98,24,98,98,98,98,24,98,98,98,98,0,0,1,0,0,0,0,0
1312,2008-11-20,1,5,1,1,95,98,98,98,98,4,98,98,98,98,24,97,98,98,98,95,98,98,98,98,0,0,1,0,0,0,0,0
1313,2008-11-06,1,5,5,5,95,98,98,98,98,4,98,98,98,98,95,98,98,98,98,14,98,98,98,98,0,0,1,0,0,0,1,0
1314,2008-11-06,5,5,5,5,95,98,98,98,98,4,98,98,98,98,1,98,98,98,98,95,98,98,98,98,0,0,1,0,1,0,0,0
1315,2008-11-08,1,1,5,1,95,98,98,98,98,95,98,98,98,98,95,98,98,98,98,95,98,98,98,98,0,0,0,0,0,0,0,0
1316,2008-11-19,1,1,5,1,95,98,98,98,98,95,98,98,98,98,95,98,98,98,98,95,98,98,98,98,0,0,0,0,0,0,0,0
1318,2008-12-06,1,5,5,5,24,98,98,98,98,4,98,98,98,98,24,95,96,98,98,24,98,98,98,98,0,0,1,0,0,0,0,0
1319,2008-11-18,1,1,5,5,95,98,98,98,98,24,98,98,98,98,95,98,98,98,98,95,98,98,98,98,0,0,0,0,0,0,0,0
1320,2008-12-04,1,5,5,5,24,98,98,98,98,4,98,98,98,98,16,24,95,98,98,24,98,98,98,98,0,0,1,0,1,0,0,0
1321,2008-11-11,5,5,1,1,24,98,98,98,98,4,98,98,98,98,1,98,98,98,98,95,98,98,98,98,0,0,1,0,1,0,0,0
1323,2008-11-07,5,5,5,5,95,98,98,98,98,95,98,98,98,98,95,98,98,98,98,95,98,98,98,98,0,0,0,0,0,0,0,0
1324,2008-11-06,5,5,5,5,95,98,98,98,98,4,98,98,98,98,95,98,98,98,98,95,98,98,98,98,0,0,1,0,0,0,0,0
1325,2008-11-20,5,5,1,1,95,98,98,98,98,4,98,98,98,98,1,98,98,98,98,95,98,98,98,98,0,0,1,0,1,0,0,0
1326,2008-11-07,5,5,5,5,95,98,98,98,98,95,98,98,98,98,95,98,98,98,98,95,98,98,98,98,0,0,0,0,0,0,0,0
1327,2008-11-21,1,1,5,5,95,98,98,98,98,95,98,98,98,98,95,98,98,98,98,95,98,98,98,98,0,0,0,0,0,0,0,0
1328,2008-11-22,1,5,5,5,95,98,98,98,98,4,98,98,98,98,95,98,98,98,98,95,98,98,98,98,0,0,1,0,0,0,0,0
1329,2008-12-04,1,1,1,1,95,96,98,98,98,95,96,98,98,98,95,98,98,98,98,95,96,98,98,98,0,0,0,0,0,0,0,0
1330,2008-12-07,1,5,1,5,95,96,98,98,98,4,98,98,98,98,24,95,96,98,98,24,96,98,98,98,0,0,1,0,0,0,0,0
1331,2008-11-19,1,5,1,5,24,98,98,98,98,4,98,98,98,98,24,98,98,98,98,95,98,98,98,98,0,0,1,0,0,0,0,0
1332,2008-12-08,1,1,1,1,95,96,98,98,98,95,96,98,98,98,95,96,98,98,98,95,96,98,98,98,0,0,0,0,0,0,0,0
1334,2008-11-09,5,5,5,5,95,98,98,98,98,95,98,98,98,98,95,98,98,98,98,95,98,98,98,98,0,0,0,0,0,0,0,0
1335,2008-11-15,1,1,1,5,95,98,98,98,98,4,98,98,98,98,95,98,98,98,98,95,98,98,98,98,0,0,1,0,0,0,0,0
1336,2008-11-24,1,5,5,5,24,98,98,98,98,24,98,98,98,98,95,98,98,98,98,24,98,98,98,98,0,0,0,0,0,0,0,0
1337,2008-11-15,1,1,5,1,95,98,98,98,98,95,97,98,98,98,95,98,98,98,98,95,98,98,98,98,0,0,0,0,0,0,0,0
1338,2008-11-18,1,5,1,1,95,98,98,98,98,4,98,98,98,98,95,98,98,98,98,95,98,98,98,98,0,0,1,0,0,0,0,0
1339,2008-11-19,1,1,1,1,95,97,98,98,98,95,98,98,98,98,95,97,98,98,98,95,98,98,98,98,0,0,0,0,0,0,0,0
1341,2008-11-12,1,1,1,1,95,98,98,98,98,4,98,98,98,98,24,95,98,98,98,1,95,98,98,98,0,0,1,0,0,0,1,0
1342,2008-12-05,1,5,1,1,95,96,98,98,98,4,98,98,98,98,95,96,97,98,98,95,96,98,98,98,0,0,1,0,0,0,0,0
1343,2008-11-05,1,1,1,1,95,96,98,98,98,95,98,98,98,98,24,96,98,98,98,95,96,98,98,98,0,0,0,0,0,0,0,0
1344,2008-11-12,1,5,1,1,95,98,98,98,98,4,98,98,98,98,95,98,98,98,98,1,95,98,98,98,0,0,1,0,0,0,1,0
1345,2008-11-19,1,1,1,1,95,97,98,98,98,4,98,98,98,98,95,97,98,98,98,95,98,98,98,98,0,0,1,0,0,0,0,0
1346,2008-12-05,5,5,5,1,95,96,98,98,98,4,98,98,98,98,1,98,98,98,98,24,95,96,98,98,0,0,1,0,1,0,0,0
1347,2008-11-09,1,5,1,1,95,98,98,98,98,4,98,98,98,98,95,98,98,98,98,95,97,98,98,98,0,0,1,0,0,0,0,0
1348,2008-11-09,1,5,1,1,1,95,98,98,98,4,98,98,98,98,1,95,98,98,98,1,95,98,98,98,1,0,1,0,1,0,1,0
1349,2008-11-24,1,1,1,1,95,98,98,98,98,4,95,98,98,98,95,97,98,98,98,95,98,98,98,98,0,0,1,0,0,0,0,0
1350,2008-11-07,1,1,1,1,95,96,98,98,98,4,95,98,98,98,95,96,98,98,98,95,96,98,98,98,0,0,1,0,0,0,0,0
1352,2008-12-06,1,1,1,1,95,96,98,98,98,95,96,98,98,98,95,96,98,98,98,95,96,98,98,98,0,0,0,0,0,0,0,0
1353,2008-11-21,1,1,1,1,95,98,98,98,98,4,95,98,98,98,24,95,98,98,98,95,98,98,98,98,0,0,1,0,0,0,0,0
1354,2008-12-05,1,5,5,5,24,98,98,98,98,24,98,98,98,98,24,95,98,98,98,24,98,98,98,98,0,0,0,0,0,0,0,0
1355,2008-12-08,1,1,1,1,95,96,98,98,98,95,96,98,98,98,95,96,98,98,98,95,96,98,98,98,0,0,0,0,0,0,0,0
1356,2008-11-24,5,5,1,1,95,98,98,98,98,4,98,98,98,98,1,98,98,98,98,1,95,98,98,98,0,0,1,0,1,0,1,0
1357,2008-11-13,1,5,1,1,11,23,95,98,98,4,98,98,98,98,1,97,98,98,98,1,95,97,98,98,1,0,1,0,1,0,1,0
1358,2008-11-23,1,5,1,1,95,98,98,98,98,4,98,98,98,98,95,97,98,98,98,95,98,98,98,98,0,0,1,0,0,0,0,0
1359,2008-11-08,5,5,1,1,1,95,98,98,98,4,98,98,98,98,1,24,98,98,98,1,95,98,98,98,1,0,1,0,1,0,1,0
1360,2008-11-20,5,5,1,1,95,98,98,98,98,4,98,98,98,98,1,98,98,98,98,1,95,98,98,98,0,0,1,0,1,0,1,0
1361,2008-11-23,1,1,1,1,95,98,98,98,98,95,98,98,98,98,95,98,98,98,98,95,98,98,98,98,0,0,0,0,0,0,0,0
1362,2008-11-11,1,5,1,1,95,98,98,98,98,4,98,98,98,98,24,95,98,98,98,95,98,98,98,98,0,0,1,0,0,0,0,0
1363,2008-12-10,1,1,1,1,24,95,96,98,98,4,24,95,96,98,95,96,98,98,98,24,95,96,98,98,0,0,1,0,0,0,0,0
1364,2008-11-11,5,5,1,1,24,95,98,98,98,4,98,98,98,98,1,98,98,98,98,1,95,98,98,98,0,0,1,0,1,0,1,0
1365,2008-11-11,1,1,1,1,95,98,98,98,98,24,98,98,98,98,95,98,98,98,98,95,98,98,98,98,0,0,0,0,0,0,0,0
1366,2008-11-18,1,1,1,1,95,97,98,98,98,95,97,98,98,98,95,97,98,98,98,95,97,98,98,98,0,0,0,0,0,0,0,0
1367,2008-11-18,1,1,5,5,95,98,98,98,98,95,98,98,98,98,95,98,98,98,98,95,98,98,98,98,0,0,0,0,0,0,0,0
1368,2008-11-19,1,5,1,1,24,98,98,98,98,4,98,98,98,98,16,24,98,98,98,24,98,98,98,98,0,0,1,0,1,0,0,0
1370,2008-11-20,1,1,1,1,95,98,98,98,98,4,98,98,98,98,95,98,98,98,98,95,98,98,98,98,0,0,1,0,0,0,0,0
1372,2008-12-09,1,1,5,5,95,96,98,98,98,95,96,98,98,98,95,96,98,98,98,95,96,98,98,98,0,0,0,0,0,0,0,0
1373,2008-12-04,5,5,1,5,24,95,98,98,98,4,98,98,98,98,4,98,98,98,98,24,96,98,98,98,0,0,1,0,1,0,0,0
1374,2008-11-18,1,1,1,5,95,98,98,98,98,95,98,98,98,98,95,98,98,98,98,95,98,98,98,98,0,0,0,0,0,0,0,0
1375,2008-11-22,1,5,1,1,95,98,98,98,98,4,98,98,98,98,95,98,98,98,98,14,95,98,98,98,0,0,1,0,0,0,1,0
1377,2008-11-07,5,5,5,5,24,98,98,98,98,23,98,98,98,98,24,98,98,98,98,24,98,98,98,98,0,0,0,0,0,0,0,0
1378,2008-11-24,5,1,1,1,24,98,98,98,98,24,98,98,98,98,1,98,98,98,98,24,98,98,98,98,0,0,0,0,1,0,0,0
1379,2008-11-15,1,5,5,1,24,98,98,98,98,24,98,98,98,98,24,98,98,98,98,24,98,98,98,98,0,0,0,0,0,0,0,0
1380,2008-11-08,1,5,5,5,96,98,98,98,98,96,98,98,98,98,16,98,98,98,98,96,98,98,98,98,0,0,0,0,1,0,0,0
1381,2008-11-13,5,5,1,5,24,98,98,98,98,4,98,98,98,98,1,98,98,98,98,24,98,98,98,98,0,0,1,0,1,0,0,0
1382,2008-11-26,5,5,1,1,24,98,98,98,98,4,98,98,98,98,11,98,98,98,98,24,98,98,98,98,0,0,1,0,1,0,0,0
1383,2008-11-25,1,5,1,1,24,98,98,98,98,4,98,98,98,98,16,98,98,98,98,24,98,98,98,98,0,0,1,0,1,0,0,0
1384,2008-11-28,5,5,1,5,24,98,98,98,98,4,98,98,98,98,24,98,98,98,98,24,98,98,98,98,0,0,1,0,0,0,0,0
1385,2008-11-30,1,5,5,5,24,98,98,98,98,24,98,98,98,98,24,98,98,98,98,24,98,98,98,98,0,0,0,0,0,0,0,0
1386,2008-11-14,5,5,1,5,24,98,98,98,98,4,98,98,98,98,16,98,98,98,98,24,98,98,98,98,0,0,1,0,1,0,0,0
1387,2008-12-01,1,5,5,1,24,98,98,98,98,24,98,98,98,98,24,98,98,98,98,24,98,98,98,98,0,0,0,0,0,0,0,0
1388,2008-11-15,5,5,1,5,24,98,98,98,98,4,98,98,98,98,16,98,98,98,98,1,98,98,98,98,0,0,1,0,1,0,1,0
1389,2008-11-23,5,5,1,1,24,98,98,98,98,4,98,98,98,98,1,98,98,98,98,24,98,98,98,98,0,0,1,0,1,0,0,0
1390,2008-11-05,1,5,1,5,24,98,98,98,98,4,98,98,98,98,24,98,98,98,98,24,98,98,98,98,0,0,1,0,0,0,0,0
1391,2008-11-26,1,1,1,1,24,98,98,98,98,24,98,98,98,98,24,98,98,98,98,14,98,98,98,98,0,0,0,0,0,0,1,0
1392,2008-11-17,5,1,1,5,96,98,98,98,98,96,98,98,98,98,11,98,98,98,98,96,98,98,98,98,0,0,0,0,1,0,0,0
1393,2008-12-13,1,5,5,5,95,98,98,98,98,4,98,98,98,98,1,98,98,98,98,24,95,98,98,98,0,0,1,0,1,0,0,0
1395,2008-11-20,1,5,5,5,24,98,98,98,98,24,98,98,98,98,24,98,98,98,98,24,98,98,98,98,0,0,0,0,0,0,0,0
1396,2008-11-17,1,5,5,5,24,98,98,98,98,4,98,98,98,98,24,98,98,98,98,24,98,98,98,98,0,0,1,0,0,0,0,0
1398,2008-11-11,5,5,5,5,24,98,98,98,98,4,98,98,98,98,1,98,98,98,98,11,98,98,98,98,0,0,1,0,1,0,1,0
1399,2008-11-16,5,5,1,5,24,98,98,98,98,4,98,98,98,98,1,98,98,98,98,1,98,98,98,98,0,0,1,0,1,0,1,0
1400,2008-12-02,1,1,1,5,24,98,98,98,98,24,98,98,98,98,24,98,98,98,98,24,98,98,98,98,0,0,0,0,0,0,0,0
1401,2008-12-14,1,5,5,5,95,98,98,98,98,4,98,98,98,98,95,97,98,98,98,95,98,98,98,98,0,0,1,0,0,0,0,0
1402,2008-11-21,1,5,1,1,24,98,98,98,98,4,98,98,98,98,16,98,98,98,98,24,98,98,98,98,0,0,1,0,1,0,0,0
1403,2008-11-19,1,1,1,1,24,98,98,98,98,24,98,98,98,98,24,98,98,98,98,24,98,98,98,98,0,0,0,0,0,0,0,0
1405,2008-11-12,5,5,5,5,1,98,98,98,98,4,98,98,98,98,1,98,98,98,98,1,98,98,98,98,1,0,1,0,1,0,1,0
1406,2008-11-17,5,5,1,5,24,98,98,98,98,4,98,98,98,98,1,98,98,98,98,24,98,98,98,98,0,0,1,0,1,0,0,0
1407,2008-11-12,5,5,1,5,24,98,98,98,98,4,98,98,98,98,12,98,98,98,98,24,98,98,98,98,0,0,1,0,0,1,0,0
1408,2008-12-08,5,5,1,5,24,95,96,98,98,4,98,98,98,98,1,98,98,98,98,4,98,98,98,98,0,0,1,0,1,0,1,0
1409,2008-12-11,1,1,1,1,95,96,98,98,98,24,95,96,98,98,95,96,98,98,98,24,95,96,98,98,0,0,0,0,0,0,0,0
1411,2008-11-16,1,1,1,1,24,98,98,98,98,4,98,98,98,98,24,98,98,98,98,24,98,98,98,98,0,0,1,0,0,0,0,0
1412,2008-11-11,5,5,1,1,95,96,98,98,98,4,98,98,98,98,12,15,98,98,98,24,95,97,98,98,0,0,1,0,0,1,0,0
1414,2008-11-17,5,5,5,5,1,98,98,98,98,4,98,98,98,98,1,98,98,98,98,1,98,98,98,98,1,0,1,0,1,0,1,0
1415,2008-11-16,1,1,1,5,24,95,97,98,98,4,98,98,98,98,24,97,98,98,98,24,98,98,98,98,0,0,1,0,0,0,0,0
1416,2008-11-12,1,5,5,5,96,98,98,98,98,4,98,98,98,98,1,98,98,98,98,14,98,98,98,98,0,0,1,0,1,0,1,0
1417,2008-11-20,1,5,5,1,95,98,98,98,98,4,98,98,98,98,24,95,97,98,98,95,97,98,98,98,0,0,1,0,0,0,0,0
1419,2008-12-04,1,1,1,1,23,24,98,98,98,4,98,98,98,98,24,98,98,98,98,95,98,98,98,98,0,0,1,0,0,0,0,0
1420,2008-11-05,1,1,1,1,95,98,98,98,98,95,98,98,98,98,95,98,98,98,98,95,98,98,98,98,0,0,0,0,0,0,0,0
1421,2008-12-08,5,5,1,5,95,96,98,98,98,4,98,98,98,98,1,98,98,98,98,14,98,98,98,98,0,0,1,0,1,0,1,0
1423,2008-12-06,1,5,5,5,95,98,98,98,98,3,98,98,98,98,95,96,98,98,98,95,98,98,98,98,0,0,0,0,0,0,0,0
1424,2008-11-08,5,5,5,1,1,98,98,98,98,4,98,98,98,98,1,98,98,98,98,24,95,97,98,98,1,0,1,0,1,0,0,0
1425,2008-12-17,1,1,1,1,95,98,98,98,98,24,97,98,98,98,24,97,98,98,98,95,98,98,98,98,0,0,0,0,0,0,0,0
1426,2008-12-17,1,1,5,5,95,98,98,98,98,4,98,98,98,98,95,98,98,98,98,95,97,98,98,98,0,0,1,0,0,0,0,0
1427,2008-11-13,5,1,5,1,1,95,97,98,98,4,21,96,98,98,1,12,24,98,98,24,95,98,98,98,1,0,1,1,1,1,0,0
1428,2008-12-20,5,5,5,1,95,98,98,98,98,95,98,98,98,98,95,98,98,98,98,95,98,98,98,98,0,0,0,0,0,0,0,0
1429,2008-12-08,1,5,1,1,95,98,98,98,98,4,98,98,98,98,95,98,98,98,98,95,98,98,98,98,0,0,1,0,0,0,0,0
1430,2008-11-29,5,5,5,5,1,98,98,98,98,4,98,98,98,98,4,98,98,98,98,14,98,98,98,98,1,0,1,0,1,0,1,0
1431,2008-11-19,1,5,1,1,95,98,98,98,98,4,98,98,98,98,95,98,98,98,98,95,98,98,98,98,0,0,1,0,0,0,0,0
1432,2008-11-11,5,5,1,1,95,98,98,98,98,4,98,98,98,98,1,98,98,98,98,95,98,98,98,98,0,0,1,0,1,0,0,0
1433,2008-11-08,1,5,1,5,1,98,98,98,98,4,98,98,98,98,1,98,98,98,98,24,98,98,98,98,1,0,1,0,1,0,0,0
1434,2008-11-11,5,5,1,1,24,95,98,98,98,4,98,98,98,98,1,98,98,98,98,24,98,98,98,98,0,0,1,0,1,0,0,0
1435,2008-12-27,5,5,1,1,95,98,98,98,98,4,98,98,98,98,95,98,98,98,98,95,98,98,98,98,0,0,1,0,0,0,0,0
1436,2008-11-13,1,5,1,1,95,98,98,98,98,4,98,98,98,98,95,97,98,98,98,95,98,98,98,98,0,0,1,0,0,0,0,0
1437,2008-12-03,1,5,1,5,95,98,98,98,98,4,98,98,98,98,95,98,98,98,98,95,98,98,98,98,0,0,1,0,0,0,0,0
1438,2008-11-15,1,1,1,1,95,98,98,98,98,95,98,98,98,98,95,98,98,98,98,95,98,98,98,98,0,0,0,0,0,0,0,0
1439,2008-12-08,5,5,1,1,95,98,98,98,98,4,98,98,98,98,24,98,98,98,98,95,98,98,98,98,0,0,1,0,0,0,0,0
1440,2008-11-10,1,1,1,1,95,97,98,98,98,24,98,98,98,98,24,98,98,98,98,95,98,98,98,98,0,0,0,0,0,0,0,0
1441,2008-11-17,5,5,1,1,95,98,98,98,98,4,98,98,98,98,1,98,98,98,98,95,98,98,98,98,0,0,1,0,1,0,0,0
1442,2008-12-02,1,5,1,1,95,98,98,98,98,4,98,98,98,98,95,98,98,98,98,95,98,98,98,98,0,0,1,0,0,0,0,0
1444,2008-12-26,5,5,1,5,24,97,98,98,98,4,98,98,98,98,1,98,98,98,98,1,98,98,98,98,0,0,1,0,1,0,1,0
1445,2008-12-30,1,5,5,1,24,98,98,98,98,4,98,98,98,98,24,98,98,98,98,95,98,98,98,98,0,0,1,0,0,0,0,0
1446,2008-12-06,1,5,1,1,24,98,98,98,98,4,98,98,98,98,1,98,98,98,98,24,98,98,98,98,0,0,1,0,1,0,0,0
1447,2008-11-14,1,1,1,1,24,98,98,98,98,24,98,98,98,98,95,98,98,98,98,24,98,98,98,98,0,0,0,0,0,0,0,0
1448,2008-11-19,5,5,5,5,1,98,98,98,98,4,98,98,98,98,1,98,98,98,98,1,98,98,98,98,1,0,1,0,1,0,1,0
1451,2008-11-12,5,5,5,1,24,98,98,98,98,4,98,98,98,98,4,98,98,98,98,95,98,98,98,98,0,0,1,0,1,0,0,0
1452,2008-12-01,5,5,5,1,24,98,98,98,98,4,98,98,98,98,12,98,98,98,98,14,98,98,98,98,0,0,1,0,0,1,1,0
1453,2008-12-15,5,5,1,5,95,98,98,98,98,4,98,98,98,98,1,98,98,98,98,98,98,98,98,98,0,0,1,0,1,0,0,0
1454,2008-11-22,5,5,5,5,95,98,98,98,98,1,98,98,98,98,1,98,98,98,98,1,98,98,98,98,0,0,1,0,1,0,1,0
1455,2008-12-06,5,5,5,5,95,98,98,98,98,4,98,98,98,98,1,98,98,98,98,4,98,98,98,98,0,0,1,0,1,0,1,0
1456,2008-11-07,1,5,5,5,1,98,98,98,98,4,98,98,98,98,1,98,98,98,98,4,98,98,98,98,1,0,1,0,1,0,1,0
1457,2008-11-20,5,5,1,1,24,95,98,98,98,4,98,98,98,98,1,98,98,98,98,95,98,98,98,98,0,0,1,0,1,0,0,0
1458,2008-11-08,1,1,1,1,95,98,98,98,98,95,98,98,98,98,95,98,98,98,98,95,98,98,98,98,0,0,0,0,0,0,0,0
1459,2008-11-08,5,5,1,5,24,98,98,98,98,4,98,98,98,98,1,98,98,98,98,14,98,98,98,98,0,0,1,0,1,0,1,0
1460,2008-11-07,1,1,1,1,24,98,98,98,98,24,98,98,98,98,24,98,98,98,98,24,98,98,98,98,0,0,0,0,0,0,0,0
1461,2008-12-14,1,5,1,1,24,98,98,98,98,4,98,98,98,98,16,98,98,98,98,24,98,98,98,98,0,0,1,0,1,0,0,0
1462,2008-11-08,1,1,1,1,95,98,98,98,98,24,98,98,98,98,95,98,98,98,98,95,97,98,98,98,0,0,0,0,0,0,0,0
1463,2008-11-09,1,5,1,1,95,98,98,98,98,24,98,98,98,98,16,98,98,98,98,95,98,98,98,98,0,0,0,0,1,0,0,0
1464,2008-11-08,1,1,1,1,24,98,98,98,98,4,98,98,98,98,24,98,98,98,98,24,98,98,98,98,0,0,1,0,0,0,0,0
1465,2008-11-08,1,1,1,1,95,98,98,98,98,95,97,98,98,98,96,98,98,98,98,95,98,98,98,98,0,0,0,0,0,0,0,0
1466,2008-11-09,1,1,1,1,24,98,98,98,98,4,98,98,98,98,24,98,98,98,98,24,98,98,98,98,0,0,1,0,0,0,0,0
1467,2008-11-07,1,5,1,5,95,96,98,98,98,24,98,98,98,98,24,96,98,98,98,24,98,98,98,98,0,0,0,0,0,0,0,0
1468,2008-11-08,1,1,1,1,95,98,98,98,98,24,98,98,98,98,95,98,98,98,98,95,98,98,98,98,0,0,0,0,0,0,0,0
1469,2008-11-13,5,1,1,1,24,98,98,98,98,4,98,98,98,98,15,16,98,98,98,95,98,98,98,98,0,0,1,0,1,1,0,0
1470,2008-11-10,1,5,1,1,95,98,98,98,98,4,98,98,98,98,24,95,98,98,98,95,98,98,98,98,0,0,1,0,0,0,0,0
1471,2008-11-14,5,5,5,5,24,98,98,98,98,4,98,98,98,98,1,98,98,98,98,24,98,98,98,98,0,0,1,0,1,0,0,0
1472,2008-11-10,5,5,1,1,24,98,98,98,98,4,98,98,98,98,1,98,98,98,98,24,98,98,98,98,0,0,1,0,1,0,0,0
1473,2008-11-11,5,5,1,1,23,98,98,98,98,4,98,98,98,98,16,98,98,98,98,24,98,98,98,98,0,0,1,0,1,0,0,0
1474,2008-11-14,1,1,1,1,95,98,98,98,98,4,98,98,98,98,3,98,98,98,98,95,98,98,98,98,0,0,1,0,0,0,0,0
1475,2008-11-07,1,5,1,1,24,98,98,98,98,1,98,98,98,98,16,96,98,98,98,24,98,98,98,98,0,0,1,0,1,0,0,0
1476,2008-11-13,5,5,1,1,24,98,98,98,98,4,98,98,98,98,1,98,98,98,98,24,98,98,98,98,0,0,1,0,1,0,0,0
1477,2008-11-12,5,1,1,1,95,98,98,98,98,4,24,98,98,98,1,98,98,98,98,95,98,98,98,98,0,0,1,0,1,0,0,0
1478,2008-11-10,1,5,5,1,24,98,98,98,98,24,98,98,98,98,24,98,98,98,98,24,98,98,98,98,0,0,0,0,0,0,0,0
1479,2008-11-17,5,5,5,5,1,98,98,98,98,4,98,98,98,98,1,98,98,98,98,14,98,98,98,98,1,0,1,0,1,0,1,0
1480,2008-11-13,1,1,1,1,95,97,98,98,98,95,98,98,98,98,95,97,98,98,98,95,98,98,98,98,0,0,0,0,0,0,0,0
1481,2008-11-17,1,5,5,1,95,98,98,98,98,4,98,98,98,98,16,98,98,98,98,24,98,98,98,98,0,0,1,0,1,0,0,0
1482,2008-11-23,1,1,1,1,24,98,98,98,98,4,98,98,98,98,95,97,98,98,98,24,98,98,98,98,0,0,1,0,0,0,0,0
1483,2008-11-08,1,5,1,5,24,98,98,98,98,4,98,98,98,98,16,98,98,98,98,24,98,98,98,98,0,0,1,0,1,0,0,0
1484,2008-12-05,1,1,1,1,95,98,98,98,98,4,98,98,98,98,95,98,98,98,98,95,98,98,98,98,0,0,1,0,0,0,0,0
1485,2008-11-24,1,5,1,1,95,98,98,98,98,4,98,98,98,98,24,98,98,98,98,95,98,98,98,98,0,0,1,0,0,0,0,0
1486,2008-11-14,5,5,5,1,24,98,98,98,98,4,24,98,98,98,1,98,98,98,98,24,98,98,98,98,0,0,1,0,1,0,0,0
1487,2008-12-15,1,1,1,1,24,98,98,98,98,23,97,98,98,98,95,98,98,98,98,95,98,98,98,98,0,0,0,0,0,0,0,0
1490,2008-11-13,1,5,5,1,24,98,98,98,98,4,98,98,98,98,24,95,96,97,98,95,96,98,98,98,0,0,1,0,0,0,0,0
1491,2008-12-18,5,5,5,5,1,98,98,98,98,4,98,98,98,98,1,98,98,98,98,1,98,98,98,98,1,0,1,0,1,0,1,0
1492,2008-12-24,5,5,1,5,24,95,98,98,98,4,98,98,98,98,1,98,98,98,98,24,98,98,98,98,0,0,1,0,1,0,0,0
1493,2008-11-13,1,5,5,5,24,98,98,98,98,4,98,98,98,98,11,98,98,98,98,24,98,98,98,98,0,0,1,0,1,0,0,0
1496,2008-12-06,1,5,1,1,24,95,96,98,98,4,98,98,98,98,95,96,98,98,98,95,96,98,98,98,0,0,1,0,0,0,0,0
1497,2008-11-07,1,5,1,1,24,95,98,98,98,4,98,98,98,98,1,95,97,98,98,95,98,98,98,98,0,0,1,0,1,0,0,0
1498,2008-11-24,1,5,1,1,95,98,98,98,98,4,98,98,98,98,95,96,98,98,98,95,96,98,98,98,0,0,1,0,0,0,0,0
1499,2008-11-06,1,5,1,1,24,95,96,98,98,4,95,96,97,98,24,95,96,98,98,24,98,98,98,98,0,0,1,0,0,0,0,0
1500,2008-11-10,5,5,5,1,24,98,98,98,98,4,98,98,98,98,1,98,98,98,98,24,95,98,98,98,0,0,1,0,1,0,0,0
1501,2008-11-19,1,1,1,1,95,96,97,98,98,95,96,98,98,98,95,96,98,98,98,95,96,98,98,98,0,0,0,0,0,0,0,0
1502,2008-12-04,1,1,1,1,24,95,98,98,98,4,95,96,98,98,16,24,95,96,98,24,95,96,97,98,0,0,1,0,1,0,0,0
1503,2008-11-19,1,5,1,1,95,96,98,98,98,4,98,98,98,98,24,95,96,97,98,95,96,98,98,98,0,0,1,0,0,0,0,0
1504,2008-12-05,1,1,5,5,24,98,98,98,98,24,98,98,98,98,16,95,96,98,98,24,98,98,98,98,0,0,0,0,1,0,0,0
1505,2008-11-17,1,5,1,1,95,96,97,98,98,4,98,98,98,98,95,96,98,98,98,95,96,98,98,98,0,0,1,0,0,0,0,0
1506,2008-11-15,5,5,5,5,24,95,96,97,98,4,98,98,98,98,1,98,98,98,98,95,96,98,98,98,0,0,1,0,1,0,0,0
1507,2008-11-14,1,1,1,1,24,96,98,98,98,4,95,96,97,98,24,95,96,98,98,24,95,96,98,98,0,0,1,0,0,0,0,0
1508,2008-12-05,5,5,1,1,95,96,98,98,98,4,98,98,98,98,3,98,98,98,98,95,96,98,98,98,0,0,1,0,0,0,0,0
1509,2008-12-11,1,1,1,1,95,96,98,98,98,4,98,98,98,98,1,98,98,98,98,95,96,98,98,98,0,0,1,0,1,0,0,0
1510,2008-12-08,1,5,1,1,95,96,98,98,98,4,98,98,98,98,95,96,98,98,98,24,95,96,98,98,0,0,1,0,0,0,0,0
1511,2008-11-14,5,5,1,5,24,98,98,98,98,4,98,98,98,98,1,98,98,98,98,24,98,98,98,98,0,0,1,0,1,0,0,0
1512,2008-11-15,1,1,1,1,95,98,98,98,98,24,96,98,98,98,95,98,98,98,98,95,96,97,98,98,0,0,0,0,0,0,0,0
1513,2008-11-09,1,1,1,1,95,98,98,98,98,1,4,24,96,98,1,24,96,98,98,95,98,98,98,98,0,0,1,0,1,0,0,0
1514,2008-11-16,1,1,1,1,24,96,97,98,98,95,96,98,98,98,2,95,98,98,98,95,96,98,98,98,0,0,0,0,0,1,0,0
1515,2008-11-24,5,5,1,1,24,95,98,98,98,4,98,98,98,98,1,98,98,98,98,24,95,98,98,98,0,0,1,0,1,0,0,0
1517,2008-11-28,5,5,5,5,24,98,98,98,98,4,98,98,98,98,1,98,98,98,98,24,98,98,98,98,0,0,1,0,1,0,0,0
1518,2008-11-28,1,1,1,1,24,98,98,98,98,4,98,98,98,98,23,98,98,98,98,24,98,98,98,98,0,0,1,0,0,0,0,0
1519,2008-11-26,1,1,1,1,95,96,98,98,98,95,96,97,98,98,95,96,98,98,98,95,96,98,98,98,0,0,0,0,0,0,0,0
1520,2008-11-19,1,5,5,1,24,98,98,98,98,4,98,98,98,98,16,98,98,98,98,24,98,98,98,98,0,0,1,0,1,0,0,0
1521,2008-11-26,1,5,1,1,24,98,98,98,98,4,98,98,98,98,16,98,98,98,98,24,98,98,98,98,0,0,1,0,1,0,0,0
1522,2008-11-17,1,1,1,1,24,98,98,98,98,4,98,98,98,98,1,98,98,98,98,14,98,98,98,98,0,0,1,0,1,0,1,0
1523,2008-11-20,5,5,5,5,24,98,98,98,98,4,98,98,98,98,1,98,98,98,98,24,98,98,98,98,0,0,1,0,1,0,0,0
1524,2008-11-24,1,5,1,1,24,95,96,98,98,4,98,98,98,98,95,96,98,98,98,95,96,98,98,98,0,0,1,0,0,0,0,0
1525,2008-11-26,1,5,1,1,95,96,98,98,98,4,98,98,98,98,95,96,97,98,98,95,96,97,98,98,0,0,1,0,0,0,0,0
1526,2008-11-15,1,1,1,5,24,96,97,98,98,24,95,96,98,98,24,95,96,97,98,24,96,97,98,98,0,0,0,0,0,0,0,0
1527,2008-11-22,1,1,1,1,95,96,98,98,98,95,96,98,98,98,24,95,96,98,98,95,96,98,98,98,0,0,0,0,0,0,0,0
1528,2008-11-08,5,5,1,1,95,98,98,98,98,4,98,98,98,98,1,98,98,98,98,95,98,98,98,98,0,0,1,0,1,0,0,0
1529,2008-11-25,1,1,5,1,95,98,98,98,98,4,98,98,98,98,95,98,98,98,98,95,98,98,98,98,0,0,1,0,0,0,0,0
1531,2008-11-22,1,5,1,1,24,95,96,98,98,4,98,98,98,98,24,95,96,98,98,24,95,96,98,98,0,0,1,0,0,0,0,0
1532,2008-12-14,1,5,1,1,95,98,98,98,98,4,98,98,98,98,24,95,98,98,98,95,96,98,98,98,0,0,1,0,0,0,0,0
1533,2008-11-05,5,5,1,5,24,95,97,98,98,4,98,98,98,98,1,98,98,98,98,4,98,98,98,98,0,0,1,0,1,0,1,0
1534,2008-11-07,1,5,1,5,95,96,98,98,98,4,98,98,98,98,96,97,98,98,98,96,98,98,98,98,0,0,1,0,0,0,0,0
1535,2008-11-08,1,5,1,5,24,95,98,98,98,4,98,98,98,98,4,24,98,98,98,14,98,98,98,98,0,0,1,0,1,0,1,0
1536,2008-11-05,1,5,1,1,95,96,98,98,98,4,97,98,98,98,95,96,98,98,98,95,96,98,98,98,0,0,1,0,0,0,0,0
1537,2008-11-05,1,5,5,1,95,96,98,98,98,4,98,98,98,98,95,97,98,98,98,95,96,98,98,98,0,0,1,0,0,0,0,0
1538,2008-11-08,5,1,1,5,96,98,98,98,98,96,98,98,98,98,96,98,98,98,98,96,98,98,98,98,0,0,0,0,0,0,0,0
1539,2008-11-07,1,1,5,1,96,98,98,98,98,95,96,98,98,98,24,95,98,98,98,95,96,98,98,98,0,0,0,0,0,0,0,0
1540,2008-11-14,1,5,5,5,95,96,98,98,98,4,98,98,98,98,95,96,98,98,98,95,96,98,98,98,0,0,1,0,0,0,0,0
1541,2008-11-11,1,5,1,1,95,96,98,98,98,4,98,98,98,98,95,97,98,98,98,95,97,98,98,98,0,0,1,0,0,0,0,0
1542,2008-12-03,1,1,1,1,95,96,98,98,98,4,98,98,98,98,95,96,98,98,98,95,96,98,98,98,0,0,1,0,0,0,0,0
1544,2008-11-22,1,5,1,1,24,95,96,98,98,4,98,98,98,98,12,15,24,95,97,14,96,98,98,98,0,0,1,0,0,1,1,0
1545,2008-11-17,1,1,1,1,24,95,96,98,98,24,96,98,98,98,16,95,96,98,98,95,96,98,98,98,0,0,0,0,1,0,0,0
1546,2008-12-02,1,1,1,5,95,96,98,98,98,4,98,98,98,98,24,95,96,98,98,24,98,98,98,98,0,0,1,0,0,0,0,0
1547,2008-12-07,1,5,1,1,95,98,98,98,98,4,98,98,98,98,95,96,98,98,98,95,98,98,98,98,0,0,1,0,0,0,0,0
1548,2008-11-08,1,1,1,1,95,96,98,98,98,95,97,98,98,98,95,96,98,98,98,95,96,98,98,98,0,0,0,0,0,0,0,0
1550,2008-11-06,1,1,1,1,95,96,98,98,98,4,98,98,98,98,95,96,98,98,98,95,96,98,98,98,0,0,1,0,0,0,0,0
1551,2008-11-06,1,1,1,1,95,96,98,98,98,96,97,98,98,98,95,96,98,98,98,96,98,98,98,98,0,0,0,0,0,0,0,0
1552,2008-11-07,1,5,5,1,96,98,98,98,98,4,98,98,98,98,95,96,98,98,98,96,98,98,98,98,0,0,1,0,0,0,0,0
1553,2008-12-12,5,5,1,1,95,96,98,98,98,4,98,98,98,98,1,98,98,98,98,95,96,97,98,98,0,0,1,0,1,0,0,0
1554,2008-11-11,5,5,1,5,24,95,98,98,98,4,98,98,98,98,1,98,98,98,98,14,98,98,98,98,0,0,1,0,1,0,1,0
1555,2008-11-15,1,5,1,1,24,96,98,98,98,4,98,98,98,98,16,95,96,97,98,24,96,98,98,98,0,0,1,0,1,0,0,0
1556,2008-12-03,5,5,1,5,95,98,98,98,98,4,98,98,98,98,4,11,15,21,24,11,98,98,98,98,0,0,1,0,1,1,1,0
1557,2008-11-14,5,5,1,1,24,95,96,98,98,4,98,98,98,98,1,98,98,98,98,24,95,96,98,98,0,0,1,0,1,0,0,0
1558,2008-11-07,5,5,1,1,24,95,96,98,98,4,98,98,98,98,1,98,98,98,98,95,96,98,98,98,0,0,1,0,1,0,0,0
1559,2008-11-06,1,1,1,1,95,96,98,98,98,24,96,98,98,98,16,95,96,98,98,95,96,98,98,98,0,0,0,0,1,0,0,0
1560,2008-12-15,1,1,5,1,24,98,98,98,98,95,96,98,98,98,24,95,96,98,98,95,96,98,98,98,0,0,0,0,0,0,0,0
1561,2008-11-28,1,5,1,1,95,96,98,98,98,24,97,98,98,98,95,96,98,98,98,95,96,98,98,98,0,0,0,0,0,0,0,0
1562,2008-11-06,5,5,1,5,95,98,98,98,98,4,98,98,98,98,1,98,98,98,98,95,98,98,98,98,0,0,1,0,1,0,0,0
1563,2008-11-10,1,5,1,1,95,96,98,98,98,4,98,98,98,98,24,95,98,98,98,96,98,98,98,98,0,0,1,0,0,0,0,0
1564,2008-12-20,1,1,1,1,24,95,96,98,98,24,96,98,98,98,16,95,96,98,98,95,96,98,98,98,0,0,0,0,1,0,0,0
1565,2008-12-04,1,5,1,1,24,95,96,98,98,4,98,98,98,98,24,95,98,98,98,95,98,98,98,98,0,0,1,0,0,0,0,0
1567,2008-11-30,1,1,1,1,24,96,98,98,98,24,95,96,98,98,24,95,96,98,98,24,96,98,98,98,0,0,0,0,0,0,0,0
1568,2008-11-16,1,5,1,1,95,96,98,98,98,4,98,98,98,98,95,96,98,98,98,95,96,98,98,98,0,0,1,0,0,0,0,0
1569,2008-11-10,1,1,1,1,95,96,98,98,98,4,95,96,97,98,95,96,98,98,98,95,96,98,98,98,0,0,1,0,0,0,0,0
1570,2008-12-13,1,5,1,1,95,96,98,98,98,4,98,98,98,98,16,24,95,96,97,95,96,98,98,98,0,0,1,0,1,0,0,0
1572,2008-11-30,5,5,1,1,95,96,98,98,98,4,98,98,98,98,1,98,98,98,98,95,96,98,98,98,0,0,1,0,1,0,0,0
1573,2008-11-24,5,1,1,1,1,98,98,98,98,4,23,98,98,98,1,98,98,98,98,95,96,98,98,98,1,0,1,0,1,0,0,0
1574,2008-12-03,5,5,1,1,95,96,98,98,98,4,98,98,98,98,24,98,98,98,98,95,96,98,98,98,0,0,1,0,0,0,0,0
1575,2008-11-19,1,1,1,5,24,95,96,98,98,4,98,98,98,98,1,11,98,98,98,14,98,98,98,98,0,0,1,0,1,0,1,0
1576,2008-11-18,1,1,1,1,95,96,98,98,98,95,96,98,98,98,16,95,96,98,98,95,96,98,98,98,0,0,0,0,1,0,0,0
1577,2008-12-16,5,5,1,1,95,98,98,98,98,4,98,98,98,98,1,98,98,98,98,24,95,96,98,98,0,0,1,0,1,0,0,0
1578,2008-12-10,5,5,1,1,24,95,96,97,98,4,98,98,98,98,1,11,98,98,98,95,96,98,98,98,0,0,1,0,1,0,0,0
1580,2008-12-15,1,5,1,1,24,98,98,98,98,4,98,98,98,98,24,98,98,98,98,24,98,98,98,98,0,0,1,0,0,0,0,0
1581,2008-11-16,5,5,5,1,24,98,98,98,98,4,98,98,98,98,16,98,98,98,98,95,98,98,98,98,0,0,1,0,1,0,0,0
1582,2008-12-17,1,5,1,5,24,98,98,98,98,4,98,98,98,98,24,98,98,98,98,24,98,98,98,98,0,0,1,0,0,0,0,0
1583,2008-11-15,1,5,5,5,24,98,98,98,98,4,98,98,98,98,16,98,98,98,98,24,98,98,98,98,0,0,1,0,1,0,0,0
1584,2008-11-18,5,5,5,5,95,98,98,98,98,4,98,98,98,98,11,98,98,98,98,95,98,98,98,98,0,0,1,0,1,0,0,0
1585,2008-12-05,1,1,1,1,95,98,98,98,98,24,98,98,98,98,95,98,98,98,98,95,98,98,98,98,0,0,0,0,0,0,0,0
1586,2008-11-25,5,5,1,1,24,98,98,98,98,4,98,98,98,98,24,98,98,98,98,95,98,98,98,98,0,0,1,0,0,0,0,0
1587,2008-12-05,1,1,1,1,24,98,98,98,98,24,98,98,98,98,24,98,98,98,98,24,98,98,98,98,0,0,0,0,0,0,0,0
1588,2008-11-11,5,5,5,5,24,98,98,98,98,1,98,98,98,98,1,98,98,98,98,24,98,98,98,98,0,0,1,0,1,0,0,0
1589,2008-12-04,1,1,1,1,24,98,98,98,98,4,98,98,98,98,1,98,98,98,98,24,98,98,98,98,0,0,1,0,1,0,0,0
1590,2008-11-12,5,5,5,1,24,98,98,98,98,4,98,98,98,98,24,98,98,98,98,24,98,98,98,98,0,0,1,0,0,0,0,0
1591,2008-12-05,1,1,1,1,24,98,98,98,98,4,98,98,98,98,16,98,98,98,98,95,98,98,98,98,0,0,1,0,1,0,0,0
1592,2008-12-04,1,1,1,1,95,98,98,98,98,4,98,98,98,98,95,98,98,98,98,95,98,98,98,98,0,0,1,0,0,0,0,0
1593,2008-11-25,5,5,5,1,24,98,98,98,98,4,98,98,98,98,16,98,98,98,98,24,98,98,98,98,0,0,1,0,1,0,0,0
1594,2008-11-28,1,5,1,5,24,98,98,98,98,24,98,98,98,98,16,98,98,98,98,24,98,98,98,98,0,0,0,0,1,0,0,0
1595,2008-11-24,5,5,1,1,24,98,98,98,98,4,98,98,98,98,1,98,98,98,98,24,98,98,98,98,0,0,1,0,1,0,0,0
1596,2008-12-05,5,5,1,1,24,98,98,98,98,4,98,98,98,98,1,98,98,98,98,24,98,98,98,98,0,0,1,0,1,0,0,0
1597,2008-11-18,1,1,1,1,96,98,98,98,98,96,98,98,98,98,96,98,98,98,98,96,98,98,98,98,0,0,0,0,0,0,0,0
1598,2008-11-10,1,1,1,1,95,98,98,98,98,95,98,98,98,98,95,98,98,98,98,95,97,98,98,98,0,0,0,0,0,0,0,0
1599,2008-11-12,5,1,1,1,24,98,98,98,98,4,98,98,98,98,1,98,98,98,98,24,98,98,98,98,0,0,1,0,1,0,0,0
1600,2008-11-19,5,5,1,1,24,98,98,98,98,4,98,98,98,98,16,98,98,98,98,24,98,98,98,98,0,0,1,0,1,0,0,0
1601,2008-12-08,5,5,1,1,24,98,98,98,98,4,98,98,98,98,4,98,98,98,98,24,98,98,98,98,0,0,1,0,1,0,0,0
1602,2008-11-11,1,5,1,5,24,98,98,98,98,4,98,98,98,98,24,98,98,98,98,24,98,98,98,98,0,0,1,0,0,0,0,0
1603,2008-11-18,1,5,5,5,24,98,98,98,98,24,98,98,98,98,24,98,98,98,98,24,98,98,98,98,0,0,0,0,0,0,0,0
1604,2008-11-23,1,5,5,5,24,98,98,98,98,4,98,98,98,98,24,98,98,98,98,24,98,98,98,98,0,0,1,0,0,0,0,0
1605,2008-11-25,1,1,1,1,24,98,98,98,98,4,98,98,98,98,24,98,98,98,98,24,98,98,98,98,0,0,1,0,0,0,0,0
1606,2008-11-30,1,5,1,1,24,98,98,98,98,4,98,98,98,98,24,98,98,98,98,24,98,98,98,98,0,0,1,0,0,0,0,0
1607,2008-11-17,5,5,1,1,96,98,98,98,98,4,98,98,98,98,1,98,98,98,98,96,98,98,98,98,0,0,1,0,1,0,0,0
1608,2008-11-19,1,5,1,1,96,98,98,98,98,4,98,98,98,98,96,98,98,98,98,96,98,98,98,98,0,0,1,0,0,0,0,0
1609,2008-12-13,1,5,1,1,96,98,98,98,98,4,98,98,98,98,96,98,98,98,98,96,98,98,98,98,0,0,1,0,0,0,0,0
1610,2008-12-05,1,1,1,1,96,98,98,98,98,4,98,98,98,98,16,98,98,98,98,24,98,98,98,98,0,0,1,0,1,0,0,0
1612,2008-12-06,1,5,1,5,24,98,98,98,98,4,98,98,98,98,24,98,98,98,98,24,98,98,98,98,0,0,1,0,0,0,0,0
1613,2008-11-18,1,5,1,5,24,98,98,98,98,4,98,98,98,98,11,98,98,98,98,24,98,98,98,98,0,0,1,0,1,0,0,0
1614,2008-11-29,1,1,1,1,24,95,96,98,98,24,95,96,97,98,24,95,96,98,98,24,95,96,98,98,0,0,0,0,0,0,0,0
1615,2008-11-14,1,5,5,1,24,95,97,98,98,4,98,98,98,98,24,95,97,98,98,24,95,98,98,98,0,0,1,0,0,0,0,0
1616,2008-12-14,1,5,1,1,24,96,97,98,98,4,98,98,98,98,95,97,98,98,98,24,96,97,98,98,0,0,1,0,0,0,0,0
1617,2008-12-16,1,5,1,5,24,95,97,98,98,24,98,98,98,98,24,95,97,98,98,24,98,98,98,98,0,0,0,0,0,0,0,0
1618,2008-11-13,1,5,1,1,24,95,98,98,98,24,98,98,98,98,24,95,98,98,98,95,98,98,98,98,0,0,0,0,0,0,0,0
1619,2008-11-18,1,5,5,5,95,98,98,98,98,95,97,98,98,98,95,98,98,98,98,95,98,98,98,98,0,0,0,0,0,0,0,0
1620,2008-11-15,1,1,5,5,95,98,98,98,98,95,98,98,98,98,95,98,98,98,98,95,98,98,98,98,0,0,0,0,0,0,0,0
1621,2008-11-19,5,1,5,5,95,98,98,98,98,95,98,98,98,98,95,98,98,98,98,24,98,98,98,98,0,0,0,0,0,0,0,0
1622,2008-11-15,5,5,1,1,24,95,98,98,98,24,95,98,98,98,24,98,98,98,98,24,95,98,98,98,0,0,0,0,0,0,0,0
1623,2008-11-14,1,5,1,1,95,97,98,98,98,4,98,98,98,98,24,95,97,98,98,95,97,98,98,98,0,0,1,0,0,0,0,0
1624,2008-11-19,5,5,1,5,95,98,98,98,98,24,98,98,98,98,24,98,98,98,98,95,98,98,98,98,0,0,0,0,0,0,0,0
1625,2008-11-15,1,1,5,5,95,98,98,98,98,24,95,98,98,98,95,98,98,98,98,95,98,98,98,98,0,0,0,0,0,0,0,0
1626,2008-11-13,1,1,1,1,24,95,98,98,98,24,98,98,98,98,24,95,98,98,98,24,96,98,98,98,0,0,0,0,0,0,0,0
1627,2008-11-15,5,5,1,1,95,98,98,98,98,4,98,98,98,98,1,98,98,98,98,95,98,98,98,98,0,0,1,0,1,0,0,0
1628,2008-11-17,1,1,5,5,95,97,98,98,98,4,98,98,98,98,95,96,98,98,98,95,97,98,98,98,0,0,1,0,0,0,0,0
1629,2008-11-16,5,1,1,1,95,98,98,98,98,24,95,98,98,98,1,98,98,98,98,95,98,98,98,98,0,0,0,0,1,0,0,0
1630,2008-11-17,5,5,5,5,95,98,98,98,98,95,98,98,98,98,95,98,98,98,98,95,98,98,98,98,0,0,0,0,0,0,0,0
1632,2008-11-15,1,1,1,1,95,98,98,98,98,24,95,98,98,98,95,98,98,98,98,95,98,98,98,98,0,0,0,0,0,0,0,0
1633,2008-11-18,5,5,5,5,95,98,98,98,98,4,98,98,98,98,95,98,98,98,98,95,98,98,98,98,0,0,1,0,0,0,0,0
1634,2008-11-06,5,5,1,1,95,96,97,98,98,4,98,98,98,98,24,98,98,98,98,95,96,97,98,98,0,0,1,0,0,0,0,0
1636,2008-12-13,1,1,1,1,95,96,97,98,98,95,96,97,98,98,95,96,97,98,98,95,96,97,98,98,0,0,0,0,0,0,0,0
1637,2008-12-17,1,5,5,1,95,98,98,98,98,4,98,98,98,98,95,98,98,98,98,95,98,98,98,98,0,0,1,0,0,0,0,0
1638,2008-11-13,1,1,1,1,95,98,98,98,98,95,98,98,98,98,95,97,98,98,98,95,98,98,98,98,0,0,0,0,0,0,0,0
1639,2008-11-19,1,5,5,1,24,96,98,98,98,4,96,98,98,98,24,96,97,98,98,95,96,98,98,98,0,0,1,0,0,0,0,0
1640,2008-11-11,1,5,1,1,95,96,98,98,98,4,96,98,98,98,24,95,96,97,98,95,96,98,98,98,0,0,1,0,0,0,0,0
1641,2008-11-11,5,5,1,1,95,98,98,98,98,4,98,98,98,98,24,98,98,98,98,95,96,97,98,98,0,0,1,0,0,0,0,0
1642,2008-11-06,1,1,5,5,95,98,98,98,98,95,96,98,98,98,24,96,98,98,98,95,98,98,98,98,0,0,0,0,0,0,0,0
1643,2008-11-10,1,1,5,1,95,98,98,98,98,4,98,98,98,98,24,98,98,98,98,95,98,98,98,98,0,0,1,0,0,0,0,0
1644,2008-11-07,5,5,5,5,24,96,97,98,98,4,98,98,98,98,1,98,98,98,98,95,98,98,98,98,0,0,1,0,1,0,0,0
1645,2008-12-06,5,5,1,5,95,98,98,98,98,4,98,98,98,98,1,98,98,98,98,14,98,98,98,98,0,0,1,0,1,0,1,0
1646,2008-11-09,5,5,1,5,95,96,98,98,98,4,98,98,98,98,1,98,98,98,98,14,96,98,98,98,0,0,1,0,1,0,1,0
1647,2008-11-11,5,5,1,5,95,96,98,98,98,4,98,98,98,98,1,98,98,98,98,4,14,96,98,98,0,0,1,0,1,0,1,0
1648,2008-11-17,5,5,5,1,1,96,98,98,98,4,96,98,98,98,11,96,98,98,98,95,96,98,98,98,1,0,1,0,1,0,0,0
1649,2008-11-24,5,5,1,1,95,98,98,98,98,4,98,98,98,98,1,96,98,98,98,95,98,98,98,98,0,0,1,0,1,0,0,0
1651,2008-11-10,1,5,5,1,24,97,98,98,98,4,24,98,98,98,23,95,97,98,98,95,98,98,98,98,0,0,1,0,0,0,0,0
1652,2008-12-01,1,5,5,5,95,98,98,98,98,4,98,98,98,98,95,98,98,98,98,95,98,98,98,98,0,0,1,0,0,0,0,0
1653,2008-11-13,5,5,5,5,24,98,98,98,98,4,98,98,98,98,1,98,98,98,98,14,98,98,98,98,0,0,1,0,1,0,1,0
1654,2008-11-09,1,5,1,1,24,95,97,98,98,4,98,98,98,98,16,98,98,98,98,95,98,98,98,98,0,0,1,0,1,0,0,0
1655,2008-11-17,5,5,5,5,24,98,98,98,98,4,24,98,98,98,1,98,98,98,98,24,98,98,98,98,0,0,1,0,1,0,0,0
1656,2008-11-18,5,5,5,5,24,95,98,98,98,4,24,98,98,98,24,98,98,98,98,95,97,98,98,98,0,0,1,0,0,0,0,0
1657,2008-11-30,5,5,5,1,95,96,98,98,98,4,98,98,98,98,1,98,98,98,98,95,96,98,98,98,0,0,1,0,1,0,0,0
1658,2008-11-11,5,5,1,5,24,95,98,98,98,4,98,98,98,98,1,98,98,98,98,24,98,98,98,98,0,0,1,0,1,0,0,0
1659,2008-11-23,5,5,5,5,24,98,98,98,98,4,98,98,98,98,1,98,98,98,98,1,98,98,98,98,0,0,1,0,1,0,1,0
1660,2008-11-09,5,5,5,1,24,97,98,98,98,4,98,98,98,98,24,98,98,98,98,24,98,98,98,98,0,0,1,0,0,0,0,0
1662,2008-11-11,1,5,5,5,95,97,98,98,98,4,98,98,98,98,95,96,98,98,98,24,97,98,98,98,0,0,1,0,0,0,0,0
1663,2008-11-25,5,5,5,5,95,98,98,98,98,4,98,98,98,98,1,98,98,98,98,24,95,98,98,98,0,0,1,0,1,0,0,0
1664,2008-11-17,1,5,5,5,24,95,98,98,98,4,98,98,98,98,24,98,98,98,98,24,98,98,98,98,0,0,1,0,0,0,0,0
1666,2008-11-19,5,5,1,5,95,96,98,98,98,4,98,98,98,98,4,98,98,98,98,14,98,98,98,98,0,0,1,0,1,0,1,0
1667,2008-11-20,5,5,1,5,24,95,96,98,98,4,24,98,98,98,24,98,98,98,98,24,95,97,98,98,0,0,1,0,0,0,0,0
1668,2008-11-08,1,5,1,1,24,95,98,98,98,4,98,98,98,98,95,98,98,98,98,95,98,98,98,98,0,0,1,0,0,0,0,0
1669,2008-11-12,1,5,5,5,24,98,98,98,98,24,98,98,98,98,24,98,98,98,98,23,98,98,98,98,0,0,0,0,0,0,0,0
1670,2008-11-10,5,5,5,1,24,98,98,98,98,4,98,98,98,98,1,98,98,98,98,95,98,98,98,98,0,0,1,0,1,0,0,0
1671,2008-11-09,5,5,1,5,95,98,98,98,98,4,98,98,98,98,1,98,98,98,98,24,98,98,98,98,0,0,1,0,1,0,0,0
1672,2008-11-19,5,5,1,1,24,95,98,98,98,4,98,98,98,98,24,98,98,98,98,95,98,98,98,98,0,0,1,0,0,0,0,0
1673,2008-11-14,5,5,1,5,95,98,98,98,98,1,24,98,98,98,1,98,98,98,98,1,98,98,98,98,0,0,1,0,1,0,1,0
1674,2008-12-17,5,5,5,5,95,98,98,98,98,4,98,98,98,98,1,98,98,98,98,95,98,98,98,98,0,0,1,0,1,0,0,0
1675,2008-11-14,5,5,1,1,24,95,98,98,98,4,98,98,98,98,24,97,98,98,98,24,95,98,98,98,0,0,1,0,0,0,0,0
1676,2008-11-13,5,5,1,1,95,98,98,98,98,4,98,98,98,98,1,98,98,98,98,95,98,98,98,98,0,0,1,0,1,0,0,0
1677,2008-11-13,1,5,5,1,24,95,98,98,98,24,95,97,98,98,24,95,96,98,98,24,95,98,98,98,0,0,0,0,0,0,0,0
1678,2008-11-18,5,5,1,1,24,98,98,98,98,4,98,98,98,98,1,98,98,98,98,24,98,98,98,98,0,0,1,0,1,0,0,0
1679,2008-11-11,5,1,1,5,24,98,98,98,98,24,98,98,98,98,16,98,98,98,98,24,98,98,98,98,0,0,0,0,1,0,0,0
1680,2008-11-09,1,5,1,5,24,98,98,98,98,4,98,98,98,98,24,98,98,98,98,24,98,98,98,98,0,0,1,0,0,0,0,0
1681,2008-11-06,1,1,1,5,24,98,98,98,98,4,98,98,98,98,16,98,98,98,98,24,98,98,98,98,0,0,1,0,1,0,0,0
1682,2008-12-14,5,5,1,1,95,98,98,98,98,4,98,98,98,98,1,98,98,98,98,24,95,98,98,98,0,0,1,0,1,0,0,0
1683,2008-12-12,1,1,1,1,23,24,95,97,98,24,95,98,98,98,24,95,98,98,98,24,95,98,98,98,0,0,0,0,0,0,0,0
1685,2008-11-06,1,5,5,5,24,98,98,98,98,24,98,98,98,98,24,98,98,98,98,24,98,98,98,98,0,0,0,0,0,0,0,0
1686,2008-11-22,1,1,1,5,24,98,98,98,98,24,98,98,98,98,16,98,98,98,98,24,98,98,98,98,0,0,0,0,1,0,0,0
1687,2008-12-11,1,5,1,1,95,98,98,98,98,4,95,97,98,98,95,98,98,98,98,95,97,98,98,98,0,0,1,0,0,0,0,0
1688,2008-12-11,1,5,1,1,95,97,98,98,98,4,98,98,98,98,95,98,98,98,98,95,98,98,98,98,0,0,1,0,0,0,0,0
1689,2008-11-26,1,1,1,1,24,98,98,98,98,24,98,98,98,98,24,98,98,98,98,24,98,98,98,98,0,0,0,0,0,0,0,0
1690,2008-11-07,1,5,1,1,24,98,98,98,98,4,98,98,98,98,16,98,98,98,98,24,98,98,98,98,0,0,1,0,1,0,0,0
1691,2008-11-09,5,5,1,5,23,98,98,98,98,4,98,98,98,98,1,98,98,98,98,14,98,98,98,98,0,0,1,0,1,0,1,0
1692,2008-11-07,1,5,1,5,24,98,98,98,98,4,98,98,98,98,16,98,98,98,98,14,98,98,98,98,0,0,1,0,1,0,1,0
1694,2008-12-12,5,5,5,5,24,95,97,98,98,4,98,98,98,98,1,15,24,98,98,24,95,97,98,98,0,0,1,0,1,1,0,0
1696,2008-11-11,1,5,1,1,24,98,98,98,98,4,98,98,98,98,24,98,98,98,98,24,98,98,98,98,0,0,1,0,0,0,0,0
1697,2008-11-17,5,5,1,5,24,98,98,98,98,4,98,98,98,98,1,98,98,98,98,14,98,98,98,98,0,0,1,0,1,0,1,0
1698,2008-11-18,1,5,1,1,24,98,98,98,98,4,98,98,98,98,24,98,98,98,98,24,98,98,98,98,0,0,1,0,0,0,0,0
1700,2008-12-14,5,5,1,1,24,95,98,98,98,4,98,98,98,98,11,24,97,98,98,24,95,98,98,98,0,0,1,0,1,0,0,0
1701,2008-11-17,5,5,1,1,24,98,98,98,98,4,21,98,98,98,1,98,98,98,98,24,98,98,98,98,0,0,1,1,1,0,0,0
1702,2008-12-04,1,1,1,1,24,95,98,98,98,24,95,98,98,98,24,95,98,98,98,24,95,98,98,98,0,0,0,0,0,0,0,0
1703,2008-11-06,5,5,5,1,95,98,98,98,98,4,24,98,98,98,11,98,98,98,98,95,98,98,98,98,0,0,1,0,1,0,0,0
1704,2008-11-10,1,1,5,5,24,98,98,98,98,,,,,,24,98,98,98,98,24,98,98,98,98,0,0,,,0,0,0,0
1705,2008-11-10,1,5,1,5,24,98,98,98,98,4,98,98,98,98,24,98,98,98,98,24,98,98,98,98,0,0,1,0,0,0,0,0
1706,2008-11-12,5,5,1,1,24,98,98,98,98,4,98,98,98,98,1,98,98,98,98,24,98,98,98,98,0,0,1,0,1,0,0,0
1707,2008-11-12,1,5,1,1,95,98,98,98,98,4,98,98,98,98,11,98,98,98,98,95,98,98,98,98,0,0,1,0,1,0,0,0
1708,2008-11-17,1,5,1,1,95,98,98,98,98,1,98,98,98,98,16,24,98,98,98,96,98,98,98,98,0,0,1,0,1,0,0,0
1709,2008-11-09,1,5,5,5,24,98,98,98,98,4,98,98,98,98,24,98,98,98,98,24,98,98,98,98,0,0,1,0,0,0,0,0
1710,2008-11-20,5,5,1,5,24,98,98,98,98,4,98,98,98,98,1,98,98,98,98,,,,,,0,0,1,0,1,0,,
1711,2008-12-17,5,5,1,1,24,95,96,98,98,4,24,98,98,98,15,98,98,98,98,95,96,97,98,98,0,0,1,0,0,1,0,0
1713,2008-11-08,1,5,1,5,24,98,98,98,98,4,98,98,98,98,16,98,98,98,98,24,98,98,98,98,0,0,1,0,1,0,0,0
1714,2008-11-16,1,1,1,1,24,95,97,98,98,24,95,97,98,98,95,97,98,98,98,24,95,97,98,98,0,0,0,0,0,0,0,0
1716,2008-11-13,1,5,1,1,24,95,97,98,98,4,98,98,98,98,24,95,97,98,98,24,95,97,98,98,0,0,1,0,0,0,0,0
1717,2008-11-20,5,5,1,1,95,97,98,98,98,4,98,98,98,98,1,98,98,98,98,95,97,98,98,98,0,0,1,0,1,0,0,0
1718,2008-11-14,5,5,5,1,24,98,98,98,98,4,98,98,98,98,4,98,98,98,98,95,96,97,98,98,0,0,1,0,1,0,0,0
1719,2008-11-17,1,5,1,5,24,95,97,98,98,24,96,97,98,98,24,95,97,98,98,24,95,97,98,98,0,0,0,0,0,0,0,0
1720,2008-11-16,1,1,1,1,96,97,98,98,98,95,97,98,98,98,95,96,97,98,98,97,98,98,98,98,0,0,0,0,0,0,0,0
1723,2008-11-16,1,5,5,5,24,98,98,98,98,4,98,98,98,98,24,95,96,97,98,24,98,98,98,98,0,0,1,0,0,0,0,0
1724,2008-11-14,1,1,1,5,95,97,98,98,98,95,97,98,98,98,95,97,98,98,98,95,98,98,98,98,0,0,0,0,0,0,0,0
1725,2008-12-07,1,1,1,5,95,96,98,98,98,95,96,98,98,98,95,96,98,98,98,95,98,98,98,98,0,0,0,0,0,0,0,0
1726,2008-12-07,1,1,1,1,95,98,98,98,98,95,98,98,98,98,95,98,98,98,98,95,98,98,98,98,0,0,0,0,0,0,0,0
1727,2008-11-15,1,5,1,1,95,96,97,98,98,4,98,98,98,98,95,96,97,98,98,95,96,97,98,98,0,0,1,0,0,0,0,0
1728,2008-11-19,1,5,1,1,24,95,96,97,98,4,98,98,98,98,95,97,98,98,98,95,96,97,98,98,0,0,1,0,0,0,0,0
1729,2008-12-08,5,5,5,5,95,98,98,98,98,4,98,98,98,98,12,98,98,98,98,14,98,98,98,98,0,0,1,0,0,1,1,0
1730,2008-11-18,5,5,1,1,24,95,97,98,98,4,98,98,98,98,12,98,98,98,98,24,95,97,98,98,0,0,1,0,0,1,0,0
1731,2008-11-20,5,5,1,5,95,96,97,98,98,4,98,98,98,98,1,98,98,98,98,14,96,97,98,98,0,0,1,0,1,0,1,0
1732,2008-11-19,1,1,1,1,95,97,98,98,98,95,97,98,98,98,95,96,97,98,98,95,97,98,98,98,0,0,0,0,0,0,0,0
1733,2008-11-17,1,5,1,1,24,95,97,98,98,4,98,98,98,98,1,95,97,98,98,24,95,97,98,98,0,0,1,0,1,0,0,0
1734,2008-11-08,1,1,5,5,95,98,98,98,98,4,98,98,98,98,95,98,98,98,98,95,98,98,98,98,0,0,1,0,0,0,0,0
1735,2008-12-09,5,5,1,5,1,98,98,98,98,4,98,98,98,98,1,98,98,98,98,95,98,98,98,98,1,0,1,0,1,0,0,0
1736,2008-11-22,5,5,5,5,95,98,98,98,98,4,98,98,98,98,1,98,98,98,98,95,98,98,98,98,0,0,1,0,1,0,0,0
1737,2008-11-22,5,5,5,5,95,98,98,98,98,4,98,98,98,98,95,98,98,98,98,24,98,98,98,98,0,0,1,0,0,0,0,0
1738,2008-12-09,5,1,1,5,95,98,98,98,98,95,98,98,98,98,95,98,98,98,98,95,98,98,98,98,0,0,0,0,0,0,0,0
1739,2008-11-19,5,5,5,5,95,98,98,98,98,4,98,98,98,98,95,98,98,98,98,95,98,98,98,98,0,0,1,0,0,0,0,0
1740,2008-11-13,5,5,5,5,95,98,98,98,98,4,98,98,98,98,1,98,98,98,98,95,98,98,98,98,0,0,1,0,1,0,0,0
1741,2008-11-21,5,5,5,5,95,98,98,98,98,4,98,98,98,98,95,98,98,98,98,95,98,98,98,98,0,0,1,0,0,0,0,0
1742,2008-11-09,1,1,1,5,95,98,98,98,98,95,98,98,98,98,95,98,98,98,98,95,98,98,98,98,0,0,0,0,0,0,0,0
1743,2008-11-18,5,5,5,5,95,98,98,98,98,4,98,98,98,98,95,98,98,98,98,95,98,98,98,98,0,0,1,0,0,0,0,0
1744,2008-11-08,1,1,1,1,95,98,98,98,98,95,98,98,98,98,95,98,98,98,98,95,98,98,98,98,0,0,0,0,0,0,0,0
1746,2008-11-14,1,1,1,5,95,98,98,98,98,95,98,98,98,98,95,98,98,98,98,95,98,98,98,98,0,0,0,0,0,0,0,0
1747,2008-11-13,5,5,1,5,95,98,98,98,98,4,98,98,98,98,95,98,98,98,98,95,98,98,98,98,0,0,1,0,0,0,0,0
1748,2008-11-20,5,5,5,5,95,98,98,98,98,95,98,98,98,98,95,98,98,98,98,95,98,98,98,98,0,0,0,0,0,0,0,0
1749,2008-12-17,1,1,5,5,95,98,98,98,98,95,98,98,98,98,95,98,98,98,98,95,98,98,98,98,0,0,0,0,0,0,0,0
1750,2008-11-25,1,1,1,1,23,98,98,98,98,4,98,98,98,98,97,98,98,98,98,23,98,98,98,98,0,0,1,0,0,0,0,0
1751,2008-12-21,1,1,1,1,95,98,98,98,98,4,98,98,98,98,95,98,98,98,98,95,98,98,98,98,0,0,1,0,0,0,0,0
1752,2008-11-26,5,5,5,5,95,98,98,98,98,95,98,98,98,98,95,98,98,98,98,95,98,98,98,98,0,0,0,0,0,0,0,0
1753,2008-11-25,1,1,1,1,95,98,98,98,98,4,98,98,98,98,1,98,98,98,98,95,98,98,98,98,0,0,1,0,1,0,0,0
1754,2008-12-09,1,1,1,1,95,98,98,98,98,4,98,98,98,98,95,98,98,98,98,95,98,98,98,98,0,0,1,0,0,0,0,0
1755,2008-11-12,1,5,5,5,95,98,98,98,98,4,98,98,98,98,95,98,98,98,98,95,98,98,98,98,0,0,1,0,0,0,0,0
1756,2008-11-24,1,1,1,1,96,98,98,98,98,96,98,98,98,98,96,98,98,98,98,96,98,98,98,98,0,0,0,0,0,0,0,0
1758,2008-11-24,1,1,1,1,95,96,98,98,98,4,98,98,98,98,95,97,98,98,98,95,98,98,98,98,0,0,1,0,0,0,0,0
1759,2008-11-21,1,5,5,5,95,98,98,98,98,95,98,98,98,98,95,98,98,98,98,95,98,98,98,98,0,0,0,0,0,0,0,0
1760,2008-12-05,1,1,1,1,95,98,98,98,98,95,98,98,98,98,96,98,98,98,98,95,98,98,98,98,0,0,0,0,0,0,0,0
1761,2008-11-13,5,5,5,5,95,98,98,98,98,4,98,98,98,98,1,98,98,98,98,95,98,98,98,98,0,0,1,0,1,0,0,0
1762,2008-12-07,1,1,1,1,95,98,98,98,98,95,98,98,98,98,95,98,98,98,98,95,98,98,98,98,0,0,0,0,0,0,0,0
1763,2008-11-26,5,5,5,5,95,98,98,98,98,95,98,98,98,98,95,98,98,98,98,95,98,98,98,98,0,0,0,0,0,0,0,0
1764,2008-12-03,1,1,5,5,95,98,98,98,98,4,98,98,98,98,95,98,98,98,98,95,98,98,98,98,0,0,1,0,0,0,0,0
1765,2008-11-12,5,5,5,1,24,98,98,98,98,4,98,98,98,98,1,98,98,98,98,95,98,98,98,98,0,0,1,0,1,0,0,0
1766,2008-11-18,5,1,1,1,95,98,98,98,98,24,98,98,98,98,96,98,98,98,98,95,98,98,98,98,0,0,0,0,0,0,0,0
1767,2008-11-09,1,1,1,1,95,98,98,98,98,4,23,98,98,98,95,98,98,98,98,95,98,98,98,98,0,0,1,0,0,0,0,0
1768,2008-11-15,1,1,1,1,95,98,98,98,98,96,98,98,98,98,96,98,98,98,98,95,98,98,98,98,0,0,0,0,0,0,0,0
1771,2008-11-16,1,1,1,1,95,98,98,98,98,4,98,98,98,98,95,98,98,98,98,95,98,98,98,98,0,0,1,0,0,0,0,0
1772,2008-11-06,1,1,1,1,95,98,98,98,98,4,98,98,98,98,1,98,98,98,98,24,95,98,98,98,0,0,1,0,1,0,0,0
1773,2008-11-06,1,1,1,1,95,98,98,98,98,4,98,98,98,98,95,98,98,98,98,95,98,98,98,98,0,0,1,0,0,0,0,0
1774,2008-11-15,1,1,1,1,95,98,98,98,98,4,23,98,98,98,95,98,98,98,98,95,98,98,98,98,0,0,1,0,0,0,0,0
1775,2008-11-12,1,1,1,1,1,98,98,98,98,4,98,98,98,98,1,98,98,98,98,95,98,98,98,98,1,0,1,0,1,0,0,0
1777,2008-11-10,1,1,1,1,95,98,98,98,98,4,98,98,98,98,1,98,98,98,98,95,98,98,98,98,0,0,1,0,1,0,0,0
1778,2008-11-07,1,1,1,1,95,98,98,98,98,4,98,98,98,98,95,98,98,98,98,95,98,98,98,98,0,0,1,0,0,0,0,0
1779,2008-11-07,1,1,1,1,95,98,98,98,98,4,98,98,98,98,1,98,98,98,98,95,98,98,98,98,0,0,1,0,1,0,0,0
1780,2008-12-16,5,5,1,1,24,95,98,98,98,4,98,98,98,98,1,24,98,98,98,24,95,98,98,98,0,0,1,0,1,0,0,0
1781,2008-11-10,1,1,1,1,24,98,98,98,98,4,98,98,98,98,95,98,98,98,98,95,98,98,98,98,0,0,1,0,0,0,0,0
1782,2008-12-18,1,5,1,5,24,95,98,98,98,4,98,98,98,98,16,95,98,98,98,24,98,98,98,98,0,0,1,0,1,0,0,0
1783,2008-12-13,1,5,1,5,95,98,98,98,98,24,95,97,98,98,24,95,98,98,98,95,98,98,98,98,0,0,0,0,0,0,0,0
1784,2008-12-05,1,1,1,1,95,98,98,98,98,95,96,98,98,98,95,98,98,98,98,95,98,98,98,98,0,0,0,0,0,0,0,0
1785,2008-11-11,1,5,1,1,24,97,98,98,98,24,98,98,98,98,24,95,98,98,98,24,98,98,98,98,0,0,0,0,0,0,0,0
1786,2008-11-07,1,5,1,5,96,98,98,98,98,4,98,98,98,98,96,98,98,98,98,24,98,98,98,98,0,0,1,0,0,0,0,0
1787,2008-12-13,1,5,1,5,24,95,98,98,98,24,98,98,98,98,24,95,98,98,98,24,98,98,98,98,0,0,0,0,0,0,0,0
1788,2008-11-07,5,5,1,1,95,98,98,98,98,4,98,98,98,98,1,11,15,97,98,95,96,97,98,98,0,0,1,0,1,1,0,0
1789,2008-11-06,1,1,1,1,23,98,98,98,98,23,98,98,98,98,23,95,98,98,98,95,98,98,98,98,0,0,0,0,0,0,0,0
1790,2008-11-06,5,5,5,1,24,95,97,98,98,4,98,98,98,98,1,98,98,98,98,24,97,98,98,98,0,0,1,0,1,0,0,0
1791,2008-11-15,1,5,1,5,23,95,97,98,98,4,98,98,98,98,23,95,97,98,98,24,98,98,98,98,0,0,1,0,0,0,0,0
1792,2008-11-08,1,1,5,5,24,98,98,98,98,24,98,98,98,98,24,98,98,98,98,24,98,98,98,98,0,0,0,0,0,0,0,0
1793,2008-12-13,5,1,5,5,96,98,98,98,98,96,98,98,98,98,96,98,98,98,98,96,98,98,98,98,0,0,0,0,0,0,0,0
1794,2008-12-16,5,5,1,5,24,98,98,98,98,4,98,98,98,98,1,98,98,98,98,24,98,98,98,98,0,0,1,0,1,0,0,0
1795,2008-12-11,1,1,5,5,24,98,98,98,98,24,95,98,98,98,95,98,98,98,98,24,98,98,98,98,0,0,0,0,0,0,0,0
1796,2008-12-06,1,1,1,1,95,98,98,98,98,95,98,98,98,98,95,98,98,98,98,95,98,98,98,98,0,0,0,0,0,0,0,0
1797,2008-11-13,5,5,1,1,24,95,98,98,98,4,98,98,98,98,1,4,98,98,98,24,95,98,98,98,0,0,1,0,1,0,0,0
1798,2008-11-10,5,5,1,1,24,95,98,98,98,24,98,98,98,98,24,95,96,98,98,24,95,98,98,98,0,0,0,0,0,0,0,0
1799,2008-12-05,1,1,5,1,24,98,98,98,98,24,95,98,98,98,24,95,98,98,98,24,95,98,98,98,0,0,0,0,0,0,0,0
1801,2008-12-06,1,5,1,5,24,95,98,98,98,24,98,98,98,98,95,98,98,98,98,24,98,98,98,98,0,0,0,0,0,0,0,0
1802,2008-11-15,5,5,1,1,24,95,98,98,98,4,98,98,98,98,24,95,98,98,98,24,95,98,98,98,0,0,1,0,0,0,0,0
1803,2008-11-13,1,1,1,1,95,96,98,98,98,24,95,96,97,98,95,96,98,98,98,95,96,98,98,98,0,0,0,0,0,0,0,0
1804,2008-12-10,1,1,1,1,95,96,98,98,98,96,97,98,98,98,95,96,98,98,98,95,96,98,98,98,0,0,0,0,0,0,0,0
1805,2008-12-10,5,1,1,1,95,96,98,98,98,95,96,98,98,98,96,98,98,98,98,95,96,98,98,98,0,0,0,0,0,0,0,0
1806,2008-12-02,1,1,1,1,24,95,96,98,98,4,98,98,98,98,16,95,96,98,98,96,97,98,98,98,0,0,1,0,1,0,0,0
1807,2008-12-12,1,1,1,5,96,98,98,98,98,96,98,98,98,98,95,96,98,98,98,96,98,98,98,98,0,0,0,0,0,0,0,0
1808,2008-11-09,1,5,5,5,24,98,98,98,98,4,98,98,98,98,24,98,98,98,98,24,98,98,98,98,0,0,1,0,0,0,0,0
1809,2008-11-08,5,5,5,5,24,98,98,98,98,4,98,98,98,98,4,98,98,98,98,24,98,98,98,98,0,0,1,0,1,0,0,0
1810,2008-11-09,5,5,1,5,24,98,98,98,98,24,98,98,98,98,1,98,98,98,98,24,98,98,98,98,0,0,0,0,1,0,0,0
1811,2008-11-09,1,1,1,1,95,98,98,98,98,24,98,98,98,98,16,98,98,98,98,24,98,98,98,98,0,0,0,0,1,0,0,0
1813,2008-12-15,5,5,1,5,24,98,98,98,98,4,98,98,98,98,16,98,98,98,98,24,98,98,98,98,0,0,1,0,1,0,0,0
1814,2008-11-17,1,5,5,5,24,98,98,98,98,4,98,98,98,98,16,98,98,98,98,24,98,98,98,98,0,0,1,0,1,0,0,0
1815,2008-11-14,5,1,1,5,24,98,98,98,98,4,98,98,98,98,1,98,98,98,98,24,98,98,98,98,0,0,1,0,1,0,0,0
1816,2008-11-21,1,1,1,1,95,98,98,98,98,24,98,98,98,98,24,98,98,98,98,24,98,98,98,98,0,0,0,0,0,0,0,0
1817,2008-12-02,5,5,1,1,24,98,98,98,98,4,98,98,98,98,16,98,98,98,98,24,98,98,98,98,0,0,1,0,1,0,0,0
1818,2008-11-22,1,1,1,5,24,98,98,98,98,24,98,98,98,98,16,98,98,98,98,24,98,98,98,98,0,0,0,0,1,0,0,0
1819,2008-12-13,1,1,1,1,95,96,98,98,98,95,96,97,98,98,95,96,98,98,98,95,96,98,98,98,0,0,0,0,0,0,0,0
1820,2008-11-22,1,5,1,1,95,96,98,98,98,4,98,98,98,98,95,96,98,98,98,95,96,98,98,98,0,0,1,0,0,0,0,0
1821,2008-11-15,5,5,5,5,24,98,98,98,98,4,98,98,98,98,1,98,98,98,98,24,98,98,98,98,0,0,1,0,1,0,0,0
1822,2008-12-02,1,1,1,1,95,96,98,98,98,24,96,98,98,98,24,96,98,98,98,95,96,97,98,98,0,0,0,0,0,0,0,0
1823,2008-12-15,1,1,1,1,95,96,98,98,98,95,96,97,98,98,95,96,97,98,98,95,96,97,98,98,0,0,0,0,0,0,0,0
1824,2008-12-13,1,1,1,1,95,96,98,98,98,4,24,96,98,98,24,95,96,98,98,95,96,98,98,98,0,0,1,0,0,0,0,0
1825,2008-12-01,1,5,1,1,24,98,98,98,98,4,98,98,98,98,16,98,98,98,98,24,98,98,98,98,0,0,1,0,1,0,0,0
1826,2008-11-21,1,1,1,1,95,96,98,98,98,95,96,98,98,98,24,98,98,98,98,95,96,98,98,98,0,0,0,0,0,0,0,0
1827,2008-11-16,1,5,1,1,24,98,98,98,98,24,98,98,98,98,16,98,98,98,98,24,98,98,98,98,0,0,0,0,1,0,0,0
1828,2008-11-16,1,1,1,1,24,98,98,98,98,24,98,98,98,98,16,98,98,98,98,24,98,98,98,98,0,0,0,0,1,0,0,0
1829,2008-11-13,1,5,1,1,96,98,98,98,98,96,98,98,98,98,16,98,98,98,98,24,98,98,98,98,0,0,0,0,1,0,0,0
1830,2008-12-22,5,5,1,1,24,95,98,98,98,4,98,98,98,98,16,98,98,98,98,24,97,98,98,98,0,0,1,0,1,0,0,0
1831,2008-12-13,1,1,1,1,23,24,98,98,98,4,98,98,98,98,16,98,98,98,98,24,98,98,98,98,0,0,1,0,1,0,0,0
1832,2008-11-22,1,1,1,1,24,98,98,98,98,4,98,98,98,98,24,97,98,98,98,24,98,98,98,98,0,0,1,0,0,0,0,0
1833,2008-12-11,1,1,1,1,24,98,98,98,98,24,95,98,98,98,24,98,98,98,98,24,98,98,98,98,0,0,0,0,0,0,0,0
1834,2008-11-15,1,5,5,1,24,98,98,98,98,24,98,98,98,98,16,98,98,98,98,24,98,98,98,98,0,0,0,0,1,0,0,0
1835,2008-12-01,1,1,1,1,24,98,98,98,98,95,98,98,98,98,24,98,98,98,98,95,98,98,98,98,0,0,0,0,0,0,0,0
1836,2008-12-05,1,1,1,1,95,96,98,98,98,95,98,98,98,98,95,96,98,98,98,95,96,97,98,98,0,0,0,0,0,0,0,0
1837,2008-11-13,1,1,1,1,24,95,96,98,98,1,98,98,98,98,16,96,98,98,98,24,95,97,98,98,0,0,1,0,1,0,0,0
1838,2008-12-05,5,5,5,1,4,98,98,98,98,4,98,98,98,98,1,98,98,98,98,14,95,98,98,98,1,0,1,0,1,0,1,0
1839,2008-11-15,5,5,1,5,24,98,98,98,98,4,98,98,98,98,1,98,98,98,98,4,98,98,98,98,0,0,1,0,1,0,1,0
1840,2008-12-09,5,1,5,5,24,98,98,98,98,4,98,98,98,98,1,98,98,98,98,14,98,98,98,98,0,0,1,0,1,0,1,0
1841,2008-11-06,1,5,1,1,24,95,96,98,98,4,98,98,98,98,24,96,98,98,98,24,95,96,98,98,0,0,1,0,0,0,0,0
1842,2008-12-05,5,5,5,5,96,98,98,98,98,4,98,98,98,98,1,98,98,98,98,24,98,98,98,98,0,0,1,0,1,0,0,0
1843,2008-12-13,5,5,5,5,1,98,98,98,98,1,98,98,98,98,1,24,98,98,98,1,98,98,98,98,1,0,1,0,1,0,1,0
1844,2008-11-13,5,5,1,5,24,95,96,98,98,1,98,98,98,98,1,98,98,98,98,14,98,98,98,98,0,0,1,0,1,0,1,0
1845,2008-11-08,1,1,5,1,95,98,98,98,98,4,96,98,98,98,11,16,96,98,98,14,98,98,98,98,0,0,1,0,1,0,1,0
1846,2008-11-10,1,1,1,1,95,96,98,98,98,4,21,98,98,98,11,16,24,95,96,95,96,98,98,98,0,0,1,1,1,0,0,0
1847,2008-12-06,5,5,1,1,95,97,98,98,98,4,98,98,98,98,11,98,98,98,98,24,98,98,98,98,0,0,1,0,1,0,0,0
1848,2008-11-11,1,1,1,1,24,95,96,97,98,24,96,97,98,98,16,95,96,97,98,24,95,97,98,98,0,0,0,0,1,0,0,0
1849,2008-12-17,1,5,1,1,95,96,98,98,98,4,98,98,98,98,24,98,98,98,98,95,98,98,98,98,0,0,1,0,0,0,0,0
1850,2008-11-19,1,1,1,1,95,96,97,98,98,4,97,98,98,98,1,95,96,98,98,24,95,97,98,98,0,0,1,0,1,0,0,0
1851,2008-12-06,1,5,1,1,24,98,98,98,98,4,98,98,98,98,24,98,98,98,98,24,98,98,98,98,0,0,1,0,0,0,0,0
1852,2008-11-17,1,1,1,1,95,96,98,98,98,95,96,98,98,98,95,96,98,98,98,95,96,97,98,98,0,0,0,0,0,0,0,0
1853,2008-11-18,5,1,1,1,24,95,96,97,98,4,24,98,98,98,1,98,98,98,98,95,98,98,98,98,0,0,1,0,1,0,0,0
1854,2008-12-04,5,5,5,5,96,98,98,98,98,4,98,98,98,98,96,98,98,98,98,96,98,98,98,98,0,0,1,0,0,0,0,0
1856,2008-11-15,5,1,1,1,95,98,98,98,98,1,98,98,98,98,1,98,98,98,98,24,95,98,98,98,0,0,1,0,1,0,0,0
1857,2008-11-17,5,5,1,1,95,98,98,98,98,4,98,98,98,98,1,98,98,98,98,4,98,98,98,98,0,0,1,0,1,0,1,0
1858,2008-12-03,5,5,5,5,96,98,98,98,98,4,98,98,98,98,1,98,98,98,98,4,98,98,98,98,0,0,1,0,1,0,1,0
1859,2008-11-15,1,1,1,1,95,96,98,98,98,24,95,96,97,98,24,95,98,98,98,95,98,98,98,98,0,0,0,0,0,0,0,0
1860,2008-12-04,5,5,5,5,96,98,98,98,98,4,98,98,98,98,24,98,98,98,98,96,98,98,98,98,0,0,1,0,0,0,0,0
1861,2008-12-01,5,5,5,5,96,98,98,98,98,4,98,98,98,98,1,98,98,98,98,96,98,98,98,98,0,0,1,0,1,0,0,0
1862,2008-12-06,5,5,5,5,96,98,98,98,98,4,98,98,98,98,1,98,98,98,98,96,98,98,98,98,0,0,1,0,1,0,0,0
1864,2008-12-06,5,5,5,5,96,98,98,98,98,4,98,98,98,98,1,24,98,98,98,96,98,98,98,98,0,0,1,0,1,0,0,0
1865,2008-12-01,5,5,5,5,96,98,98,98,98,4,98,98,98,98,1,98,98,98,98,14,98,98,98,98,0,0,1,0,1,0,1,0
1867,2008-12-13,1,1,1,1,96,98,98,98,98,95,98,98,98,98,1,98,98,98,98,95,96,98,98,98,0,0,0,0,1,0,0,0
1868,2008-12-07,5,5,5,5,96,98,98,98,98,4,98,98,98,98,1,98,98,98,98,96,98,98,98,98,0,0,1,0,1,0,0,0
1869,2008-12-05,5,5,5,5,96,98,98,98,98,4,98,98,98,98,1,98,98,98,98,96,98,98,98,98,0,0,1,0,1,0,0,0
1870,2008-12-04,5,5,1,1,24,98,98,98,98,4,98,98,98,98,1,98,98,98,98,23,98,98,98,98,0,0,1,0,1,0,0,0
1871,2008-12-05,5,5,1,5,24,98,98,98,98,4,98,98,98,98,1,98,98,98,98,1,98,98,98,98,0,0,1,0,1,0,1,0
1872,2008-12-05,5,5,5,5,1,98,98,98,98,4,98,98,98,98,1,98,98,98,98,1,98,98,98,98,1,0,1,0,1,0,1,0
1873,2008-12-05,5,5,5,1,24,98,98,98,98,4,98,98,98,98,1,98,98,98,98,24,98,98,98,98,0,0,1,0,1,0,0,0
1874,2008-12-07,5,5,5,5,96,98,98,98,98,4,98,98,98,98,1,98,98,98,98,96,98,98,98,98,0,0,1,0,1,0,0,0
1875,2008-11-30,1,5,5,5,96,98,98,98,98,4,98,98,98,98,1,98,98,98,98,96,98,98,98,98,0,0,1,0,1,0,0,0
1876,2008-12-06,5,5,5,1,24,98,98,98,98,4,98,98,98,98,1,98,98,98,98,14,98,98,98,98,0,0,1,0,1,0,1,0
1877,2008-12-14,5,5,1,5,95,98,98,98,98,4,98,98,98,98,11,98,98,98,98,95,98,98,98,98,0,0,1,0,1,0,0,0
1878,2008-11-30,5,5,5,5,96,98,98,98,98,4,98,98,98,98,1,98,98,98,98,96,98,98,98,98,0,0,1,0,1,0,0,0
1879,2008-11-15,5,1,1,1,24,98,98,98,98,24,98,98,98,98,16,98,98,98,98,24,98,98,98,98,0,0,0,0,1,0,0,0
1880,2008-11-09,5,5,5,5,95,98,98,98,98,4,98,98,98,98,1,98,98,98,98,14,98,98,98,98,0,0,1,0,1,0,1,0
1881,2008-12-04,1,5,1,1,95,98,98,98,98,95,98,98,98,98,95,98,98,98,98,95,98,98,98,98,0,0,0,0,0,0,0,0
1882,2008-11-10,1,5,5,5,24,98,98,98,98,24,98,98,98,98,24,98,98,98,98,24,98,98,98,98,0,0,0,0,0,0,0,0
1883,2008-12-16,1,5,1,5,95,98,98,98,98,4,98,98,98,98,95,96,98,98,98,24,95,98,98,98,0,0,1,0,0,0,0,0
1885,2008-11-10,5,5,1,5,95,98,98,98,98,4,98,98,98,98,1,98,98,98,98,95,98,98,98,98,0,0,1,0,1,0,0,0
1886,2008-12-17,1,5,5,5,95,98,98,98,98,95,98,98,98,98,95,96,98,98,98,95,98,98,98,98,0,0,0,0,0,0,0,0
1887,2008-12-04,1,1,1,1,95,98,98,98,98,95,98,98,98,98,95,98,98,98,98,95,98,98,98,98,0,0,0,0,0,0,0,0
1888,2008-11-12,1,5,1,1,96,98,98,98,98,95,98,98,98,98,95,98,98,98,98,95,98,98,98,98,0,0,0,0,0,0,0,0
1889,2008-12-15,1,1,1,1,95,98,98,98,98,95,98,98,98,98,95,96,98,98,98,95,98,98,98,98,0,0,0,0,0,0,0,0
1890,2008-11-08,1,1,1,5,95,98,98,98,98,95,98,98,98,98,24,98,98,98,98,95,98,98,98,98,0,0,0,0,0,0,0,0
1892,2008-11-29,1,1,1,1,95,98,98,98,98,95,98,98,98,98,95,98,98,98,98,95,98,98,98,98,0,0,0,0,0,0,0,0
1893,2008-12-11,1,5,5,5,24,98,98,98,98,24,98,98,98,98,23,95,97,98,98,24,98,98,98,98,0,0,0,0,0,0,0,0
1894,2008-11-19,5,5,5,5,95,98,98,98,98,95,98,98,98,98,95,98,98,98,98,95,98,98,98,98,0,0,0,0,0,0,0,0
1896,2008-12-03,1,1,5,5,95,98,98,98,98,95,97,98,98,98,95,98,98,98,98,95,98,98,98,98,0,0,0,0,0,0,0,0
1897,2008-11-24,1,5,5,5,95,98,98,98,98,4,98,98,98,98,95,98,98,98,98,95,98,98,98,98,0,0,1,0,0,0,0,0
1898,2008-12-20,1,1,1,1,95,98,98,98,98,95,98,98,98,98,95,96,98,98,98,24,98,98,98,98,0,0,0,0,0,0,0,0
1899,2008-12-21,1,5,1,1,95,98,98,98,98,4,98,98,98,98,95,98,98,98,98,95,98,98,98,98,0,0,1,0,0,0,0,0
1900,2008-11-19,1,5,5,5,95,98,98,98,98,4,98,98,98,98,95,98,98,98,98,95,98,98,98,98,0,0,1,0,0,0,0,0
1901,2008-11-08,1,5,5,5,95,98,98,98,98,4,24,97,98,98,24,98,98,98,98,95,98,98,98,98,0,0,1,0,0,0,0,0
1902,2008-11-08,5,5,5,5,24,98,98,98,98,4,98,98,98,98,1,98,98,98,98,14,98,98,98,98,0,0,1,0,1,0,1,0
1903,2008-11-06,5,5,1,5,24,98,98,98,98,4,98,98,98,98,24,98,98,98,98,24,98,98,98,98,0,0,1,0,0,0,0,0
1906,2008-12-05,1,1,1,1,24,98,98,98,98,4,98,98,98,98,95,98,98,98,98,95,98,98,98,98,0,0,1,0,0,0,0,0
1907,2008-11-10,1,5,1,5,24,98,98,98,98,4,98,98,98,98,1,98,98,98,98,24,98,98,98,98,0,0,1,0,1,0,0,0
1908,2008-12-07,1,1,1,1,95,98,98,98,98,95,98,98,98,98,95,98,98,98,98,95,98,98,98,98,0,0,0,0,0,0,0,0
1909,2008-11-07,1,1,1,1,95,98,98,98,98,95,98,98,98,98,95,98,98,98,98,95,98,98,98,98,0,0,0,0,0,0,0,0
1910,2008-11-07,1,5,1,1,24,98,98,98,98,4,98,98,98,98,24,98,98,98,98,24,98,98,98,98,0,0,1,0,0,0,0,0
1911,2008-12-20,1,5,1,1,95,98,98,98,98,4,98,98,98,98,95,98,98,98,98,,,,,,0,0,1,0,0,0,,
1912,2008-11-06,5,5,1,1,24,98,98,98,98,4,98,98,98,98,16,98,98,98,98,24,98,98,98,98,0,0,1,0,1,0,0,0
1913,2008-11-11,1,5,1,1,95,98,98,98,98,4,98,98,98,98,95,98,98,98,98,95,98,98,98,98,0,0,1,0,0,0,0,0
1914,2008-11-06,1,1,1,1,95,98,98,98,98,24,98,98,98,98,95,98,98,98,98,95,98,98,98,98,0,0,0,0,0,0,0,0
1915,2008-11-23,1,5,1,1,95,98,98,98,98,4,98,98,98,98,95,98,98,98,98,95,98,98,98,98,0,0,1,0,0,0,0,0
1916,2008-11-11,1,1,1,1,95,98,98,98,98,95,98,98,98,98,95,98,98,98,98,,,,,,0,0,0,0,0,0,,
1917,2008-11-06,5,5,5,1,24,98,98,98,98,4,98,98,98,98,,,,,,24,98,98,98,98,0,0,1,0,,,0,0
1918,2008-11-13,1,1,1,1,95,98,98,98,98,95,98,98,98,98,95,97,98,98,98,95,98,98,98,98,0,0,0,0,0,0,0,0
1919,2008-12-08,1,1,1,1,95,98,98,98,98,95,98,98,98,98,95,98,98,98,98,95,98,98,98,98,0,0,0,0,0,0,0,0
1920,2008-11-13,1,1,1,5,24,95,98,98,98,4,98,98,98,98,16,95,97,98,98,24,98,98,98,98,0,0,1,0,1,0,0,0
1921,2008-11-17,1,5,1,1,95,98,98,98,98,24,98,98,98,98,95,96,98,98,98,95,98,98,98,98,0,0,0,0,0,0,0,0
1922,2008-11-30,1,5,5,5,24,98,98,98,98,4,98,98,98,98,24,95,97,98,98,24,98,98,98,98,0,0,1,0,0,0,0,0
1923,2008-11-18,5,5,5,5,1,98,98,98,98,4,98,98,98,98,1,98,98,98,98,24,98,98,98,98,1,0,1,0,1,0,0,0
1925,2008-12-02,1,1,5,5,95,98,98,98,98,95,98,98,98,98,95,98,98,98,98,95,98,98,98,98,0,0,0,0,0,0,0,0
1926,2008-11-22,1,1,5,5,95,98,98,98,98,24,95,98,98,98,24,98,98,98,98,95,98,98,98,98,0,0,0,0,0,0,0,0
1927,2008-11-26,1,5,5,5,95,98,98,98,98,24,98,98,98,98,16,24,97,98,98,95,98,98,98,98,0,0,0,0,1,0,0,0
1928,2008-12-23,1,5,1,5,24,98,98,98,98,4,98,98,98,98,24,98,98,98,98,24,98,98,98,98,0,0,1,0,0,0,0,0
1930,2008-11-18,5,5,5,5,95,98,98,98,98,4,98,98,98,98,16,98,98,98,98,95,98,98,98,98,0,0,1,0,1,0,0,0
1931,2008-11-19,5,5,5,5,95,98,98,98,98,95,98,98,98,98,95,98,98,98,98,95,98,98,98,98,0,0,0,0,0,0,0,0
1932,2008-11-13,1,5,1,1,95,98,98,98,98,4,98,98,98,98,1,95,98,98,98,95,98,98,98,98,0,0,1,0,1,0,0,0
1933,2008-11-25,1,5,1,5,24,98,98,98,98,24,98,98,98,98,95,98,98,98,98,24,98,98,98,98,0,0,0,0,0,0,0,0
1934,2008-11-12,5,5,5,1,95,98,98,98,98,4,98,98,98,98,1,98,98,98,98,24,98,98,98,98,0,0,1,0,1,0,0,0
1935,2008-11-12,5,5,1,5,95,98,98,98,98,4,98,98,98,98,1,98,98,98,98,24,98,98,98,98,0,0,1,0,1,0,0,0
1936,2008-12-22,1,1,1,1,95,98,98,98,98,95,98,98,98,98,95,96,98,98,98,95,98,98,98,98,0,0,0,0,0,0,0,0
1937,2008-12-03,1,5,5,1,95,98,98,98,98,4,98,98,98,98,95,98,98,98,98,95,98,98,98,98,0,0,1,0,0,0,0,0
1938,2008-11-29,5,5,1,1,95,98,98,98,98,4,98,98,98,98,1,98,98,98,98,95,98,98,98,98,0,0,1,0,1,0,0,0
1939,2008-12-09,5,5,1,5,24,95,98,98,98,4,98,98,98,98,11,98,98,98,98,14,98,98,98,98,0,0,1,0,1,0,1,0
1940,2008-11-15,5,5,1,5,95,98,98,98,98,,,,,,1,98,98,98,98,4,11,98,98,98,0,0,,,1,0,1,0
1942,2008-11-24,1,1,1,1,95,98,98,98,98,96,98,98,98,98,95,98,98,98,98,,,,,,0,0,0,0,0,0,,
1943,2008-12-22,1,5,1,1,95,98,98,98,98,4,98,98,98,98,95,98,98,98,98,95,98,98,98,98,0,0,1,0,0,0,0,0
1945,2008-12-09,5,5,5,1,95,98,98,98,98,4,98,98,98,98,1,98,98,98,98,95,98,98,98,98,0,0,1,0,1,0,0,0
1946,2008-11-24,1,5,1,1,,,,,,4,98,98,98,98,24,95,98,98,98,95,98,98,98,98,,,1,0,0,0,0,0
1947,2008-12-10,5,5,1,5,24,98,98,98,98,4,98,98,98,98,24,98,98,98,98,24,98,98,98,98,0,0,1,0,0,0,0,0
1948,2008-11-15,1,5,1,1,95,98,98,98,98,24,98,98,98,98,95,98,98,98,98,95,98,98,98,98,0,0,0,0,0,0,0,0
1949,2008-11-20,5,5,5,1,24,98,98,98,98,4,98,98,98,98,1,24,98,98,98,24,98,98,98,98,0,0,1,0,1,0,0,0
1950,2008-11-26,5,5,1,5,95,98,98,98,98,24,98,98,98,98,24,98,98,98,98,23,24,98,98,98,0,0,0,0,0,0,0,0
1951,2008-11-17,5,5,1,1,95,98,98,98,98,,,,,,11,98,98,98,98,95,98,98,98,98,0,0,,,1,0,0,0
1952,2008-12-02,5,5,1,5,95,98,98,98,98,4,98,98,98,98,1,98,98,98,98,24,98,98,98,98,0,0,1,0,1,0,0,0
1955,2008-12-03,5,5,1,5,24,98,98,98,98,4,98,98,98,98,1,98,98,98,98,24,98,98,98,98,0,0,1,0,1,0,0,0
1956,2008-11-25,5,5,5,5,11,98,98,98,98,4,98,98,98,98,1,98,98,98,98,1,4,98,98,98,1,0,1,0,1,0,1,0
1957,2008-11-10,1,5,1,1,24,98,98,98,98,24,98,98,98,98,24,98,98,98,98,24,98,98,98,98,0,0,0,0,0,0,0,0
1958,2008-12-11,5,5,1,1,24,95,98,98,98,4,98,98,98,98,24,98,98,98,98,95,98,98,98,98,0,0,1,0,0,0,0,0
1960,2008-12-06,5,1,1,1,24,98,98,98,98,95,98,98,98,98,24,98,98,98,98,95,98,98,98,98,0,0,0,0,0,0,0,0
1961,2008-11-13,5,5,1,1,24,98,98,98,98,4,98,98,98,98,1,98,98,98,98,24,98,98,98,98,0,0,1,0,1,0,0,0
1962,2008-12-05,1,1,1,1,95,98,98,98,98,95,98,98,98,98,95,98,98,98,98,95,98,98,98,98,0,0,0,0,0,0,0,0
1963,2008-12-04,5,5,1,5,95,98,98,98,98,4,98,98,98,98,24,98,98,98,98,95,97,98,98,98,0,0,1,0,0,0,0,0
1964,2008-12-01,1,5,5,5,95,98,98,98,98,95,98,98,98,98,95,98,98,98,98,95,98,98,98,98,0,0,0,0,0,0,0,0
1966,2008-12-13,5,5,5,5,1,98,98,98,98,4,98,98,98,98,1,98,98,98,98,14,98,98,98,98,1,0,1,0,1,0,1,0
1967,2008-12-20,5,5,1,1,24,98,98,98,98,4,98,98,98,98,1,98,98,98,98,24,98,98,98,98,0,0,1,0,1,0,0,0
1968,2008-11-14,1,1,1,1,95,98,98,98,98,95,98,98,98,98,95,98,98,98,98,95,98,98,98,98,0,0,0,0,0,0,0,0
1970,2008-12-15,5,5,1,1,24,98,98,98,98,4,98,98,98,98,24,98,98,98,98,24,98,98,98,98,0,0,1,0,0,0,0,0
1971,2008-11-12,1,1,1,1,95,98,98,98,98,24,98,98,98,98,16,98,98,98,98,95,98,98,98,98,0,0,0,0,1,0,0,0
1972,2008-12-16,1,1,1,1,24,98,98,98,98,24,98,98,98,98,16,98,98,98,98,24,98,98,98,98,0,0,0,0,1,0,0,0
1973,2008-11-12,1,1,1,1,95,98,98,98,98,95,98,98,98,98,95,98,98,98,98,95,98,98,98,98,0,0,0,0,0,0,0,0
1974,2008-11-14,1,1,1,1,95,98,98,98,98,4,98,98,98,98,1,98,98,98,98,95,98,98,98,98,0,0,1,0,1,0,0,0
1975,2008-11-11,1,1,1,1,95,98,98,98,98,95,98,98,98,98,95,98,98,98,98,95,98,98,98,98,0,0,0,0,0,0,0,0
1976,2008-11-13,1,1,1,1,95,98,98,98,98,24,98,98,98,98,24,98,98,98,98,95,98,98,98,98,0,0,0,0,0,0,0,0
1977,2008-11-13,1,1,1,1,24,95,98,98,98,4,98,98,98,98,1,98,98,98,98,95,98,98,98,98,0,0,1,0,1,0,0,0
1978,2008-11-12,1,1,1,1,95,98,98,98,98,95,98,98,98,98,95,98,98,98,98,95,98,98,98,98,0,0,0,0,0,0,0,0
1980,2008-11-13,1,1,1,1,24,98,98,98,98,4,98,98,98,98,1,98,98,98,98,24,98,98,98,98,0,0,1,0,1,0,0,0
1981,2008-12-06,1,5,5,5,95,98,98,98,98,24,98,98,98,98,24,98,98,98,98,24,98,98,98,98,0,0,0,0,0,0,0,0
1982,2008-11-20,1,5,5,5,24,98,98,98,98,4,98,98,98,98,24,98,98,98,98,24,98,98,98,98,0,0,1,0,0,0,0,0
1983,2008-11-18,1,5,1,5,24,98,98,98,98,4,98,98,98,98,16,98,98,98,98,24,98,98,98,98,0,0,1,0,1,0,0,0
1984,2008-11-11,1,5,5,5,95,98,98,98,98,4,98,98,98,98,95,98,98,98,98,95,98,98,98,98,0,0,1,0,0,0,0,0
1985,2008-11-19,1,5,5,5,95,98,98,98,98,4,98,98,98,98,95,98,98,98,98,95,98,98,98,98,0,0,1,0,0,0,0,0
1986,2008-11-19,1,5,5,5,95,98,98,98,98,24,98,98,98,98,24,98,98,98,98,95,98,98,98,98,0,0,0,0,0,0,0,0
1987,2008-12-15,5,5,1,5,24,98,98,98,98,4,98,98,98,98,1,98,98,98,98,14,98,98,98,98,0,0,1,0,1,0,1,0
1989,2008-11-20,1,5,5,5,95,98,98,98,98,4,98,98,98,98,95,98,98,98,98,95,98,98,98,98,0,0,1,0,0,0,0,0
1990,2008-12-11,5,5,5,1,24,98,98,98,98,4,98,98,98,98,24,98,98,98,98,95,98,98,98,98,0,0,1,0,0,0,0,0
1991,2008-12-02,1,5,1,1,24,98,98,98,98,4,98,98,98,98,24,98,98,98,98,95,98,98,98,98,0,0,1,0,0,0,0,0
1992,2008-12-20,5,5,1,5,24,98,98,98,98,4,98,98,98,98,16,98,98,98,98,24,98,98,98,98,0,0,1,0,1,0,0,0
1993,2008-11-08,5,5,1,5,24,95,98,98,98,4,98,98,98,98,1,98,98,98,98,24,97,98,98,98,0,0,1,0,1,0,0,0
1994,2008-11-10,1,5,1,1,95,98,98,98,98,4,98,98,98,98,24,95,98,98,98,95,98,98,98,98,0,0,1,0,0,0,0,0
1995,2008-12-20,1,5,1,1,95,98,98,98,98,95,97,98,98,98,95,98,98,98,98,95,97,98,98,98,0,0,0,0,0,0,0,0
1996,2008-11-09,5,5,1,1,95,98,98,98,98,4,98,98,98,98,1,98,98,98,98,95,98,98,98,98,0,0,1,0,1,0,0,0
1997,2008-11-09,1,5,1,1,24,95,98,98,98,4,98,98,98,98,95,98,98,98,98,95,97,98,98,98,0,0,1,0,0,0,0,0
1998,2008-12-05,5,5,1,5,24,95,98,98,98,4,98,98,98,98,1,98,98,98,98,1,98,98,98,98,0,0,1,0,1,0,1,0
1999,2008-11-08,1,5,1,5,24,95,98,98,98,4,24,98,98,98,24,98,98,98,98,24,97,98,98,98,0,0,1,0,0,0,0,0
2000,2008-12-05,1,5,1,1,95,97,98,98,98,4,98,98,98,98,95,98,98,98,98,95,98,98,98,98,0,0,1,0,0,0,0,0
2001,2008-11-12,5,5,1,1,95,97,98,98,98,4,98,98,98,98,1,98,98,98,98,95,98,98,98,98,0,0,1,0,1,0,0,0
2002,2008-11-10,1,5,5,5,24,97,98,98,98,4,98,98,98,98,95,97,98,98,98,24,97,98,98,98,0,0,1,0,0,0,0,0
2003,2008-11-11,5,5,1,1,24,95,98,98,98,4,98,98,98,98,1,98,98,98,98,24,95,97,98,98,0,0,1,0,1,0,0,0
2004,2008-12-22,1,5,1,1,1,95,98,98,98,4,98,98,98,98,24,95,97,98,98,14,95,98,98,98,1,0,1,0,0,0,1,0
2005,2008-12-06,1,5,1,1,95,97,98,98,98,4,98,98,98,98,95,98,98,98,98,24,95,98,98,98,0,0,1,0,0,0,0,0
2006,2008-12-08,1,1,1,1,95,98,98,98,98,4,24,98,98,98,95,97,98,98,98,14,95,98,98,98,0,0,1,0,0,0,1,0
2007,2008-11-09,1,1,1,1,95,97,98,98,98,95,97,98,98,98,95,98,98,98,98,95,98,98,98,98,0,0,0,0,0,0,0,0
2008,2008-11-22,1,1,5,5,24,95,98,98,98,24,98,98,98,98,16,98,98,98,98,24,97,98,98,98,0,0,0,0,1,0,0,0
2009,2008-12-01,1,5,5,1,24,95,97,98,98,4,98,98,98,98,24,98,98,98,98,24,95,97,98,98,0,0,1,0,0,0,0,0
2010,2008-12-11,1,5,1,1,24,96,98,98,98,4,98,98,98,98,23,95,96,97,98,95,96,98,98,98,0,0,1,0,0,0,0,0
2011,2008-11-17,5,5,1,5,95,96,98,98,98,4,98,98,98,98,1,98,98,98,98,4,97,98,98,98,0,0,1,0,1,0,1,0
2012,2008-11-14,1,5,5,5,24,98,98,98,98,4,24,98,98,98,11,98,98,98,98,24,98,98,98,98,0,0,1,0,1,0,0,0
2013,2008-11-14,5,5,1,5,24,96,97,98,98,4,98,98,98,98,1,98,98,98,98,24,98,98,98,98,0,0,1,0,1,0,0,0
2014,2008-12-03,5,5,1,1,95,96,98,98,98,4,98,98,98,98,1,98,98,98,98,95,96,98,98,98,0,0,1,0,1,0,0,0
2015,2008-12-10,5,5,5,1,4,98,98,98,98,4,98,98,98,98,1,98,98,98,98,14,23,95,98,98,1,0,1,0,1,0,1,0
2016,2008-12-09,1,5,1,1,4,95,98,98,98,4,98,98,98,98,1,98,98,98,98,14,95,98,98,98,1,0,1,0,1,0,1,0
2017,2008-12-03,1,1,1,1,96,98,98,98,98,95,96,97,98,98,24,96,98,98,98,96,98,98,98,98,0,0,0,0,0,0,0,0
2018,2008-12-16,1,1,1,1,24,96,97,98,98,4,24,97,98,98,1,95,98,98,98,14,96,98,98,98,0,0,1,0,1,0,1,0
2019,2008-11-24,5,5,1,1,24,95,97,98,98,4,98,98,98,98,1,98,98,98,98,24,95,98,98,98,0,0,1,0,1,0,0,0
2020,2008-11-19,1,1,1,1,24,95,98,98,98,4,95,98,98,98,,,,,,24,95,98,98,98,0,0,1,0,,,0,0
2021,2008-11-19,1,5,1,1,95,97,98,98,98,4,98,98,98,98,1,95,98,98,98,95,96,97,98,98,0,0,1,0,1,0,0,0
2023,2008-12-24,1,5,1,1,4,95,96,98,98,4,98,98,98,98,1,96,98,98,98,14,96,98,98,98,1,0,1,0,1,0,1,0
2024,2008-11-21,5,1,5,1,24,98,98,98,98,4,98,98,98,98,1,98,98,98,98,24,95,98,98,98,0,0,1,0,1,0,0,0
2026,2008-12-02,1,5,1,1,24,98,98,98,98,4,98,98,98,98,16,95,98,98,98,24,98,98,98,98,0,0,1,0,1,0,0,0
2027,2008-11-17,1,1,5,5,24,98,98,98,98,4,98,98,98,98,1,98,98,98,98,24,98,98,98,98,0,0,1,0,1,0,0,0
2028,2008-11-25,1,1,1,1,24,96,98,98,98,4,96,98,98,98,1,95,98,98,98,24,96,98,98,98,0,0,1,0,1,0,0,0
2029,2008-11-20,1,5,1,1,24,95,98,98,98,4,98,98,98,98,16,98,98,98,98,24,98,98,98,98,0,0,1,0,1,0,0,0
2030,2008-12-01,5,5,1,1,24,95,96,98,98,4,98,98,98,98,1,98,98,98,98,24,95,98,98,98,0,0,1,0,1,0,0,0
2031,2008-11-25,1,5,1,5,11,98,98,98,98,4,98,98,98,98,1,24,98,98,98,24,95,98,98,98,1,0,1,0,1,0,0,0
2032,2008-12-10,1,1,1,1,95,96,98,98,98,95,96,98,98,98,95,96,98,98,98,95,96,98,98,98,0,0,0,0,0,0,0,0
2034,2008-12-19,1,5,1,5,24,98,98,98,98,4,98,98,98,98,24,96,98,98,98,24,98,98,98,98,0,0,1,0,0,0,0,0
2035,2008-11-06,1,5,1,1,24,96,98,98,98,4,98,98,98,98,16,98,98,98,98,24,95,96,98,98,0,0,1,0,1,0,0,0
2036,2008-11-18,1,1,1,1,24,95,98,98,98,24,95,98,98,98,16,95,98,98,98,24,95,98,98,98,0,0,0,0,1,0,0,0
2037,2008-12-01,1,1,1,1,95,96,98,98,98,4,96,98,98,98,95,96,98,98,98,95,96,98,98,98,0,0,1,0,0,0,0,0
2038,2008-12-01,1,1,1,5,95,96,98,98,98,4,24,96,98,98,16,24,95,96,98,24,98,98,98,98,0,0,1,0,1,0,0,0
2040,2008-11-19,5,5,5,1,24,95,96,98,98,4,98,98,98,98,1,98,98,98,98,24,95,96,98,98,0,0,1,0,1,0,0,0
2041,2008-11-20,1,1,1,5,24,95,98,98,98,4,97,98,98,98,16,95,98,98,98,24,95,98,98,98,0,0,1,0,1,0,0,0
2042,2008-11-29,1,1,1,1,24,96,98,98,98,24,96,98,98,98,24,96,98,98,98,24,96,98,98,98,0,0,0,0,0,0,0,0
2043,2008-12-22,1,1,1,5,96,97,98,98,98,4,96,98,98,98,1,96,98,98,98,14,98,98,98,98,0,0,1,0,1,0,1,0
2044,2008-11-23,1,1,1,1,24,95,98,98,98,24,95,98,98,98,24,95,98,98,98,24,95,98,98,98,0,0,0,0,0,0,0,0
2045,2008-12-20,1,5,1,5,4,96,98,98,98,4,98,98,98,98,1,96,98,98,98,14,98,98,98,98,1,0,1,0,1,0,1,0
2046,2008-11-24,1,1,1,1,24,95,98,98,98,24,95,98,98,98,4,95,98,98,98,24,95,98,98,98,0,0,0,0,1,0,0,0
2048,2008-12-02,5,5,5,5,24,95,96,98,98,4,98,98,98,98,16,98,98,98,98,24,95,96,98,98,0,0,1,0,1,0,0,0
2049,2008-11-15,1,5,1,1,95,96,97,98,98,4,24,98,98,98,95,97,98,98,98,95,98,98,98,98,0,0,1,0,0,0,0,0
2050,2008-12-14,1,5,1,1,24,95,96,98,98,4,96,98,98,98,95,96,97,98,98,95,96,97,98,98,0,0,1,0,0,0,0,0
2051,2008-11-13,1,1,1,1,95,96,98,98,98,95,96,98,98,98,95,98,98,98,98,95,96,98,98,98,0,0,0,0,0,0,0,0
2052,2008-12-05,1,1,1,1,24,96,97,98,98,4,24,95,96,97,23,95,96,97,98,24,95,96,97,98,0,0,1,0,0,0,0,0
2053,2008-11-12,5,5,5,5,95,98,98,98,98,4,98,98,98,98,1,98,98,98,98,24,98,98,98,98,0,0,1,0,1,0,0,0
2054,2008-11-13,1,1,1,1,95,96,98,98,98,4,23,96,98,98,95,96,98,98,98,95,96,98,98,98,0,0,1,0,0,0,0,0
2055,2008-12-03,5,5,1,1,95,96,98,98,98,4,98,98,98,98,1,98,98,98,98,95,96,98,98,98,0,0,1,0,1,0,0,0
2056,2008-11-18,1,1,1,1,95,97,98,98,98,95,96,97,98,98,95,98,98,98,98,95,96,97,98,98,0,0,0,0,0,0,0,0
2057,2008-11-17,1,1,1,1,95,96,98,98,98,95,97,98,98,98,95,97,98,98,98,95,97,98,98,98,0,0,0,0,0,0,0,0
2058,2008-12-03,1,1,1,1,95,96,97,98,98,95,97,98,98,98,95,98,98,98,98,95,96,97,98,98,0,0,0,0,0,0,0,0
2059,2008-11-06,1,5,1,1,95,96,98,98,98,4,98,98,98,98,1,98,98,98,98,24,95,96,97,98,0,0,1,0,1,0,0,0
2060,2008-11-22,1,1,1,1,95,96,98,98,98,4,97,98,98,98,95,96,98,98,98,96,98,98,98,98,0,0,1,0,0,0,0,0
2061,2008-11-06,1,1,1,1,95,96,98,98,98,95,96,97,98,98,95,98,98,98,98,95,96,98,98,98,0,0,0,0,0,0,0,0
2062,2008-11-07,1,1,1,1,95,96,98,98,98,95,96,97,98,98,95,96,97,98,98,95,96,97,98,98,0,0,0,0,0,0,0,0
2063,2008-12-06,1,1,1,1,24,95,96,98,98,24,96,97,98,98,95,96,97,98,98,24,96,98,98,98,0,0,0,0,0,0,0,0
2064,2008-11-21,1,1,5,1,95,98,98,98,98,24,95,96,97,98,24,95,97,98,98,95,96,97,98,98,0,0,0,0,0,0,0,0
2065,2008-12-18,1,1,1,1,96,98,98,98,98,95,96,98,98,98,95,96,98,98,98,95,96,97,98,98,0,0,0,0,0,0,0,0
2066,2008-12-20,1,1,1,1,95,96,98,98,98,4,95,96,97,98,95,97,98,98,98,95,96,97,98,98,0,0,1,0,0,0,0,0
2067,2008-12-18,1,5,1,5,95,97,98,98,98,24,96,97,98,98,95,96,98,98,98,24,96,97,98,98,0,0,0,0,0,0,0,0
2068,2008-11-22,1,1,1,1,95,96,97,98,98,95,96,98,98,98,24,98,98,98,98,95,96,97,98,98,0,0,0,0,0,0,0,0
2069,2008-11-18,1,1,5,1,95,98,98,98,98,95,96,98,98,98,95,96,98,98,98,95,96,97,98,98,0,0,0,0,0,0,0,0
2070,2008-11-10,1,1,1,1,95,96,98,98,98,4,96,98,98,98,4,24,96,98,98,24,95,98,98,98,0,0,1,0,1,0,0,0
2072,2008-12-17,1,1,1,1,96,98,98,98,98,23,95,96,97,98,95,96,98,98,98,95,96,98,98,98,0,0,0,0,0,0,0,0
2073,2008-11-11,1,1,1,1,95,96,98,98,98,95,96,98,98,98,95,98,98,98,98,95,98,98,98,98,0,0,0,0,0,0,0,0
2074,2008-11-30,1,1,1,1,95,96,98,98,98,95,96,98,98,98,95,96,98,98,98,24,96,98,98,98,0,0,0,0,0,0,0,0
2075,2008-11-13,1,1,1,1,24,95,97,98,98,95,98,98,98,98,24,95,97,98,98,95,98,98,98,98,0,0,0,0,0,0,0,0
2076,2008-11-22,5,5,1,1,95,98,98,98,98,4,98,98,98,98,1,98,98,98,98,95,98,98,98,98,0,0,1,0,1,0,0,0
2077,2008-12-14,5,5,1,1,95,98,98,98,98,4,98,98,98,98,1,98,98,98,98,95,98,98,98,98,0,0,1,0,1,0,0,0
2079,2008-12-15,1,5,1,1,95,98,98,98,98,4,98,98,98,98,95,98,98,98,98,95,98,98,98,98,0,0,1,0,0,0,0,0
2082,2008-11-06,1,1,1,1,95,98,98,98,98,95,98,98,98,98,95,98,98,98,98,95,98,98,98,98,0,0,0,0,0,0,0,0
2083,2008-11-11,1,5,1,1,24,98,98,98,98,4,98,98,98,98,1,98,98,98,98,24,95,98,98,98,0,0,1,0,1,0,0,0
2084,2008-11-25,5,5,5,1,1,98,98,98,98,4,98,98,98,98,1,98,98,98,98,95,97,98,98,98,1,0,1,0,1,0,0,0
2085,2008-11-15,1,1,1,1,95,98,98,98,98,24,97,98,98,98,24,98,98,98,98,95,98,98,98,98,0,0,0,0,0,0,0,0
2087,2008-11-18,5,5,5,5,95,98,98,98,98,98,98,98,98,98,1,98,98,98,98,24,95,98,98,98,0,0,0,0,1,0,0,0
2088,2008-11-16,5,5,5,1,24,98,98,98,98,4,98,98,98,98,1,98,98,98,98,95,97,98,98,98,0,0,1,0,1,0,0,0
2090,2008-11-14,1,5,1,1,95,98,98,98,98,4,98,98,98,98,95,97,98,98,98,95,98,98,98,98,0,0,1,0,0,0,0,0
2091,2008-11-17,1,1,1,1,95,98,98,98,98,4,98,98,98,98,95,98,98,98,98,95,98,98,98,98,0,0,1,0,0,0,0,0
2092,2008-11-22,1,5,5,5,95,98,98,98,98,4,98,98,98,98,95,98,98,98,98,95,98,98,98,98,0,0,1,0,0,0,0,0
2093,2008-11-29,1,1,1,1,95,97,98,98,98,24,98,98,98,98,24,98,98,98,98,95,97,98,98,98,0,0,0,0,0,0,0,0
2094,2008-11-26,1,1,1,1,95,97,98,98,98,24,98,98,98,98,95,98,98,98,98,95,98,98,98,98,0,0,0,0,0,0,0,0
2095,2008-11-12,1,5,5,5,24,98,98,98,98,4,98,98,98,98,24,98,98,98,98,24,98,98,98,98,0,0,1,0,0,0,0,0
2096,2008-11-17,1,1,1,1,95,98,98,98,98,95,98,98,98,98,95,98,98,98,98,95,98,98,98,98,0,0,0,0,0,0,0,0
2097,2008-11-23,1,1,1,1,24,95,98,98,98,24,98,98,98,98,95,98,98,98,98,95,98,98,98,98,0,0,0,0,0,0,0,0
2098,2008-11-25,1,5,1,1,24,98,98,98,98,4,98,98,98,98,24,95,98,98,98,24,98,98,98,98,0,0,1,0,0,0,0,0
2100,2008-12-21,1,1,1,1,95,98,98,98,98,95,98,98,98,98,95,96,98,98,98,95,96,98,98,98,0,0,0,0,0,0,0,0
2101,2008-12-08,1,5,1,1,95,98,98,98,98,4,98,98,98,98,95,98,98,98,98,95,98,98,98,98,0,0,1,0,0,0,0,0
2102,2008-11-30,1,1,1,1,95,98,98,98,98,95,98,98,98,98,95,98,98,98,98,95,98,98,98,98,0,0,0,0,0,0,0,0
2103,2008-11-15,1,1,1,1,24,98,98,98,98,4,98,98,98,98,24,98,98,98,98,24,98,98,98,98,0,0,1,0,0,0,0,0
2104,2008-11-15,1,1,1,1,95,96,98,98,98,95,96,98,98,98,95,96,98,98,98,95,96,98,98,98,0,0,0,0,0,0,0,0
2105,2008-11-18,1,5,1,5,24,95,98,98,98,24,97,98,98,98,24,95,98,98,98,24,98,98,98,98,0,0,0,0,0,0,0,0
2106,2008-12-21,1,1,1,1,95,98,98,98,98,95,98,98,98,98,95,98,98,98,98,95,98,98,98,98,0,0,0,0,0,0,0,0
2107,2008-12-05,1,1,1,1,24,95,97,98,98,24,95,97,98,98,95,98,98,98,98,24,95,97,98,98,0,0,0,0,0,0,0,0
2108,2008-11-18,1,1,1,1,95,96,98,98,98,95,96,98,98,98,95,96,98,98,98,95,98,98,98,98,0,0,0,0,0,0,0,0
2109,2008-11-28,1,5,1,1,95,98,98,98,98,4,98,98,98,98,95,98,98,98,98,95,98,98,98,98,0,0,1,0,0,0,0,0
2110,2008-11-25,1,5,1,5,24,95,98,98,98,4,98,98,98,98,95,96,97,98,98,24,98,98,98,98,0,0,1,0,0,0,0,0
2111,2008-12-13,1,1,1,1,24,95,96,98,98,24,95,98,98,98,24,95,98,98,98,24,95,98,98,98,0,0,0,0,0,0,0,0
2112,2008-12-06,5,1,1,1,24,95,96,98,98,4,24,98,98,98,1,98,98,98,98,24,95,96,98,98,0,0,1,0,1,0,0,0
2113,2008-11-29,5,5,5,1,24,98,98,98,98,4,98,98,98,98,1,98,98,98,98,24,95,98,98,98,0,0,1,0,1,0,0,0
2114,2008-12-15,1,1,1,1,95,98,98,98,98,95,98,98,98,98,95,98,98,98,98,95,98,98,98,98,0,0,0,0,0,0,0,0
2115,2008-12-17,1,1,1,1,95,96,98,98,98,95,98,98,98,98,24,95,98,98,98,96,98,98,98,98,0,0,0,0,0,0,0,0
2116,2008-11-28,1,1,1,1,24,95,97,98,98,24,95,98,98,98,24,95,98,98,98,24,95,98,98,98,0,0,0,0,0,0,0,0
2117,2008-12-08,1,1,1,1,24,95,98,98,98,95,96,97,98,98,24,95,96,97,98,95,98,98,98,98,0,0,0,0,0,0,0,0
2118,2008-12-02,1,1,1,1,95,98,98,98,98,4,95,98,98,98,95,98,98,98,98,95,98,98,98,98,0,0,1,0,0,0,0,0
2119,2008-11-21,1,1,1,1,95,98,98,98,98,95,98,98,98,98,95,98,98,98,98,95,98,98,98,98,0,0,0,0,0,0,0,0
2120,2008-12-02,1,1,1,1,95,98,98,98,98,24,95,98,98,98,24,95,98,98,98,95,96,98,98,98,0,0,0,0,0,0,0,0
2121,2008-11-21,5,5,1,1,24,95,98,98,98,4,98,98,98,98,1,98,98,98,98,24,95,98,98,98,0,0,1,0,1,0,0,0
2122,2008-12-10,1,1,1,1,95,96,98,98,98,95,98,98,98,98,95,98,98,98,98,95,98,98,98,98,0,0,0,0,0,0,0,0
2123,2008-12-10,5,5,1,1,95,98,98,98,98,4,98,98,98,98,24,98,98,98,98,95,98,98,98,98,0,0,1,0,0,0,0,0
2124,2008-12-16,1,1,1,1,95,96,98,98,98,95,98,98,98,98,95,98,98,98,98,95,98,98,98,98,0,0,0,0,0,0,0,0
2125,2008-12-09,1,1,5,1,24,98,98,98,98,4,24,95,98,98,95,98,98,98,98,24,95,98,98,98,0,0,1,0,0,0,0,0
2126,2008-12-17,1,1,1,1,96,98,98,98,98,24,95,98,98,98,24,95,98,98,98,95,96,98,98,98,0,0,0,0,0,0,0,0
2128,2008-12-13,1,5,5,1,95,98,98,98,98,95,98,98,98,98,95,98,98,98,98,95,98,98,98,98,0,0,0,0,0,0,0,0
2129,2008-11-15,1,5,1,1,95,98,98,98,98,4,98,98,98,98,1,98,98,98,98,24,95,98,98,98,0,0,1,0,1,0,0,0
2130,2008-11-11,1,1,1,1,24,98,98,98,98,24,98,98,98,98,95,98,98,98,98,24,98,98,98,98,0,0,0,0,0,0,0,0
2131,2008-12-02,1,1,1,1,95,98,98,98,98,23,95,98,98,98,95,98,98,98,98,95,98,98,98,98,0,0,0,0,0,0,0,0
2132,2008-11-11,1,1,1,1,95,96,98,98,98,95,98,98,98,98,95,98,98,98,98,95,96,98,98,98,0,0,0,0,0,0,0,0
2133,2008-12-03,1,1,5,1,24,98,98,98,98,24,98,98,98,98,95,98,98,98,98,24,98,98,98,98,0,0,0,0,0,0,0,0
2134,2008-11-23,1,1,1,1,24,98,98,98,98,24,98,98,98,98,24,98,98,98,98,24,98,98,98,98,0,0,0,0,0,0,0,0
2135,2008-12-14,1,1,5,5,95,98,98,98,98,24,98,98,98,98,95,96,98,98,98,95,98,98,98,98,0,0,0,0,0,0,0,0
2136,2008-11-09,1,1,1,1,95,97,98,98,98,95,96,98,98,98,95,96,98,98,98,95,98,98,98,98,0,0,0,0,0,0,0,0
2137,2008-11-08,5,5,1,1,95,98,98,98,98,4,98,98,98,98,24,98,98,98,98,95,98,98,98,98,0,0,1,0,0,0,0,0
2138,2008-12-12,1,1,1,5,95,98,98,98,98,95,98,98,98,98,24,95,98,98,98,95,98,98,98,98,0,0,0,0,0,0,0,0
2140,2008-12-12,1,5,5,5,95,98,98,98,98,95,98,98,98,98,95,98,98,98,98,95,98,98,98,98,0,0,0,0,0,0,0,0
2141,2008-11-20,1,1,1,1,95,97,98,98,98,95,97,98,98,98,95,98,98,98,98,24,95,98,98,98,0,0,0,0,0,0,0,0
2142,2008-12-14,5,5,5,5,95,98,98,98,98,4,98,98,98,98,95,98,98,98,98,95,98,98,98,98,0,0,1,0,0,0,0,0
2143,2008-11-22,1,5,1,1,24,98,98,98,98,4,98,98,98,98,24,98,98,98,98,24,98,98,98,98,0,0,1,0,0,0,0,0
2144,2008-11-20,5,5,1,5,24,98,98,98,98,4,98,98,98,98,1,98,98,98,98,24,98,98,98,98,0,0,1,0,1,0,0,0
2145,2008-11-22,1,1,1,1,24,98,98,98,98,24,98,98,98,98,24,98,98,98,98,24,98,98,98,98,0,0,0,0,0,0,0,0
2147,2008-11-25,5,1,1,1,24,95,98,98,98,24,98,98,98,98,24,98,98,98,98,95,98,98,98,98,0,0,0,0,0,0,0,0
2148,2008-11-29,5,1,5,5,95,98,98,98,98,95,98,98,98,98,95,98,98,98,98,95,98,98,98,98,0,0,0,0,0,0,0,0
2149,2008-11-24,1,5,5,5,95,98,98,98,98,95,98,98,98,98,95,98,98,98,98,95,98,98,98,98,0,0,0,0,0,0,0,0
2150,2008-11-24,1,5,5,5,95,98,98,98,98,95,98,98,98,98,95,98,98,98,98,95,98,98,98,98,0,0,0,0,0,0,0,0
2151,2008-11-22,5,5,1,1,95,98,98,98,98,4,98,98,98,98,1,98,98,98,98,95,98,98,98,98,0,0,1,0,1,0,0,0
2152,2008-12-07,5,1,5,5,95,98,98,98,98,95,98,98,98,98,95,98,98,98,98,95,98,98,98,98,0,0,0,0,0,0,0,0
2153,2008-12-07,5,5,5,5,95,98,98,98,98,95,98,98,98,98,24,98,98,98,98,95,98,98,98,98,0,0,0,0,0,0,0,0
2154,2008-12-09,1,1,1,5,95,98,98,98,98,95,97,98,98,98,95,98,98,98,98,95,98,98,98,98,0,0,0,0,0,0,0,0
2155,2008-11-26,5,5,5,5,95,98,98,98,98,95,98,98,98,98,95,98,98,98,98,95,98,98,98,98,0,0,0,0,0,0,0,0
2156,2008-11-10,1,5,1,5,95,98,98,98,98,95,98,98,98,98,95,98,98,98,98,95,98,98,98,98,0,0,0,0,0,0,0,0
2157,2008-11-26,1,5,5,5,95,98,98,98,98,95,98,98,98,98,95,98,98,98,98,95,98,98,98,98,0,0,0,0,0,0,0,0
2158,2008-11-21,1,1,1,1,95,98,98,98,98,4,98,98,98,98,3,98,98,98,98,95,98,98,98,98,0,0,1,0,0,0,0,0
2159,2008-12-06,5,1,1,5,95,98,98,98,98,95,98,98,98,98,95,98,98,98,98,95,98,98,98,98,0,0,0,0,0,0,0,0
2160,2008-11-15,1,1,1,1,95,98,98,98,98,95,98,98,98,98,95,98,98,98,98,95,98,98,98,98,0,0,0,0,0,0,0,0
2161,2008-11-17,1,5,5,5,95,98,98,98,98,95,98,98,98,98,95,98,98,98,98,95,98,98,98,98,0,0,0,0,0,0,0,0
2162,2008-11-09,5,1,5,5,95,98,98,98,98,95,98,98,98,98,95,98,98,98,98,95,97,98,98,98,0,0,0,0,0,0,0,0
2163,2008-11-22,1,1,1,5,98,98,98,98,98,95,97,98,98,98,95,97,98,98,98,95,98,98,98,98,0,0,0,0,0,0,0,0
2164,2008-11-15,1,5,5,5,95,98,98,98,98,95,97,98,98,98,95,97,98,98,98,95,98,98,98,98,0,0,0,0,0,0,0,0
2165,2008-12-08,1,5,5,5,95,98,98,98,98,95,98,98,98,98,95,98,98,98,98,95,98,98,98,98,0,0,0,0,0,0,0,0
2166,2008-12-10,1,5,5,5,95,98,98,98,98,24,98,98,98,98,95,98,98,98,98,95,98,98,98,98,0,0,0,0,0,0,0,0
2167,2008-11-25,5,5,5,5,95,98,98,98,98,95,98,98,98,98,95,98,98,98,98,95,98,98,98,98,0,0,0,0,0,0,0,0
2168,2008-12-01,1,1,5,5,95,98,98,98,98,95,98,98,98,98,95,98,98,98,98,95,98,98,98,98,0,0,0,0,0,0,0,0
2169,2008-11-23,1,5,5,1,24,98,98,98,98,4,98,98,98,98,1,98,98,98,98,24,98,98,98,98,0,0,1,0,1,0,0,0
2170,2008-12-05,1,5,1,5,24,98,98,98,98,4,98,98,98,98,1,16,24,97,98,24,98,98,98,98,0,0,1,0,1,0,0,0
2171,2008-12-07,1,1,1,1,24,98,98,98,98,24,98,98,98,98,23,98,98,98,98,24,98,98,98,98,0,0,0,0,0,0,0,0
2172,2008-11-20,1,1,1,1,24,98,98,98,98,24,98,98,98,98,24,98,98,98,98,24,98,98,98,98,0,0,0,0,0,0,0,0
2173,2008-11-20,1,5,1,1,24,98,98,98,98,1,98,98,98,98,24,98,98,98,98,24,98,98,98,98,0,0,1,0,0,0,0,0
2174,2008-11-20,5,5,1,1,24,98,98,98,98,4,98,98,98,98,1,98,98,98,98,24,98,98,98,98,0,0,1,0,1,0,0,0
2175,2008-12-06,5,1,5,5,1,98,98,98,98,4,98,98,98,98,1,98,98,98,98,24,98,98,98,98,1,0,1,0,1,0,0,0
2176,2008-12-07,1,5,1,5,24,98,98,98,98,4,98,98,98,98,16,98,98,98,98,24,98,98,98,98,0,0,1,0,1,0,0,0
2177,2008-11-23,5,5,1,1,24,98,98,98,98,4,98,98,98,98,24,98,98,98,98,24,98,98,98,98,0,0,1,0,0,0,0,0
2178,2008-11-20,1,1,5,5,24,98,98,98,98,24,98,98,98,98,16,96,98,98,98,24,98,98,98,98,0,0,0,0,1,0,0,0
2179,2008-12-06,5,1,1,5,24,98,98,98,98,4,98,98,98,98,1,98,98,98,98,14,98,98,98,98,0,0,1,0,1,0,1,0
2180,2008-12-05,5,5,5,1,4,98,98,98,98,4,98,98,98,98,1,98,98,98,98,24,98,98,98,98,1,0,1,0,1,0,0,0
2181,2008-11-20,5,5,1,5,24,98,98,98,98,4,98,98,98,98,24,98,98,98,98,24,98,98,98,98,0,0,1,0,0,0,0,0
2182,2008-11-23,5,5,5,5,24,98,98,98,98,4,98,98,98,98,24,98,98,98,98,24,98,98,98,98,0,0,1,0,0,0,0,0
2183,2008-12-07,5,5,1,1,24,98,98,98,98,4,98,98,98,98,1,98,98,98,98,24,98,98,98,98,0,0,1,0,1,0,0,0
2184,2008-11-12,5,5,1,5,95,97,98,98,98,4,98,98,98,98,1,98,98,98,98,14,98,98,98,98,0,0,1,0,1,0,1,0
2186,2008-11-13,1,1,1,1,95,98,98,98,98,95,98,98,98,98,95,98,98,98,98,95,98,98,98,98,0,0,0,0,0,0,0,0
2188,2008-11-14,1,5,5,1,24,95,98,98,98,4,98,98,98,98,95,97,98,98,98,95,98,98,98,98,0,0,1,0,0,0,0,0
2189,2008-12-17,1,5,1,1,4,98,98,98,98,4,98,98,98,98,95,97,98,98,98,24,98,98,98,98,1,0,1,0,0,0,0,0
2190,2008-11-13,1,1,1,1,95,98,98,98,98,23,95,98,98,98,95,98,98,98,98,95,98,98,98,98,0,0,0,0,0,0,0,0
2191,2008-12-21,1,1,1,1,95,97,98,98,98,95,98,98,98,98,95,98,98,98,98,95,98,98,98,98,0,0,0,0,0,0,0,0
2192,2008-11-14,1,1,1,1,95,98,98,98,98,95,97,98,98,98,95,96,98,98,98,95,98,98,98,98,0,0,0,0,0,0,0,0
2193,2008-11-11,1,1,5,1,23,95,98,98,98,24,95,98,98,98,95,98,98,98,98,95,98,98,98,98,0,0,0,0,0,0,0,0
2194,2008-11-07,1,1,1,1,95,98,98,98,98,95,97,98,98,98,95,98,98,98,98,95,98,98,98,98,0,0,0,0,0,0,0,0
2195,2008-11-12,1,1,1,1,95,98,98,98,98,95,98,98,98,98,95,98,98,98,98,24,95,98,98,98,0,0,0,0,0,0,0,0
2196,2008-11-13,1,5,1,1,95,98,98,98,98,4,98,98,98,98,95,98,98,98,98,95,98,98,98,98,0,0,1,0,0,0,0,0
2197,2008-12-22,5,5,1,5,4,95,98,98,98,4,98,98,98,98,1,98,98,98,98,1,98,98,98,98,1,0,1,0,1,0,1,0
2198,2008-11-29,5,5,1,1,24,98,98,98,98,4,98,98,98,98,1,98,98,98,98,24,98,98,98,98,0,0,1,0,1,0,0,0
2199,2008-11-12,1,5,1,5,24,98,98,98,98,4,98,98,98,98,24,96,98,98,98,24,98,98,98,98,0,0,1,0,0,0,0,0
2200,2008-11-11,1,1,1,1,4,98,98,98,98,24,98,98,98,98,1,98,98,98,98,24,98,98,98,98,1,0,0,0,1,0,0,0
2201,2008-12-08,1,1,1,1,23,98,98,98,98,23,98,98,98,98,24,98,98,98,98,24,98,98,98,98,0,0,0,0,0,0,0,0
2202,2008-11-07,1,1,1,1,1,98,98,98,98,1,98,98,98,98,1,16,24,98,98,24,98,98,98,98,1,0,1,0,1,0,0,0
2203,2008-11-12,5,5,5,5,24,98,98,98,98,4,98,98,98,98,1,98,98,98,98,24,98,98,98,98,0,0,1,0,1,0,0,0
2204,2008-11-29,5,5,5,5,1,98,98,98,98,4,98,98,98,98,1,98,98,98,98,14,98,98,98,98,1,0,1,0,1,0,1,0
2205,2008-11-14,1,5,5,5,24,98,98,98,98,4,98,98,98,98,1,16,96,98,98,24,98,98,98,98,0,0,1,0,1,0,0,0
2206,2008-11-10,5,5,1,1,24,98,98,98,98,1,98,98,98,98,24,98,98,98,98,24,98,98,98,98,0,0,1,0,0,0,0,0
2207,2008-11-12,5,5,1,1,24,98,98,98,98,1,98,98,98,98,1,98,98,98,98,14,98,98,98,98,0,0,1,0,1,0,1,0
2208,2008-11-11,1,1,1,1,24,98,98,98,98,4,98,98,98,98,1,98,98,98,98,24,98,98,98,98,0,0,1,0,1,0,0,0
2209,2008-11-11,5,5,1,1,24,98,98,98,98,4,98,98,98,98,1,98,98,98,98,24,98,98,98,98,0,0,1,0,1,0,0,0
2211,2008-12-08,1,5,1,1,24,98,98,98,98,4,98,98,98,98,24,98,98,98,98,24,98,98,98,98,0,0,1,0,0,0,0,0
2212,2008-11-12,1,5,5,5,24,98,98,98,98,4,96,98,98,98,24,96,98,98,98,24,98,98,98,98,0,0,1,0,0,0,0,0
2213,2008-12-11,5,5,5,5,1,98,98,98,98,4,98,98,98,98,1,98,98,98,98,1,98,98,98,98,1,0,1,0,1,0,1,0
2214,2008-12-13,5,5,1,5,24,95,96,98,98,4,98,98,98,98,1,98,98,98,98,14,98,98,98,98,0,0,1,0,1,0,1,0
2215,2008-11-08,1,5,5,1,24,95,98,98,98,4,23,24,97,98,24,98,98,98,98,24,95,98,98,98,0,0,1,0,0,0,0,0
2216,2008-11-22,5,5,1,1,95,98,98,98,98,4,98,98,98,98,1,16,98,98,98,95,98,98,98,98,0,0,1,0,1,0,0,0
2217,2008-12-06,5,5,1,5,95,97,98,98,98,4,98,98,98,98,1,98,98,98,98,1,98,98,98,98,0,0,1,0,1,0,1,0
2219,2008-12-20,1,5,1,1,95,98,98,98,98,4,98,98,98,98,16,95,98,98,98,95,96,98,98,98,0,0,1,0,1,0,0,0
2220,2008-12-05,1,1,1,1,95,96,98,98,98,95,96,97,98,98,95,96,97,98,98,95,96,98,98,98,0,0,0,0,0,0,0,0
2221,2008-11-08,1,5,1,1,24,95,98,98,98,4,98,98,98,98,24,95,98,98,98,24,95,98,98,98,0,0,1,0,0,0,0,0
2222,2008-11-29,1,1,1,1,95,96,98,98,98,95,97,98,98,98,95,98,98,98,98,95,97,98,98,98,0,0,0,0,0,0,0,0
2224,2008-12-20,1,5,1,1,95,98,98,98,98,4,98,98,98,98,95,98,98,98,98,95,98,98,98,98,0,0,1,0,0,0,0,0
2225,2008-12-08,5,5,1,1,24,95,96,97,98,4,98,98,98,98,1,98,98,98,98,95,98,98,98,98,0,0,1,0,1,0,0,0
2226,2008-11-09,1,5,1,1,95,98,98,98,98,4,95,97,98,98,24,98,98,98,98,24,95,98,98,98,0,0,1,0,0,0,0,0
2227,2008-11-29,1,1,1,1,95,96,98,98,98,95,97,98,98,98,95,98,98,98,98,95,96,98,98,98,0,0,0,0,0,0,0,0
2228,2008-11-15,5,5,1,1,24,95,98,98,98,4,98,98,98,98,1,24,95,97,98,24,95,98,98,98,0,0,1,0,1,0,0,0
2229,2008-12-14,1,1,1,1,95,98,98,98,98,95,98,98,98,98,24,95,98,98,98,95,98,98,98,98,0,0,0,0,0,0,0,0
2230,2008-11-15,5,5,1,1,24,95,97,98,98,4,24,97,98,98,12,95,98,98,98,95,98,98,98,98,0,0,1,0,0,1,0,0
2231,2008-11-07,5,5,1,1,95,98,98,98,98,4,98,98,98,98,1,98,98,98,98,95,98,98,98,98,0,0,1,0,1,0,0,0
2232,2008-12-06,1,5,1,1,24,95,98,98,98,4,98,98,98,98,24,95,97,98,98,95,97,98,98,98,0,0,1,0,0,0,0,0
2234,2008-11-25,1,5,1,1,95,98,98,98,98,4,98,98,98,98,95,98,98,98,98,95,98,98,98,98,0,0,1,0,0,0,0,0
2235,2008-12-15,5,5,1,1,24,95,97,98,98,4,98,98,98,98,4,98,98,98,98,95,96,98,98,98,0,0,1,0,1,0,0,0
2236,2008-11-16,1,1,1,1,95,98,98,98,98,4,23,98,98,98,95,97,98,98,98,95,98,98,98,98,0,0,1,0,0,0,0,0
2237,2008-12-06,1,5,5,5,95,98,98,98,98,4,98,98,98,98,95,98,98,98,98,95,98,98,98,98,0,0,1,0,0,0,0,0
2238,2008-11-24,1,1,5,5,95,98,98,98,98,95,98,98,98,98,24,95,98,98,98,95,98,98,98,98,0,0,0,0,0,0,0,0
2239,2008-11-13,1,1,1,1,95,98,98,98,98,24,95,98,98,98,95,98,98,98,98,95,98,98,98,98,0,0,0,0,0,0,0,0
2240,2008-12-02,5,5,1,5,24,95,98,98,98,4,98,98,98,98,1,98,98,98,98,24,95,98,98,98,0,0,1,0,1,0,0,0
2241,2008-12-08,1,5,1,1,95,98,98,98,98,4,98,98,98,98,95,98,98,98,98,95,98,98,98,98,0,0,1,0,0,0,0,0
2242,2008-11-17,1,1,1,1,95,97,98,98,98,95,98,98,98,98,24,95,98,98,98,95,98,98,98,98,0,0,0,0,0,0,0,0
2243,2008-11-19,1,5,1,1,95,98,98,98,98,4,98,98,98,98,95,98,98,98,98,95,98,98,98,98,0,0,1,0,0,0,0,0
2244,2008-11-17,5,5,1,1,24,95,98,98,98,4,98,98,98,98,24,98,98,98,98,95,98,98,98,98,0,0,1,0,0,0,0,0
2245,2008-11-10,1,1,1,1,95,96,98,98,98,24,95,96,98,98,16,24,96,97,98,95,96,98,98,98,0,0,0,0,1,0,0,0
2246,2008-11-12,5,1,1,1,24,95,96,98,98,95,96,98,98,98,24,98,98,98,98,24,95,97,98,98,0,0,0,0,0,0,0,0
2247,2008-11-20,1,1,1,1,95,96,98,98,98,95,96,98,98,98,95,96,98,98,98,95,96,98,98,98,0,0,0,0,0,0,0,0
2248,2008-11-18,5,5,1,1,95,96,98,98,98,4,98,98,98,98,1,98,98,98,98,95,96,98,98,98,0,0,1,0,1,0,0,0
2249,2008-11-06,1,1,1,1,95,96,97,98,98,95,96,98,98,98,96,97,98,98,98,95,96,98,98,98,0,0,0,0,0,0,0,0
2250,2008-12-11,5,5,1,5,95,96,98,98,98,4,98,98,98,98,1,98,98,98,98,95,96,98,98,98,0,0,1,0,1,0,0,0
2251,2008-11-13,5,5,1,1,95,96,98,98,98,4,98,98,98,98,1,98,98,98,98,95,96,98,98,98,0,0,1,0,1,0,0,0
2252,2008-11-12,1,1,1,1,95,96,98,98,98,95,96,98,98,98,95,96,98,98,98,95,96,98,98,98,0,0,0,0,0,0,0,0
2253,2008-11-07,5,5,1,5,95,96,98,98,98,4,98,98,98,98,1,98,98,98,98,95,98,98,98,98,0,0,1,0,1,0,0,0
2254,2008-11-12,1,5,1,1,95,96,98,98,98,4,98,98,98,98,95,96,97,98,98,95,96,97,98,98,0,0,1,0,0,0,0,0
2255,2008-11-06,1,1,1,1,95,96,98,98,98,95,96,98,98,98,95,96,98,98,98,95,96,98,98,98,0,0,0,0,0,0,0,0
2256,2008-11-17,5,5,1,5,95,96,98,98,98,4,98,98,98,98,1,98,98,98,98,14,98,98,98,98,0,0,1,0,1,0,1,0
2257,2008-11-13,1,5,1,1,95,96,98,98,98,4,98,98,98,98,95,96,98,98,98,95,96,98,98,98,0,0,1,0,0,0,0,0
2258,2008-11-17,5,5,5,5,95,96,98,98,98,95,96,98,98,98,95,96,98,98,98,95,96,98,98,98,0,0,0,0,0,0,0,0
2259,2008-11-10,1,1,1,1,95,96,98,98,98,95,96,97,98,98,95,96,98,98,98,95,96,98,98,98,0,0,0,0,0,0,0,0
2260,2008-11-08,5,5,1,1,95,96,98,98,98,1,98,98,98,98,1,98,98,98,98,95,96,98,98,98,0,0,1,0,1,0,0,0
2261,2008-11-24,1,5,1,1,95,98,98,98,98,4,98,98,98,98,1,98,98,98,98,14,95,98,98,98,0,0,1,0,1,0,1,0
2262,2008-12-16,5,5,1,1,95,98,98,98,98,4,98,98,98,98,1,98,98,98,98,14,98,98,98,98,0,0,1,0,1,0,1,0
2263,2008-11-10,1,1,1,1,95,96,98,98,98,95,96,97,98,98,95,96,98,98,98,95,96,98,98,98,0,0,0,0,0,0,0,0
2264,2008-11-07,1,5,5,1,24,98,98,98,98,4,98,98,98,98,95,98,98,98,98,24,95,96,98,98,0,0,1,0,0,0,0,0
2265,2008-12-18,5,5,1,5,95,98,98,98,98,4,98,98,98,98,1,98,98,98,98,4,11,98,98,98,0,0,1,0,1,0,1,0
2266,2008-11-06,1,1,1,1,95,98,98,98,98,95,97,98,98,98,95,98,98,98,98,95,96,98,98,98,0,0,0,0,0,0,0,0
2267,2008-12-02,1,5,1,5,95,98,98,98,98,4,98,98,98,98,95,98,98,98,98,95,98,98,98,98,0,0,1,0,0,0,0,0
2268,2008-11-12,5,5,1,1,95,98,98,98,98,4,98,98,98,98,1,98,98,98,98,95,98,98,98,98,0,0,1,0,1,0,0,0
2269,2008-11-08,1,5,1,1,95,96,98,98,98,4,98,98,98,98,1,98,98,98,98,95,98,98,98,98,0,0,1,0,1,0,0,0
2270,2008-11-12,1,1,1,1,95,98,98,98,98,95,98,98,98,98,95,98,98,98,98,95,98,98,98,98,0,0,0,0,0,0,0,0
2271,2008-11-07,5,5,5,1,1,98,98,98,98,4,98,98,98,98,1,98,98,98,98,24,98,98,98,98,1,0,1,0,1,0,0,0
2272,2008-11-24,5,5,1,1,24,98,98,98,98,4,98,98,98,98,1,98,98,98,98,95,98,98,98,98,0,0,1,0,1,0,0,0
2273,2008-11-07,5,5,1,5,95,98,98,98,98,4,98,98,98,98,1,98,98,98,98,14,98,98,98,98,0,0,1,0,1,0,1,0
2274,2008-11-07,1,5,5,5,95,98,98,98,98,4,98,98,98,98,16,98,98,98,98,24,98,98,98,98,0,0,1,0,1,0,0,0
2276,2008-11-10,5,5,1,5,95,98,98,98,98,4,98,98,98,98,1,98,98,98,98,14,98,98,98,98,0,0,1,0,1,0,1,0
2277,2008-11-10,1,5,1,1,95,98,98,98,98,4,98,98,98,98,1,98,98,98,98,1,98,98,98,98,0,0,1,0,1,0,1,0
2278,2008-11-11,1,5,1,1,24,95,96,98,98,4,98,98,98,98,95,96,98,98,98,95,98,98,98,98,0,0,1,0,0,0,0,0
2279,2008-11-12,1,5,5,5,24,95,98,98,98,24,98,98,98,98,24,95,98,98,98,24,95,98,98,98,0,0,0,0,0,0,0,0
2280,2008-12-15,1,5,5,5,24,98,98,98,98,4,98,98,98,98,24,95,98,98,98,24,98,98,98,98,0,0,1,0,0,0,0,0
2281,2008-11-16,5,5,1,1,24,95,98,98,98,24,95,98,98,98,24,95,98,98,98,24,95,98,98,98,0,0,0,0,0,0,0,0
2282,2008-11-17,5,5,1,1,24,95,98,98,98,4,98,98,98,98,1,98,98,98,98,14,98,98,98,98,0,0,1,0,1,0,1,0
2283,2008-11-26,1,5,1,1,24,98,98,98,98,4,98,98,98,98,1,98,98,98,98,24,98,98,98,98,0,0,1,0,1,0,0,0
2284,2008-12-03,1,5,1,1,24,98,98,98,98,4,98,98,98,98,11,98,98,98,98,24,98,98,98,98,0,0,1,0,1,0,0,0
2285,2008-11-08,1,1,1,1,95,96,98,98,98,95,98,98,98,98,24,95,98,98,98,95,98,98,98,98,0,0,0,0,0,0,0,0
2286,2008-11-09,1,1,1,1,95,98,98,98,98,95,98,98,98,98,95,98,98,98,98,95,98,98,98,98,0,0,0,0,0,0,0,0
2287,2008-11-24,1,1,1,1,95,98,98,98,98,95,98,98,98,98,24,95,98,98,98,95,98,98,98,98,0,0,0,0,0,0,0,0
2288,2008-11-23,5,5,1,5,11,98,98,98,98,4,98,98,98,98,1,98,98,98,98,14,98,98,98,98,1,0,1,0,1,0,1,0
2289,2008-11-09,5,5,1,5,24,95,98,98,98,4,98,98,98,98,1,98,98,98,98,24,95,98,98,98,0,0,1,0,1,0,0,0
2290,2008-12-02,1,5,1,1,24,98,98,98,98,4,98,98,98,98,24,98,98,98,98,24,98,98,98,98,0,0,1,0,0,0,0,0
2291,2008-11-15,5,5,5,5,1,98,98,98,98,4,98,98,98,98,1,98,98,98,98,1,98,98,98,98,1,0,1,0,1,0,1,0
2293,2008-11-11,5,5,5,1,24,98,98,98,98,4,98,98,98,98,1,98,98,98,98,24,95,98,98,98,0,0,1,0,1,0,0,0
2294,2008-11-12,5,5,1,1,95,98,98,98,98,4,24,98,98,98,95,98,98,98,98,95,97,98,98,98,0,0,1,0,0,0,0,0
2295,2008-11-18,5,5,1,5,95,98,98,98,98,4,98,98,98,98,11,98,98,98,98,14,98,98,98,98,0,0,1,0,1,0,1,0
2296,2008-12-14,1,5,1,5,95,98,98,98,98,4,98,98,98,98,95,98,98,98,98,95,98,98,98,98,0,0,1,0,0,0,0,0
2297,2008-11-07,1,5,5,5,95,98,98,98,98,4,98,98,98,98,95,98,98,98,98,95,98,98,98,98,0,0,1,0,0,0,0,0
2298,2008-11-17,1,5,1,1,24,95,98,98,98,24,95,98,98,98,24,95,98,98,98,24,95,98,98,98,0,0,0,0,0,0,0,0
2299,2008-11-17,1,5,5,5,24,98,98,98,98,23,98,98,98,98,23,95,98,98,98,24,98,98,98,98,0,0,0,0,0,0,0,0
2300,2008-11-10,1,5,5,1,95,98,98,98,98,4,98,98,98,98,95,98,98,98,98,95,98,98,98,98,0,0,1,0,0,0,0,0
2301,2008-11-09,1,5,5,1,24,98,98,98,98,4,98,98,98,98,24,95,98,98,98,24,98,98,98,98,0,0,1,0,0,0,0,0
2302,2008-11-05,1,1,1,5,95,98,98,98,98,24,98,98,98,98,24,98,98,98,98,95,98,98,98,98,0,0,0,0,0,0,0,0
2303,2008-11-11,5,5,5,1,95,98,98,98,98,24,98,98,98,98,24,98,98,98,98,23,98,98,98,98,0,0,0,0,0,0,0,0
2304,2008-11-07,5,5,1,5,24,98,98,98,98,4,98,98,98,98,24,98,98,98,98,95,98,98,98,98,0,0,1,0,0,0,0,0
2305,2008-12-11,5,5,1,5,95,98,98,98,98,4,98,98,98,98,1,98,98,98,98,95,98,98,98,98,0,0,1,0,1,0,0,0
2306,2008-11-06,1,5,1,5,95,98,98,98,98,4,98,98,98,98,24,98,98,98,98,95,98,98,98,98,0,0,1,0,0,0,0,0
2307,2008-11-07,1,5,5,5,95,98,98,98,98,4,98,98,98,98,95,98,98,98,98,95,98,98,98,98,0,0,1,0,0,0,0,0
2308,2008-11-10,1,5,5,5,95,98,98,98,98,4,98,98,98,98,95,96,98,98,98,95,98,98,98,98,0,0,1,0,0,0,0,0
2309,2008-12-06,1,5,5,1,24,98,98,98,98,24,98,98,98,98,95,98,98,98,98,24,98,98,98,98,0,0,0,0,0,0,0,0
2310,2008-11-12,5,5,5,5,95,98,98,98,98,4,98,98,98,98,1,98,98,98,98,95,98,98,98,98,0,0,1,0,1,0,0,0
2311,2008-11-05,5,5,1,5,95,98,98,98,98,4,98,98,98,98,1,98,98,98,98,14,98,98,98,98,0,0,1,0,1,0,1,0
2312,2008-11-10,1,5,1,1,24,98,98,98,98,4,98,98,98,98,1,98,98,98,98,95,98,98,98,98,0,0,1,0,1,0,0,0
2313,2008-11-12,5,5,5,5,11,98,98,98,98,4,98,98,98,98,1,98,98,98,98,1,98,98,98,98,1,0,1,0,1,0,1,0
2316,2008-11-11,1,5,5,5,95,98,98,98,98,4,98,98,98,98,95,98,98,98,98,95,98,98,98,98,0,0,1,0,0,0,0,0
2317,2008-11-14,5,5,5,5,24,98,98,98,98,4,98,98,98,98,1,98,98,98,98,14,98,98,98,98,0,0,1,0,1,0,1,0
2318,2008-12-12,5,5,5,5,95,98,98,98,98,4,98,98,98,98,1,24,98,98,98,95,98,98,98,98,0,0,1,0,1,0,0,0
2319,2008-12-13,1,5,5,5,95,98,98,98,98,4,98,98,98,98,95,98,98,98,98,95,98,98,98,98,0,0,1,0,0,0,0,0
2320,2008-11-11,1,1,5,5,95,98,98,98,98,95,98,98,98,98,98,98,98,98,98,95,98,98,98,98,0,0,0,0,0,0,0,0
2321,2008-11-12,5,5,5,5,95,98,98,98,98,4,98,98,98,98,1,98,98,98,98,14,98,98,98,98,0,0,1,0,1,0,1,0
2322,2008-11-05,1,1,5,5,95,98,98,98,98,4,98,98,98,98,95,98,98,98,98,24,98,98,98,98,0,0,1,0,0,0,0,0
2323,2008-11-10,1,5,5,5,95,98,98,98,98,95,98,98,98,98,95,98,98,98,98,95,98,98,98,98,0,0,0,0,0,0,0,0
